created_at,headline,summary,sentiment
2020-10-08 18:13:31+00:00,"GM Teases Hummer Electric Pickup, Announces Date For Reservations",General Motors Company (NYSE: GM) has been teasing its electric Hummer reboot since a Super Bowl ad for the vehicle aired in Feburary.,0.000088805572886
2020-10-08 19:31:11+00:00,A First Look At Amazon's Rivian-Made Electric Delivery Van,"Back in 2019, Amazon.com, Inc. (NASDAQ: AMZN) unveiled its long-term plan to reduce carbon emissions. The company aims to be carbon neutral by 2040, and part of that plan involves electric delivery vehicles.",0.370015394117218
2020-10-09 16:32:14+00:00,'Tesla batteries to power a passenger boat' -Elektrek Report,,-0.000007244649169
2020-10-09 17:11:34+00:00,Hyundai Recalls Kona EV Over Battery Fire Concerns,"In 2019, there were several instances of Tesla Inc (NASDAQ: TSLA) vehicle fires. Some occurred during a crash, and rarely, cars would ignite while parked.",-0.004604280562489
2020-10-09 20:40:11+00:00,Analyst Predicts 'Initially Negative Reaction' In Auto Stocks If Democrats Sweep Election,"The U.S. presidential election is less than a month away, and it will likely be a major catalyst for the stock market no matter how the votes end up falling. On Friday, Bank of America auto analyst John Murphy took a deep look into how the election could impact the U.S. auto industry.",-0.960436590947211
2020-10-10 17:09:17+00:00,"Benzinga's Bulls And Bears Of The Week: AT&T, Apple, Tesla And More", ,-0.000009407522157
2020-10-12 18:30:22+00:00,Tesla Battery Supplier LG Chem Preannounces 159% Profit Growth,South Korean battery supplier LG Chemicals is on track to report record quarterly results for the third quarter as the electric vehicle space shows ongoing momentum. ,0.999367931246525
2020-10-12 18:54:28+00:00,Elon Musk Details Why Tesla Designed Autopilot AI Computer Chip In-House,"While some value Tesla Inc (NASDAQ: TSLA) as an automotive company, many of Tesla&#39;s biggest fans and bulls say it should be looked at as more of a technology stock.",0.000017029909941
2020-10-13 18:45:05+00:00,"Audi, FAW Joint Venture To Produce Electric Vehicles In China",Audi AG (Pink: AUDVF) announced a partnership Tuesday with Chinese automotive manufacturer FAW.,0.000391368965211
2020-10-13 19:09:16+00:00,Romeo Power CEO To Appear On Fox Business To Discuss EV Battery Wins Like Tesla,,0.001885544937977
2020-10-14 19:28:48+00:00,'Europe: Hybrids Accounted For 52% Of Toyota Sales In Q1-Q3 2020' -InsideEVs Report,,0.000028314865631
2020-10-14 19:38:42+00:00,"Musks Claims Tesla Model S Price Will Be Lowered To $69,420","On Tuesday, Tesla Inc (NASDAQ: TSLA) reduced the price of the Tesla Model S, cutting $3,000 from the price of the premium EV.",0.968087984248996
2020-10-15 19:11:04+00:00,"Fisker Announces Magna As Partner On $37,499 Ocean SUV Ahead Of SPAC Merger",Fisker and Magna International (NYSE: MGA) on Thursday announced a partnership that will see Magna manufacture the Fisker Ocean SUV at its European vehicle assembly facility.,0.031083832713193
2020-10-15 19:27:28+00:00,Kenworth Begins Taking Orders For Class 8 Electric Truck,"Kenworth will launch its first-ever Class 8 battery-electric truck in the U.S. and Canada in 2021, joining other major truck makers producing zero-emission heavy-duty models.",0.000046448796638
2020-10-16 17:29:55+00:00,"Cathie Wood's Internet ETF Sells Some Tesla, Xilinx, Buys The Dip In Fastly",One of the top-performing ETFs of the year bought the dip in Fastly Thursday.,0.681615248322487
2020-10-16 17:51:50+00:00,'Tesla cancels its ballsy 'no questions asked' 7-day return policy' -Electrek Report,,-0.989177013281733
2020-10-17 19:26:34+00:00,"Bulls And Bears Of The Week: Citigroup, Eli Lilly, Ford, GE And More","
	Benzinga has examined the prospects for many investor favorite stocks over the past week. 
	The bullish calls this past week included beleaguered stocks and a recent IPO.
	A big bank and a COVID-19 therapy candidate were among the week&#39;s bearish calls.


",-0.265016611665487
2020-10-18 18:38:19+00:00,'Continued Economic Rebound': Stock Market Update For The Week Ahead,"The Past Week, In A Nutshell

What Happened: Last week ended positive alongside vaccine optimism and a retail sales beat.",0.999281510885339
2020-10-19 16:02:36+00:00,Tesla Analyst Raises Price Target To $500 Ahead Of Q3 Print,"With Tesla Inc (NASDAQ: TSLA) scheduled to report third-quarter results Wednesday, an analyst at Wedbush is optimistic that the electric vehicle giant will outperform expectations.",0.999360869202064
2020-10-19 18:32:30+00:00,Tesla Withdraws 'No-Questions-Asked' 7-Day Return Policy,Tesla Inc (NASDAQ: TSLA) often turns the car buying experience on its head by offering options that traditional automaker don&#39;t have.,-0.694472418166697
2020-10-20 18:57:53+00:00,How To Trade The Netflix And Tesla Earnings Reports Using Options,"The following originally appeared on Options AI

Earnings season is in full swing. And with that, it’s a good opportunity to talk about event-trading using options – with particular focus on using the expected move to your advantage in price target and strike selection.",0.080615315499017
2020-10-20 19:05:09+00:00,General Motors Stock Soars Ahead Of Hummer EV Reveal,General Motors Company (NYSE: GM) shares were rallying Tuesday ahead of the company’s highly anticipated debut of its fully electric Hummer truck.,0.998987090104492
2020-10-21 17:16:11+00:00,"Notable Earnings Watchlist For Wednesday, Oct. 21, 2020 After Market Close: CSX, LVS, LRCX, CMG, WHR, XLNX, TSLA",,-0.000029662231100
2020-10-21 18:31:27+00:00,How Large Option Traders Are Playing Tesla Ahead Of Q3 Earnings,Tesla Inc (NASDAQ: TSLA) were up 2.1% on Wednesday and are now up 737% in the past year ahead of the company’s third-quarter earnings report on Wednesday afternoon.,0.999477437304449
2020-10-22 17:34:45+00:00,Elon Musk Claims Many Improvements For Tesla Cybertruck Before Release,"Tesla Inc (NASDAQ: TSLA) has had another profitable quarter. During the earnings call, CEO Elon Musk was open about many things for the future of Tesla.",0.999433257704368
2020-10-22 19:02:52+00:00,Q4 Is The Beginning of The End Of Tesla's Growth: Bearish Analyst Gordon Johnson,"Tesla Inc (NASDAQ: TSLA)  reported  its fifth straight quarter of profitability Wednesday, sending investors and analysts into a frenzy. ",0.998929974302882
2020-10-23 12:21:25+00:00,"BZ NOTE: Seeing A Discrepancy In Number Of Tesla Vehicles Impacted In Recent Recall: Bloomberg Report Suggested 30K, China's Global Times Report Suggested 50K",,-0.853514309041202
2020-10-23 17:17:55+00:00,"'Tesla argues no defect on suspension, says China is forcing the recall' -Electrek",,-0.013678612187505
2020-10-23 20:33:43+00:00,Tesla Claims China Caused Unnecessary Recall,"Earlier Friday morning, it was reported that Tesla Inc (NASDAQ: TSLA) would be recalling 30,000 Model S and X vehicles in China.",-0.929218837642111
2020-10-24 16:21:44+00:00,Is Tesla Just A Series Of Startups? Elon Musk Lays Out The Case,Elon Musk would like investors to think of Tesla Inc. (NASDAQ: TSLA) as a series of startups.,-0.000032354335417
2020-10-25 13:21:18+00:00,"Barron's Picks And Pans: Coca-Cola, Sprouts Farmers Market, Mirati Therapeutics And More", ,0.000010298481357
2020-10-26 17:51:18+00:00,"Tesla Raises Capex Guidance, Plans Outlay Of Up To $12B Over 2 Years","Tesla Inc (NASDAQ: TSLA) operates in a capital-intensive industry, and the electric vehicle giant is stepping up investment to maintain its lead over the competition.",0.999297775575542
2020-10-26 18:36:29+00:00,'Tesla releases new Autopilot accident data report showing slight improvement' -Electrek,,0.999264852085616
2020-10-27 17:05:06+00:00,Tesla May Have Launched Energy Plan To Help Reduce Electricity Rates,"Tesla Inc (NASDAQ: TSLA) is known for more than its cars. The company also produces solar panels and batteries, designs computer chips, and writes self-driving software.

Now the company is looking to help lower electric rates for customers with a new Energy Plan in the United Kingdom.",0.999234924034681
2020-10-27 17:31:00+00:00,'Tesla mysteriously removes regenerative braking strength option in new cars' -Electrek Report,,-0.963437778409570
2020-10-28 15:28:54+00:00,'Tesla Autopilot loses to GM Super Cruise due to lack of driver monitoring in industry-wide test' -Electrek Report,,-0.996477994078305
2020-10-28 16:12:11+00:00,Tesla's Gigafactory Berlin Will Have 600 Charge-Ready Parking Spots,"Tesla Inc (NASDAQ: TSLA) is busy building new Gigafactories in Berlin, Germany and Austin, Texas. With massive factories come a massive amount of employees.

And it looks like Tesla will be ready to charge the employee vehicles at Gigafactory Berlin.",0.000151226318849
2020-10-29 15:33:49+00:00,'Polestar recalls almost all Polestar 2 electric cars over inverter and battery issues - Electrek' -Electrek Report,,-0.596160054672509
2020-10-29 18:01:52+00:00,Tesla Plans To Open 52 Service Centers Next Year As Deliveries Grow: Report,"Tesla Inc (NASDAQ: TSLA) has shown massive growth, beating delivery records over multiple quarters. With a growing number of its electric vehicles on the road, Tesla will need the capacity to service its fleet as it ages. ",0.999483535371837
2020-10-30 10:19:16+00:00,"'Tesla Gigafactory Texas is progressing on pace 100 days in, but the hard part is still to come' -Electrek",,0.712478597648442
2020-10-30 14:49:57+00:00,"Fisker Shares Rise in NYSE Debut, CEO Talks Future EV Market On CNBC",Shares of Fisker Inc begin trading on the NYSE Friday after the completion of a special purpose acquisition company merger with Spartan Energy Acquisition Corp (NYSE: SPAQ).,0.998782683775062
2020-11-02 17:32:00+00:00,Updated Tesla Cybertruck Pictures Could Come Next Month: Musk,"When Tesla Inc&#39;s (NASDAQ: TSLA) Cybertruck was revealed, many didn&#39;t believe the oddly shaped vehicle was real. The triangular, stainless steal pickup truck looked more like a futuristic concept, but Elon Musk was serious about releasing the vehicle that was unveiled on stage.",0.000004796085705
2020-11-02 18:13:18+00:00,'Tesla to unveil updated Cybertruck electric pickup design in 'a month or so'' -Electrek Report,,0.000078992288763
2020-11-03 15:28:57+00:00,"Yahoo Finance Trending Stocks For Tuesday, Nov. 3, 2020: FSR, BLRX, TDOC, MPW, SRNE, TSLA, PYPL, SQ, SBE, O",,-0.000023609110940
2020-11-03 19:16:44+00:00,S&P 500 Performs Best On Days Donald Trump Tweets 30 Or More Times: Study,"U.S. President Donald Trump is one of the most active accounts on Twitter and among the most followed.

A new report says the days Trump is most active on the social media platform could track with stock market performance. ",0.009288378976635
2020-11-04 18:29:52+00:00,'Germany: Tesla Fined €12 Million But Files Objection' -InsideEVs Report,,-0.656507662497461
2020-11-04 18:43:15+00:00,"Cathie Wood Sells Tesla Shares To Buy The Dips In Alibaba, Paypal",Several of the strong performing Ark ETFS from Cathie Wood bought shares of two underperforming stocks on Tuesday. ,0.063470015360508
2020-11-05 17:00:56+00:00,Tesla Submits Application For Model Y Manufacturing In China: Report,"Tesla Inc (NASDAQ: TSLA) currently manufactures its Model Y crossover in the United States, and only delivers the vehicle to customers in the U.S. and Canada.",0.000016773366951
2020-11-05 18:01:18+00:00,Jon Najarian On CNBC: I Like Upside On Tesla,,0.000065266067395
2020-11-06 14:46:21+00:00,"'Tesla Officially Registers Model Y In China, Production & Launch Imminent' -InsideEVs Report",,0.000058445388277
2020-11-06 16:06:43+00:00,"Livent Shares Surge On Earnings, Tesla Partnership","Livent Corporation (NYSE: LTHM) shares are setting new 52-week highs Friday after announcing earnings, a new joint venture and an expanded partnership with Tesla Inc. (NASDAQ: TSLA).",0.999425704969326
2020-11-08 18:46:34+00:00,Kids Pushing Parents To Buy Electric Vehicles: Study,"A new study from French automaker Peugeot shows kids are pushing their parents to consider buying electric vehicles, reports CleanTechnica. Two notable investors and Tesla bears also got pressure from their kids to consider stock in the electric vehicle company.",0.966127590450924
2020-11-09 15:19:19+00:00,'Leaked documents tease AMD 'Big Navi' GPUs are coming to... Tesla?' -TechRadar Report,,0.000007832124538
2020-11-09 19:34:26+00:00,Fisker Shares Rally On Bullish Projections For EV Developer,"Fisker Inc (NYSE: FSR), which recently went public via a special purpose acquisition company deal, has traded higher since its New York Stock Exchange Debut.

The stock received a charge yesterday after a sell-side analyst took a bullish stance on the electric vehicle stock. ",0.999391788456705
2020-11-10 15:58:50+00:00,GM On Hiring Spree To Speed Up EV Ambitions,General Motors Company (NYSE: GM) recently unveiled its all-electric Hummer EV and sold out of the limited edition top trim within hours.,0.994814966659760
2020-11-10 16:32:32+00:00,"GLJ Research's Gordon Johnson Issues Commentary On Tesla 'barring a China Model Y launch before qtr end, it seems TSLA is looking at a QoQ fall in volumes sold using current data'",,-0.997740796738071
2020-11-11 14:55:32+00:00,Biden Benefits Galore For This Renewable Energy ETF,Few industries priced in a victory by now President-elect Joe Biden in the months leading up to Election Day on par with renewable energy.,0.996689037943725
2020-11-11 18:31:46+00:00,"Zoom Video, Alibaba Among Most Profitable Shorts Since Election Day","The S&amp;P 500 is off to a very hot start to the month of November, propelled by a favorable election outcome and a promising Pfizer Inc. (NYSE: PFE) coronavirus vaccine candidate.",0.999304613360437
2020-11-12 17:38:43+00:00,10 Consumer Discretionary Stocks With Unusual Options Alerts In Today's Session,This unusual options alert can help traders discover the next big trading opportunities. Traders will search for circumstances when the market estimation of an option diverges heavily from its normal worth. Unusual trading activity could push option prices to exaggerated or underestimated levels.,-0.971423392882571
2020-11-12 17:50:28+00:00,Biden Presidency Is the Boost EVs Need,"President-Elect Joe Biden openly stated he perceives EVs to be the future of transportation. Moreover, he expressed his wish to create an American-made EV government fleet of vehicles, along with a system that offers incentives for consumers to replace gas cars with electric vehicles.",0.117813683405984
2020-11-13 15:30:39+00:00,"Citron Pulls Plug On Nio, Says Valuation 'Can Never Be Justified'","Two years after Citron Research editor and notorious short seller Andrew Left made a bold bullish call on Nio Inc - ADR (NYSE: NIO), Left said Friday it’s finally time for investors to cash out of the red-hot EV stock.",0.998936262301868
2020-11-13 19:32:03+00:00,"VW To Spend $86B On Electrification, Powertrains, Digital Tech","The automotive world is going electric. Volkswagen A G (Pink: VWAGY) has been working toward its plans for an electric future, and it looks like those plans are now clear.",0.251194428303279
2020-11-14 17:23:24+00:00,3 Takeaways From The SpaceX Starlink Beta Test,"In the past couple of weeks, SpaceX has begun sending out invitations for users to beta test its Starlink low-earth orbit (LEO) internet service. On Thursday, DataTrek Research co-founder Jessica Rabe outlined three major takeaways from the Starlink beta test.",0.000060419617512
2020-11-14 17:56:46+00:00,Uber's Self-Driving Unit Is For Sale: TechCrunch,"Uber Technologies Inc (NYSE: UBER) is looking to sell its self-driving unit, TechCrunch has reported.",0.000095651412266
2020-11-15 02:51:00+00:00,"Elon Musk says he likely has ""moderate case of COVID""","Tesla Inc (NASDAQ: TSLA) CEO Elon Musk says he &#34;most likely&#34; has COVID-19.

What Happened: Musk on Saturday tweeted that he has cold-like symptoms, leading him to believe it probably is COVID-19. He described it as a &#34;moderate case.&#34;",-0.003517450270010
2020-11-16 18:53:38+00:00,Tesla Gigafactory Texas Construction Underway 24/7,"After Gigafactory Shanghai completed construction, with the first vehicles delivered in less than one year, many were hopeful Tesla Inc (NASDAQ: TSLA) could show the same speed at Gigafactory Berlin and Texas.",0.991346308466746
2020-11-16 19:33:07+00:00,Why Lordstown Motors Stock Is Trading Higher Today,Shares of the former SPAC are trading higher after announcing a new pre-order figure.,0.998838999279542
2020-11-17 17:52:16+00:00,10 Consumer Discretionary Stocks Showing Unusual Options Activity In Today's Session,"This unusual options alert can help traders track potentially big trading opportunities. Traders often look for circumstances when the market estimation of an option diverges away from its normal worth. Unusual trading activity could push option prices to hyperbolic or underperforming levels.

Here&#39;s the list of some unusual options activity happening in today&#39;s session:",-0.988859131932259
2020-11-17 18:30:37+00:00,PreMarket Prep Stock Of The Day: Tesla And The Consolidation Station,"Benzinga&#39;s PreMarket Prep airs every morning from 8-9 a.m. ET. During that fast-paced, highly informative hour, traders and investors tune in to get the major news of the day, the catalysts behind those moves and the corresponding price action for the upcoming session.",-0.000009292405593
2020-11-18 18:27:05+00:00,Uber CEO Says Co Will Partner With Other Autonomous Providers; Will Pursue 'All Paths Forward' With Its ATG Self-Driving Unit,,0.000273672267213
2020-11-18 18:40:05+00:00,Tesla Hiring Leadership For Dedicated Battery Factory: Report,"During Tesla Inc&#39;s (NASDAQ: TSLA) battery day, the company had many exciting announcements, including a future $25,000 vehicle, new 4680 style battery cells, and Tesla&#39;s plan for its own battery facto",0.220365156361368
2020-11-19 18:23:04+00:00,PreMarket Prep Stock Of The Day: Nikola,"Benzinga&#39;s PreMarket Prep airs every morning from 8-9 a.m. ET. During that fast-paced, highly informative hour, traders and investors tune in to get the major news of the day, the catalysts behind those moves and the corresponding price action for the upcoming session.",-0.000009671039152
2020-11-19 19:03:11+00:00,10 Consumer Discretionary Stocks With Unusual Options Alerts In Today's Session,This unusual options alert can help traders discover the next big trading opportunities. Traders will search for circumstances when the market estimation of an option diverges heavily from its normal worth. Unusual trading activity could push option prices to exaggerated or underestimated levels.,-0.971423392882571
2020-11-20 17:41:36+00:00,10 Consumer Discretionary Stocks Showing Unusual Options Activity In Today's Session,"This unusual options alert can help traders track potentially big trading opportunities. Traders often look for circumstances when the market estimation of an option diverges away from its normal worth. Unusual trading activity could push option prices to hyperbolic or underperforming levels.

Here&#39;s the list of some unusual options activity happening in today&#39;s session:",-0.988859131932259
2020-11-20 18:25:23+00:00,Josh Brown Loves GM Right Now: 'They're Going From A Combustion Engine Giant To An Electric Giant',"Josh Brown, CEO of Ritholtz Wealth Management and author of the new book “How I Invest My Money,” joined Benzinga’s PreMarket Prep Friday morning.",0.000301100953948
2020-11-20 22:05:10+00:00,Tesla Short Sellers Have Taken A $4B Hit This Week,A huge 2020 got even better this week for Tesla Inc (NASDAQ: TSLA) investors after Tesla was confirmed it will be added to the S&amp;P 500 index. Tesla shares hit new all-time highs of $508.61 this week following the S&amp;P 500 news in one of the worst weeks of the year for Tesla short sellers.,0.999391294753877
2020-11-21 14:22:58+00:00,"Benzinga's Bulls And Bears Of The Week: Moderna, Palantir, Tesla And More","
	Benzinga has examined the prospects for many investor favorite stocks over the past week. 
	The bullish calls this past week included a struggling retailer and a Warren Buffett pick.
",0.003136445069686
2020-11-21 20:27:52+00:00,Short Sellers Are Giving Up Amid COVID Bull Market: Bloomberg,"It&#39;s not just Tesla Inc (NASDAQ: TSLA) skeptics who have been hit hard this year, as Benzinga noted yesterday.",-0.995651059201919
2020-11-23 15:38:00+00:00,Understanding Tesla's Unusual Options Activity,"Shares of Tesla (NASDAQ: TSLA) saw some unusual options activity on Monday. Following the unusual option alert, the stock price moved up to $521.",0.984363206574926
2020-11-23 15:49:28+00:00,Stocks That Hit 52-Week Highs On Monday," 

On Monday morning, 204 companies hit new 52-week highs.",0.997827743820380
2020-11-24 18:20:35+00:00,Tesla May Be Testing Cybertruck's Armor Glass By Using It In Mobile Service Fleet,"When Tesla Inc (NASDAQ: TSLA) unveiled the Cybertruck, it had many features that weren&#39;t normal in a public vehicle. A strange triangular shape, a thick steel unibody, and Armor Glass. With many new features, they will need real-world testing before release.",0.000000891530362
2020-11-24 19:40:32+00:00,New Battery Cells Could Give Tesla Semi More Than 600 Miles Of Range,"When it was revealed in 2017, Tesla Inc (NASDAQ: TSLA) CEO Elon Musk announced that the Tesla Semi would achieve up to 500 miles of all-electric range with a fully-loaded vehicle. This seemed almost impossible at the time, but today it seems the Semi could go even farther.",0.989004845439922
2020-11-25 18:59:33+00:00,'Tesla launches new microsite to boost hiring for its battery cell division: Tera is the new Giga' -Electrek Report,,0.998813312893617
2020-11-25 19:08:06+00:00,"Tesla Recalls Over 9K Model Xs, 400 Model Ys","When a Tesla Inc (NASDAQ: TSLA) vehicle needs a fix, it&#39;s common for the company to send a software update over the air, applying the fix while the car is parked at home. This works much like when a smartphone gets a new update.",0.000010427596862
2020-11-27 17:27:14+00:00,Stocks That Hit 52-Week Highs On Friday," 

This morning 230 companies reached new 52-week highs.",0.998136050329776
2020-11-27 17:51:20+00:00,10 Consumer Discretionary Stocks Showing Unusual Options Activity In Today's Session,This unusual options alert can help traders discover the next big trading opportunities. Traders will search for circumstances when the market estimation of an option diverges heavily from its normal worth. Unusual trading activity could push option prices to exaggerated or underestimated levels. ,-0.976189333014190
2020-11-28 16:07:39+00:00,"Tesla Might Have 'Wider Beta' In Two Weeks, Elon Musk Says","What Happened: Replying to a user’s question about the “Full Self Driving” software beta in Minnesota, Tesla Inc (NASDAQ: TSLA) CEO Elon Musk said that the company might go to a wider beta in approximately two weeks.",0.000143493591167
2020-11-28 19:37:04+00:00,How To Invest Like David Einhorn,"David Einhorn is well known in the financial markets as an activist investor and notable short seller.

Einhorn is public with his positions and not afraid to put pressure on companies to make changes to improve shareholder returns.

Long-Short Method: The usual way to invest like Einhorn is to use the long-short equity method.",0.000066394866735
2020-11-29 18:52:35+00:00,40% Of Tesla's Sales In 2022 Could Be In China: Wedbush Securities,"Wedbush Securities has issued another bullish report on electric vehicles and Tesla Inc (NASDAQ: TSLA).

Growth Markets: The report makes the case for believing heavy growth is to come from Europe, the U.S. and, especially, China.",0.999322869785829
2020-11-29 19:01:33+00:00,First Made-In-China Tesla Model 3s Reportedly Begin Arriving In Europe,"As Tesla Inc (NASDAQ: TSLA) grows in popularity, it is building factories across the world to meet demand.",0.997259443000075
2020-11-30 17:38:16+00:00,10 Consumer Discretionary Stocks With Unusual Options Alerts In Today's Session,This unusual options alert can help traders track potentially big trading opportunities. Traders often look for circumstances when the market estimation of an option diverges away from its normal worth. Unusual trading activity could push option prices to hyperbolic or underperforming levels.,-0.991783266421407
2020-11-30 19:09:50+00:00,Tesla Shares Quiet; Hearing S&P Decision Coming At 5:15 p.m. EST On Whether All Shares Will Be Included On Dec. 21 Or If It Will Happen Over Two Days,,-0.000023857446649
2020-12-01 17:31:22+00:00,'Elon Musk wants Tesla to focus on profits or warns that TSLA will fall like 'soufflé under a sledgehammer'' -Electrek,,-0.972533812979236
2020-12-01 19:23:27+00:00,"Tesla CEO Says If Rival Carmaker Offered To Merge With Tesla He Would 'Have That Conversation,' Says Would Not Consider Buying A Rival In Hostile Takeover",,-0.000062374936533
2020-12-02 16:05:48+00:00,3 EV Stocks That Are All Set To Race,"Besides old-school automakers intensifying their efforts to meet the all-electric future, startups are also going full speed ahead in an effort to challenge the giant Tesla Inc (NASDAQ: TSLA) himself. The automotive industry is gearing up for a battle royale in the upcoming era of electrification.",0.986373374093091
2020-12-02 16:35:21+00:00,Musk: Tesla Full Self-Driving Will Be Ready In 2021,"At the Axel Springer conference in Germany, Tesla Inc (NASDAQ: TSLA) CEO Elon Musk said he believes Tesla will have fully autonomous, level five vehicles on the road in 2021.  ",0.001578287883603
2020-12-03 17:59:13+00:00,Tesla's Settlement With Michigan Could Be Undone By Auto Dealer-Backed Bill Passed In State House,"In January, Tesla Inc (NASDAQ: TSLA) reached a settlement with the state of Michigan that would allow the company to sell cars in the state and open service centers.",0.998691136803245
2020-12-03 18:00:04+00:00,10 Consumer Discretionary Stocks Showing Unusual Options Activity In Today's Session,"This unusual options alert can help traders track potentially big trading opportunities. Traders often look for circumstances when the market estimation of an option diverges away from its normal worth. Unusual trading activity could push option prices to hyperbolic or underperforming levels.

Here&#39;s the list of some unusual options activity happening in today&#39;s session:",-0.988859131932259
2020-12-04 19:10:29+00:00,10 Consumer Discretionary Stocks With Unusual Options Alerts In Today's Session,This unusual options alert can help traders discover the next big trading opportunities. Traders will search for circumstances when the market estimation of an option diverges heavily from its normal worth. Unusual trading activity could push option prices to exaggerated or underestimated levels. ,-0.975629007909447
2020-12-04 19:10:58+00:00,Tesla CEO Elon Musk Tells Friends He's Planning To Move To Texas,,0.000054174779507
2020-12-04 21:29:50+00:00,Elon Musk May Be Planning Move To Texas,"Back in May, Tesla Inc (NASDAQ: TSLA) CEO Elon Musk threatened to move himself and his company out of California and to Texas and Nevada over con",-0.115602318837773
2020-12-05 13:52:24+00:00,Tesla Describes Itself As 'Majority-Minority' Company In Its First US Diversity Report,Elon Musk&#39;s Tesla Inc (NYSE: TSLA) published its first-ever diversity report on Friday.,-0.000007211587217
2020-12-06 18:48:43+00:00,Buyers Of Tesla Shorts Still Waiting For Delivery After 5 Months: Financial Times,"Tesla Inc (NASDAQ: TSLA) has not yet delivered branded shorts to customers who ordered them in summer, leaving some frustrated, the Financial Times reported.",-0.991214592708275
2020-12-07 17:50:23+00:00,10 Consumer Discretionary Stocks Showing Unusual Options Activity In Today's Session,This unusual options alert can help traders track potentially big trading opportunities. Traders often look for circumstances when the market estimation of an option diverges away from its normal worth. Unusual trading activity could push option prices to hyperbolic or underperforming levels.,-0.992420115158893
2020-12-07 18:56:18+00:00,Last Week's Biggest EV Headlines,"Europe&#39;s EV market is leaving the United States in its dust. According to a recent report obtained by Bloomberg News that is scheduled to be published this week, the European Commission seeks to have at least 30 million EVs on its roads by the end of the decade.",-0.000374004201149
2020-12-08 18:01:03+00:00,10 Consumer Discretionary Stocks With Unusual Options Alerts In Today's Session,This unusual options alert can help traders discover the next big trading opportunities. Traders will search for circumstances when the market estimation of an option diverges heavily from its normal worth. Unusual trading activity could push option prices to exaggerated or underestimated levels.,-0.971423392882571
2020-12-08 19:05:48+00:00,"Xpeng Takes On Tesla, Volkswagen In Norway: What Investors Should Know",Chinese electric vehicle company Xpeng is beginning its expansion into Europe with a launch in Norway.,0.000136294576805
2020-12-09 17:59:19+00:00,10 Consumer Discretionary Stocks With Unusual Options Alerts In Today's Session,"This unusual options alert can help traders track potentially big trading opportunities. Traders often look for circumstances when the market estimation of an option diverges away from its normal worth. Unusual trading activity could push option prices to hyperbolic or underperforming levels.

Here&#39;s the list of some unusual options activity happening in today&#39;s session:",-0.988151385332458
2020-12-09 18:27:20+00:00,"Tesla Shares Fall Below $620 Level, Now Down 4.8% For Session",,-0.997028666024562
2020-12-10 18:48:14+00:00,10 Consumer Discretionary Stocks Showing Unusual Options Activity In Today's Session,This unusual options alert can help traders discover the next big trading opportunities. Traders will search for circumstances when the market estimation of an option diverges heavily from its normal worth. Unusual trading activity could push option prices to exaggerated or underestimated levels.,-0.972230707760900
2020-12-10 19:10:45+00:00,"Nio's Li Talks China's EV Market Potential, Competitive Advantage At Beijing Event",Chinese electric vehicle stocks are going through  turbulent times  amid worries over stretched valuations and fundamental soundness.,-0.995181976351887
2020-12-11 17:54:37+00:00,10 Consumer Discretionary Stocks Showing Unusual Options Activity In Today's Session,This unusual options alert can help traders discover the next big trading opportunities. Traders will search for circumstances when the market estimation of an option diverges heavily from its normal worth. Unusual trading activity could push option prices to exaggerated or underestimated levels.,-0.972230707760900
2020-12-11 17:55:56+00:00,Smaller Firms Look To Make A Splash In The Booming EV Space,"2020 has been an absurd year in many ways, but it has been a fantastic year for some lucky industries such as e-commerce and electric vehicles.",0.999243456521071
2020-12-12 18:28:31+00:00,"Benzinga's Bulls And Bears Of The Week: Boeing, Netflix, Nike, Starbucks And More",Benzinga has examined the prospects for many investor favorite stocks over the past week. ,0.000057209639635
2020-12-12 19:37:11+00:00,"Tesla Needs To Increase Production Now, Elon Musk Says In Leaked Email",Elon Musk is calling on his company to step on the gas to get production moving faster.,0.936540805967525
2020-12-13 11:45:56+00:00,"Tesla To Shut Down Fremont Lines For Models S, X From Dec. 24 To Jan. 11","Tesla Inc (NASDAQ: TSLA) will be stopping production of the high-end Model S and Model X cars from December 24 to January 11 at its Fremont, California, factory.",-0.417562439921312
2020-12-13 12:37:16+00:00,"Barron's Picks And Pans Of The Week: Time Is Ripe To Sell NIO, XPeng, Li; And Lessons From The IPO Frenzy","
	This weekend&#39;s Barron&#39;s cover story makes a case for taking profits on Chinese electric vehicle makers.
",0.000166466066730
2020-12-14 18:12:33+00:00,10 Consumer Discretionary Stocks With Unusual Options Alerts In Today's Session,This unusual options alert can help traders discover the next big trading opportunities. Traders will search for circumstances when the market estimation of an option diverges heavily from its normal worth. Unusual trading activity could push option prices to exaggerated or underestimated levels.,-0.971423392882571
2020-12-14 18:52:02+00:00,"Tesla Hits Q4 Model S, X Delivery Goals, Ramps Model 3, Y Production: Report","Tesla Inc (NASDAQ: TSLA) could achieve its ambitious delivery goal of 500,000 vehicles in 2020, having achieved the targets it set for two of its vehicle models.",0.998949196218746
2020-12-15 19:02:23+00:00,"Elon Musk Confirms Gigafactory Berlin First To Use New 4680 Battery Cells, New Paint Shop","At Tesla Inc&#39;s (NASDAQ: TSLA) battery day, the company showed its vision for the future of batteries: the 4680 cylindrical cell.",0.000990523250948
2020-12-15 19:18:07+00:00,"Tesla Hacker Gains Access To Autopilot Vision, Giving Glimpse Into What Computer Sees","Tesla Inc (NASDAQ: TSLA) is closer to rolling out its complete &#34;Full Self Driving&#34; software, which will allow vehicles to obey traffic signals, turn right and left and generally make all moves expected to drive a car from point A to point B, but with the o",0.998635217081755
2020-12-16 17:50:49+00:00,Tesla And The S&P 500: Expected Moves And Option Spread Trades,The long anticipated addition of Tesla (NASDAQ: TSLA) to the S&amp;P 500 this Friday will be a source of volume and volatility in both Tesla and the SPY in the days leading up to and after. We&#39;ll look at the expected moves for both and options trades in Tesla based on the expected move.,0.000072468406870
2020-12-16 19:15:54+00:00,'Tesla Model Y to help electrify two US police departments' -Electrek Report,,0.008828693520627
2020-12-17 17:37:59+00:00,10 Consumer Discretionary Stocks With Unusual Options Alerts In Today's Session,This unusual options alert can help traders discover the next big trading opportunities. Traders will search for circumstances when the market estimation of an option diverges heavily from its normal worth. Unusual trading activity could push option prices to exaggerated or underestimated levels.,-0.971423392882571
2020-12-17 17:59:03+00:00,Elon Musk Hopes To Visit China Next Month Amid Start Of Model Y Production,"Tesla Inc (NASDAQ: TSLA) CEO Elon Musk may have recently moved to Texas, but where the billionaire calls home is not too important as he&#39;s often traveling all over the world.",0.000010171512258
2020-12-18 17:36:22+00:00,10 Consumer Discretionary Stocks With Unusual Options Alerts In Today's Session,This unusual options alert can help traders track potentially big trading opportunities. Traders often look for circumstances when the market estimation of an option diverges away from its normal worth. Unusual trading activity could push option prices to hyperbolic or underperforming levels.,-0.991783266421407
2020-12-18 18:45:08+00:00,3 Of 2020's Best ETFs: A Clean Active Bunch That Can Rally Again In 2021,"Fun fact: Over the past decade, exchange-traded funds hauled in $2.7 trillion in new assets while actively managed mutual funds bled $684 billion.",0.904134647542378
2020-12-19 17:46:42+00:00,"Benzinga's Bulls And Bears Of The Week: Comcast, DoorDash, Exxon, Moderna, Tesla And More","
	Benzinga has examined the prospects for many investor favorite stocks over the past week. 
	The week&#39;s bullish calls included an oil supermajor and cloud stocks.
	A top electric vehicle maker and a COVID-19 vaccine play were among the bearish calls.


",0.027026553405449
2020-12-19 19:25:58+00:00,Mike Khouw Says It's Time For Bearish Options Trade On Tesla,"On CNBC&#39;s &#34;Options Action,&#34; Mike Khouw suggested a bearish options trade in Tesla Inc (NASDAQ: TSLA).",-0.003306385944597
2020-12-20 18:55:52+00:00,German Court Rules Tesla Must Stop Cutting Down Trees At Parts Of Berlin Gigafactory Site,Tesla Inc (NASDAQ: TSLA) has been handed a cutting defeat by a German court.,0.284094780683517
2020-12-20 19:30:42+00:00,"Barron's Picks And Pans: Bank Mergers, Comcast, Dogs of the Dow, Square And More","
	This weekend&#39;s Barron&#39;s cover story shares thoughts from a panel of experts on what to expect for stocks in 2021.
	Other featured articles examine Barron&#39;s picks for 2021, the preliminary 2021 Dogs of the Dow, and whether dividends and buybacks are about to rebound.
",0.129299586667912
2020-12-21 17:04:17+00:00,55 Stocks Moving In Monday's Mid-Day Session,"Gainers


	500.com Limited  (NYSE: WBAI) shares climbed 125.7% to $6.07 after the company announced a $23 million investment from Good Luck Information Technology. The company appointed Mr. Xianfeng Yang as CEO and Mr. Bo Yu as COO.
",0.999474257012480
2020-12-21 18:59:06+00:00,"Chinese EV Stocks Rally Despite Delisting Threat, Broader Market Weakness","A contagious new strain of coronavirus that is making its appearance in the U.K. has unsettled the global markets. It&#39;s déjà vu of facing disruptions and lockdowns. Chinese EV stocks, however, have bucked the broader downtrend and are mostly higher.",-0.870660409331322
2020-12-22 17:40:22+00:00,CNBC Traders Weigh In On Apple's Self-Driving Vehicle Potential,"On CNBC&#39;s &#34;Fast Money Halftime Report,&#34; the traders gave their thoughts on the recent report suggesting Apple Inc. (NASDAQ: AAPL) could enter the self",0.000070781272370
2020-12-22 17:44:24+00:00,10 Consumer Discretionary Stocks With Unusual Options Alerts In Today's Session,This unusual options alert can help traders discover the next big trading opportunities. Traders will search for circumstances when the market estimation of an option diverges heavily from its normal worth. Unusual trading activity could push option prices to exaggerated or underestimated levels.,-0.971423392882571
2020-12-23 18:15:12+00:00,Will Tesla Destabilize The S&P 500?,"Tesla Inc (NASDAQ: TSLA) was added to the S&amp;P 500 on Monday and shares are down 7.8% this week, contributing to an overall decline of 0.5% for the SPDR S&amp;P 500 ETF Trust (NYSE: SPY).",-0.997892796003725
2020-12-23 18:59:11+00:00,"Elon Musk Floats Idea Of Starting One Parent Company To Hold Tesla, SpaceX, Boring, Neuralink","Elon Musk is the CEO of multiple companies. While his main focuses are SpaceX and Tesla Inc (NASDAQ: TSLA), he&#39;s also CEO of Neuralink and The Boring Company.",0.000010121973901
2020-12-24 12:35:43+00:00,3 ETFs Affected By Tesla S&P 500 Addition,"Tesla Inc (NASDAQ: TSLA) entered the S&amp;P 500 on Monday and is now the seventh-largest stock in the benchmark, just ahead of Warren Buffett&#39;s Berkshire Hathaway (NYSE: BRK-B).",0.000057263343479
2020-12-24 14:35:38+00:00,Will The SPY ETF Reach $500 By 2022?,"Every week, Benzinga conducts a sentiment survey to find out what traders are most excited about, interested in or thinking about as they manage and build their personal portfolios.",0.002142087570974
2020-12-26 17:45:14+00:00,"Benzinga's Bulls And Bears Of Christmas Week: Airbnb, Apple, Netflix, Nike, Tesla And More",Benzinga has examined the prospects for many investor favorite stocks over the past week. ,0.000044731532398
2020-12-27 17:57:28+00:00,Tesla Could Begin Taking Model 3 Orders In India Next Month: Unconfirmed Report,"Orders in India for Tesla Inc&#39;s (NASDAQ: TSLA) Model 3 could begin as early as next month, with deliveries to follow in the months afterward.",0.000034487595258
2020-12-27 19:00:38+00:00,"December 25 Article from Pingwest.com Circulating on Social Media, Reports Tesla China Insiders Say Company Lowered Quality Standards, Possibly Used Substandard Parts",,-0.994953928049654
2020-12-28 13:54:57+00:00,GLJ's Gordon Johnson Says 'Fundamentals On Tesla Aren't Improving -- They're Getting Worse',,-0.993323584552854
2020-12-28 17:37:24+00:00,10 Consumer Discretionary Stocks With Unusual Options Alerts In Today's Session,"This unusual options alert can help traders track potentially big trading opportunities. Traders often look for circumstances when the market estimation of an option diverges away from its normal worth. Unusual trading activity could push option prices to hyperbolic or underperforming levels.

Here&#39;s the list of some unusual options activity happening in today&#39;s session:",-0.988151385332458
2020-12-29 18:00:10+00:00,10 Consumer Discretionary Stocks With Unusual Options Alerts In Today's Session,This unusual options alert can help traders discover the next big trading opportunities. Traders will search for circumstances when the market estimation of an option diverges heavily from its normal worth. Unusual trading activity could push option prices to exaggerated or underestimated levels.,-0.971423392882571
2020-12-29 18:31:40+00:00,Electrek.Co Tweets:  Tesla's (TSLA) next phase of massive growth is going to be powered by its energy division,,0.000578159379074
2020-12-30 19:14:45+00:00,Tesla Shares Move Over $692 Level; Up 4%,,0.999268204192049
2020-12-30 19:19:00+00:00,"Tesla Hacker: Hints Of Model S, X Refresh, Semi Hardware In Code",Tesla Inc&#39;s (NASDAQ: TSLA) vehicles are always improving. The company does not typically wait for a new model year to add updates to cars like traditional manufacturers.,0.999190833259490
2020-12-31 18:37:41+00:00,10 Best Performing S&P 500 Stocks Of 2020,"The S&amp;P 500 delivered one of its surprising years in recent history in 2020, gaining more than 15%. Most U.S. investors had a lot of winners in their portfolios this year, but some stocks certainly performed better than others.

Here’s a look at the 10 best-performing stocks in the entire S&amp;P 500 in 2019 as of the Dec. 29 closing price.",0.999475347300177
2020-12-31 18:43:23+00:00,10 Consumer Discretionary Stocks Showing Unusual Options Activity In Today's Session,This unusual options alert can help traders track potentially big trading opportunities. Traders often look for circumstances when the market estimation of an option diverges away from its normal worth. Unusual trading activity could push option prices to hyperbolic or underperforming levels.,-0.992420115158893
2020-12-31 21:34:55+00:00,"Tesla, Volkswagen, Renault See Strong Share In Europe: Over 1 Million EV Sold In 11 Months",The European market continues to see strong adoption of battery powered electric vehicles and plug-in hybrid electric vehicles.,0.999454370714375
2020-12-31 21:41:27+00:00,"'Halftime Report' Traders Advise Viewers On Salesforce, Netflix And More","Jim Lebenthal said on CNBC&#39;s &#34;Fast Money Halftime Report&#34; that now is the right time to buy Salesforce.com, inc. (NYSE: CRM).",0.998771992293769
2021-01-02 16:12:03+00:00,"Tesla Deliveries Fall Just Short Of Musk's 500,000 Target For 2020","Tesla Inc delivered 499,550 vehicles in 2020, the company reported today.

What Happened: The total for 2020 was up from 367,500 in 2019, and topped off a year in which the company&#39;s share price rose 743%, according to Bloomberg.",0.999514958908549
2021-01-02 16:25:30+00:00,"Benzinga's Final Bulls And Bears Of The Year: Alibaba, Apple, Intel, Tesla And More","
	Benzinga has examined the prospects for many investor favorite stocks over the past week. 
	The week&#39;s bullish calls included the iPhone maker and electric vehicle stocks.
	A semiconductor maker and a Chinese internet giant were among the bearish calls.


",0.020331627340056
2021-01-03 16:58:48+00:00,Bitcoin Crosses $34k On Its 12th Genesis Block Day,"Bitcoin (BTC) price reached another all-time high — $34,000 in the early hours of Sunday (EST), marking the cryptocurrency network&#39;s 12th anniversary, known as Genesis Day.",0.999100326589542
2021-01-03 19:01:04+00:00,World's 4th Largest Automaker Set To Take Shape Monday,Shareholders are scheduled to vote on the merger between Fiat Chrysler Automobiles NV (NYSE: FCAU) and PSA Group on Monday.,-0.000028301896236
2021-01-04 17:57:57+00:00,Stocks That Hit 52-Week Highs On Monday," 

During Monday&#39;s morning session, 286 stocks hit new 52-week highs.",0.997232185880421
2021-01-04 18:49:38+00:00,"'Tesla gets green light to import electric cars in Israel, launch is imminent' -Electrek Report",,0.996446575882146
2021-01-05 18:50:17+00:00,Simplify ETFs Continues Torrid Launch Pace With 4 Disruptive Thematic Funds (One Heavy On Tesla),The universe of thematic exchange-traded funds continues expanding as upstart issuer Simply Asset Management extends its brisk pace of product launches with a quartet of rookie funds focusing on various disruptive technologies.,0.998474368097959
2021-01-05 19:00:11+00:00,Tesla Model Y In China Comes With Bioweapon Defense Mode,"Tesla Inc&#39;s (NASDAQ: TSLA) Model S and Model X have long had a feature called bioweapon defense mode. When enabled, the car creates positive pressure on the inside, so air can&#39;t come in through any cracks in the doors, and brings all air into the car through a HEPA filter.",0.000023583103030
2021-01-06 18:15:13+00:00,"Led By Tesla, Roku And Square, Famous ARKK ETF Is One To Watch In January","In sports betting, there&#39;s an old phrase of “good teams win, great teams cover.” It&#39;s probably a stretch to use that phrase often in the world of exchange-traded funds, but indulge us as we say the ARK Industria",0.000020169904019
2021-01-06 18:20:07+00:00,Tesla Sells Out Of Q1 Supply Of Model Y In China Just Days After Opening Order Page: Report,"At the start of 2021, Tesla Inc (NASDAQ: TSLA) opened up the order page for the Model Y in China. Tesla has been working to expand Gigafactory Shanghai to mass-produce the Model Y for sale in China and export to neighboring areas including Australia and parts of Europe.",0.007049806517898
2021-01-07 17:35:57+00:00,10 Consumer Discretionary Stocks Showing Unusual Options Activity In Today's Session,This unusual options alert can help traders discover the next big trading opportunities. Traders will search for circumstances when the market estimation of an option diverges heavily from its normal worth. Unusual trading activity could push option prices to exaggerated or underestimated levels.,-0.972230707760900
2021-01-07 19:19:48+00:00,Stocks That Hit 52-Week Highs On Thursday," 

 

Thursday&#39;s morning session saw 641 companies set new 52-week highs.",0.997236188995885
2021-01-08 17:50:15+00:00,10 Consumer Discretionary Stocks With Unusual Options Alerts In Today's Session,This unusual options alert can help traders discover the next big trading opportunities. Traders will search for circumstances when the market estimation of an option diverges heavily from its normal worth. Unusual trading activity could push option prices to exaggerated or underestimated levels.,-0.971423392882571
2021-01-08 18:06:57+00:00,Early Pictures Of Third Row Tesla Model Y Emerge,"Last night, Tesla Inc (NASDAQ: TSLA) released the Standard Range Model Y, a more affordable variant of its highly popular crossover EV.",0.000513137918460
2021-01-09 15:35:41+00:00,"Nio Day 2020: EV Maker Shows Off ET7 Sedan, New Power Swap Station, 150kWh Battery Pack, ADaaS and More","The Nio ET7 sedan. 

Nio Inc – ADR (NYSE: NIO) kicked off its Nio Day 2020 event in Chengdu late Saturday local time amid much fanfare. The event was attended by scores of users and Nio fans from across China, and was also livestreamed.",0.000041353665438
2021-01-09 18:47:13+00:00,"Benzinga's First Bulls And Bears Of 2021: Ford, Mastercard, PepsiCo, 3M, Tesla And More","
	Benzinga has examined the prospects for many investor favorite stocks over the past week. 
	The week&#39;s bullish calls included automakers and a recovering retailer.
	Beverage giants and a satellite radio leader were among the bearish calls.


",0.086494564078748
2021-01-10 15:41:08+00:00,"Barron's Picks And Pans: Dividend Aristocrats, Alibaba, GameStop, Walmart And More","
	This weekend&#39;s Barron&#39;s cover story explores the new opportunities and risks that arise for investors as Democrats take power in Washington.
",0.000168806298461
2021-01-10 15:50:58+00:00,"Got $600? Investors Are Buying Stock In Tesla, Nio And Pfizer With Stimulus Checks","Every week, Benzinga conducts a survey to collect sentiment on what traders are most excited about, interested in or thinking about when they are managing and building their personal portfolios.

This week we posed the following question related to how traders and investors plan to use their stimulus money: ",0.000086382278823
2021-01-11 19:29:14+00:00,Churchill Capital Corp IV SPAC Pops On Lucid Motors Rumor,A Michael Klein-backed SPAC is popping on rumors of bringing an electric vehicle company public.,0.000157403257617
2021-01-11 19:33:52+00:00,'Tesla loses top manufacturing engineer to co-founder JB Straubel's new startup' - Electrek.Co,,-0.992361997894477
2021-01-12 17:41:17+00:00,10 Consumer Discretionary Stocks Showing Unusual Options Activity In Today's Session,This unusual options alert can help traders discover the next big trading opportunities. Traders will search for circumstances when the market estimation of an option diverges heavily from its normal worth. Unusual trading activity could push option prices to exaggerated or underestimated levels.,-0.972230707760900
2021-01-12 17:55:14+00:00,Tesla Is Getting Closer To India,"Tesla Inc (NASDAQ: TSLA) has had a record stock run. The company continues to increase sales year over year, while still building new factories in Germany and Texas, and the company appears to be on its way to cracking a new market.",0.999479890990187
2021-01-13 18:26:18+00:00,"Edward Jones Initiates Coverage On Tesla: 'EV Leader, But Competition Increasing'","Another Wall Street analyst has initiated coverage of Tesla Inc (NASDAQ: TSLA) on Wednesday. Like many other analysts and investors, he doesn’t quite know what to make of Tesla at its current valuation.",0.026709943078458
2021-01-13 18:36:27+00:00,'Tesla is looking to implement new automated camera system quality inspection at Fremont factory' -Electrek Report,,0.001631635343074
2021-01-14 16:06:44+00:00,"Tesla To Announce Q4 2020 Results Jan. 27, 2021 After Market Close",,-0.000017529862816
2021-01-14 17:41:37+00:00,10 Consumer Discretionary Stocks With Unusual Options Alerts In Today's Session,"This unusual options alert can help traders track potentially big trading opportunities. Traders often look for circumstances when the market estimation of an option diverges away from its normal worth. Unusual trading activity could push option prices to hyperbolic or underperforming levels.

Here&#39;s the list of some unusual options activity happening in today&#39;s session:",-0.988151385332458
2021-01-15 15:46:22+00:00,"Tesla Looks To Sell Model S, X Inventory By End Of January, Hinting At Refresh",The Tesla Inc (NASDAQ: TSLA) Model S and X vehicles have remained largely unchanged since initial release.,0.001875830290373
2021-01-15 17:40:17+00:00,10 Consumer Discretionary Stocks Showing Unusual Options Activity In Today's Session," 

This unusual options alert can help traders discover the next big trading opportunities. Traders will search for circumstances when the market estimation of an option diverges heavily from its normal worth. Unusual trading activity could push option prices to exaggerated or underestimated levels.",-0.931355879642069
2021-01-16 16:28:20+00:00,"Short Seller Andrew Left Goes Sour On Lemonade, Says Company Lies To Shareholders","Andrew Left

Citron Research’s Andrew Left criticized insurance company Lemonade Inc (NYSE: LMND) on Friday, saying its stock multiple is based on empty marketing tactics.",-0.984888877137564
2021-01-16 17:04:39+00:00,"Benzinga's Weekly Bulls And Bears: AMD, Marathon, Tesla, Uber, Walgreens And More","
	Benzinga has examined the prospects for many investor favorite stocks over the past week. 
	The week&#39;s bullish calls included the electric vehicle leader and a recovering retailer.
	A ride-sharing company and a semiconductor maker were among the bearish calls.
",0.507752187550068
2021-01-17 18:40:15+00:00,Elon Musk Donates $5M To Online Education Platform Khan Academy,Elon Musk has donated $5 million to educational platform Khan Academy.,0.329062019125558
2021-01-17 18:57:34+00:00,Here's How Americans Are Spending Their Stimulus Payments,"The U.S. government recently sent out its second round of stimulus payments worth up to $600 per qualified person. The primary purpose of the payments was to help those who are struggling to make ends meet during the pandemic, but stimulus spending can also serve as a much-needed shot in the arm for the economy.",0.001500219193986
2021-01-18 14:17:24+00:00,Tesla China Confirmed Start of Deliveries of the New Model Y in the Chinese Market,,0.937495233491063
2021-01-18 15:20:57+00:00,"Elon Musk Talks About Tesla's Inspiration For Battery Cell, Vehicle Manufacturing Strategy","When it comes to producing more vehicles, Tesla Inc&#39;s (NASDAQ: TSLA) biggest supply issue is batteries. The company just can&#39;t get enough batteries to build all the vehicles it wants.",0.000021374580683
2021-01-19 19:06:23+00:00,Why Electric Vehicle Stocks Are Trading Higher Today,"A number of electric vehicle shares are trading higher after President-elect Joe Biden&#39;s choice for treasury secretary nominee, Janet Yellen, said electric vehicles are a good way to address climate change and create jobs for Americans.",0.999369424986071
2021-01-19 19:35:20+00:00,Photos Of Tesla's New Structural Battery Pack Leak Online,"During Tesla Inc&#39;s (NASDAQ: TSLA) battery day last year, the company announced a new structural battery back design.",0.000102178495581
2021-01-20 17:54:28+00:00,Jim Chanos On CNBC Says He Has Put Positions In Tesla,,0.000027899848646
2021-01-20 19:38:39+00:00,Mobileye CEO Says Tesla's Self Driving Effort Likely To Hit 'Glass Ceiling',Tesla Inc (NASDAQ: TSLA) is working to develop level five self-driving cars.,-0.984144728747196
2021-01-21 18:06:47+00:00,10 Consumer Discretionary Stocks With Unusual Options Alerts In Today's Session,"This unusual options alert can help traders track potentially big trading opportunities. Traders often look for circumstances when the market estimation of an option diverges away from its normal worth. Unusual trading activity could push option prices to hyperbolic or underperforming levels.

Here&#39;s the list of some unusual options activity happening in today&#39;s session:",-0.988151385332458
2021-01-21 19:40:38+00:00,How Option Traders Are Playing Ford Following $2.7B Rivian EV Truck Investment,Ford Motor Company (NYSE: F) shares spiked 6.6% Thursday and are now up 18.6% in the past week following news that Ford electric truck startup Rivian raised more than $2.7 billion at a $28 billion valuation.,0.999481768085388
2021-01-22 17:26:10+00:00,JPMorgan Upgrades Ford: 'Incoming Tide Of Hot New Products',A great week for Ford Motor Company (NYSE: F) got even better on Friday when the stock got a major upgrade from a big name Wall Street bank.,0.999468997397344
2021-01-22 18:57:17+00:00,'Tesla takes delivery of massive 'Giga Press' at Gigafactory Texas' -Electrek Report,,0.000045273329306
2021-01-22 21:25:08+00:00,Barstool Fund Nears $30M For Small Businesses And Is About To Get A Huge Boost From Michigan,Barstool Sports founder Dave Portnoy has been raising money to support struggling small businesses impacted by the COVID-19 pandemic. A casino company is set to seriously increase the amount of money raised for The Barstool Fund.,0.999387136354926
2021-01-23 13:46:28+00:00,Tesla Accuses Employee Who Worked For Company For Less Than 2 Weeks Of Stealing Trade Secrets,Tesla Inc (NASDAQ: TSLA) on Friday sued a former employee over claims of stealing trade secrets.,-0.982193255098537
2021-01-24 15:42:51+00:00,"Barron's Picks And Pans: Roundtable Picks, GameStop, LKQ, Netflix, Roblox And More","
	This weekend&#39;s Barron&#39;s cover story offers a slew of stock and bond picks from the latest Barron&#39;s Roundtable.
",0.000002644643246
2021-01-24 17:09:12+00:00,"Michigan Cannabis Business Donates $420,420 To Barstool Fund Through Sports Betting Match Promotion",Dave Portnoy&#39;s The Barstool Fund is getting a boost from a Michigan cannabis product company.,0.999446042653290
2021-01-25 18:10:37+00:00,'Is Tesla's Quality Lacking? What's Gone Wrong With Our Model X?' -InsideEVs,,-0.992577113211155
2021-01-25 18:31:14+00:00,Tesla Moves Closer To New FSD 5nm Chip In Samsung Partnership: Report,"Tesla Inc (NASDAQ: TSLA) is currently developing full self-driving (FSD) vehicles. To do this, the company needs the right combination of hardware and software.",0.169911209406564
2021-01-26 18:35:35+00:00,Charging Infrastructure SPAC Plays: Is EVGo The Best Of The Bunch?,"Last week, EVgo became the latest charging infrastructure company to announce a SPAC deal to go public during a time that is seeing rapid adoption of electric vehicles and infrastructure.",0.997851019244990
2021-01-26 19:10:17+00:00,"Nancy Pelosi Buys Tesla Calls, Stands To Benefit From New Biden EV Plan",The ability of members of U.S. Congress to buy and sell stocks has been controversial over the years. One of its most prominent members made some purchases in December that could benefit from the new Biden administration.,0.956702943600249
2021-01-27 18:53:15+00:00,Tesla Shares Move Higher; Biden Says He Will Ask Congress To Eliminate Subsidies For Fossil Fuels,,0.998772910592379
2021-01-27 19:33:45+00:00,"Top 20 Trending Stocks On WallStreetBets For Wednesday, Jan. 27, 2020 (Via Swaggy Stocks)",,-0.000013699769625
2021-01-28 17:37:13+00:00,10 Consumer Discretionary Stocks Showing Unusual Options Activity In Today's Session,This unusual options alert can help traders discover the next big trading opportunities. Traders will search for circumstances when the market estimation of an option diverges heavily from its normal worth. Unusual trading activity could push option prices to exaggerated or underestimated levels.,-0.972230707760900
2021-01-28 19:06:14+00:00,"Deutsche Bank Maintains Buy on Tesla, Raises Price Target to $900",,0.999345222953707
2021-01-29 18:40:27+00:00,"'Tesla Model S and Model X sales are spiking, but some buyers are not happy about pricing ' -Electrek Article",,-0.989254657179117
2021-01-29 19:14:34+00:00,Why Tesla's Stock Is Trading Lower Today,"Tesla (NASDAQ: TSLA) shares are trading lower Friday amid overall market weakness as disappointing vaccine news from Johnson &amp; Johnson, as well as recent speculative trading drive market volatility. The company reported quarterly results this week.",-0.998061025224160
2021-01-29 21:59:49+00:00,Carole Baskin Pumps Dogecoin,One of the stars of Netflix Inc&#39;s (NASDAQ: NFLX) &#34;Tiger King&#34; is out with a video showing support for a cryptocurrency.,0.000016305690224
2021-01-30 18:01:25+00:00,Should Tesla Try To Acquire Ford Or GM In 2021?,"Every week, Benzinga conducts a survey to collect sentiment on what traders are most excited about, interested in or thinking about as they manage and build their personal portfolios.

This week we posed the following question related to Tesla acquiring a legacy automaker:

Over the next year, should Tesla acquire Ford or GM, or neither?",0.000007003895007
2021-01-30 18:56:18+00:00,Elon Musk Wants To Drill For Texas Natural Gas To Power SpaceX Starship,"Elon Musk is aiming to drill gas wells in South Texas to make its own fuel and electricity to power its Starship spacecraft, Bloomberg has reported. ",0.000070821384725
2021-01-31 14:08:34+00:00,5 Cryptocurrencies To Buy Other Than Dogecoin Or Bitcoin,"On Friday morning, Tesla Inc (NASDAQ: TSLA) CEO Elon Musk added #bitcoin to his Twitter profile, which sent Bitcoin (BTC) soaring over 10%.",0.999289455168764
2021-01-31 14:28:40+00:00,Why Technical Analysis Has Value In A Broken Market,"Could you ever imagine a week in the markets when earnings reports from technology titans, such as Microsoft Corporation (NASDAQ: MFST), Apple Inc (NASDAQ: AAPL), Facebook, Inc.",0.001180907362141
2021-02-01 18:17:36+00:00,"15 Big Ideas In 'Disruptive Innovation' According To Cathie Wood, Ark Funds","One of the hottest names in the investing world in 2020 was Cathie Wood, CEO of Ark Funds. The legendary fund manager had some of the best performing ETFs of the year and also saw strong inflows of money put into her actively managed funds.",0.999132765180548
2021-02-01 18:40:45+00:00,"Tesla Gets A Street High $1,200 Price Target: 'The Fireworks Aren't Over Yet'","Tesla Inc (NASDAQ: TSLA) got a massive price target boost from Piper Sandler, with the firm dissuading investors from selling the stock.",0.999422414883156
2021-02-02 18:15:16+00:00,Why Short Sellers Help Keep The Stock Market In Check: 'Pricing Mechanism Is Broken' Without Them,"A stock buying frenzy by online groups of retail traders, led by Reddit’s WallStreetBets community, has triggered massive short squeezes in highly shorted stocks like GameStop Corp.",-0.992951378226280
2021-02-02 19:00:09+00:00,Astra Set To Become First Publicly Traded Space Launch Company: What Investors Should Know,"Space stocks have been hot as investors look for ways to capitalize on the growing industry. Several space-related companies have taken the SPAC path to the public markets, and on Tuesday another private space company chose this route.",0.998045974876732
2021-02-03 16:30:51+00:00,Tesla Supercharger Factory In China Appears To Begin Operations,"One of Tesla Inc&#39;s (NASDAQ: TSLA) biggest advantages in the electric car space is its Supercharger network. With over 20,000 chargers worldwide, Tesla owners can travel many places and get fast convenient charging. A lack of charging infrastructure is what used to make EVs inviable for road trips.",0.995495414623292
2021-02-03 17:27:37+00:00,"Joe Terranova On CNBC's Halftime Report Notes Shopify, Tesla, Seagen Added To Own Virtus ETF",,0.000010417759768
2021-02-04 16:47:40+00:00,Could Tesla's Gigafactory Berlin Produce Over 500K Vehicles Annually?,Tesla Inc&#39;s (NASDAQ: TSLA) Gigafactory Berlin construction is moving quickly.,0.087792235775851
2021-02-04 18:27:22+00:00,'Tesla takes delivery of a big order of robots at Gigafactory Texas' -Tweet From Electrek,,0.000037612822780
2021-02-05 16:38:36+00:00,'A closer look at Tesla's latest semi electric truck prototype' -Electrek,,0.000025072033168
2021-02-05 18:07:36+00:00,Samsung Nominates Austin For $17B Plant To Drive U.S. Chip Production,"
",0.000135922797199
2021-02-05 20:00:19+00:00,Tesla Shares Video Of World's Largest Die-Casting Machine,Tesla Inc (NASDAQ: TSLA) CEO Elon Musk has said Tesla wants to simplify manufacturing and increase output. One way it&#39;s doing so is by constructing its cars in the same way toy cars are made.,0.997653130994877
2021-02-06 14:47:00+00:00,"Benzinga's Bulls And Bears Of The Week: Amazon, Comcast, GE, Moderna, Tesla And More","
	Benzinga has examined the prospects for many investor favorite stocks over the past week.
	The week&#39;s bullish calls included the e-commerce, electric vehicle and online sports betting leaders.
",0.075068652338814
2021-02-07 16:26:43+00:00,Why Tesla Owners May Have To Pay To Replace Their Touch Screens Halfway Through Life Of Vehicle,"Last week&#39;s safety recall of Tesla Inc (NASDAQ: TSLA) vehicles will come and go, as recalls do.",-0.000065575113695
2021-02-07 17:36:09+00:00,"Tesla's Rumored $25,000 Model 2 For China Could Be Unveiled In Late 2021: Report",Tesla Inc (NASDAQ: TSLA) appears to be a step closer to bringing a more affordably-priced car to the Chinese market.,0.998749660473550
2021-02-08 18:56:52+00:00,"Munster Says Bitcoin's Price ""Can Move The Needle"" For Tesla",,0.972580993373413
2021-02-08 19:39:36+00:00,Tesla Invests In Bitcoin And May Sell Vehicles For Cryptocurrency,Tesla Inc. (NASDAQ: TSLA) disclosed Monday it has invested $1.5 billion in Bitcoin cryptocurrency. It plans to begin accepting it in payment for its electric vehicles.,0.000427755840064
2021-02-09 17:55:14+00:00,Pro-Bitcoin Senator Cynthia Lummis Joins Banking Committee: Why It's Important,The first U.S. senator to ever own Bitcoin (BTC) has been named to a committee overseeing banking and plans to hold conversations with Treasury Secretary Janet Yellen about the positives of the cryptocurrency.,0.000143124787428
2021-02-09 18:55:56+00:00,"Tesla Analyst Sees Conciliatory Approach To Chinese Regulators, EV 'Golden Age' Ahead",Tesla Inc (NASDAQ: TSLA) was warned this by China&#39;s State Administration for Market Regulation regarding quality issues with respect to EVs sold in China.,0.276283085346222
2021-02-10 17:42:44+00:00,10 Consumer Discretionary Stocks Showing Unusual Options Activity In Today's Session,This unusual options alert can help traders discover the next big trading opportunities. Traders will search for circumstances when the market estimation of an option diverges heavily from its normal worth. Unusual trading activity could push option prices to exaggerated or underestimated levels.,-0.972230707760900
2021-02-10 18:34:14+00:00,"Should Apple Partner With Tesla, Ford Or GM On A Self-Driving EV?","Every week, Benzinga conducts a survey to collect sentiment on what traders are most excited about, interested in or thinking about as they manage and build their personal portfolios.",0.000045458502427
2021-02-11 17:42:52+00:00,10 Consumer Discretionary Stocks Showing Unusual Options Activity In Today's Session,This unusual options alert can help traders discover the next big trading opportunities. Traders will search for circumstances when the market estimation of an option diverges heavily from its normal worth. Unusual trading activity could push option prices to exaggerated or underestimated levels.,-0.972230707760900
2021-02-11 18:36:58+00:00,"Potential Partners For An Apple Car Grow In Number, With Nissan The Latest To Express Interest","Ever since  reports  suggested that Apple Inc (NASDAQ: AAPL) has rekindled its electric car ambitions, several potential partners have been named.",0.998903631683788
2021-02-12 15:16:11+00:00,Should Elon Musk Be Running Tesla And SpaceX At The Same Time?,"Every week, Benzinga conducts a survey to collect sentiment on what traders are most excited about, interested in or thinking about as they manage and build their personal portfolios.",0.000013670905901
2021-02-12 18:30:12+00:00,"5 Fun Takeaways From Elon Musk's Latest Chat With Joe Rogan: Bond, 'Borat' And More",Tesla Inc (NASDAQ: TSLA) CEO Elon Musk was on Joe Rogan&#39;s podcast for the third time and the world&#39;s richest person kicked off the show with an ode to Sacha Baron Cohen&#39;s comedy hit film &#34;The Dictator.&#34;,0.000018089696823
2021-02-13 17:05:42+00:00,Stanford Researchers: Clubhouse's Raw Audio Data Vulnerable To Access By Chinese Govt.,"Clubhouse downloads rose quickly in China, where users are usually blocked from discussing sensitive subjects such as the government crackdown on Hong Kong&#39;s pro-democracy movement.",0.999244671678753
2021-02-13 18:58:40+00:00,"Freewallet Defends Self-Hosted Wallets After Elon Musk Criticism, Says Installs Increased By 50%","Freewallet, a “multi-cryptocurrency” wallet with over 3.5m users, said the Elon Musk incident “turned out to be staggering” for the company. ",0.999175549295614
2021-02-14 12:47:41+00:00,"Barron's Latest Picks And Pans: COVID Booster Shot Plays, Defense M&As, Coty, Hologic, And More","
	This weekend&#39;s Barron&#39;s cover story offers a look at the 100 must sustainable companies.
	Other featured articles discuss the changing vaccine industry, the history of electric vehicles and consolidation in the defense sector.
",0.000008521947166
2021-02-14 13:37:57+00:00,"Bitcoin Price Nears $50,000 Following A Week Of Good News","The price of the leading cryptocurrency has broken another record — surpassing the $49,000 level.

What Happened: Bitcoin (BTC) has gained 5.69% over the last 20 hours, reaching a record $49,527 at the time of writing.",0.999294071632903
2021-02-15 15:29:23+00:00,In The EV Revolution The Battery Will Be The Key Competitive Differentiator,"The market for electric transportation is broad and varied, though many investors don’t give much thought to opportunities beyond industry behemoths like Tesla Inc (NASDAQ: TSLA).",0.000006692825991
2021-02-15 15:38:20+00:00,"New Bill Could Net More Tesla, Ford And GM EV Buyers A $7,000 Tax Credit","What Happened: $7,000 of tax credit may soon be given to hundreds of thousands more U.S. electric vehicle buyers with a potential overhaul of purchasing incentives coming to the states.",0.995810772234108
2021-02-16 17:46:11+00:00,10 Consumer Discretionary Stocks With Unusual Options Alerts In Today's Session,This unusual options alert can help traders discover the next big trading opportunities. Traders will search for circumstances when the market estimation of an option diverges heavily from its normal worth. Unusual trading activity could push option prices to exaggerated or underestimated levels.,-0.971423392882571
2021-02-16 19:07:35+00:00,MicroStrategy Seeks To Raise $600M Via Debt To Purchase Bitcoins,"
",0.067843034659745
2021-02-17 17:36:31+00:00,"On CNBC: Ark Invest's Cathie Wood Says Confidence In Tesla Has Grown As Ridesharing Possibilities Have Grown, Says Probability Of Success In Autonomous Industry Going Up; Maintains Price Target",,0.999324914489989
2021-02-17 17:39:22+00:00,"On CNBC: Ark Invest's Cathie Wood Says Bitcoin Has To 'Mature A Bit' Before Wide Adoption, Notes Feels Reassured By Co.'s Like Tesla, Square Adding Cryptocurrency To Balance Sheet",,0.906101119762752
2021-02-18 17:17:27+00:00,Long Bitcoin And Short Tesla? Here's Why Elon Musk 'Essentially' Made That Case,Tesla Inc (NASDAQ: TSLA) made some big headlines earlier this month when the company announced it invested $1.5 billion in Bitcoin.,0.000089510765974
2021-02-18 17:46:20+00:00,10 Consumer Discretionary Stocks Showing Unusual Options Activity In Today's Session," 

This unusual options alert can help traders discover the next big trading opportunities. Traders will search for circumstances when the market estimation of an option diverges heavily from its normal worth. Unusual trading activity could push option prices to exaggerated or underestimated levels.",-0.931355879642069
2021-02-19 18:40:55+00:00,'South Korea to halve electric vehicle prices by 2025' -Electrek Report,,0.999183251435170
2021-02-19 18:47:05+00:00,"Cantor Fitzgerald CEO Says GameStop, Bitcoin, Tesla Are 'All The Same,' Says Retail Investors Drive Tesla, Bitcoin",,0.000082262973592
2021-02-20 18:34:56+00:00,"Chip Shortage Latest: Taiwan Says Semiconductor Makers On Top Of It, VW Labor Leader Says Golf Models Under Pressure","A shortage of computer chips is causing automakers to scale back production and raising questions over supplies to other sectors such as consumer electronics.

Here&#39;s the latest:",-0.996054691553582
2021-02-20 19:27:48+00:00,"Aptera Receives $4M In Funding, 7,000 Orders For EV Billed As Having 1,000-Mile Range","Aptera, a startup developing a three-wheeled solar and battery-powered electric car, has received $4 million in backing and more than 7,000 preorders.",0.999000581155997
2021-02-21 15:43:11+00:00,JD Power Dependability Survey Places Tesla Among Worst Brands In US,"J.D. Power, the automotive industry&#39;s longtime monitor of quality, included Tesla Inc (NASDAQ: TSLA) for the first time in its annual U.S. Vehicle Dependability Study.

What Happened: Tesla didn&#39;t have a good showing in its debut.",0.972784068435431
2021-02-21 19:01:39+00:00,Tesla Stops Taking Orders for Cheapest Model Y,,0.026265622116625
2021-02-22 17:50:22+00:00,More Pictures Of Refreshed Model S In The Wild As Deliveries Get Closer,"It has been many years since the release of the Tesla Inc (NASDAQ: TSLA) Model S, and in that time, the interior has remained largely unchanged. The 2012 released vehicle was considered futuristic at the time, and its looks and features mostly stood the test of time.",0.000060360063799
2021-02-22 19:40:41+00:00,Video: Woman Runs After Driverless Tesla Model 3 In Smart Summon Mode,"Although Tesla Inc (NASDAQ: TSLA) has shown increasing sales every year, many people are not familiar with the automaker&amp;#",0.999171835588641
2021-02-23 17:52:00+00:00,Josh Brown On CNBC's Halftime Report Says The Great Thing About ARK Is You Don't Have To Wait 90 Days To Find Out Trades; Commends Transparency Of Fund,,0.000718966985005
2021-02-23 19:39:50+00:00,"Tesla Solar Roof May Be Available In Canada, Europe Later This Year",Tesla Inc (NASDAQ: TSLA) CEO Elon Musk is known for being active on Twitter. He often responds to questions from Tesla fans and customers. ,-0.000002317905455
2021-02-24 19:08:58+00:00,The Tesla Model 3 May Retain Resale Value Better Than Any Other Vehicle,"The Tesla Inc (NASDAQ: TSLA) Model 3 was first released in 2017, with production ramping up in 2018.",0.998997040005634
2021-02-24 19:22:38+00:00,Grayscale CEO 'Wouldn't Rule Out' Future Bitcoin ETF Launch In US,Grayscale CEO Michael Sonnenshein said the firm would not rule out launching a Bitcoin (Crypto: BTC) ETF in the future if the SEC ever grants approval for such a product.,0.000016667589080
2021-02-25 17:41:40+00:00,10 Consumer Discretionary Stocks With Unusual Options Alerts In Today's Session,This unusual options alert can help traders track potentially big trading opportunities. Traders often look for circumstances when the market estimation of an option diverges away from its normal worth. Unusual trading activity could push option prices to hyperbolic or underperforming levels.,-0.991783266421407
2021-02-25 18:50:55+00:00,"Kevin O'Leary Of 'Shark Tank,' Benzinga CEO Jason Raznick Talk GameStop, Bitcoin And Economic Recovery Trades","Benzinga CEO Jason Raznick and O’Shares ETF Investments Chairman Kevin O’Leary participated in a YouTube discussion with O’Shares CEO Connor O’Brien Thursday, covering topics such as Reddit’s WallStreetBets, potential economic recovery trades and the recent volatility in Bitcoin (Crypto: BTC",-0.000003636610927
2021-02-26 15:23:12+00:00,"Chinese EV Company Li Did Well Last Quarter, But Not Well Enough","Chinese electric-vehicle maker Li Auto Inc. (NASDAQ: LI) reported solid fourth-quarter numbers Thursday, but guidance wasn&#39;t quite as rosy.",0.983503554016352
2021-02-26 18:41:20+00:00,10 Consumer Discretionary Stocks With Unusual Options Alerts In Today's Session,This unusual options alert can help traders discover the next big trading opportunities. Traders will search for circumstances when the market estimation of an option diverges heavily from its normal worth. Unusual trading activity could push option prices to exaggerated or underestimated levels.,-0.971423392882571
2021-02-26 23:08:38+00:00,Why Tesla Is Shifting More EVs To Lithium Iron Phosphate Batteries,"Tesla Inc (NASDAQ: TSLA) has sounded out in the past its intention to move away from batteries with nickel cathode, given constraints in supply, and CEO Elon Musk reiterated this in a tweet late Thursday.",-0.000035552773625
2021-02-27 15:43:21+00:00,Coinbase IPO: 7 Key Takeaways Investors Should Know,Cryptocurrency exchange Coinbase has filed for a direct listing to bring shares to the public market.,0.000023759756004
2021-02-28 13:13:10+00:00,Xpeng To Release New P7 Sedan With Lithium Iron Phosphate Battery March 3: Report,Chinese electric vehicle maker Xpeng Inc – ADR (NYSE: XPEV) will likely launch a new version of its P7 sedan as soon as next week.,0.000050892489526
2021-02-28 14:14:24+00:00,"Benzinga's Weekly Bulls And Bears: Airbnb, Apple, Kroger, Starbucks, Tesla And More","
	Benzinga has examined the prospects for many investor favorite stocks over the past week. 
	The week&#39;s bullish calls included the iPhone maker, the leading electric vehicle maker and a couple of reopening plays.
",0.334180281031877
2021-03-01 17:37:34+00:00,10 Consumer Discretionary Stocks Showing Unusual Options Activity In Today's Session,This unusual options alert can help traders discover the next big trading opportunities. Traders will search for circumstances when the market estimation of an option diverges heavily from its normal worth. Unusual trading activity could push option prices to exaggerated or underestimated levels.,-0.972230707760900
2021-03-01 18:07:57+00:00,"Video: Tesla Semi Spotted In The Wild, Silent As Can Be","Semitrucks are known for being loud, slow, and gas guzzlers, but Tesla Inc (NASDAQ: TSLA) is looking to change that with the all-electric Tesla Semi rumored to ship later",-0.000055197084293
2021-03-02 18:06:36+00:00,'New Tesla Solar Roof tiles spotted at test facility' -Electrek,,0.002051723422483
2021-03-02 18:46:43+00:00,"8 Takeaways From Nio's Earnings Call: Overseas Expansion, EV Brand Positioning, Margins, R&D And More",NIO Limited (NYSE: NIO) shares were sliding Tuesday in reaction to the Chinese electric vehicle manufacturer&#39;s quarterly results. ,-0.998002826236188
2021-03-03 19:08:05+00:00,"ARK Invest's Cathie Wood Says Players With 'Big Data Are Going To Win,' Mentions Tesla",,0.992524135712301
2021-03-03 19:35:18+00:00,ARK's Cathie Wood On Tesla: 'Our Conviction On Its Autonomous Strategy Has Increased Over Last Few Months',,0.999381778470706
2021-03-04 17:47:55+00:00,10 Consumer Discretionary Stocks Showing Unusual Options Activity In Today's Session,This unusual options alert can help traders discover the next big trading opportunities. Traders will search for circumstances when the market estimation of an option diverges heavily from its normal worth. Unusual trading activity could push option prices to exaggerated or underestimated levels.,-0.972230707760900
2021-03-04 18:11:37+00:00,'Demand For Tesla Model 3 In Japan Skyrockets With New Reduced Prices' -InsideEVs Article,,0.997658150969073
2021-03-05 18:25:13+00:00,'Tesla launches new social media platform to 'engage' its community and promote policies' -Electrek Report,,0.102759126166347
2021-03-05 19:31:29+00:00,"Tesla Contacting Model S, X Owners For eMMC Replacement After Issuing Recall","In January, the National Highway Traffic Safety Administration (NHTSA) requested that Tesla Inc (NASDAQ: TSLA) issue a recall on a failing computer part, the eMMC, related to the Model S and X infotainment system. Before this, Tesla was replacing these units as a paid repair.",-0.000688832762535
2021-03-06 17:30:02+00:00,"Benzinga's Weekly Bulls And Bears: Costco, Disney, Roku, Snowflake, Tesla And More","
	Benzinga has examined the prospects for many investor favorite stocks over the past week. 
	The week&#39;s bullish calls included an entertainment giant, a rising cloud play and a semiconductor maker.
",0.955742346122861
2021-03-06 18:41:09+00:00,Tesla Launches Social Media Platform For Public Policy Team & Owners Clubs,"Tesla has launched the social media platform &#34;Tesla Engage&#34; for its policy team and customers, replacing Tesla Forums, which was earlier launched by the company. ",0.000038646732719
2021-03-07 14:35:58+00:00,"Tesla Reaches 6,000 Supercharger Installs In China","Tesla Inc (NASDAQ: TSLA) has now installed 6,000 Supercharger stations across its key market of China.",0.998293820128310
2021-03-07 16:27:18+00:00,Elon Musk And His Rise As A 'FinTwit' Influencer,"When Tesla Inc (NASDAQ: TSLA) CEO Elon Musk in 2018 famously tweeted “funding secured” and promised to take Tesla private at $420 a share, investors took notice.",0.955717584060039
2021-03-08 16:50:11+00:00,Why Tesla Might Build A Megawatt Battery In Texas,Tesla Inc (NASDAQ: TESLA) might be building a battery to support a Texas power grid under its subsidiary Gambit Energy Storage LLC.,0.000032560426916
2021-03-08 18:16:27+00:00,Tesla Semi Seen Testing On Track In Drone Videos,One vehicle in Tesla Inc&#39;s (NASDAQ: TSLA) lineup that&#39;s surprisingly popular is the Tesla Semi.,0.005308138832333
2021-03-09 18:14:38+00:00,Tesla Shares See Session Highs; Move Above $660 Level,,0.996675855392823
2021-03-09 19:24:36+00:00,LG Chem Says Hopes To Build New 4680 Battery Cells For Tesla Vehicles In 2023,,0.001619011738512
2021-03-10 17:25:55+00:00,'Tesla Gigafactory Berlin pushes for production soon despite precarious permit situation' -Electrek,,0.865694904699922
2021-03-10 18:32:48+00:00,10 Consumer Discretionary Stocks Showing Unusual Options Activity In Today's Session,This unusual options alert can help traders discover the next big trading opportunities. Traders will search for circumstances when the market estimation of an option diverges heavily from its normal worth. Unusual trading activity could push option prices to exaggerated or underestimated levels.,-0.972230707760900
2021-03-11 16:42:10+00:00,Toyota Cautions Apple On Auto Market Debut Citing Long-Term Sustainability Challenges: Report,Toyota Motor Corp (NYSE: TM) President Akio Toyoda cautioned Apple Inc (NASDAQ: ,-0.981763013172895
2021-03-11 18:13:28+00:00,Elon Musk Says Tesla Cybertruck Can Power A Tiny House,The Tesla Inc (NASDAQ: TSLA) Cybertruck is one of the most anticipated vehicles releasing soon.,0.000387178162782
2021-03-12 17:36:13+00:00,"Musk, Tesla Board Sued For Tweeting In Violation Of SEC Deal",,-0.962419187882915
2021-03-12 17:55:46+00:00,"UPDATE: Bloomberg Report Says Investor Suing Elon Musk, Tesla Board; Earlier Report Cited SEC As Source Of Lawsuit",,-0.000124049991427
2021-03-13 15:00:43+00:00,"Benzinga's Bulls And Bears Of The Week: Apple, Lemonade, Sundial, Tesla And More","
	Benzinga has examined the prospects for many investor favorite stocks over the past week. 
	The week&#39;s bullish calls included electric vehicle makers and the king of e-commerce.
	Some so-called meme stocks highlight the bearish calls that were seen.


",0.233379025361501
2021-03-13 15:19:03+00:00,"Investor Sues Elon Musk, Tesla Board Over 'Erratic' Tweeting, Alleging Violation Of SEC Settlement","A Tesla investor sued Elon Musk and the company board, saying the CEO&#39;s &#34;erratic&#34; tweets violate a settlement with the U.S. Securities and Exchange Commission.",-0.835455453256145
2021-03-13 19:49:49+00:00,US Transportation Regulator Singles Out Tesla In Calling For Tighter Autonomous Driving Rules,"The US National Transportation Safety Board has asked the National Highway Traffic Safety Administration to be stricter in its regulations on autonomous driving, especially with Tesla. ",-0.128563389182091
2021-03-15 16:47:59+00:00,"What Musk's 'Technoking' Title, Tesla's New Truck Exec Mean For Automaker's Tech, Bitcoin, Semi Plans","Tesla, Inc. (NASDAQ: TSLA) revealed an added title for CEO Elon Musk and a management change in two SEC filings Monday.",0.000031781644793
2021-03-15 19:11:45+00:00,Tesla Semi Prototype Hits The Test Track: Watch The Official Video,"Last week, drone footage was released from a Tesla Inc (NASDAQ: TSLA) fan who spotted the company testing its ",0.000000912063115
2021-03-16 18:13:09+00:00,Volkswagen Throws Race With Tesla Into High Gear At EV Battery Event,Volkswagen AG (Pink: VWAGY) outlined its battery and charging technology plans through 2030 at a &#34;Power Day&#34; event Monday. ,0.010860615191632
2021-03-16 19:22:26+00:00,Ford Debuts 2021 F-150 Police Responder: What You Need To Know,"Ford Motor Co. (NYSE: F) has unveiled its 2021 F-150 Police Responder, a purpose-built pickup truck that will be made available to U.S. law enforcement agencies later this year.",0.000136203787406
2021-03-17 18:31:51+00:00,"BMW Says It Will Electrify 50% Of Vehicles By 2030, Offers First Glimpse Of i4 EV Sedan","Tesla, Inc.&#39;s (NASDAQ: TSLA) list of  rivals  is getting bigger and stronger with the passing of each day.",0.998814825696172
2021-03-17 19:23:46+00:00,Tesla Driving On Autopilot Crashes Into Michigan State Police Vehicle,Around 1:10 a.m.,-0.000663017897750
2021-03-18 18:50:21+00:00,"NASA, Elon Musk's SpaceX Signed Deal To Formalize Both Parties' Interest In Sharing Info To Maintain, Improve Space Safety",,0.999280199641362
2021-03-18 19:06:58+00:00,Expert Ratings for Tesla,"Tesla (NASDAQ:TSLA) has observed the following analyst ratings within the last quarter: 




Last 30 Days
1 Month Ago
2 Months Ago
3 Months Ago

",-0.000026248519134
2021-03-19 17:00:37+00:00,10 Consumer Discretionary Stocks Showing Unusual Options Activity In Today's Session,This unusual options alert can help traders discover the next big trading opportunities. Traders will search for circumstances when the market estimation of an option diverges heavily from its normal worth. Unusual trading activity could push option prices to exaggerated or underestimated levels.,-0.972230707760900
2021-03-19 18:56:29+00:00,"Chinese Military Restrictions Show Tesla Caught In Middle Of US, China Relations: Wedbush","Tesla, Inc.",-0.003377608139999
2021-03-20 14:03:31+00:00,"Benzinga's Bulls And Bears Of The Week: Comcast, Disney, Nike, Starbucks, Tesla And More","
	Benzinga has examined the prospects for many investor favorite stocks over the past week. 
	The past week&#39;s bullish calls included coffee, media and cybersecurity leaders.
",0.001886282509076
2021-03-20 14:55:37+00:00,Musk Says Tesla Would Be 'Shut Down' If Its Cars Were Used To Spy In China,Tesla CEO Elon Musk has responded to news reports that its vehicles have been banned from locations in China considered sensitive by the government.,-0.888797501916997
2021-03-21 16:27:55+00:00,"Elon Musk To Bernie Sanders: ""I Am Accumulating Resources To Help Make Life Multiplanetary""","Elon Musk has responded to criticism from a former U.S. presidential contender by appealing to what one might call universal values.

Bernie Sanders&#39; criticism of Musk&#39;s vast wealth by saying that he is",0.000601050895057
2021-03-21 17:46:09+00:00,Why Tesla's Charging Stations Are A Key Advantage For Its Future,"Minneapolis-based venture capital firm Loup Ventures sees charging infrastructure as being a key advantage for Tesla Inc (NASDAQ: TSLA) to maintain its dominant position, now and in the future.",0.999273404842825
2021-03-22 16:54:47+00:00,Why This High Dividend REIT Could Be A Steal Right Now,"With interest rates still historically low, many investors are turning to high-yield real estate investment trusts as a reliable source of income. Yet a REIT’s dividend yield is only as reliable as its underlying business.",0.029098674654961
2021-03-22 18:53:44+00:00,'Tesla (TSLA) is about to launch its in-house insurance program in more states' -Electrek,,0.000018662358343
2021-03-23 14:47:33+00:00,Analyzing Tesla's Unusual Options Activity," 

Shares of Tesla (NASDAQ:TSLA) saw some unusual options activity on Tuesday. Following the unusual option alert, the stock price moved down to $668.03.",-0.993594129802659
2021-03-23 16:38:41+00:00,10 Consumer Discretionary Stocks With Unusual Options Alerts In Today's Session," 

This unusual options alert can help traders discover the next big trading opportunities. Traders will search for circumstances when the market estimation of an option diverges heavily from its normal worth. Unusual trading activity could push option prices to exaggerated or underestimated levels.",-0.923118890728801
2021-03-24 18:11:26+00:00,UPDATE: House Democrats Urge Biden To Ensure 60% Of All Vehicles By 2030 Are Zero Emission Models,,0.000139219220728
2021-03-24 18:12:22+00:00,UPDATE: 10 U.S. Senators Urge Biden To Require Obama Fuel Efficiency Improvements Through 2025,,0.001466667294153
2021-03-25 18:50:24+00:00,Goldman Sachs New Investment Product Seeks Bitcoin Exposure Through Ark Innovation ETF,Wall Street banking giant Goldman Sachs Group Inc. (NYSE: GS) has applied for a new investment product that will provide investors with indirect exposure to Bitcoin (CRYPTO: BTC) through the ARK Innovation ETF.,0.931355741224252
2021-03-25 19:18:32+00:00,Options Trader Bets Big On Tesla Delivery Numbers,"Tesla Inc (NASDAQ: TSLA) shares are up 44% since the company’s 5-1 stock split on Aug. 31, and one large option trader may be betting that upcoming delivery numbers will push the price higher.",0.999508264241740
2021-03-26 16:49:33+00:00,10 Consumer Discretionary Stocks With Unusual Options Alerts In Today's Session,This unusual options alert can help traders discover the next big trading opportunities. Traders will search for circumstances when the market estimation of an option diverges heavily from its normal worth. Unusual trading activity could push option prices to exaggerated or underestimated levels. ,-0.975629007909447
2021-03-26 17:11:55+00:00,"Tesla's Touchscreen-Based Gear Selection Doesn't Violate Rules, NHTSA Says",Tesla Inc (NASDAQ: TSLA) is always pushing to improve its vehicles in ways never seen before.,0.979170171252917
2021-03-27 14:58:10+00:00,Nio Confident Its Plant In Hefei Will Restart Production After 5-day Shutdown: Report,NIO Limited (NASDAQ: NIO) on Friday joined  a host of automakers that have taken some hits to production from the chip supply shortage.,-0.992422576062381
2021-03-27 18:22:54+00:00,"Elon Musk Tweets Tesla Will Be Bigger Than Apple 'In A Few Months', Then Deletes Tweet",Tesla Inc (NASDAQ: TSLA) CEO Elon Musk on Friday suggested on Twitter that Tesla could soon be bigger than Apple Inc (NASDAQ: AAPL).,0.048326345917303
2021-03-28 14:12:42+00:00,"Is Now The Time To Buy Stock In Boeing, Pfizer, Tesla, GE Or Carnival?","One of the most common questions traders have about stocks is “Why Is It Moving?”

That’s why Benzinga created the Why Is It Moving, or WIIM, feature in Benzinga Pro. WIIMs are a one-sentence description as to why that stock is moving.",-0.000025191595341
2021-03-29 18:57:06+00:00,"Mortgage Your House With Mogo, Get Bitcoin Reward: Why This Matters","Mogo Inc (NASDAQ: MOGO) has extended its Bitcoin (CRYPTO: BTC) cashback program to include MogoMortgage, according to a Monday press release.",0.996474956278689
2021-03-29 19:28:13+00:00,"'Tesla goes on hiring spree at Gigafactory Texas, prepares new battery cell factory' -Electrek",,0.997154402866727
2021-03-30 17:53:03+00:00,'Tesla Semi production line at new Nevada building is coming up with a goal of 5 electric trucks per week' -Electrek Report,,0.000114428356028
2021-03-30 19:28:47+00:00,Video: Tesla's Gigafactory Berlin Installing 2 Gigapress As It Prepares For Model Y Production,"Tesla Inc&#39;s (NASDAQ: TSLA) Gigafactory Berlin is under construction, with vehicles scheduled to be completed in the coming months.",0.000007743925380
2021-03-31 16:42:13+00:00,10 Consumer Discretionary Stocks With Unusual Options Alerts In Today's Session,This unusual options alert can help traders track potentially big trading opportunities. Traders often look for circumstances when the market estimation of an option diverges away from its normal worth. Unusual trading activity could push option prices to hyperbolic or underperforming levels.,-0.991783266421407
2021-03-31 16:56:06+00:00,"Xpeng's Autonomous P7 Vehicle Fleet Drives 3,600 Kms, Sets Record",Xpeng Inc (NYSE: XPEV) announced Wednesday it had set a record for the longest autonomous drive in China.,0.997279181669001
2021-04-01 16:46:48+00:00,Tesla Selling EV Credits To Volkswagen In China: Report,"Tesla Inc (NASDAQ: TSLA) has been profitable for the last few quarters, and a big part of that is thanks to selling regulatory electric vehicle cred",0.999419155763462
2021-04-01 18:55:00+00:00,Tesla Option Traders Are Betting Bullish But Recognize Downside Risk,"Tesla Inc. (NASDAQ: TSLA) is set to release first-quarter delivery numbers next week, and investors will be watching to see if the global chip shortage has impacted Tesla&amp;",-0.978473245166242
2021-04-02 12:36:23+00:00,"Tesla Reports Q1 Production 180,338 Vehicles, Deliveries 184,800 Vehicles",,-0.000013453693100
2021-04-02 13:10:36+00:00,"Tesla Reports 184,800 Deliveries In 'Drop The Mic' Quarter","Tesla Inc (NASDAQ: TSLA) delivered 184,800 vehicles in the first quarter, handily beating the 168,000 number analysts expected. Estimates ranged from 145,000 to 188,000 deliveries, according to CNBC.",0.999368757155025
2021-04-03 15:20:12+00:00,"Benzinga's Bulls And Bears Of The Week: Apple, GM, JetBlue, Lululemon, Tesla And More","
	Benzinga has examined the prospects for many investor favorite stocks over the past week. 
	The past week&#39;s bullish calls included airlines, Chinese EV makers and a consumer electronics giant.
",0.036755460430868
2021-04-03 15:35:21+00:00,CEO John Krafcik Leaves Waymo,Waymo&#39;s chief technology officer and its chief operating officer will serve as co-CEOs.,-0.000024587192456
2021-04-04 16:00:29+00:00,Tesla Appeals Labor Board Ruling Ordering Elon Musk To Delete Anti-Union Tweet,Tesla is fighting an order from the U.S. National Labor Relations Board (NLRB) that would force a change in messaging over union issues at the company.,-0.886177662760019
2021-04-04 17:57:52+00:00,3 Bullish Tech Stocks For Technical Traders Going Into The Week,"The SPDR S&amp;P 500 ETF Trust (NYSE: SPY) closed at an all-time high of $400.64 Friday following a week-long tech rout. With the ramp-up to earnings season starting, the following three tech stocks could be headed for a bullish week.",0.998738487018272
2021-04-05 17:20:32+00:00,Why This Analyst Thinks Tesla's Q1 Deliveries Present 'Little To Write Home About',"Tesla Inc (NASDAQ: TSLA) shares gained 6% on Monday morning after the company reported first-quarter delivery numbers that exceeded Wall Street estimates, but one anal",0.999345345480833
2021-04-05 18:00:20+00:00,Tesla Has Large Hiring Push As R&D Center In China Approaches Completion,"After record-setting deliveries in the first quarter of 2021, Tesla Inc (NASDAQ: TSLA) is looking to continue its rapid expansion.",0.999278523901012
2021-04-06 18:41:09+00:00,"'US electric car incentive is rumored to increase to $10,000 in program reform' -Electrek Report",,0.999426077876706
2021-04-06 19:01:26+00:00,PreMarket Prep Stock Of The Day: General Motors,"Benzinga&#39;s PreMarket Prep airs every morning from 8-9 a.m. ET. During that fast-paced, highly informative hour, traders and investors tune in to get the major news of the day, the catalysts behind those moves and the corresponding price action for the upcoming session.",-0.000010258776456
2021-04-07 16:58:54+00:00,10 Consumer Discretionary Stocks Showing Unusual Options Activity In Today's Session,This unusual options alert can help traders discover the next big trading opportunities. Traders will search for circumstances when the market estimation of an option diverges heavily from its normal worth. Unusual trading activity could push option prices to exaggerated or underestimated levels.,-0.972230707760900
2021-04-07 19:32:35+00:00,"The Rich Get Richer: Jeff Bezos, Elon Musk Top Forbes' 2021 List Of World's Billionaires","Forbes Magazine has compiled the 2021 edition of the World’s Billionaire’s list, with 2,755 men and women ranked as the richest people on Earth — up from 660 more than a year ago.",0.998339218203910
2021-04-08 17:01:59+00:00,'The U.S. is facing a lithium-ion battery shortage as electric vehicle production ramps up' -CNBC Report,,-0.990386997582391
2021-04-08 19:27:43+00:00,Tesla Cybertruck Teased In New Recruiting Video In China,Tesla Inc (NASDAQ: TSLA) is making big moves in China. The company opened Gigafactory Shanghai last year and has been ramping production of its high volume Model 3 and Y aggressively to meet demand.,0.997027453384362
2021-04-09 19:08:47+00:00,3 Robinhood Stocks Looking To Break Out Of Resistance Soon,"Tesla Inc. (NASDAQ: TSLA), Pinduoduo Inc. (NASDAQ: PDD) and FuboTV Inc. (NYSE: FUBO) are all stocks that are nearing resistance ",-0.602631510817446
2021-04-09 19:17:45+00:00,NIO Shares Spike Higher; Elon Musk Tweets 'Congrats to NIO. That is a tough milestone.',,0.999410410833661
2021-04-10 12:29:10+00:00,"How Elon Musk Responded To Competitor Nio's 100,000th Vehicle Milestone","NIO Inc. (NYSE: NIO) achieved a  key production milestone  last week, and the feat has elicited appreciation from an unexpected quarter.",0.999483379622689
2021-04-10 15:49:12+00:00,"Is Now The Time To Buy Stock In American Airlines, Carnival, Tesla Or GE?","One of the most common questions traders have about stocks is “Why Is It Moving?”

That’s why Benzinga created the Why Is It Moving, or WIIM, feature in Benzinga Pro. WIIMs are a one-sentence description as to why that stock is moving.",-0.000026633402740
2021-04-11 13:32:20+00:00,"Barron's Latest Picks And Pans: Affirm, Bitcoin, BorgWarner, Credit Suisse And More","
	This weekend&#39;s Barron&#39;s cover story discusses why investors can no longer ignore cryptocurrencies.
	Other featured articles present companies pursuing Bitcoin opportunities and tips for investing in Bitcoin wisely.
",0.000013284363376
2021-04-11 16:34:51+00:00,Why Dogecoin Is Up 20%,Meme cryptocurrency Dogecoin (CRYPTO: DOGE) is seeing major upwards movement in line with a rise in Bitcoin and as Tesla Inc (NASDAQ: TSLA) Elon Musk has again chimed in.,0.999444911009050
2021-04-12 18:00:49+00:00,Tesla China Model Y Teardown Reveals Part Similarity with Model 3,"When Tesla Inc (NASDAQ: TSLA) planned the Model Y, it was looking to make its next mass-market vehicle with a broad appeal. The company also wanted to share parts with the Model 3, which was already being produced in large numbers with its parts supply secured.",0.000447422778961
2021-04-12 19:32:32+00:00,Canaccord Genuity Analyst Says Tesla 'Bringing A Machine Gun To A Knife Fight',"Canaccord Genuity upgraded Tesla Inc (NASDAQ: TSLA) for three reasons, analyst Jed Dorsheimer said on ",0.001546651212266
2021-04-13 19:29:19+00:00,Elon Musk On Twitter Says Tesla Is Building Up Collision Repair Capability,,0.997518549935194
2021-04-13 19:29:56+00:00,'Tesla prepares to use its new electric semi-trucks between Fremont and Giga Nevada' -Electrek,,0.000039954611566
2021-04-14 17:05:33+00:00,Can Tesla And Nio Sustain Recent Bullish Moves?,"On Monday, Tesla Inc (NASDAQ: TSLA) broke bullish from two chart patterns and skyrocketed up over 12% by the end of Tuesday’s trading day.",0.999349850768340
2021-04-14 18:30:21+00:00,"Coinbase Shares Open At $381, $100B Valuation On Debut","Cryptocurrency exchange Coinbase Global, Inc. (NASDAQ: COIN), which debuted on the Nasdaq through a ",-0.000011236377759
2021-04-15 19:06:44+00:00,Tesla Sends Car Notification To Some Model 3 Owners Over Possible Problem,Tesla Inc.&#39;s (NASDAQ: TSLA) vehicles are considered some of the smartest on the road. One of the features is the driver-assist software that allows the car to mostly drive itself under supervision.,0.000222538852540
2021-04-15 19:32:15+00:00,"Why Coinbase's Upside Could Be Immense, With A Price Target Of $500",One of most anticipated IPOs of 2021 took place Wednesday with Coinbase Global (NASDAQ: COIN) hitting the public markets.,0.920018945354968
2021-04-16 19:17:00+00:00,Tesla's Battery Charging Vs. Nio's Battery Swapping: What Investors Should Know,The intensifying electric vehicle space has forced industry participants to revamp and innovate on the product pipeline front and also announce superior and user-friendly service offerings.,0.999220302779577
2021-04-16 19:25:11+00:00,"GM, LG Energy Invest $2.3B In Second US EV Battery Manufacturing Plant: Report","
",0.000042403215048
2021-04-17 18:25:56+00:00,"Ark Funds Add More Coinbase, Offload Some Tesla","Cathie Wood&#39;s Ark funds on Friday picked up more shares of Coinbase Global Inc (NASDAQ: COIN), which debuted this past week, while selling off some holdings of Tesla Inc (NASDAQ: TSLA).",0.997346051124623
2021-04-17 18:46:23+00:00,"Benzinga's Bulls And Bears Of The Week: Alphabet, Coinbase, GE, Quantumscape, Tesla And More","
	Benzinga has examined the prospects for many investor favorite stocks over the past week. 
	The past week&#39;s bullish calls included the electric vehicle leader and a prominent IPO.
	Short sellers were behind some of the bearish calls seen during the week.

",0.005788075446617
2021-04-18 19:24:37+00:00,Tesla Crash In Texas Leads To 2 Deaths And Fire That Took 4 Hours To Extinguish,A Tesla car with no one in the driver&#39;s seat reportedly crashed into a tree in Texas and burst into flames this weekend. ,-0.620024050120264
2021-04-18 19:40:30+00:00,"If You Invested Your 3 Stimulus Checks In Bitcoin, Dogecoin Or Ethereum, Here's How Much You'd Have Now","Stimulus money in the pandemic has been a major factor behind the current boom in stocks and cryptocurrencies.

In 2020, the Coronavirus Aid, Relief and Economic Act provided payments of $1,200 for eligible adults and another $500 for those with qualifying children.",0.264756570744794
2021-04-19 18:20:16+00:00,One Thing To Know About Tesla's Stock Right Now,"The $700 level is critical for Tesla, Inc. (NASDAQ: TSLA). There may be support for the stock at this level. If not, shares could make a big move lower.",-0.996264331508428
2021-04-19 18:34:51+00:00,10 Consumer Discretionary Stocks Showing Unusual Options Activity In Today's Session,This unusual options alert can help traders track potentially big trading opportunities. Traders often look for circumstances when the market estimation of an option diverges away from its normal worth. Unusual trading activity could push option prices to hyperbolic or underperforming levels.,-0.992420115158893
2021-04-20 13:14:12+00:00,"Top 20 Trending Stocks On WallStreetBets As Of Tuesday, Apr. 20, 2021 (Via Swaggy Stocks)",,-0.000012213524315
2021-04-20 14:56:11+00:00,Benzinga Announces Investment In Crypto Through Partnership,"Read the full press release here.

Financial media and data provider Benzinga has begun investing in cryptocurrency as part of its new corporate treasury strategy.",0.000091458859970
2021-04-21 18:13:00+00:00,What's Driving Luminar Technologies Stock Higher?,"Shares of Luminar Technologies, Inc. (NASDAQ: LAZR) are rallying strong Wednesday on the back of hiring announced by the company.",0.999435129895573
2021-04-21 18:58:21+00:00,Tesla Supply Chain Orders Show Company Could Sell 1 Million Cars in 2021,"In the first quarter of 2021, Tesla Inc (NASDAQ: TSLA) set a delivery record of 184,800 vehicles.",0.994808770105010
2021-04-22 18:02:17+00:00,Detroit's Big 3 Automakers Look Charged Up For Earnings,Detroit’s &#34;Big Three&#34; automobile manufacturers have set out to rival Tesla Inc (NASDAQ: TSLA) by speeding up plans to transition to electric vehicles.,0.999117159764864
2021-04-22 18:23:51+00:00,10 Consumer Discretionary Stocks With Unusual Options Alerts In Today's Session,This unusual options alert can help traders discover the next big trading opportunities. Traders will search for circumstances when the market estimation of an option diverges heavily from its normal worth. Unusual trading activity could push option prices to exaggerated or underestimated levels.,-0.971423392882571
2021-04-23 16:36:27+00:00,10 Consumer Discretionary Stocks With Unusual Options Alerts In Today's Session,This unusual options alert can help traders discover the next big trading opportunities. Traders will search for circumstances when the market estimation of an option diverges heavily from its normal worth. Unusual trading activity could push option prices to exaggerated or underestimated levels.,-0.971423392882571
2021-04-23 18:02:41+00:00,'Teslas reportedly being stopped from driving on the highway by police in Chinese megacity' -Electrek Report,,-0.005817203840706
2021-04-24 17:00:16+00:00,"Benzinga's Bulls And Bears Of The Week: Apple, Boeing, Intel, Netflix, Tesla And More","
	Benzinga has examined the prospects for many investor favorite stocks over the past week. 
	The past week&#39;s bullish calls included the iPhone maker, clean energy stocks and an aerospace giant.
",0.071134020807222
2021-04-24 18:23:42+00:00,What to Expect From Tesla's Q1 Earnings Report On Monday,"EV giant Tesla, Inc. (NASDAQ: TSLA) is scheduled to release its first-quarter results Monday, after the market close.",-0.000038581041736
2021-04-25 13:00:07+00:00,Doge Bounces Back From Post-4/20 Losses; What Lies Ahead For The Meme Coin,"Dogecoin (CRYPTO: DOGE) paused for a breather in the just concluded week following a stellar rally, but has picked up some of the lost momentum over the weekend.",0.995241459575482
2021-04-25 15:35:44+00:00,Will AMC Or Dogecoin Grow More By 2022?,"Every week, Benzinga conducts a survey to collect sentiment on what traders are most excited about, interested in or thinking about as they manage and build their personal portfolios.",0.991095344797941
2021-04-26 17:48:25+00:00,More Ways To Trade Tesla Earnings,"Expected Move

Tesla (NASDAQ: TSLA) reports earnings after the close. Options are pricing an almost 7% expected move in the stock this week.",0.588407433591783
2021-04-26 17:52:15+00:00,NFL Teams With Clubhouse App For Pre-Draft Programming,The National Football League has become the first major sports entity to enter into an official content relationship with the social media app Clubhouse.,0.000023501768737
2021-04-27 19:23:35+00:00,10 Consumer Discretionary Stocks Showing Unusual Options Activity In Today's Session,This unusual options alert can help traders discover the next big trading opportunities. Traders will search for circumstances when the market estimation of an option diverges heavily from its normal worth. Unusual trading activity could push option prices to exaggerated or underestimated levels. ,-0.976189333014190
2021-04-27 19:31:43+00:00,U.S. Department Of Energy Announces Up To $8.35B In Loans To Improve The Electric Grid,,0.999249511718517
2021-04-28 17:29:29+00:00,10 Consumer Discretionary Stocks With Unusual Options Alerts In Today's Session,This unusual options alert can help traders discover the next big trading opportunities. Traders will search for circumstances when the market estimation of an option diverges heavily from its normal worth. Unusual trading activity could push option prices to exaggerated or underestimated levels.,-0.971423392882571
2021-04-28 18:23:39+00:00,Time100 Most Influential Companies: What 61 Publicly Traded Companies Are On The Inaugural List?,Time Magazine is well-known for its annual Time100 Most Influential People issue.,-0.000006921542081
2021-04-29 17:41:41+00:00,Why Tesla's Stock Is 'Stuck' Until One Of These Two Things Happens,"Back in February, DataTrek Research co-founder Nicholas Colas examined Tesla Inc (NASDAQ: TSLA) CEO Elon Musk’s decision to invest $1.5 billio",-0.091738806600915
2021-04-29 17:47:23+00:00,What's Going On With Nio's Stock Today?,Nio Inc - ADR (NYSE: NIO) shares are trading lower by 5.15% at $39.07 ahead of its first-quarter earnings report after the close Thursday.,-0.996160554845119
2021-04-30 18:24:02+00:00,These Options Traders Are Betting Against Tesla,Tesla Inc (NASDAQ: TSLA) rebounded 5% on Friday following a 12-day consolidation period where the stock fell from its April 14 high of $780.79 to $666.14.,-0.997802820580546
2021-04-30 19:05:33+00:00,"'Fast Money Halftime Report' Picks For April 30: Mondelez, XPO And More","On CNBC&#39;s &#34;Fast Money Halftime Report,&#34; Pete Najarian said he saw huge call buying in Tesla, Inc. (NASDAQ: TSLA). He thinks the stock is going higher.",0.999139074163395
2021-05-01 13:30:17+00:00,How Is Doge Looking A Week Away from Elon Musk's May 8 'Saturday Night Live' Appearance?,"Dogecoin (DOGE: CRYPTO) saw a solid bounce in the bygone week, although the meme currency is still trading off the record high of 43.77 cents hit on April 16.",0.999315660214052
2021-05-01 17:26:03+00:00,Will Litecoin Or Dogecoin Grow More By 2022?,"Every week, Benzinga conducts a survey to collect sentiment on what traders are most excited about, interested in or thinking about as they manage and build their personal portfolios.",0.986817004100885
2021-05-02 12:58:01+00:00,Could Elon Musk's 'SNL' Hosting Cause A Bump In Tesla Or Dogecoin?,"An appearance by the executive of a publicly-traded company on CNBC or another business-related news channel can sometimes move the share price fast. If the show airs outside the trading hours, it can sometimes have less of an effect on the share price.",-0.996004630695097
2021-05-02 14:16:05+00:00,Start Of Production At Tesla's Berlin Plant Delayed Till Early 2022: Report,The planned start of production at Tesla Inc&#39;s (NASDAQ: TSLA) Berlin factory reportedly has been delayed until at least January of next year.,-0.509783416928258
2021-05-03 16:29:44+00:00,"Tesla's Musk Responds To Wave Of New Electric Vehicle Manufacturers: 'Prototype Easy, Production Hard'","Tesla, Inc. (NASDAQ: TSLA) CEO Elon Musk invariably makes a stir with his tweets, which more often than not are cryptic.

Musk offered a direct response Monday to an observation by a Twitter user about competition heating up in electric vehicle manufacturing.",0.011644456681097
2021-05-03 18:15:28+00:00,"Tesla Refreshed Models S, X Delivery Estimates Pushed Back To Q3 And Q4","During Tesla Inc&#39;s (NASDAQ: TSLA) first-quarter earnings call, CEO Elon Musk referenced the delay for the refreshed Model S and X vehicle deliveries.",-0.996128421160392
2021-05-04 17:48:44+00:00,"'Stellantis to hit emissions target without Tesla's help, CEO Tavares says' -Automotive News Europe",,0.575583986938000
2021-05-04 18:52:16+00:00,Cryptocurrency Exchange Gemini OKs Trading In High-Flying Dogecoin,"Dogecoin&#39;s (CRYPTO: DOGE) mainstream appeal is increasing, as seen with the  acceptance  of the cryptocurrency as a payment option by several companies.",0.999261147371726
2021-05-05 17:32:24+00:00,Aspen Aerogels Could Offer Significant Upside For Long-Term Investors,"Aspen Aerogels Inc (NYSE: ASPN) works with a majority of the electric vehicle battery companies, said Chris Retzler, portfolio manager at Needham Asset Management, Wednesday on CNBC&#39;s &#34;Squawk On The Street.&#34;",0.999051553983008
2021-05-05 19:34:48+00:00,Nio's Posting For Blockchain Expert In US Triggers Crypto Speculation,"Nio, Inc. (NYSE: NIO) has been on the forefront of many innovations on the technology and the services front.",0.014258588955272
2021-05-06 16:36:27+00:00,10 Consumer Discretionary Stocks With Unusual Options Alerts In Today's Session,This unusual options alert can help traders track potentially big trading opportunities. Traders often look for circumstances when the market estimation of an option diverges away from its normal worth. Unusual trading activity could push option prices to hyperbolic or underperforming levels. ,-0.992084579775110
2021-05-06 18:20:35+00:00,"Pete Davidson, Michael Che Gleefully Ridicule 'SNL' Cast Members For Dissing Elon Musk","“Saturday Night Live” stars Pete Davidson and Michael Che firmly placed themselves in the camp welcoming Tesla Inc. (NASDAQ: TSLA) leader Elon Musk to the May 8 edition of the long-running comedy show, distancing themselves from other members of the cast who were ",0.000110260676593
2021-05-07 16:49:08+00:00,"'Tesla is set for another fight against unionization, this time over Gigafactory Berlin' -Electrek Report",,-0.000008035123756
2021-05-07 19:16:24+00:00,'Tesla crash in Guangdong sparks new round of safety concerns' -Global Times Report,,-0.989123451989144
2021-05-07 21:08:31+00:00,"Bet On 'Saturday Night Live' With These Elon Musk, Miley Cyrus And Crypto Prop Bets","Ahead of the widely anticipated &#34;Saturday Night Live&#34; appearance by Tesla Inc (NASDAQ: TSLA) CEO Elon Musk, sportsbooks are now offering prop bets on crypto mentions, Kate Rooney reported Friday on CNBC.",0.000105382983747
2021-05-08 17:23:19+00:00,SpaceX Rival To Run Pre-Roll Ads With Elon Musk's 'SNL' YouTube Segments,"When Elon Musk&#39;s &#34;Saturday Night Live&#34; appearance is over, the individual segments from the show will be posted on Alphabet&#39;s (NASDAQ: GOOGL) (NASDAQ: GOOG) YouTube platform on May 9.",0.000018264363462
2021-05-09 13:33:09+00:00,Here's The Elon Musk Dogecoin Bit On 'SNL' Everyone Is Talking About,"Dogecoin (CRYPTO: DOGE) was not as mentioned as much as some had expected during Tesla Inc (NASDAQ: TSLA) CEO Elon Musk&#39;s guest host appearance on &#34;Saturday Night Live&#34; last night.

But it did come up and is generating some buzz.",0.000097801115771
2021-05-09 14:57:54+00:00,"Barron's Picks And Pans: Hannon Armstrong, Seagate, Tesla, Virtu Financial And More","
	This weekend&#39;s Barron&#39;s cover story helps investors to prepare for the changes ahead.
	Other featured articles discuss how to invest in tomorrow&#39;s big tech trends, what a green economy could mean for miners and fashion changes brought about by the COVID-19 pandemic.
",0.000115554306831
2021-05-10 18:35:02+00:00,Ford Teases All Electric F-150 Lightning With Cybertruck-Style Lightbar,The electric vehicle race is heating up.,0.027609932061750
2021-05-10 19:23:40+00:00,Tesla Battery Supplier Panasonic Guides To Strong Net Profit Growth For FY2022,"Tesla Inc (NASDAQ: TSLA) battery supplier Panasonic Corporation (OTC: PCRFY) reported financial results for the fiscal year ended March 31, 2021, showing a 10.6% decline in sales and 27% drop in net profits.",-0.996175214299001
2021-05-11 16:36:23+00:00,10 Consumer Discretionary Stocks With Unusual Options Alerts In Today's Session,This unusual options alert can help traders discover the next big trading opportunities. Traders will search for circumstances when the market estimation of an option diverges heavily from its normal worth. Unusual trading activity could push option prices to exaggerated or underestimated levels. ,-0.975629007909447
2021-05-11 19:30:16+00:00,Opinion: Is Dogecoin-To-The-Moon Another Elon Musk Pipe Dream?,"When we last checked on Elon Musk’s Twitter (NYSE: TWTR) page, he was promising his Tesla Inc (NASDAQ: TSLA) subsidiary SpaceX is “",0.001964724790014
2021-05-12 18:50:06+00:00,XPeng Holds Critical Support Going Into Earnings: A Technical Look,XPeng Inc - ADR (NYSE: XPEV) is set to report its first-quarter 2021 earnings before the opening bell on Thursday amid an electric vehicle sector rout led by Tesla Inc (NASDAQ: TSLA).,-0.210730530321598
2021-05-12 19:03:57+00:00,"Tesla Shares Tick Lower With Broad Stock Market; National Highway Traffic Safety Admin. Says A US Safety Agency Has Opened A New Probe Into Tesla Crash Near Fontana, California On May 5",,-0.994130721315742
2021-05-13 17:17:07+00:00,"CleanSpark Aims To Increase Energy Efficiency In Bitcoin Mining With 2,400 New Rigs","CleanSpark Inc (NASDAQ: CLSK), a diversified energy services and Bitcoin (CRYPTO: $BTC) mining company headquartered in Salt Lake City, has purchased 2,400 additional S19-Pro rigs to further increase the hashrate efficiency of its mining fleet.",0.999405477006803
2021-05-13 18:29:39+00:00,Tesla Stops Taking Bitcoin. What Elon Musk Is Up To And Why He Will Likely Transition To Ethereum,"Meme via the Portfolio Armor art department and Imgflip. 

Elon Musk Discovers Bitcoin Mining Burns Coal",-0.000041193707148
2021-05-14 17:44:10+00:00,"Elon Musk's Net Worth Drops $20B Since 'SNL', Analyst Predicts Bitcoin Backtrack Will Increase Tesla Volatility",Elon Musk saw his net worth drop by over $20 billion since his May 8 appearance on SNL.,-0.997564317891374
2021-05-14 19:37:18+00:00,'Officials: Tesla in fatal Southern California crash was on Autopilot' - FOX 11 Los Angeles,,-0.000060701284383
2021-05-14 21:57:23+00:00,7 Surprising Bitcoin Metrics You Should Watch Amid Latest Fall,Bitcoin (CRYPTO: BTC) recently saw a major downwards price movement after Tesla Inc. (NASDAQ: TSLA) announced it wouldn&#39;t b,-0.997496801312082
2021-05-15 17:45:21+00:00,Cardano And Polygon Skyrocket Hit New All-Time Highs As Investors Seek Elon Musk's Next Favorite Crypto,Proof-of-Stake (PoS) cryptocurrencies Cardano (CRYPTO: ADA) and Polygon (CRYPTO: MATIC) saw a major price growth following recent news that Tesla Inc. (NASDAQ: TSLA) CEO Elon Musk is looking for an energy-efficient alternative to Bitcoin (CRYPTO: BTC).,0.999390438621049
2021-05-16 14:33:26+00:00,Elon Musk Considers Idea Of Creating New Crypto If Dogecoin Can't Scale,"Elon Musk — tech tycoon and CEO of electric car manufacturer Tesla Inc. (NASDAQ: TSLA) — suggested that he might be willing to consider creating a new cryptocurrency if Dogecoin (CRYPTO: DOGE) does not achieve the needed features with future updates.
",0.004940623883158
2021-05-16 16:34:56+00:00,How Elon Musk May Have Caused Another Cryptocurrency To Surge,"Tesla Inc. (NASDAQ: TSLA) CEO Elon Musk apparently has caused the price of another cryptocurrency to increase. 
",0.998932254355168
2021-05-17 18:41:00+00:00,Michael Burry Places Massive Options Bet Against Tesla,"Michael Burry, of &#34;Big Short&#34; fame, in a regulatory SEC filing on Monday showed he has placed a massive bet against Tesla Inc (NASDAQ: TSLA).",0.878603774588555
2021-05-17 19:07:47+00:00,"Scion Asset Mgmt. Says Has Bearish Put Options On Tesla, Equated To ~800K Shares; BZ NOTE: Scion 13F Filing Was Out Monday Morning; Reuters Headline Highlighting Options In Headline Now",,-0.985850315191783
2021-05-18 18:50:42+00:00,"Elon Musk, Grimes, Miley Cyrus Attended A Crypto-Themed SNL AfterParty With Dogecoin Ice Sculptures",The outspoken Tesla Inc (NASDAQ: TSLA) CEO went to a crypto-themed afterparty after his appearance on Saturday Night Live.,0.000044880158384
2021-05-18 18:52:56+00:00,First Validation Build Of Nio's ET7 EV Sedan Rolls Off Assembly Line,"Nio, Inc. (NYSE: NIO) provided an update Tuesday on its first-ever EV sedan, which it plans to commercially launch in the first quarter of 2022.",0.000095973671705
2021-05-19 18:47:58+00:00,"'A Tesla slammed into a Road Ranger on I-95 in North Miami-Dade, troopers say' -Article From Miami Herald",,-0.713710882002488
2021-05-19 19:28:35+00:00,Dave Portnoy On How His SafeMoon Promo Video Is Different Than What Elon Musk Is Doing,"Barstool Sports Founder Dave Portnoy appeared on the Fox Business show &#34;Varney &amp; Company&#34; Wednesday for an interview.

Host Stuart Varney showed a recent tweet from Tesla Inc (NASDAQ: TSLA) CEO Elon Musk and said he thinks Musk is manipulating the market.",0.000022590065782
2021-05-20 17:30:28+00:00,'Elon Musk spurs rumor of potential Tesla factory in UK with new visit' -Electrek,,0.011247887028730
2021-05-20 18:57:44+00:00,Tesla Cybertruck Vs. Ford F-150 Lightning Vs. Lordstown Endurance: Vs. Rivian R1T: How They Stack Up,"Competition in the electric truck space is heating up, with a legacy automaker, EV pioneer Tesla, Inc. (NASDAQ: TSLA) and a few EV startups all locking horns to gain an upper hand in the lucrative market.",0.996454569685739
2021-05-21 19:23:07+00:00,"Nio, Tesla Battery Supplier CATL To Launch Sodium-Ion Battery In July","China&#39;s Contemporary Amperex Technology Co Ltd, which supplies  batteries to EV customers, including Tesla, Inc. (NASDAQ: TSLA) and NIO Inc.",0.000002758260962
2021-05-21 19:31:46+00:00,Huawei Extends Chongqing Changan Smart Car Partnership to Include Chip Development: Reuters,"
",0.635191554785706
2021-05-22 17:26:24+00:00,Elon Musk Takes Crypto's Side In 'Battle' With Fiat Money,Tesla Inc. (NASDAQ: TSLA) CEO Elon Musk has suggested that he sides with cryptocurrencies in their war on fiat currencies such as the United States dollar.,0.000094773902674
2021-05-22 19:15:16+00:00,Virgin Galactic's VSS Unity Completes First Spaceflight In Over 2 Years,"Virgin Galactic Holdings Inc&#39;s (NYSE: SPCE) VSS Unity spacecraft has completed its first spaceflight from New Mexico&#39;s Spaceport America, AP reports.",0.997879699891200
2021-05-23 15:15:48+00:00,First Tesla Semichargers to Be Installed at FritoLay Site In California: Report,"The first Tesla Inc (NASDAQ: TSLA) Semichargers are reportedly being installed, and it&#39;s happening at a potato chip delivery center.",-0.000009951872926
2021-05-23 16:14:31+00:00,Major Cryptocurrencies Down Significantly In Past 24 Hours,"Nearly all major cryptocurrencies are down in the past 24 hours.
As of publication time, Bitcoin (CRYPTO: BTC) is down 15%, according to CoinMarketCap.

Ethereum (CRYPTO: ETH) is down 21%.

Cardano (CRYPTO: ADA) is down 26%.",-0.993451936665224
2021-05-24 18:58:06+00:00,Tesla Updates Website To Reflect Removal Of Radar In Self-Driving Suite,Tesla Inc (NASDAQ: TSLA) CEO Elon Musk recently said the company will be eliminating radar from its self driving hardware.,-0.000094873030321
2021-05-24 19:36:28+00:00,"Tesla Stock Has Significant Downside, Says GLJ Research's Gordon Johnson","Gordon Johnson, CEO of GLJ Research, reconfirmed his bearish outlook on Tesla Inc (NASDAQ: TSLA) Monday on CNBC&#39;s &#34;Squawk Box.&#34;",-0.995297063607723
2021-05-25 18:25:29+00:00,"Luminar Shares Relatively Quiet As Traders Circulate Recent Post From Tesla Highlighting All Tesla Model 3, Y's Built, Delivered In North America After May Will Not Come Equipped With Radar",,0.002320863306522
2021-05-25 18:37:59+00:00,'Tesla Takes 33% of Canada's EV Rebates; Used EVs May Qualify Soon' -Article From Tesla North,,0.000218981858779
2021-05-26 16:36:20+00:00,10 Consumer Discretionary Stocks Showing Unusual Options Activity In Today's Session,"Here&#39;s the list of some unusual options activity happening in today&#39;s session:  


Symbol
PUT/CALL
Trade Type
Sentiment
Exp. Date
Strike Price
Total Trade Price
",-0.000030228056858
2021-05-26 16:46:49+00:00,'Tesla factory construction site attacked by saboteurs who set electric cables on fire' -Electrek Report,,-0.022137526801089
2021-05-27 18:08:54+00:00,'Tesla starts recruiting for its mainland data center' -China's Global Times,,0.000031528703403
2021-05-27 19:24:04+00:00,Why Jon Najarian Is Bullish On Snowflake,"Jon Najarian is bullish on Snowflake Inc (NYSE: SNOW) after earnings, he said Thursday on CNBC&#39;s &#34;Fast Money: Halftime Report.&#34;",0.998801163223106
2021-05-28 16:29:32+00:00,Electrek Reports 'Tesla issues voluntary recall on some Model 3 and Model Y vehicles to inspect brake caliper bolts',,-0.654435442877002
2021-05-28 17:40:29+00:00,"Watching Electric Vehicle Names As Biden Budget Shows $800M Allotted For New Investments For Rehab, Modernization To Further Climate Resilience, Energy Efficiency",,0.651099233597051
2021-05-29 14:55:21+00:00,"Tesla's Model S Plaid Deliveries Delayed By 1 Week, Musk Confirms","Tesla, Inc. (NASDAQ: TSLA) will miss the previously communicated delivery timeline for the much-awaited Model S Plaid, the EV maker&#39;s CEO Elon Musk revealed in a tweet.",-0.994492492231075
2021-05-29 15:30:40+00:00,"Benzinga's Bulls And Bears Of The Week: AMC, Apple, Coinbase, CVS, Ford And More","
	Benzinga has examined the prospects for many investor favorite stocks over the last week. 
	The week&#39;s bullish calls included a Detroit automaker and gold and oil stocks.
	The iPhone maker, EV leader and a stock popular with retail traders were among the bearish calls.
",0.044723255210556
2021-05-30 15:34:28+00:00,"Tesla Rival Rivian Selects Underwriters For IPO, Could Seek $70B Valuation","Amazon.com, Inc (NASDAQ: AMZN) -backed Rivian Automotive Inc has selected underwriters for an initial public offering, Bloomberg reports. ",0.005718783009797
2021-05-31 10:21:00+00:00,Elon Musk Thinks This Is A 'Great Idea' To Utilize Energy Generated During Dogecoin Mining,Tesla Inc. (NASDAQ: TSLA) CEO Elon Musk on Saturday backed a proposition from Blockfolio on how to utilize energy generated during the process of Dogecoin (DOGE) mining.,0.998965671198675
2021-05-31 15:20:14+00:00,"Nio's William Li: EV Maker Has Built Premium Reputation With ASPs Outstripping Audi, BMW And Tesla",China&#39;s NIO Inc.,0.999168313137488
2021-06-01 18:03:06+00:00,"If You Invested $1,000 In Ripple's XRP One Year Ago, Here's How Much You'd Have Now","Investors who have owned stocks in the past year have generally experienced some big gains. But there is no question some big-name cryptocurrencies have left the stock market in the dust.

XRP’s Big Run: One cryptocurrency that has been a great investment in the past year has been Ripple’s XRP (CRYPTO:XRP).",0.999310511193471
2021-06-01 18:45:42+00:00,"AMD Shares See Volume; Electrek Reports 'Tesla is using new AMD RDNA 2 GPU in new Model S/X, same as in Playstation 5'",,0.000064183535869
2021-06-02 18:44:17+00:00,Crypto Stocks Hold Their Ground As Analysts Say Bitcoin May Reach New Lows,"Stocks of companies exposed to the cryptocurrency market stay high as analysts at the world&#39;s top bank, JPMorgan Chase &amp; Co. (NYSE: JPM), suggest that Bitcoin (CRYPTO: BTC) is headed lower.",-0.995310163591057
2021-06-02 18:58:44+00:00,Apple Faces Exodus Of Managers From Self-Driving Unit: Report,"Apple Inc.&#39;s (NASDAQ: AAPL) ambition to develop an  Apple car  could be in jeopardy, as the company is reportedly losing key personnel from its self-driving unit in droves",-0.995580903458176
2021-06-03 17:54:22+00:00,Do Multiple Tesla Vehicle Recalls Complicate Its Growth Story?,"Tesla, Inc. (NASDAQ: TSLA) shares have been locked in a lackluster phase since mid-May, and the recent headlines about multiple recalls couldn&#39;t have come at a worse time.",-0.996826273534680
2021-06-03 18:18:04+00:00,Why Is Tesla Stock Trading Lower Today?,Tesla Inc (NASDAQ: TSLA) shares are trading lower by 3.9% at $581.33 after The Information reported data showing China orders fell in May.,-0.996998821909074
2021-06-04 18:37:08+00:00,'Tesla China sales won't slump in May despite controversy over car accidents: expert' -Global Times Report,,-0.986299726180732
2021-06-04 18:52:26+00:00,ChargePoint CEO Bullish Over Electric Pickups Prospects: Bloomberg,"
",-0.987938103266060
2021-06-05 17:19:52+00:00,"Benzinga's Bulls And Bears Of The Week: Apple, AMC, Disney, GM, Tesla And More","
	Benzinga has examined the prospects for many investor favorite stocks over the past week. 
	The past week&#39;s bullish calls the iPhone maker, an aerospace giant and big banks.
	The EV leader, an entertainment giant and movie theater operators were among the bearish calls seen.
",0.993898848537356
2021-06-05 17:48:33+00:00,Elon Musk Agrees With Ethereum Co-Founder Vitalik Buterin In BTC Vs ETH Debate,"What Happened: In a recent podcast with Lex Friedman, Ethereum (CRYPTO: ETH) founder Vitalik Buterin shared his views on a number of topics ranging from Ethereum’s advantage over Bitcoin (CRYPTO: BTC) to Elon Musk’s crypto strategies.",0.374367887503468
2021-06-06 13:45:57+00:00,"If You Invested $1,000 In Dogecoin, AMC and Gamestop On Jan. 1, Here's How Much You'd Have Now",Five months are on the books for 2021. Some of the best-performing stocks and investments have been ones pushed by WallStreetBets and seen as potential short squeezes. A cryptocurrency based on a meme has also performed well.,0.997123350884067
2021-06-07 18:25:12+00:00,Tesla Shares Spike To Session High Following Report 'Tesla Could Start Selling Cars In India In 2021',,0.999359623776400
2021-06-07 19:01:28+00:00,Tesla Shares Move Above $600 Level Over Last Few Minutes; Up 0.6%,,0.999315815133741
2021-06-08 17:19:19+00:00,'Tesla Cybertruck: Is Over 1 Million Pre-Orders Even Possible? -InsideEVs Report,,0.000518102497153
2021-06-08 19:04:47+00:00,Analyst: Departure Of Tesla Trucking Head Is Good News For Legacy Truck Makers,"Tesla Inc (NASDAQ: TSLA) announced on Monday its latest in a long line of executive departures, and one analyst said it could be good news for legacy truck makers.",0.999187207926298
2021-06-09 17:47:20+00:00,'Tesla Europe team is doing great!' -Tweet Response From Elon Musk Following Teslarati Tweet About Co.'s European Delivery Teams Having A 'Very Busy' Jun.,,0.998251402081223
2021-06-09 18:03:00+00:00,Elon Musk Replies To Tweet 'Only time I sell Tesla stock is when my stock options are expiring & I have no choice...I will continue to pay income taxes in California proportionate to my time in state',,-0.000041407016397
2021-06-10 15:59:04+00:00,Could Starlink Be Coming To Airlines Soon?,"Starlink is in talks with several airlines about using the company’s network for Wi-Fi on commercial planes, the company confirmed Wednesday.

What Happened: SpaceX’s Starlink satellite division could be coming to commercial planes soon, according to the company.",0.000158752271091
2021-06-10 18:39:15+00:00,Rumors Of A Mass Market Nio EV Surface Again,"On-and-off rumors of Nio, Inc. (NYSE: NIO) taking a plunge into the mass Chinese electric vehicle market, which is now dominated by Tesla, Inc.&#39;s (NASDAQ: TSLA) made-in-China Model 3 vehicles, are on again. ",-0.861357455141842
2021-06-11 17:09:36+00:00,10 Consumer Discretionary Stocks Showing Unusual Options Activity In Today's Session,This unusual options alert can help traders discover the next big trading opportunities. Traders will search for circumstances when the market estimation of an option diverges heavily from its normal worth. Unusual trading activity could push option prices to exaggerated or underestimated levels. ,-0.976189333014190
2021-06-11 19:22:17+00:00,"Elon Musk Has No Role At Bitcoin Mining Council, Say Founding Members",A coalition of Bitcoin miners known as the Bitcoin Mining Council (BMC) unveiled its official website earlier today while making sure to explicitly state that Elon Musk had no part to play in its operations.,-0.000026039586373
2021-06-11 20:18:23+00:00,"Bitcoin Chops, But Could Be Prepping For A Move",Bitcoin (CRYPTO: BTC) fell off a cliff on March 12 after Tesla Inc (NASDAQ: TSLA) CEO Elon Musk announced on Twitte,-0.994822851964273
2021-06-12 16:18:30+00:00,Jeff Bezos' Blue Origin To Live Auction A Seat For Its First Spaceflight Today: How To Watch,"Amazon.com, Inc (NASDAQ: AMZN) founder, Jeff Bezos&#39; Blue Origin, is holding a live auction on Saturday for a seat for its first spaceflight trip next month.",-0.000011384152458
2021-06-13 16:34:43+00:00,"Cathie Wood, Bullish On SpaceX Partner Velo3D, Buys More SPFR Shares, Adds Vertex On Dip","Cathie Wood-led Ark Investment Management on Friday bought 25,000 shares, estimated to be worth about $250,000, in Jaws Spitfire Acquisition Corp (NYSE: SPFR), the blank-check firm that is set to take 3D printing company Velo3D public.",0.992671957355924
2021-06-13 17:54:25+00:00,"Elon Musk Tweet: Tesla only sold ~10% of holdings to confirm BTC could be liquidated easily without moving market.  When there's confirmation of reasonable (~50%) clean energy usage by miners with positive future trend, Tesla will resume allowing Bitcoin transactions.",,0.976255154411774
2021-06-14 17:29:10+00:00,10 Consumer Discretionary Stocks Showing Unusual Options Activity In Today's Session,This unusual options alert can help traders discover the next big trading opportunities. Traders will search for circumstances when the market estimation of an option diverges heavily from its normal worth. Unusual trading activity could push option prices to exaggerated or underestimated levels. ,-0.976189333014190
2021-06-14 19:24:50+00:00,Riot Blockchain Stock Forms Pennant Pattern: A Technical Analysis,Riot Blockchain Inc. (NASDAQ: RIOT) shares and other cryptocurrency-related stocks moved higher Monday after the price in Bitcoin (CRYPTO: BTC) rose following statements from Elon Musk.,0.999158527658437
2021-06-15 18:32:13+00:00,When Will Musk Move On From Tesla? And Who Will Replace Him?,"I have a theory: Elon Musk will hand Tesla Inc (NASDAQ: TSLA) over to a successor when Tesla can no longer generate much fanfare. At least, not as much as they currently do. This point in time will come once legacy car manufactures are firmly entrenched in the EV space.",-0.000092347785539
2021-06-15 18:44:39+00:00,"Video Shows Tesla Model S Plaid Owner Enjoys Yoke Steering, Adapts Quickly","When Tesla Inc (NASDAQ: TSLA) first unveiled the Tesla Model S refresh, many were excited to finally see an updated interior. But one piece of the interior had some people scratching their heads.",0.128698526648805
2021-06-16 19:32:25+00:00,Musk Says Massive Increase In Supercharger Network Is Underway,,0.995569554637768
2021-06-16 19:33:45+00:00,Tesla Model S Plaid Shows Charging Speeds Of Nearly 1K Miles Per Hour,"One of Tesla Inc&#39;s (NASDAQ: TSLA) greatest advantages is the Supercharger network. Tesla has over 25,000 Superchargers worldwide that enable extremely high charging speeds exclusively for Tesla electric vehicles.",0.993004205403849
2021-06-17 17:22:49+00:00,'Tesla has reduced the energy capacity of the battery pack in the new Model S' -Electrek Report,,0.941166898235679
2021-06-17 19:24:12+00:00,"How The New Tesla Model S Increases Range, Even WIth A Smaller Battery","The first thing many people look for when shopping for an electric vehicle is range. While it takes much longer to recharge an electric vehicle, it should be able to complete all or most of your daily miles on a single charge.",0.920009253430180
2021-06-18 16:41:30+00:00,10 Consumer Discretionary Stocks With Unusual Options Alerts In Today's Session,This unusual options alert can help traders discover the next big trading opportunities. Traders will search for circumstances when the market estimation of an option diverges heavily from its normal worth. Unusual trading activity could push option prices to exaggerated or underestimated levels. ,-0.975629007909447
2021-06-18 17:23:05+00:00,'Tesla Model S Plaid receives 348-mile EPA rated range on 21-inch wheels' -Electrek Report,,0.006138496522908
2021-06-19 03:06:39+00:00,Think Elon Musk Is Getting Rich On The Green Energy Trend? Meet Indian Billionaire Gautam Adani,"Tesla Inc. (NASDAQ: TSLA) CEO Elon Musk, whose net worth has immensely benefited from the green energy trend, faces stiff competition from Indian billionaire Gautam Adani.",0.999012795742601
2021-06-19 12:00:32+00:00,"EXCLUSIVE: Building On Top Of Bitcoin May Not Be As Popular As Ethereum, Other Blockchains, But We're 'Close To Seeing Some Runaway Success,' Says Stacks","Stacks (STX) aims to bring smart contracts and decentralized applications, or DApps, to Bitcoin (CRYPTO: BTC). An attractive facet for some is the ability to earn BTC earning through a mechanism the project calls “Stacking.” Benzinga tal",0.997484148218064
2021-06-19 20:53:40+00:00,Tesla's Ex-President Jerome Guillen Offloaded Stock Worth $274M Since June 10,"
",-0.902367567352485
2021-06-20 19:05:14+00:00,"If You Invested $1,000 In Tesla Stock After Elon Musk Appeared On 'The Simpsons,' Here's How Much You'd Have Now","Elon Musk is one of the most famous people on the face of the planet. As such, Musk has also appeared in several movies and on television shows.",-0.000008577437256
2021-06-21 19:01:55+00:00,"Tesla Shares Tick Higher Following Tweet From Elon Musk 'Looking at holding Tesla AI Day in about a month or so. Will go over progress with Tesla AI software & hardware, both training & inference. Purpose is recruiting.'",,0.998656523122918
2021-06-21 19:37:20+00:00,Alset EHome Partners With Tesla For PV Solar Panels,"
",0.000016607154976
2021-06-22 18:06:46+00:00,Hold The EVs And Self-Drivers: A Gas-Swallowing McLaren Is What We Want,"Recently, Benzinga’s video producer sent me the raw footage of our road test of McLaren Automotive’s sexy 720s coupe. The whole bundle of footage was fun to watch, but there was a 45-second splash of video that really stood out.",0.000310962437652
2021-06-22 18:59:39+00:00,Here's Why Elon Musk Won't Win An Emmy For 'SNL' Hosting Gig,"One of the richest people in the world, Elon Musk, appeared as the guest host for an episode on “Saturday Night Live.” The episode drew mixed reactions at best from critics and viewers, while managing to be one of the most-viewed episodes of the season.",0.662763100117445
2021-06-23 16:53:25+00:00,Tesla Model 3 Becomes First EV To Top Cars.Com American-Made Index,The Tesla Inc (NASDAQ: TSLA) Model 3 has become the first electric vehicle to rank first in the annual American-Made Index (AMI) published by Cars.com Inc (NYSE: CARS).,0.998128568709944
2021-06-23 17:09:28+00:00,"Tesla Energy Goes To China, Bringing Solar and Powerwall",Tesla Inc (NASDAQ: TSLA) is working hard to transition the world to sustainable energy.,0.925729315378703
2021-06-24 17:56:26+00:00,Watching Electric Vehicle Stocks On Reports Infrastructure Bill Will Not Include Additional Rebates,,-0.000902171414054
2021-06-24 19:12:04+00:00,10 Consumer Discretionary Stocks With Unusual Options Alerts In Today's Session,This unusual options alert can help traders discover the next big trading opportunities. Traders will search for circumstances when the market estimation of an option diverges heavily from its normal worth. Unusual trading activity could push option prices to exaggerated or underestimated levels. ,-0.975629007909447
2021-06-25 18:42:02+00:00,"'SpaceX aims to launch first orbital Starship flight in July, company president says' -Recent CNBC Article",,0.000028631144232
2021-06-25 19:31:25+00:00,"'Podcast: Tesla opening Supercharger network to other EVs, supercomputer, Mustang Mach-E GT, and more' -Electrek",,0.000180055740202
2021-06-26 15:47:48+00:00,"Tesla To Recall Nearly 300,000 China-Made Vehicles To Update Its Autopilot Software","According to the Chinese regulators, Tesla Inc (NASDAQ: TSLA) will &#39;recall&#39; nearly 300,000 China-made and imported vehicles. ",-0.000025702815037
2021-06-27 14:24:01+00:00,Are These Three Factors Keeping Dogecoin Distant From The Moon?,Dogecoin (CRYPTO: DOGE) has a market capitalization of $30.33 billion and is the sixth-largest cryptocurrency as of press time. ,-0.000023630884243
2021-06-28 18:41:51+00:00,'Huge Tesla China Recall Is Simple OTA Update: Sound For TACC' -InsideEVs Report,,0.136217137798667
2021-06-28 18:43:16+00:00,"This E-Commerce Company Has A Better 5-Year Return Than Tesla, Apple, Microsoft, Alibaba And Amazon","Shopify Inc (NYSE: SHOP) hasn’t only been a leading platform for businesses to host their online stores over the past several years, the Ottawa, Ontario-based e-commerce company has been a beast of an investment over the last five.",0.999217005446553
2021-06-29 17:02:16+00:00,Where Tesla Stands With Analysts,"Tesla (NASDAQ:TSLA) has observed the following analyst ratings within the last quarter: 




Last 30 Days
1 Month Ago
2 Months Ago
",-0.000032069361623
2021-06-29 18:25:29+00:00,Why This Tesla Stock Analyst Lowered Their Price Target By 10%,"The consumer appetite to buy a battery electric vehicle is at a new high globally, and Tesla, Inc. (NASDAQ: TSLA) continues to be the undisputed leader — but it is threatened by competition, an analyst at UBS said Tuesday.",-0.997013060434256
2021-06-30 16:16:33+00:00,"Nio, XPeng, Tesla On Tap To Release Q2 Deliveries: What To Expect","It&#39;s time for electric vehicle manufacturers to announce quarterly delivery numbers.

Chinese EV stocks have picked up momentum in June and have seen strong gains for the month, and forthcoming delivery numbers may have a say in deciding if the rally has further legs.",0.999468464287929
2021-06-30 16:43:37+00:00,10 Consumer Discretionary Stocks With Unusual Options Alerts In Today's Session, This unusual options alert can help traders track potentially big trading opportunities. Traders often look for circumstances when the market estimation of an option diverges away from its normal worth. Unusual trading activity could push option prices to hyperbolic or underperforming levels. ,-0.991881081252359
2021-07-01 18:29:32+00:00,Hearing Biden Is Drafting Stricter Auto Pollution Regulations,,0.000010909883713
2021-07-01 18:34:01+00:00,'Here's How Biden Aims to Increase Electric Car Sales' -Earlier New York Times Report,,0.999387541334727
2021-07-02 15:10:34+00:00,What's Up With Tesla Stock Today?,Tesla Inc (NASDAQ: TSLA) is moving Friday morning after the company released its second-quarter delivery numbers.,-0.000012490701920
2021-07-02 18:43:20+00:00,Understanding Tesla's Unusual Options Activity," On Friday, shares of Tesla (NASDAQ:TSLA) saw unusual options activity. After the option alert, the stock price moved up to $679.2. ",0.998403319579666
2021-07-03 15:52:14+00:00,"Elon Musk Tweeted Late Friday: Cybertruck will be almost exactly what was shown. We're adding rear wheel steering, so it can do tight turns & maneuver with high agility",,0.000435435158579
2021-07-03 17:18:06+00:00,"Tesla Q2 Deliveries Evidence of 'True Growth Story,' EV Maker On Track to Exceed 2021 Deliveries Forecast: Gene Munster","Tesla, Inc. (NASDAQ: TSLA) ",0.998741186907864
2021-07-04 17:54:38+00:00,"Benzinga's Bulls And Bears Of The Week: Amazon, Exxon, GM, Netflix, Tesla And More","
	Benzinga has examined the prospects for many investor favorite stocks over the past week. 
	
	The past week&#39;s bullish calls included oil, automaker and semiconductor giants.
	
",0.012413071235642
2021-07-05 11:37:09+00:00,"Barron's Latest Picks And Pans: Amazon, Johnson Controls, Porsche, Walmart And More","
	The cover story in this weekend&#39;s Barron&#39;s offers investment opportunities as Europe&#39;s economy and markets rebound.
	Other featured articles discuss European airline stocks ready to soar, the worst retail stocks of the first half of 2021 and the passing of the baton at Amazon.
",0.998894998716423
2021-07-06 19:00:33+00:00,"If You Invested $1,000 In Polkadot Crypto Following Its 2020 Redenomination, Here's How Much You'd Have Now",Investors who have owned stocks in the past year have generally experienced some big gains. But there is no question some big-name cryptocurrencies have left the stock market in the dust.,0.999369609053247
2021-07-06 19:24:30+00:00,"DeFi Innovators Are Tokenizing Tesla, Apple Stocks To Trade Them On Blockchain",Innovators in the crypto space have created tokenized versions of market-leading stocks and begun to trade them on blockchains.,0.000810964185803
2021-07-07 17:24:40+00:00,Unusual Options Activity Insight: Tesla," On Wednesday, shares of Tesla (NASDAQ:TSLA) saw unusual options activity. After the option alert, the stock price moved down to $643.83. ",-0.992435431922786
2021-07-07 19:11:52+00:00,'NYPD buys Tesla Model 3 and turns it into an electric patrol vehicle' -Electrek,,0.000262116423983
2021-07-08 18:35:50+00:00,The Stellantis EV Plan: Is It Profitable?,"Five months into its existence, Stellantis NV (NYSE: STLA) identified a key reason for its merger of French automaker Peugeot and U.S.-Italian giant Fiat-Chrysler: making electric vehicles that are actually profitable.",0.933309997490142
2021-07-08 18:55:46+00:00,Tesla Could Trade 'Well Beyond' $900 Price Target Says Morgan Stanley Analyst,"Amid rising Chinese regulation concerns, the growing consensus is that Tesla Inc (NASDAQ: TSLA) will face increased scrutiny in that market.",-0.838706687092781
2021-07-09 17:18:25+00:00,10 Consumer Discretionary Stocks Showing Unusual Options Activity In Today's Session, This unusual options alert can help traders discover the next big trading opportunities. Traders will search for circumstances when the market estimation of an option diverges heavily from its normal worth. Unusual trading activity could push option prices to exaggerated or underestimated levels. ,-0.975804080022499
2021-07-09 17:30:14+00:00,Understanding Tesla's Unusual Options Activity," On Friday, shares of Tesla (NASDAQ:TSLA) saw unusual options activity. After the option alert, the stock price moved up to $655.27. ",0.997769924913882
2021-07-10 15:01:40+00:00,Think Dogecoin Days Are Over? These Indicators Suggest There's More To Come,"Over the last 30 days, Dogecoin (CRYPTO: DOGE) has plunged nearly 36%. This could give rise to the feeling that the DOGE days are over, but the Shiba Inu still has a lot going for it. Here are factors that could see DOGE rise again: ",-0.996231998316944
2021-07-10 16:21:41+00:00,"Benzinga's Bulls And Bears Of The Week: Apple, Coca-Cola, GM, Moderna, Tesla And More","
	Benzinga has examined the prospects for many investor favorite stocks over the past week. 
	Last week&#39;s bullish calls included the iPhone maker and top automakers.
	Bank stocks, a vaccine maker and a leading miner were among the bearish calls seen.


",0.028195325285196
2021-07-11 14:17:19+00:00,Richard Branson Hangs Out With Elon Musk Before Historic Spaceflight,Virgin Galactic&#39;s (NYSE: SPCE) Unity 22 is set to fly to space on Sunday.,0.000029674498364
2021-07-12 17:04:47+00:00,10 Consumer Discretionary Stocks Showing Unusual Options Activity In Today's Session, This unusual options alert can help traders discover the next big trading opportunities. Traders will search for circumstances when the market estimation of an option diverges heavily from its normal worth. Unusual trading activity could push option prices to exaggerated or underestimated levels. ,-0.975804080022499
2021-07-12 17:25:32+00:00,Unusual Options Activity Insight: Tesla," On Monday, shares of Tesla (NASDAQ:TSLA) saw unusual options activity. After the option alert, the stock price moved up to $684.34. ",0.998253504993045
2021-07-13 19:06:24+00:00,Tesla's FSD Beta 9 Is Here And Testers Are Mostly Impressed,Tesla Inc (NASDAQ: TSLA) is working towards fully autonomous cars. The company says every car it sells today comes with the hardware necessary for full self-driving; the software just needs to catch up to the task.,-0.501504161395133
2021-07-13 19:30:33+00:00,Apple Is Not Buying $2.5B Worth Of Bitcoin Despite What You Heard,"Recent rumors has suggested that Apple (NASDAQ: AAPL) bought $2.5 billion worth of Bitcoin (CRYPTO: BTC), following in Tesla&#39;s (NASDAQ: TSLA) footsteps.",0.003567793493858
2021-07-14 18:22:20+00:00,"Democrats Budget Plan Includes Energy, Vehicle Tax Credits; Note: Earlier Report Noted Democrats To Focus On Climate Initiatives",,0.000009016359400
2021-07-14 18:58:15+00:00,Camouflaged Tesla Model 3 Seen Testing In India,"Never quite able to make enough vehicles to meet its high demand, Tesla Inc (NASDAQ: TSLA) is continuing its worldwide expansion with new factories nearing completion in ",0.925444778345991
2021-07-15 18:04:52+00:00,"Tesla Shares Quiet, Co. CEO Elon Musk Tweets, 'To be frank, there is always some chance that Cybertruck will flop, because it is so unlike anything else.'",,-0.642708075582050
2021-07-15 18:53:49+00:00,"Amazon, Uber-Backed Driverless Vehicle Startup Aurora Aims Public Listing $11B SPAC Merger","
",0.000788859077147
2021-07-16 19:16:26+00:00,"U.S. Clashes With Mexico, Canada On Car Rules In Risk To USMCA",,-0.028426526085241
2021-07-16 19:19:45+00:00,"Tesla Shares Quiet, CEO Elon Musk Tweets, 'Improving permit approval speed & lowering permit costs for solar would make a big difference'",,0.999415093567222
2021-07-16 20:41:10+00:00,"Why This Analyst Is Optimistic Ahead Of Ford, GM, Tesla Earnings","The automotive industry has been surprisingly resilient despite facing over a year&#39;s worth of roadblocks, most recently the global semiconductor shortage, which has impaired supply chains, BofA Securities analyst John Murphy said in a Friday note. ",0.998989653657191
2021-07-17 15:10:37+00:00,"Benzinga's Bulls And Bears Of The Week: Apple, Tesla, Virgin Galactic, Wells Fargo And More","
	Benzinga has examined the prospects for many investor favorite stocks over the past week. 
	Last week&#39;s bullish calls included the iPhone maker, the EV leader and a big bank.
	A top automaker, a casino stock and a REIT were among the bearish calls seen.


",0.104510042117909
2021-07-18 15:10:44+00:00,"Tesla Launches Full Self Driving Subscription Package At $199 Per Month, Aims To Deliver Level 5 Full Self-Driving System","
",0.000071885791840
2021-07-18 16:55:24+00:00,"Bitcoin Sees Bull Market Drawdown, BTC Price May Stay At $30K ""For A While"": Report", ,-0.992257254663855
2021-07-19 16:42:52+00:00,10 Consumer Discretionary Stocks With Unusual Options Alerts In Today's Session, This unusual options alert can help traders track potentially big trading opportunities. Traders often look for circumstances when the market estimation of an option diverges away from its normal worth. Unusual trading activity could push option prices to hyperbolic or underperforming levels. ,-0.991881081252359
2021-07-19 18:51:58+00:00,Understanding Tesla's Unusual Options Activity," Shares of Tesla (NASDAQ:TSLA) saw some unusual options activity on Monday. Following the unusual option alert, the stock price moved up to $644.75. ",0.995132971205749
2021-07-20 18:21:06+00:00,Analyzing Tesla's Unusual Options Activity," On Tuesday, shares of Tesla (NASDAQ:TSLA) saw unusual options activity. After the option alert, the stock price moved up to $650.01. ",0.998424456265639
2021-07-20 18:48:18+00:00,"'Tesla (TSLA) could make more money from software subscription than hardware, says analyst' -Electrek",,0.998137618997134
2021-07-21 18:36:52+00:00,Elon Musk Says Tesla Would 'Most Likely' Resume Accepting Bitcoin,,0.012052220903570
2021-07-21 18:57:30+00:00,"Bitcoin Futures Move Lower As Elon Musk, Jack Dorsey Discuss 'Physical' Crypto Wallets At B-Word Event",,-0.990211935481057
2021-07-22 17:42:08+00:00,Elon Musk Congratulates Tesla Bull Cathie Wood After She Hits 1M Twitter Followers,"Ark Invest founder and CEO Cathie Wood achieved a key social media milestone ths week that was noticed by none other than Elon Musk, the flamboyant CEO of Tesla, Inc. (NASDAQ: TSLA).",0.998734364737174
2021-07-22 18:01:45+00:00,'Tesla is going on a salesforce hiring spree as demand ramps up in the US' -Electrek Report,,0.999342496725149
2021-07-23 19:03:54+00:00,EXCLUSIVE: Dogepalooza Is Coming In 2021 And Here's What We Know About The Can't-Miss Dogecoin Event,"A highly anticipated festival-like gathering of fans and community supporters of Dogecoin (CRYPTO: DOGE) has announced its initial details including date, location and some event highlights.",0.000070919937571
2021-07-23 19:38:57+00:00,"'If Tesla is able to succeed with imported vehicles, then a factory in India is quite likely.' -Tweet From Elon Musk",,0.996503359565395
2021-07-23 21:19:22+00:00,"Busta Rhymes Is 'Officially Holding Bitcoin' Thanks To Elon Musk, Jack Dorsey And Cathie Wood",What Happened: American rapper Busta Rhymes told his Twitter followers that he was now sold on Bitcoin (CRYPTO: BTC).,0.765932830050588
2021-07-24 17:52:17+00:00,NASA Gives Elon Musk's SpaceX $178 MN Contract for Jupiter Moon Mission,"
",0.410057693195995
2021-07-24 21:23:27+00:00,Tesla's FSD Could Alone Be Worth Much More Than The EV Giant's Current Market Cap In a Decade: Analyst,"Tesla, Inc. (NASDAQ: TSLA) recently launched  the subscription option for full self-driving.",0.793708754412364
2021-07-26 17:29:56+00:00,'Tesla (TSLA) IR Sent an E-Mail on Friday Suggesting a Q2 'Beat'' -Earlier StreetInsider Report,,0.002708531217650
2021-07-26 18:05:51+00:00,"Analyst Gordon Johnson On Earlier Report Tesla Investor Relations Sent Email Highlighting Sell-Side Consensus Estimates For Q2: Likely Indicates Tesla Beat Estimates, 'as they have full control of who's in the numbers and who's not'",,0.997004601755179
2021-07-27 17:46:01+00:00,Tesla's Stock Pulls Back After Q2 Earnings: What Do Analysts Think?,Tesla Inc (NASDAQ: TSLA) shares traded lower on Tuesday after the company’s second-quarter earnings beat failed to wow the market.,-0.998151727544609
2021-07-27 18:32:41+00:00,Could F-150 Lightning Have More Range Than Originally Shared?,The Ford F-150 Lightning electric pickup truck was unveiled to much fanfare earlier this year.,0.000543470745470
2021-07-28 17:57:42+00:00,Tesla Or Nio — Which EV Stock Looks More Primed To Break Out?,Tesla Inc. (NASDAQ: TSLA) and Nio Inc. (NYSE: NIO) are two electric vehicle stocks moving up Wednesday.,0.997038818735746
2021-07-28 18:30:58+00:00,U.S. President Biden Says Wants Federal Car Fleet To Be 75% U.S.-Made,,0.000090996560175
2021-07-29 19:09:42+00:00,Unusual Options Activity Insight: Tesla,"Unusual Options Activity Insight: Tesla
Tesla (NASDAQ: TSLA) shares experienced unusual options activity on Thursday. The stock price moved up to $679.23 following the option alert. 

Sentiment: BEARISH
Option Type:Unusual Options Activity Insight: Tesla
",0.996748537902022
2021-07-29 19:31:27+00:00,"Tesla Free Software Update Adds Disney+, Car Wash Mode And More",Tesla Inc (NASDAQ: TSLA) is well known for sending software updates that improve its vehicles long after customers have taken delivery. What few people realize is these updates come to customers&#39; cars for free.,0.022030441410607
2021-07-30 18:04:13+00:00,Did Tim Cook Really Say 'F--k You' To Elon Musk?,Elon Musk is refuting claims in a new book that Tim Cook cursed him out during a telephone conversation regarding Apple Inc.&#39;s (NASDAQ: AAPL) exploratory discussions on acquiring Tesla Inc. (NASDAQ: ,-0.008139345445670
2021-07-30 19:03:53+00:00,'Tesla's war against direct sales wages on with big win in Virginia' -Teslarati,,0.999193312163698
2021-07-30 21:42:52+00:00,Why Elon Musk Thinks Epic Is Right In Its Fight Against Apple,Apple Inc (NASDAQ: AAPL) is locked in a legal battle with video game developer Epic over the former&#39;s restrictive practices in its App Store and,-0.004182359320112
2021-07-31 14:40:51+00:00,"If You Invested $1,000 In Tesla When Elon Musk Said Company Was Going Private, Here's How Much You'd Have Now",Elon Musk has amassed more than 58 million followers on Twitter Inc (NYSE: TWTR).,0.000031851966924
2021-08-01 16:53:55+00:00,"Benzinga's Bulls And Bears Of The Week: Amazon, Apple, GE, Netflix, Tesla, Visa And More","
	Benzinga has examined the prospects for many investor favorite stocks over the last week. 
	Last week&#39;s bullish calls included two FAANG stocks, a Bitcoin play and an industrial giant.
",0.004934135256917
2021-08-02 19:17:33+00:00,BZ NOTE: Tesla Cybertruck Orders As Of May Crossed 1M Units,,-0.000000146508683
2021-08-02 19:34:47+00:00,Understanding Tesla's Unusual Options Activity," Shares of Tesla (NASDAQ:TSLA) saw some unusual options activity on Monday. Following the unusual option alert, the stock price moved up to $717.8. ",0.997816395218251
2021-08-03 17:17:25+00:00,Will Tesla's India Foray Be Delayed? Government Rules Out Import Duty Cut Sought By EV Maker,"Electric vehicle giant  Tesla, Inc.&#39;s (NASDAQ: TSLA) proposed foray into India could be pushed back further, going by indications from the Indian government.",-0.988253001531120
2021-08-03 18:13:04+00:00,Tesla AI Day Gets A Boost With UCLA Professor Tweet Of Advanced Chip,"Tesla Inc&#39;s (NASDAQ: TSLA) AI day is coming August 19. CEO Elon Musk said it is mostly a recruiting event, but many are still hoping for s",0.999026281002443
2021-08-04 17:35:27+00:00,3 Short Squeeze Candidates In The Materials Sector,"Low float stocks can be some of the most volatile stocks in the market. If you mix in a short squeeze, the potential short-term gains in a low float stock can be extreme.",-0.995019346475601
2021-08-04 18:00:01+00:00,"'New Tesla Superchargers Coming to Washington, D.C. Area and More' -Tesla North Report",,0.000033039024856
2021-08-05 19:18:48+00:00,Half Of American Cars Sold May Be EVs By 2030 — Now These Car Stocks Are Spiking,"The Biden administration revealed its new target Thursday: it wants half of American cars sold by 2030 to be electric vehicles. 

What Happened: In an effort to combat climate change, the Biden administration is trying to give an extra boost to American auto makers to reduce their emissions and produce more EVs.",0.997168483416317
2021-08-05 19:37:20+00:00,"President Biden Tweets, 'Today, I am following through with a campaign commitment to reverse the previous administration's short-sighted rollback of vehicle emissions and efficiency standards.'",,0.990905747399665
2021-08-06 17:33:46+00:00,'55 New Tesla Supercharger Locations Coming to Germany' -Tesla North,,0.000045197404688
2021-08-06 18:11:04+00:00,Cryptocurrency Internet Computer Rises More Than 25% In 24 hours,"Internet Computer&#39;s (CRYPTO: ICP) price has increased 25.65% over the past 24 hours to $51.0. Over the past week, ICP has experienced an uptick of over 28.0%, moving from $40.41 to its current price. As it stands right now, the coin&#39;s all-time high is $700.65.",0.999467427100171
2021-08-07 13:52:39+00:00,"Benzinga's Bulls And Bears Of The Week: Amazon, Robinhood, Moderna, Tesla And More",Benzinga has examined the prospects for the favorite stocks of many investors over the past week.,0.000030973635148
2021-08-07 14:04:21+00:00,Elon Musk Sides With Crypto Industry In Infrastructure Bill Debate,"Tech tycoon and Tesla (NASDAQ: TSLA) CEO Elon Musk voiced his concern over the so-called infrastructure bill impacting the cryptocurrency space, which could ",-0.019042208557948
2021-08-08 15:55:08+00:00,Tesla's Cybertruck Deliveries Delayed to 2022,"Tesla, Inc. (NASDAQ: TSLA) has quietly confirmed a delay in deliveries of the much-awaited Cybertruck, its all-electric pick-up truck.",-0.996855619596317
2021-08-08 19:04:14+00:00,"Tesla to Require Masks for Workers, Guests at Nevada Battery Plant Starting Monday",,-0.000026584133593
2021-08-09 18:54:18+00:00,'Tesla Model Y pre-production may start at Gigafactory Texas this week (Photos)' -Teslarati,,-0.000004877110769
2021-08-09 19:12:43+00:00,Ads In Space? Elon Musk's Latest SpaceX Venture Would Make Don Draper Jealous,"Elon Musk’s latest mayhem will involve opening outer space to advertising from companies based on Earth.

Have Rocket, Will Travel: Musk’s SpaceX is partnering with the Calgary-headquartered Geometric Energy Corporation (GEC) on this new endeavor.",0.000081628262706
2021-08-10 17:00:21+00:00,"Tesla's July Deliveries Tumble 69% Month-Over-Month In China, Underperforming Nio, XPeng, Li Auto","Tesla Inc (NASDAQ: TSLA), which navigated fairly well through the negative press in China in the second quarter, seems to have come up short in July.",-0.997803342761472
2021-08-10 17:02:47+00:00,'Volkswagen teams with Tesla to slash India import duties' -Teslarati Report,,0.996224605827592
2021-08-11 17:14:39+00:00,"'US Senate puts $40,000 cap on price of electric cars that qualify for EV tax credit ahead of reform' -Electrek",,0.000860328116687
2021-08-11 17:52:21+00:00,'BYD Denies Rumors About Blade Battery Supply To Tesla' -InsideEVs Report,,-0.000056062155636
2021-08-12 15:45:10+00:00,"Carson Block Goes In On Musk's 'Bulls**t,' Why Tesla Shorts Were 'Right And Wrong The Whole Time'","Short seller Carson Block of Muddy Waters Capital just sent out his first letter to shareholders, and he devoted a large portion of the letter to discussing Tesla Inc (NASDAQ: TSLA).",-0.000182773583219
2021-08-12 18:50:22+00:00,"Tesla Shares Pull Back From Recent High On Volume, Up ~1% For Session; Not Seeing Any News To Justify Move Lower",,0.998943160433555
2021-08-13 17:25:31+00:00,Tesla Stock Charges Up For Another Tour North: A Technical Analysis,"On Thursday, Tesla Inc (NASDAQ: TSLA) broke up from a daily bull flag called out by Benzinga on Wednesday.",-0.049689421197399
2021-08-13 18:05:15+00:00,Tesla Sells Out Of Standard Range Plus Model 3 For Rest Of 2021,There is no doubting Tesla Inc (NASDAQ: TSLA) vehicles are in high demand.,0.761223430978134
2021-08-14 13:58:41+00:00,"Benzinga's Bulls And Bears Of The Week: Apple, Coinbase, Starbucks, Virgin Galactic, Walmart And More","
	Benzinga has examined the prospects for many investor favorite stocks over the past week. 

	Last week&#39;s bullish calls included top growth and reopening stocks.

	Automakers and a leading cryptocurrency play were among the bearish calls seen.
",0.504328503971919
2021-08-14 14:35:35+00:00,"EV Week In Review: Tesla's China Woes, Giga Berlin to Soon Come Online, Earnings Fail to Lift Nio, Lordstown On Track, Fisker's Debt Financing and More","The EV space was brimming with activity in the week ended Aug. 13, with fund raising and earnings dominating the headlines.",-0.988947356352583
2021-08-15 14:25:26+00:00,Why This Tesla Analyst Sees Giga Berlin As Step Forward For EV Stock,"With indications emerging that Tesla, Inc. (NASDAQ: TSLA)&#39;s overseas manufacturing plant in Germany may soon come online, an analyst at Wedbush is offering his take on the development.",0.007645794670680
2021-08-15 17:21:46+00:00,Elon Musk Says SpaceX Will 'Probably' Be Ready To Land Humans On Moon Before 2024,"
	SpaceX founder and Tesla Inc (NASDAQ: TSLA) owner Elon Musk on Saturday said that he expects to have the Starship lunar lander ready for the moon mission before 2024.
",0.005923151387833
2021-08-16 19:25:09+00:00,"If You Had $5,000, Would You Put It On Dogecoin Or Ethereum Right Now?","Every week, Benzinga conducts a survey to collect sentiment on what traders are most excited about, interested in or thinking about as they manage and build their personal portfolios.

This week we posed the following question to over 2,000 Benzinga visitors on cryptocurrency investing:",0.000005361885997
2021-08-16 19:33:50+00:00,Watching Tesla Shares Amid Report From UK's Telegraph 'Five children injured as Tesla crashes in school car park',,-0.421469616354443
2021-08-17 18:00:14+00:00,"If You Invested $1,000 In Dogecoin When The Dallas Mavericks Began Accepting The Meme Crypto, Here's How Much You'd Have Now",One of the most vocal supporters of Dogecoin (CRYPTO: DOGE) has been entrepreneur and NBA team owner Mark Cuban.,0.000060438786022
2021-08-17 18:01:09+00:00,'Tesla's $25k EV inches closer as official confirms Giga Shanghai's localization rate' -Teslarati,,0.993604699149728
2021-08-18 17:24:36+00:00,Ikea To Start Selling Renewable Energy To Homes In Sweden,,0.000749702543544
2021-08-18 17:55:03+00:00,10 Consumer Discretionary Stocks Showing Unusual Options Activity In Today's Session, This unusual options alert can help traders track potentially big trading opportunities. Traders often look for circumstances when the market estimation of an option diverges away from its normal worth. Unusual trading activity could push option prices to hyperbolic or underperforming levels. ,-0.992608989239670
2021-08-19 18:27:22+00:00,"This Shoe Store Company Has A Better One-Year Return Than Amazon, Apple, Disney, Microsoft, Netflix, PayPal and Tesla","Foot Locker, Inc. (NYSE: FL) always reminds me of simpler times, such as scouring the local mall for the hottest pair of new sneakers while eating a jumbo pretzel from the food court.

Surprisingly, the company’s stock has been on a tear, trading up more than 90% in the last year. ",0.999292863765731
2021-08-19 19:22:21+00:00,Tesla Is Planning A Model Y With Much More Range: Report,"Tesla Inc (NASDAQ: TSLA) makes electric vehicles with some of the longest range in the industry, but even the top range on its best cars isn&#39;t enough to persuade everyone to drive on electricity.",0.001094146718970
2021-08-20 16:57:17+00:00,'Musk Says Tesla Could License Self-Driving Tech To Other Brands' -Inside EVs,,0.000087151765911
2021-08-20 17:00:52+00:00,Why Tesla Bot Is An Absolute 'Head Scratcher' That Will Further Agitate Investors,"Tesla, Inc. (NASDAQ: TSLA) made multiple announcements at its  AI Day on Thursday.",0.988654710818082
2021-08-21 13:20:33+00:00,"EV Week In Review: Tesla's 'AI Day' Front And Center, Nio On Damage Control Mode, Romeo's Rough Ride, Lordstown's 'Very Brief' Shareholder Meeting","The bygone week was fairly calm on the EV front after weeks of a robust flow of news amid the earnings season. Tesla, Inc. (NASDAQ: TSLA)&#39;s Elon Musk, however, provided the excitement that could last for the week and more, with the EV maker&#39;s AI Day presentation.",0.988124675524887
2021-08-21 18:47:35+00:00,Here's Another Use Case Elon Musk Suggests For the Tesla Bot Announced At the EV Maker's AI Day,"Tesla, Inc.",0.000045363376557
2021-08-22 14:34:33+00:00,McDonald's Could Capitalize On Tesla's Largest U.S. Supercharger Location: Here's How And Why It Matters,"Charging an electric vehicle is a necessary task for those who drive them frequently during the day or week. While charging the vehicle at a public charging station, owners have some time to kill, which could lead to going shopping or eating a meal.",0.012846922647441
2021-08-22 16:06:07+00:00,"Musician David Crosby Calls Out Tesla, Elon Musk: Will He Get His Car Or Go To Porsche?","Many celebrities own Tesla Inc (NASDAQ: TSLA) vehicles, as it is the largest electric vehicle company in the U.S.",-0.000027789363230
2021-08-23 18:08:32+00:00,"Tesla Update Model X With New Wheels, Still No Deliveries In 2021","Last year, Tesla Inc (NASDAQ: TSLA) introduced refreshed versions of its high-end Model S and Model X vehicles. The cars featured an updated interior, yoke steering wheel, and impressive speeds. But it seems Tesla isn&#39;t done updating its latest offerings.",0.005412233280367
2021-08-23 18:29:57+00:00,"Bitcoin Headed For $75,000, Analyst Says","Bitcoin&#39;s (CRYPTO: BTC) next stop is $70.000 to $75,000, according to an industry insider and data analyst.",-0.000016841891920
2021-08-24 14:45:11+00:00,12 Of The Best Memes About Wall Street,"So far, 2021 has been the year of the memes on Wall Street.",0.000115806768008
2021-08-24 18:10:42+00:00,10 Consumer Discretionary Stocks Showing Unusual Options Activity In Today's Session, This unusual options alert can help traders discover the next big trading opportunities. Traders will search for circumstances when the market estimation of an option diverges heavily from its normal worth. Unusual trading activity could push option prices to exaggerated or underestimated levels. ,-0.975804080022499
2021-08-25 16:53:12+00:00,10 Consumer Discretionary Stocks With Unusual Options Alerts In Today's Session, This unusual options alert can help traders track potentially big trading opportunities. Traders often look for circumstances when the market estimation of an option diverges away from its normal worth. Unusual trading activity could push option prices to hyperbolic or underperforming levels. ,-0.991881081252359
2021-08-25 17:07:33+00:00,'Tesla Model 3 strangely misses top safety rating from Korean agency' -Teslarati Report,,-0.997386654489674
2021-08-26 15:24:08+00:00,Tesla's Refreshed iOS App Is Live And Looking Better Than Ever,"Drivers of Tesla Inc (NASDAQ: TSLA) vehicles have convenient control over its function, charging and temperature through a smartphone app found on Android or iOS. The app has remained largely unchanged, besides a few added capabilities, throughout the years.",0.997837432892993
2021-08-26 17:30:30+00:00,"Stephen Curry, Lebron James And Other NBA Superstars Have Invested In These Companies","National Basketball Association athletes such as Stephen Curry, Lebron James, Kevin Durant and Andre Iguodala are thinking about their lives beyond basketball and have invested in several different companies.",0.000020503932319
2021-08-27 18:49:58+00:00,'Standard Range Model Y figures added to Tesla's website in Germany confirming it will soon launch in Europe' -Drive Tesla Canada,,0.000144469489896
2021-08-27 19:10:16+00:00,10 Of The Funniest Fintwit Personalities Help Brighten Up The Markets,Twitter (NYSE: TWTR) has continued to thrive during the COVID-19 pandemic as the global home-ridden population,0.999337442321121
2021-08-28 14:14:22+00:00,How Tesla's Elon Musk Reacted to Rival Rivian's Proposed IPO,"Amazon, Inc.",0.000272215533187
2021-08-28 15:56:27+00:00,"EV Week In Review: Tesla's Utility Bet, New Leadership at Embattled Lordstown, Rivian Finally Takes IPO Plunge","EV stocks had a fairly good outing on Wall Street in the week ending Aug. 27, with most advancing in the session. Here are the key EV-related news events that took the spotlight during the week:",0.999230931192869
2021-08-29 14:05:49+00:00,UK Telegraph Reports Tesla's Musk Cconcerned over Proposed Nvidia Deal for Chip Maker Arm,,-0.871394276618958
2021-08-29 15:10:06+00:00,Here's How You Can Buy A Phallic-Shaped Blue Origin Model Rocket For $69.99,A model rocket of the Blue Origin craft that sent Amazon.com (NASDAQ: AMZN) founder Jeff Bezos to space will soon hit the market.,0.000039306039980
2021-08-30 17:51:56+00:00,"'Tesla (TSLA) Fremont Factory Checks Shows Activity 'Back to Normal', Suggests 'Massive' Q4 - Global Equities' Chowdhry' -Street Insider Report",,0.990526397246867
2021-08-30 17:55:12+00:00,'Tesla gets approval for four models from India's testing agencies' -MoneyControl Report,,0.992400555522181
2021-08-31 17:30:26+00:00,"If You Invested $1,000 When Tim Draper Predicted Bitcoin Is Going To $10,000, Here's How Much You'd Have Now","One of the most vocal Bitcoin bulls over the years has been venture capitalist Tim Draper. In 2018, he made a bold prediction on the price of Bitcoin that ended up being right and early on the rise of the price of the cryptocurrency.",0.001200104161398
2021-08-31 19:07:12+00:00,Elon Musk Helps New Dogecoin Update Efforts: 'Important',Tech tycoon and most notable Dogecoin (CRYPTO: DOGE) fan Elon Musk endorsed the efforts to improve the cryptocurrency&#39;s network.,0.999153086944716
2021-09-01 18:43:02+00:00,U.S. Auto Safety Agency Has Ordered Tesla To Turn Over Detailed Data On Autopilot System By Oct. 22,,-0.000013253455108
2021-09-01 19:18:46+00:00,"Google's Latest Foray Sparks More Bad News For Intel, AMD","
",-0.995916662737727
2021-09-02 17:40:04+00:00,10 Consumer Discretionary Stocks With Unusual Options Alerts In Today's Session, This unusual options alert can help traders track potentially big trading opportunities. Traders often look for circumstances when the market estimation of an option diverges away from its normal worth. Unusual trading activity could push option prices to hyperbolic or underperforming levels. ,-0.991881081252359
2021-09-02 18:41:54+00:00,"If You Invested $1,000 In The ARK Innovation ETF One Year Ago, Here's How Much You'd Have Now","Investors who have owned high-flying tech companies, stay-at-home plays and “meme” stocks have made a killing in the market in the past year. But you didn’t have to be a stock-picking genius to generate some historically good returns since Sept. 9, 2020.",0.994839052029420
2021-09-03 18:41:43+00:00,TSM Rival To Build $9B Chip Plant In Shanghai,"
	China&#39;s largest chip maker Semiconductor Manufacturing International Corp, collaborates with the Shanghai government to build an $8.87 billion chip plant.
",0.003050827996049
2021-09-03 19:14:00+00:00,U.S. Auto Safety Agency Says It Is Probing Fatal July 26 Tesla Crash In New York That Killed Pedestrian Changing A Tire,,-0.370858145877719
2021-09-04 16:19:07+00:00,Why Cupertino Could Get Its Act Together With Its 'Apple Car' Project,"Apple, Inc.",0.000027918547858
2021-09-04 18:17:38+00:00,"Dogecoin's Wife 'Wifedoge' Grew More Than 3,000% In Market Capitalization, And Elon Musk Is A Fan","Last week the Wifedoge cryptocurrency, the wife of Dogecoin (CRYPTO: DOGE), exceeded a market capitalization of 2.32 million dollars, more than 3,000% in market capitalization in just one day.  ",0.998725873316289
2021-09-05 14:46:44+00:00,"Ark Invest Tesla Stock Price Target May Be Outrageous, But Elon Musk Says It Is Worth $3,000 A Share 'If They Execute Really Well'","Tesla Inc (NASDAQ: TSLA) CEO Elon Musk has told its employees that he agrees with Cathie Wood-led ARK Innovation ETF (NYSEARCA: ARKK) that Tesla is worth $3,000 a share &#34;if they execute really well&#34;.",0.874601696152240
2021-09-05 19:03:48+00:00,"If You Had $5,000 Right Now, Would You Put It On Tesla Or Bitcoin?","This week we posed the following question to Benzinga visitors on apex cryptocurrency Bitcoin (CRYPTO: BTC) and Elon Musk’s Tesla Inc (NASDAQ: TSLA).

If you had $5,000 right now, would you put it on Tesla or Bitcoin?",-0.000032813761209
2021-09-07 17:08:37+00:00,"This 28% Short Biotech Company Has A Better 1-Year Return Than AMC, Snap, Apple And Tesla",An investment in Ocugen Inc (NASDAQ: OCGN) one year ago is undoubtedly a sight for sore eyes.,0.992406080709770
2021-09-07 17:53:45+00:00,10 Consumer Discretionary Stocks With Unusual Options Alerts In Today's Session,This unusual options alert can help traders track potentially big trading opportunities. Traders often look for circumstances when the market estimation of an option diverges away from its normal worth. Unusual trading activity could push option prices to hyperbolic or underperforming levels. ,-0.992084579775110
2021-09-08 18:17:29+00:00,'Tesla to Create Team Focused on Energy Trading & Market Operations' -Tesmanian,,0.000021107345674
2021-09-08 19:30:43+00:00,"Tesla Plans To Begin Trading Solar, Wind And Battery Storage Energy",,0.000005347552360
2021-09-09 18:16:19+00:00,Nio's New ET7 Sedan Could Include Low-Cost Lithium Iron Phosphate Battery: Report,"Nio, Inc.",0.424649709661026
2021-09-09 19:03:56+00:00,House Democrats Plan $150B In Budget To Green Utilities; EV Charging Would Get $13.5B In Democrats' Plan,,0.001022350050334
2021-09-10 17:39:01+00:00,10 Consumer Discretionary Stocks With Unusual Options Alerts In Today's Session, This unusual options alert can help traders discover the next big trading opportunities. Traders will search for circumstances when the market estimation of an option diverges heavily from its normal worth. Unusual trading activity could push option prices to exaggerated or underestimated levels. ,-0.974669778719544
2021-09-10 18:13:01+00:00,Xpeng To Launch P5 Smart Family Sedan On 15 September,"
",0.000001012111170
2021-09-11 15:48:09+00:00,"If You Like Baby Doge, A New Range Of Products To Utilize The Token Are Coming","Baby Doge (CRYPTO: BABYDOGE), which has gained popularity for its meme-related similarity to Dogecoin (CRYPTO: DOGE), recently announced a range of new products, including a wallet, exchange, app, and debit card. ",0.857596568122972
2021-09-11 17:48:16+00:00,How To Include Cryptocurrencies As Part Of An Inflation-Proof Investment Portfolio,"Consumers and investors alike pay close attention any time a new announcement is made about the movements of the U.S. Consumer Price Index (CPI), which represents a reliable gauge on inflation or deflation.",-0.000021836691303
2021-09-11 19:36:28+00:00,Tesla's Elon Musk Says v10.1 Coming in Three Weeks,,-0.000006854483217
2021-09-12 13:35:01+00:00,Why The Tesla Bot Is The Key To A Mars Colony,"Why the Tesla (NASDAQ: TSLA) bot is the key to a Mars colony, and why Elon Musk&#39;s SpaceX mission to build a colony on Mars needs the Tesla bot.",-0.000003075292625
2021-09-13 17:00:23+00:00,General Motors Invests In Autonomous Car Radar Company: Reuters,"
",-0.000016410027456
2021-09-13 19:30:57+00:00,Elon Musk: Self-Driving Cars Will Reverse Away From Danger,Tesla Inc (NASDAQ: TSLA) is working toward fully autonomous cars. The company says every car it sells today comes with the hardware necessary for full self-driving; the software just needs to catch up to the task. ,0.000125917562400
2021-09-14 19:07:00+00:00,"'EPA confirms range for dual-motor versions of VW's ID.4 Pro, Pro S' -Electrek Report",,0.003807405853877
2021-09-14 19:32:22+00:00,Why Lucid's Stock Is Trading Lower Today,"Lucid Group Inc (NASDAQ: LCID) is trading lower Tuesday after Morgan Stanley initiated coverage on the stock.

Morgan Stanley analyst Adam Jonas initiated coverage on Lucid with an Underweight rating and announced a price target of $12.",-0.991513234796003
2021-09-15 18:19:19+00:00,Amazon-Backed Rivian To Raise $5B To $8B In Planned IPO: Report,"Electric pickup truck maker Rivian, which has high profile backers such as Amazon, Inc.",0.998827518429607
2021-09-15 19:00:07+00:00,"'Tesla Model Y Body Spotted at Giga Texas, Foreshadowing Imminent Start of Production' -Tesmanian",,0.000031150164432
2021-09-16 18:38:04+00:00,"Ford Devotes $250M, 450 Workers On F-150 Lightning EV Truck","
",0.000016446141672
2021-09-16 19:28:27+00:00,Former Apple Engineer Shares Secrets of 'Tesla Glass' In New Video,"Tesla Inc (NASDAQ: TSLA) is one of the most vertically integrated car manufacturers, making its own seats, batteries and self-driving computer chips, to name a few of the elements.",0.000000248513970
2021-09-17 16:49:34+00:00,10 Consumer Discretionary Stocks Showing Unusual Options Activity In Today's Session,This unusual options alert can help traders track potentially big trading opportunities. Traders often look for circumstances when the market estimation of an option diverges away from its normal worth. Unusual trading activity could push option prices to hyperbolic or underperforming levels. ,-0.992640479002148
2021-09-17 18:44:24+00:00,"Sir Clive Sinclair, Pioneer In Home Computing And Electric Vehicles, Dies At 81","Sir Clive Sinclair, the British inventor who pioneered the home computing industry and created the earliest examples of hand-held calculators, flat-screen televisions and electric vehicles, died at the age of 81.",-0.004691724927397
2021-09-18 15:30:50+00:00,Everything You Need To Know About The SpaceX Inspiration4 Mission Ahead Of Splashdown,"Tesla Inc (NASDAQ: TSLA) CEO Elon Musk&#39;s Space Exploration Technologies Corp, or SpaceX, successfully launched its Falcon 9 rocket Wednesday night, sending the first all-civilian crew to orbit in its Dragon spacecraft.",0.695695883361623
2021-09-18 19:11:05+00:00,Elon Musk Says Starlink Will Complete Beta-Testing Phase In October,Tesla Inc (NASDAQ: TSLA) and Starlink CEO Elon Musk said on Twitter that Starlink will enter its next beta testing phase in October. ,0.000151265041495
2021-09-19 14:02:11+00:00,"National Transportation Safety Board Head, Jennifer Homendy, Said Tesla Shouldn't Roll Out Full Self-Driving Capability Feature Before Addressing Safety Deficiencies in Technology",,-0.934615475707687
2021-09-19 15:15:24+00:00,10 Facts You Might Not Know About The SpaceX Inspiration4 Mission,"Tesla Inc (NASDAQ: TSLA) CEO Elon Musk&#39;s Space Exploration Technologies Corp, or SpaceX, successfully launched the first all-civilian crew to orbit Wednesday night.

Here are 10 things you might not know about the Inspiration4 mission:",0.002370912392507
2021-09-20 18:20:39+00:00,Elon Musk Responds To Tweet Co. 'has not yet decided on a fourth Gigafactory location',,-0.000021455118258
2021-09-20 19:07:22+00:00,Tesla Stops Referral Program As Expected Vehicle Deliveries Move Into 2022,"Tesla Inc (NASDAQ: TSLA) has been having a demand problem, but not in the way you&#39;d think.",-0.996301869512536
2021-09-21 17:07:13+00:00,"Elon Musk, Responding To Tweet, Says 'Good point, we could enable [FSD] visualization before control. Will enable that option hopefully next month.'",,0.648412365233526
2021-09-21 17:12:13+00:00,"If You Had $1,000 Right Now, Would You Put It On Tesla, Nio, Xpeng Or Li Auto?","Every week, Benzinga conducts a survey to collect sentiment about what traders are most excited about, interested in or thinking about as they manage and build their personal portfolios.

This week we posed the following question to more than 1,000 Benzinga visitors on electric vehicle investing:",0.000006700218364
2021-09-22 19:03:39+00:00,"'Tesla Insurance could launch in Texas next month, New York in 2022' -Teslarati",,-0.000006839909474
2021-09-22 19:32:54+00:00,Free Tesla OTA Update Will Allow Vehicles To Respond To Emergency Vehicles On Roadside,"Recently, the NHTSA requested data from potentially hundreds of thousands of Tesla Inc (NASDAQ: TSLA) vehicles in a bid to find out why the company&#39;s Auto",0.000022373060347
2021-09-23 19:11:12+00:00,Fremont Police Department Announces New Tesla for Vehicle Fleet,"Several police departments have been experimenting with Tesla Inc (NASDAQ: TSLA) electric vehicles in their lineups. The cars are fast, require very little maintenance and have a much lower cost of ownership over the lifetime of the vehicle compared to a gas car.",0.899758757906966
2021-09-24 17:59:44+00:00,10 Consumer Discretionary Stocks With Unusual Options Alerts In Today's Session,This unusual options alert can help traders discover the next big trading opportunities. Traders will search for circumstances when the market estimation of an option diverges heavily from its normal worth. Unusual trading activity could push option prices to exaggerated or underestimated levels.,-0.971423392882571
2021-09-24 19:10:14+00:00,"If Tesla Stock Hits This Price, Cathie Wood Could Sell Her Position",Longtime Tesla Inc (NASDAQ: TSLA) bull Cathie Wood successfully predicted the rise of the electric vehicle leader’s share price when many weren’t as bullish on the company.,0.999056443717564
2021-09-25 14:50:17+00:00,Hands On The Wheel! Tesla Launches Full Self Driving Beta Request Button,"Tesla (NASDAQ: TSLA) launched a button allowing its car users to request access to the beta testing program of its full self-driving software.

See Also: HOW TO INVEST IN TESLA STOCK ",0.007726645315415
2021-09-25 15:39:48+00:00,"EV Week In Review: Cathie Wood's Big Statement On Tesla, Chip Crunch Scare For Li Auto, Workshorse's Travails Continue, Nio Updates On Norway","The EV space turned in a mixed performance in the week ended Sept. 24, with several market-moving news events driving action in stocks.

Here are the week&#39;s key headlines related to EV stocks:",0.994221218628809
2021-09-26 15:03:19+00:00,Tesla Broke Ground On California 'Megafactory',,0.056095652689692
2021-09-26 17:40:44+00:00,Elon Musk's Tesla Shanghai To Make 300K Cars By Jan-Sept: Report,"Tesla Inc.&#39;s (NASDAQ: TSLA) Shanghai factory is expected to produce 300,000 cars in the first nine months of the year, Reuters ",0.000017671689420
2021-09-27 17:04:02+00:00,Everything You Need To Know About Tesla's New 'Safety Score',"Tesla Inc (NASDAQ: TSLA) has been testing its FSD Beta software for almost a year now, with more than 2,000 private employees and public beta testers driving in the U.S. But m",0.000064426312747
2021-09-27 18:30:37+00:00,A Technical Look At Tesla Stock As Musk Calls For 'Most Intense Delivery Week Ever',"Tesla Inc. (NASDAQ: TSLA) shares are trading higher Monday.

CEO Elon Musk said to employees of the company in his traditional end-of-quarter memo that this week will be the company’s “most intense delivery week ever.”",0.988422439550050
2021-09-28 18:01:13+00:00,10 Consumer Discretionary Stocks With Unusual Options Alerts In Today's Session, This unusual options alert can help traders track potentially big trading opportunities. Traders often look for circumstances when the market estimation of an option diverges away from its normal worth. Unusual trading activity could push option prices to hyperbolic or underperforming levels. ,-0.991881081252359
2021-09-28 18:36:42+00:00,Why Tesla Shares Are Falling,"Shares of large technology companies, including Tesla Inc (NASDAQ: TSLA), are trading lower amid a rise in bond yields, which has weighed on growth stock valuations.",-0.998128738749074
2021-09-29 17:23:15+00:00,10 Consumer Discretionary Stocks With Unusual Options Alerts In Today's Session, This unusual options alert can help traders track potentially big trading opportunities. Traders often look for circumstances when the market estimation of an option diverges away from its normal worth. Unusual trading activity could push option prices to hyperbolic or underperforming levels. ,-0.991881081252359
2021-09-29 18:49:44+00:00,Elon Musk Acknowledges Therapeutic Potential Of Psychedelic Drugs: Will This Impact The Markets?,"Elon Musk expressed his support for the therapeutic potential of psychedelic drugs.

The Space X and Tesla (NASDAQ: TSLA) CEO shared his opinion on psychedelic substances in a Q&amp;A at the CodeCon event on Tuesday.",0.010443270104588
2021-09-30 18:58:18+00:00,10 Consumer Discretionary Stocks With Unusual Options Alerts In Today's Session, This unusual options alert can help traders track potentially big trading opportunities. Traders often look for circumstances when the market estimation of an option diverges away from its normal worth. Unusual trading activity could push option prices to hyperbolic or underperforming levels. ,-0.991881081252359
2021-09-30 19:34:45+00:00,Video: Police Safely Stop Tesla On Autopilot With Passed Out Suspected Drunken Driver,"Tesla Inc (NASDAQ: TSLA) is well known for the safety of its vehicles. This is brought together by multiple aspects including crash avoidance from Autopilot driver assist features, but also great crash test results, in case an accident does occur.",0.005556149262702
2021-10-01 16:51:09+00:00,10 Consumer Discretionary Stocks Showing Unusual Options Activity In Today's Session, This unusual options alert can help traders discover the next big trading opportunities. Traders will search for circumstances when the market estimation of an option diverges heavily from its normal worth. Unusual trading activity could push option prices to exaggerated or underestimated levels. ,-0.975804080022499
2021-10-01 18:23:13+00:00,'Judge shelves Nikola's $2 billion patent lawsuit against Tesla' -The Verge,,0.000283204164589
2021-10-02 16:52:48+00:00,"Tesla Q3 Deliveries Steamroll Past Estimates, Defying Supply Chain Shocks and China Demand Uncertainty","Tesla, Inc. (NASDAQ: TSLA) reported strong third-quarter deliveries that beat expectations of most analysts, aided by a late-quarter push. The company managed to weather several hiccups, including component and chip shortages, intensifying competition and demand slowdown in China.",0.999177748366492
2021-10-02 18:51:49+00:00,Why Tesla's Q3 Numbers Are 'Eye Popping' and Hard to Poke Holes In,"Tesla, Inc. (NASDAQ: TSLA)  reported  Saturday record quarterly deliveries despite the surrounding turbulence.",-0.832931742072105
2021-10-03 13:32:31+00:00,"@InsideEVs Reports 'As Demand Soars, Tesla Launches Largest Delivery Center In Asia'",,0.998362922196975
2021-10-04 18:11:11+00:00,Where Tesla Stands With Analysts," Within the last quarter, Tesla (NASDAQ:TSLA) has observed the following analyst ratings: ",-0.000015511854144
2021-10-04 18:12:53+00:00,10 Consumer Discretionary Stocks With Unusual Options Alerts In Today's Session, This unusual options alert can help traders track potentially big trading opportunities. Traders often look for circumstances when the market estimation of an option diverges away from its normal worth. Unusual trading activity could push option prices to hyperbolic or underperforming levels. ,-0.991881081252359
2021-10-05 18:50:21+00:00,"If You Invested $1,000 In Riot Blockchain Stock One Year Ago, Here's How Much You'd Have Now","Investors who have owned stocks in the last year have generally experienced some big gains. In fact, the SPDR S&amp;P 500 ETF Trust (NYSE: SPY) total return over the last 12 months is 31.8%. But there is no question some big-name stocks performed better than others along the way.",0.999386122624855
2021-10-05 19:39:57+00:00,Tesla Model 3 Is UK's Bestselling Car In September As Fuel Shortage Continues,The Tesla Inc (NASDAQ: TSLA) Model 3 was the company&#39;s first mass-market vehicle and has been a huge success.,0.998431137471925
2021-10-06 17:59:33+00:00,"GM 'Ultra Cruise' Is Coming In 2023, Lacks Key Feature Of Tesla's FSD Beta","General Motors Company (NYSE: GM) has unveiled its next-gen driver assist technology called Ultra Cruise. A step above Super Cruise, this driver assist system will use camera, radar and lidar sensors to navigate a vehicle over 2 million miles of paved roads.",-0.001355663465802
2021-10-06 19:28:04+00:00,Why This Analyst Thinks Tesla Stock Is Worth Far Less Than Its Current Valuation,"Following Tesla Inc.&#39;s (NASDAQ: TSLA) third-quarter deliveries update, an analyst at Needham thinks the stock&#39;s valuation is ",-0.996381029370241
2021-10-07 19:38:23+00:00,Tesla Annual Shareholder Meeting Began At 5:30 p.m. EDT (Link To Event In Body Of This Headline),,-0.000029550730687
2021-10-07 19:40:25+00:00,CORRECTION: Tesla Annual Shareholder Meeting Begins At 5:30 p.m. EDT,,-0.000031012601539
2021-10-08 18:26:13+00:00,10 Consumer Discretionary Stocks With Unusual Options Alerts In Today's Session," 

This unusual options alert can help traders discover the next big trading opportunities. Traders will search for circumstances when the market estimation of an option diverges heavily from its normal worth. Unusual trading activity could push option prices to exaggerated or underestimated levels.",-0.923118890728801
2021-10-08 18:53:27+00:00,Tesla's 'City Streets' Full Self-Driving Option Changes From 'Later This Year' to 'Coming Soon',Tesla Inc (NASDAQ: TSLA) has been promising customers &#34;city streets&#34; full of self-driving vehicles for many years.,0.999251030560117
2021-10-09 17:45:23+00:00,"5 Key EV Headlines You May Have Missed This Week: Tesla's Texas Show, Bulls Pile Into Nio, Plug 'Powers' Up, GM Goes All Out, Faraday Future Under Short Attack","Green energy stocks were swept in a green tidal wave in the week ending Oct. 8 amid a host of positive catalysts. The primary drivers were the broader market reversal, strong third-quarter deliveries reported by Tesla, Inc. (NASDAQ: TSLA) and positive sentiment toward Chinese EV stocks.",0.998519533750368
2021-10-09 18:57:39+00:00,"This Oil Company Has A Better 3-Month Return Than Dogecoin, Tesla And AMC","Since 1887, Marathon Oil has been a global leader in oil production, and in the past three months, a clear-cut favorite among bullish traders and investors. ",0.999321676441468
2021-10-10 14:19:44+00:00,"Tesla's Giga Shanghai-Made Cars Can't Drive Into India, Minister Says","Tesla, Inc.(NASDAQ: TSLA)&#39;s India foray has long been delayed as the world&#39;s largest EV maker continues to iron out differences with the Asian country with huge market potential.",-0.989521582843736
2021-10-10 17:38:07+00:00,"Class Of 2010: A Decade After Their IPOs, Where Are These Companies Now?",Initial public offerings provide companies with the wherewithal to pursue growth opportunities without having to bear the burden of repayment.,0.000014636167180
2021-10-11 15:25:29+00:00,Tesla Battery Supplier LG Energy Solutions To Go Public By Year-End: Report,"LG Energy Solutions, a supplier electric vehicle batteries to the likes of Tesla, Inc. (NASDAQ: TSLA), will go ahead with its planned initial public offering later this year, according to local media reports.",0.000511313344759
2021-10-11 16:30:07+00:00,Tesla Keeps Cruising Higher As Production Is About To Begin In New Factory,Tesla Inc. (NASDAQ: TSLA) shares are trading higher Monday after CEO Elon Musk said Saturday the company plans to start rolling cars off the production line at its new factory Giga Berlin.,0.999265623497195
2021-10-12 18:29:58+00:00,"Warren Buffett-Backed BYD Outsells Nio, XPeng And Li Auto Combined In September","BYD Company Limited (Pink: BYDDF), which has the backing of billionaire investor Warren Buffett, emerged as the leader in Chinese new energy vehicles sales in September.",0.840778725396376
2021-10-12 18:44:17+00:00,Tesla Shows How It Makes Its Cars Safer In A Crash In New Video,"Tesla Inc (NASDAQ: TSLA) makes some of the safest vehicles in the world, with the lowest probability of injury in a crash. Now Tesla is sharing how it achieves this metric.",0.989334172598319
2021-10-13 19:20:27+00:00,"Tesla Shares Quiet, Co. Tweets 'Safety will continue to improve via over-the-air updates'",,0.999448694463354
2021-10-13 19:26:14+00:00,"Tesla Shares Spike To New Session High On Increased Volume, Not Seeing Any News To Justify Move Higher; BZ Note: Co. Recently Tweeted Tesla Crash Lab Video On Data Safety",,0.999283298704540
2021-10-14 18:07:23+00:00,"Top 10 WallStreetBets Mentions Since Market Open, For Oct. 14, 2021",,-0.000017491332983
2021-10-14 19:31:34+00:00,Reaching For The Stars: Half Of Americans Want To Fly Into Space,"Where William Shatner goes, half of America wants to follow.

A new survey finds 49% of Americans are eager to climb into a rocket for a trip to the stars.",0.000803910304967
2021-10-15 16:21:30+00:00,Why Cramer Expects Tesla And This FAANG Stock 'To Be The Two Stars Of This Quarter',Tesla Inc (NASDAQ: TSLA) was featured on Jim Cramer&#39;s &#34;Mad Dash&#34; segment Thursday on CNBC.,0.001241803503945
2021-10-15 17:03:26+00:00,UPDATE: Jefferies On Tesla Price Target Raise: Firm Positive On 'Higher Capacity Ramp & Sustained Demand' Coupled With Soon-To-Be Launched Berlin Facility; Highlights Outperformance Amidst Supply Constraints In Sourcing Given Co.'s In-Sourcing Chip Design,,0.999393374106148
2021-10-16 14:14:41+00:00,"Benzinga's Bulls And Bears Of The Week: Coinbase, Netflix, PayPal, Pfizer, Tesla And More","


	Benzinga has examined the prospects for many investor favorite stocks over the past week. 
	
	Last week&#39;s bullish calls included a FAANG stock and a COVID-19 vaccine maker.
	
",0.023438866395736
2021-10-16 15:09:05+00:00,5 Key EV Headlines You May Have Missed This Week,"EV stocks extended the gains in the week ending Oct. 16, with EV giant Tesla, Inc. (NASDAQ: TSLA) spearheading the sector&#39;s advance.",0.999460474282387
2021-10-17 15:00:41+00:00,Top 10 WallStreetBets Mentions on Sunday,,-0.000011719064787
2021-10-17 15:25:22+00:00,Elon Musk Has Some Advice For Warren Buffett As Tesla Chief's Net Worth Exceeds The Combined Worth of The Billionaire Investor and Bill Gates,"Tesla, Inc.  shares have been on an upward trajectory since bottoming in mid-May.",0.999164429580560
2021-10-18 17:53:44+00:00,Why AMD Shares Are Rising,"Shares of several companies in the broader technology sector, including Advanced Micro Devices, Inc. (NASDAQ: AMD) are trading higher as investors anticipate earnings reports from major companies this week.",0.999393212608993
2021-10-18 19:38:38+00:00,Why Jim Chanos Is Still Short Tesla And This Tech Stock That's Up 15% YTD,"Kynikos Associates founder and famed short seller Jim Chanos still maintains short positions in Tesla Inc (NASDAQ: TSLA) and International Business Machines Corp (NYSE: IBM), he sa",0.999293185290298
2021-10-19 16:41:50+00:00,"Tesla Cybertruck Prototype Spied With Side Mirrors, Possible Rear Wheel Steering",The Tesla Inc (NASDAQ: TSLA) Cybertruck is one of the most hotly anticipated electric pickups coming to market.,-0.918963444535621
2021-10-19 18:12:49+00:00,Nikola Shares Spike Higher; The Verge Reports 'Nikola allowed to proceed with $2 billion patent lawsuit against Tesla',,0.999345632124459
2021-10-20 09:59:12+00:00,"A Peek Into The Markets: US Stock Futures Flat Ahead Of Earnings, Fed's Beige Book Report",Pre-open movers,-0.992129492573440
2021-10-20 18:39:08+00:00,Tesla Shares Pullback From Afternoon High Amid Circulation Of Report Co. 'No Where Near Ready For Full-Self Drive Rollout,,-0.996687390725128
2021-10-21 15:38:13+00:00,Corona Doom 2.0: Carter Worth Warns That Vaccine-Maker Moderna May Have Further To Fall. What To Do If You're Long.,"Moderna: Look Out Below?

COVID-19 vaccine maker Moderna, Inc. (NASDAQ: MRNA) was our top name in late August...

",-0.868915871018544
2021-10-21 16:57:33+00:00,Analyst Ratings For Tesla, Analysts have provided the following ratings for Tesla (NASDAQ:TSLA) within the last quarter: ,-0.000014371526049
2021-10-22 18:09:11+00:00,'Tesla China's launches new massive Delivery Center with Grand Opening Ceremony' -Teslarati,,0.000228738757869
2021-10-22 19:30:22+00:00,"Q3 Earnings Report Recap; TSLA, NFLX, JNJ, PG","Q3 earning season is currently underway, and most high-profile companies are delivering revenue beats. Yet, Q3 revenue is not the only thing investors are watching. Investors are interested in revenue growth, customer acquisition, and pace of growth alongside the balance sheet.",0.991203654790297
2021-10-23 15:00:44+00:00,"Why Tesla Is Potentially Disruptive For Legacy Players (A $15,000 EV Is One Of The Reasons)","Tesla, Inc.",-0.816353490692563
2021-10-23 16:12:36+00:00,"EV Week In Review: Tesla Steals The Show With Stellar Q3, Nio Confirms 'Nio Day 2021' Schedule, Foxconn's EV Push And More","EV manufacturers had a robust outing the week ending Oct. 22, thanks to Tesla, Inc. (NASDAQ: TSLA)&#39;s strong quarterly report. Most other green energy stocks, however, meandered through the week to close in the red.

Here are the key events that happened in the EV space during the week:",0.999374281367636
2021-10-24 13:59:46+00:00,"Is Tesla Late To Low-End China EV Party? As XPeng, Volkswagen Now Selling A $25,000 Car In China","Tesla, Inc. (NASDAQ: TSLA) has long been rumored to release a budget model of its EV at the sub-$25,000 price point. With the project yet to come to fruition, rival EV makers are pushing ahead in this cost-competitive segment in China, the hot-and-happening EV market.",0.408759095822461
2021-10-24 16:15:58+00:00,"Tesla Hikes Price Of Model X, Model S Variants By $5,000","Electric-car maker Tesla Inc (NASDAQ: TSLA) on Saturday announced a price hike of $5,000 for its Model X Long Range and Model S Long Range vari",0.986925382167101
2021-10-25 19:21:51+00:00,Why Plug Power Shares Are Rising,Plug Power Inc (NASDAQ: PLUG) shares are trading higher amid strength in EV-related names for the session. ,0.999466265755473
2021-10-25 19:28:11+00:00,Why Lucid Shares Are Rising,Lucid Group Inc (NASDAQ: LCID) shares are trading higher after the company tweeted photos of its vehicles on a transport truck. Lucid shares are also trading higher possibly amid strength in EV names following Tesla Inc&amp;#3,0.999336832377594
2021-10-26 18:32:10+00:00,'Tesla plans to appeal $137M payout in race discrimination case' -Teslarati Report,,0.074001595843583
2021-10-26 19:29:17+00:00,"After Tesla Hits $1-Trillion Valuation, Analyst Says Automaker Must Focus On These 2 Key Issues Next","Tesla, Inc. (NASDAQ: TSLA) stock is extending the gains from Monday, when it hit a $1-trillion market cap for the first time.",0.999322913135984
2021-10-27 17:33:40+00:00,"Tesla Supplier More Than Doubles Profit In Q3, Beats Consensus","
",-0.339983165264130
2021-10-27 19:30:19+00:00,GM Says Impact On 2021 Production From Global Semi Supply Shortage Exceeds Impact Of Production Suspensions In 2020 Due To COVID-19 Pandemic,,-0.995887642027810
2021-10-28 16:29:05+00:00,Tesla Option Alert: Fri $1100 Calls Sweep (5) near the Ask: 190 @ $9.848 vs 31560 OI; Ref=$1079.6599,,-0.000019787745259
2021-10-28 17:37:52+00:00,Why Lucid Motors Shares Are Trading Higher Today,"Shares of Lucid Group Inc (NASDAQ: LCID) traded higher Thursday morning, opening up nearly 5% and then reaching as high as nearly 40% higher from Wednesday’s close in anticipation of deliveries of the company&#39;s Lucid Air, which will begin October 30 with the exclusive ",0.999384759503300
2021-10-29 17:09:33+00:00,"'Tesla recalls about 2,700 Model 3 and Model Y vehicles over a suspension issue' -Electrek Report",,-0.924675687565468
2021-10-29 17:47:31+00:00,273 Chinese Companies Have Unauthorized Trademarks On Elon Musk's Name: Report,"Elon Musk’s ascension to the position of the world&#39;s richest man has been noticed by China’s small business sector, which seems to believe the Tesla Inc (NASDAQ: ",0.014306977929664
2021-10-30 15:49:36+00:00,"Doge, Shiba Inu Consolidate Following Week's Strong Run; Another Leg-up In The Cards?",The original meme token Doge (CRYPTO: DOGE) and its top meme competitor Shiba Inu (CRYPTO: SHIB) provided some excitement in this week&#39;s crypto market.,0.997508933156496
2021-10-30 19:06:19+00:00,"Barron's Latest Picks And Pans: Cinemark, Sonos, Robinhood, Royal Caribbean And More","


	This weekend&#39;s Barron&#39;s cover story examines how spending on better batteries will boost automakers in the EV race.
	
	Other featured articles discuss why investors should not ignore Dolan family companies and which movie theater operator is the better play.
",0.442387016722932
2021-10-30 21:28:29+00:00,"Elon Musk-Named Meme Token Dogelon Mars Gains Over 4000% in October To Reach All-Time High, Will It Beat Shiba Inu?",The cryptocurrency token Dogelon Mars (CRYPTO: ELON) reached an all-time high of $0.00000259 on Saturday. Gaining over 4000% after opening the month of October at $0.00000005.  ,0.999248787644319
2021-10-31 13:46:57+00:00,Bitcoin White Paper Turns 13 Years Old Today — What You Need To Know About The Document That Transformed The Financial World,The idea of Bitcoin (CRYPTO: BTC) was proposed in a white paper titled “Bitcoin: A Peer-to-Peer Electronic Cash System &#39;&#39; by a psedonymous author or authors named Satoshi Nakam,-0.000026886649721
2021-10-31 13:53:42+00:00,"Elon Musk Tweets: If WFP (UN World Food Program) can describe on this Twitter thread exactly how $6B will solve world hunger, I will sell Tesla stock right now and do it.",,-0.000013930792193
2021-11-01 18:15:03+00:00,Why Nio Shares Are Rising,"Nio Inc (NYSE: NIO) shares are trading higher, reversing following earlier weakness. The stock initially dipped after the company reported a 27.5% year-over-year dip in October vehicle deliveries.",-0.997243512654677
2021-11-01 19:37:46+00:00,Tesla Introduces Supercharger For Non-Tesla EVs,"
",0.000069060100941
2021-11-02 17:11:31+00:00,"EXCLUSIVE: GLJ Research Analyst Gordon Johnson Says Tesla 'Could Be One Of The Biggest Blow Ups Of All Time,' Notes 'Bubbles Burst'",,-0.989228198304772
2021-11-02 18:20:21+00:00,Gene Munster And Gordon Johnson Actually Agree On Something: A Tesla Stock Split,"Loup Funds&#39; Gene Munster and GLJ Research&#39;s Gordon Johnson are well known for taking opposing views when it comes to Tesla Inc (NASDAQ: TSLA). However, it seems the Tesla bull and bear are finally in agreement.",0.948621060408186
2021-11-03 17:38:16+00:00,Dozens Of Newly Produced Refresh Tesla Models S And X Spotted As Deliveries Accelerate,"Last month, Tesla Inc (NASDAQ: TSLA) finally began refresh Model X deliveries last month.",0.068816379411146
2021-11-03 19:39:21+00:00,Tesla To Make Its EVs Available To Uber's London Drivers: Report,Uber Technologies Inc (NYSE: UBER) is looking to expand its green energy drive to the U.K. ,0.998326591827208
2021-11-04 18:44:49+00:00,Tesla Has Opened Its Superchargers To The Competition And It's Causing Problems,Tesla Inc (NASDAQ: TSLA) has recently opened up a small part of its Supercharger network in the Netherlands to allow non-Tesla electric vehicles to charge at its stations. ,0.997805871724267
2021-11-04 19:10:07+00:00,InsideEVs Reports Panasonic Reveals Its Progress On Tesla 4680 Battery Cells,,0.584912337013520
2021-11-05 14:35:12+00:00,"Cathie Wood's ARK Invest Posts Fund Sales For Thursday, Nov. 4, 2021",,-0.000017764828954
2021-11-05 19:20:50+00:00,This Adult-Themed Cryptocurrency Wants To Offer An Alternative To OnlyFans: Here Are The Details On Its New NFTs,A cryptocurrency that went viral earlier this year thanks to a tweet from Tesla Inc (NASDAQ: TSLA) CEO Elon Musk could be back in the spotlight thanks to completing its Roadmap goal of launching non-fungible tok,0.454661256691907
2021-11-06 15:24:45+00:00,"EV Week In Review: Tesla Prevails Despite Hertz Deal Haziness, Nio Investors Take Setback In Their Stride, Volkswagen's Diess Calls For 'Revolution' To Take On Competition","Most EV stocks advanced in the week ending Nov. 5 amid sector wide optimism. EV market leader Tesla, Inc. (NASDAQ: TSLA) started the week on a tentative note but picked up momentum over the course of the week.

Here are the key events that happened in the EV space during the week:",0.999212613533018
2021-11-06 18:26:55+00:00,Apple Hires Tesla's Former Autopilot Software Director,"Apple Inc (NASDAQ: AAPL) is hiring Tesla’s (NASDAQ: TSLA) Autopilot software engineer to work on its Electric Vehicles (EV), ",0.000055487245845
2021-11-07 16:59:53+00:00,What Elon Musk Should Do With The Potential Proceeds From 10% Tesla Stake Sale: Twitter Has These Suggestions,"Tesla, Inc.",-0.000008968498150
2021-11-07 19:16:53+00:00,"If You Invested $100 In Shiba Inu Coin And Dogecoin On Jan. 1, 2021, Here's How Much You'd Have Now",Two of the most popular cryptocurrencies center on the Shiba Inu dog and have gained loyal communities. Both coins have also seen significant increases in their valuations in 2021.,0.999386949304608
2021-11-08 17:59:13+00:00,'Elon Musk Is Officially in the Texas Electricity Business' -Gizmodo Report,,0.000000923981133
2021-11-08 18:20:39+00:00,Geely Flares Up Tesla Rivalry With Electric Truck Debut,"
",0.991803160402924
2021-11-09 17:06:09+00:00,58 Stocks Moving In Tuesday's Mid-Day Session,"Gainers


	Dover Motorsports, Inc.  (NYSE: DVD) shares climbed 60.3% to $3.59 after Speedway Motorsports announced it will acquire the company for $3.61 per share in cash.
",0.999508580222027
2021-11-09 17:54:46+00:00,12 Consumer Discretionary Stocks Moving In Tuesday's Intraday Session, ,-0.000046849556384
2021-11-10 18:09:26+00:00,Why Tesla Shares Are Rising,Tesla Inc (NASDAQ: TSLA) shares are trading higher amid continued volatility in EV names and as the stock rebounds following speculation of a stock sale by Elon Musk. A Reuters report highlighted global automakers plan to spend over $500 billion on EVs through 2030.,0.965731428004801
2021-11-10 19:03:46+00:00,3 Ways Elon Musk Could Invest His $20 Billion After Selling Tesla Stock,Tesla Inc. (NASDAQ: TSLA) shares crashed on Monday when CEO Elon Musk shocked Twitter (NYSE: TWTR) with an unusual proposition: he pledged to unload 10% of his Tesla shares if his followers voted accordingly.,-0.992691486608237
2021-11-11 17:09:51+00:00,"'Tesla Supercharger network reaches new milestone: 30,000 chargers worldwide' -Electrek Report",,0.998318570520496
2021-11-11 19:24:40+00:00,"PreMarket Prep Stocks Of The Day: Breaking Down Disney, Tesla Technicals",One advantage to listening to the PreMarket Prep show: hot stocks for the day are discussed at length from both and technical and fundamental viewpoints. No other financial broadcasts have the time or the talent to do this.,0.162118462729268
2021-11-12 17:53:26+00:00,Elon Musk's SpaceX To Launch 53 Broadband Satellites On Saturday,"Elon Musk’s SpaceX will launch a stack of 53 Starlink broadband satellites on Saturday morning, its first Starlink launch since May.

What Happened: The launch, which was originally planned for Friday but delayed due to unsatisfactory weather conditions, will be the 25th Falcon 9 mission for SpaceX this year.",-0.000077629643783
2021-11-12 18:01:32+00:00,Tesla Flashes Warning Signals Following Elon Musk's Selling Spree,"On Thursday, Tesla, Inc (NASDAQ: TSLA) reached a milestone with 30,000 superchargers stationed worldwide, ahead of its plans to open the network to other brands of electric vehicles.",0.998981096141506
2021-11-13 16:01:20+00:00,"Shibetoshi Nakamoto Says Dogecoin Is Superior To Shiba Inu And Bitcoin, Elon Musk Agrees","Dogecoin (CRYPTO: DOGE) co-creator Billy Markus, who goes by the username Shibetoshi Nakamoto on Twitter, says Dogecoin’s low fees make it ideal for all sorts of transactions.",0.995810231339419
2021-11-13 16:48:14+00:00,"EV Week In Review: Tesla'a Musk Walks The Talk, Nio's Forward Commentary Appeases Street, Rivian Sizzles With Its IPO, Lordstown Hit By Further Delay","Earnings were front and center, catalyzing stock moves in the week ending Nov. 12, while Tesla, Inc.",-0.784689732128754
2021-11-13 17:20:48+00:00,2 Reasons Why Rivian Shares Are Spiking Higher,"EV maker Rivian Automotive, Inc. (NASDAQ: RIVN)  debuted  on Wall Street with a bang.",0.998831222124863
2021-11-14 18:29:27+00:00,Elon Musk Insults Bernie Sanders On Twitter: The Dis You Need To Know About,Tesla (NASDAQ: TSLA) chief Elon Musk took to Twitter (NYSE: TWTR) to mock Sen.,-0.000199651876756
2021-11-15 16:58:33+00:00,Why Tesla Shares Are Falling,Tesla Inc (NASDAQ: TSLA) shares are trading lower after CEO Elon Musk sold stock in the company last week.,-0.995072397083277
2021-11-15 19:02:59+00:00,'Tesla Model S/X deliveries slip all the way to 2023 for cheapest version' -Electrek Report,,-0.993936887389282
2021-11-16 19:20:05+00:00,Revisiting Chinese Stocks On Xi's Coronation,"The West thought that capitalism would help remake China in its image. Instead, China remade capitalism in its image. Now, Xi Jinping has taken a step further by hoping to remake China his image.",0.024950638762675
2021-11-16 19:40:54+00:00,"Top 10 WallStreetBets Stocks Since Market Open For Nov. 16, 2021",,-0.000020355553715
2021-11-17 18:16:12+00:00,"'Lucid, Rivian among finalists for North American Car, Truck and Utility of the Year' -Automotive News Report",,0.000039847473090
2021-11-17 18:30:19+00:00,'Tesla (TSLA) secures new 197 MWh Megapack order to go on its Autobidder AI platform' -Electrek Report,,0.998324766391306
2021-11-18 18:03:33+00:00,"Tesla, Electric SUVs See Disappointing Reviews From Consumer Reports","Consumer Reports ranked Tesla Inc NASDAQ: TSLA) next to last for reliability among 28 automakers.

Tesla vehicles and electric SUVs from competitors are among the least reliable models sold in the United States, according to Consumer Reports.",-0.997676332073752
2021-11-18 18:22:06+00:00,"5 Things You Might Not Know About Kabosu, The Good Boy That Inspired Dogecoin And Shiba Inu",A meme of a dog inspired the creation of several cryptocurrencies like Dogecoin (CRYPTO: DOGE) and Shiba Inu Coin (CRYPTO: ,0.000058157973399
2021-11-19 18:51:21+00:00,Tesla Has Already Begun Retrofitting USB Ports As Supply Chain Issues Seem to Lessen,"Earlier this week, it was reported that Tesla Inc (NASDAQ: TSLA) was delivering some Model 3 and Y vehicles with missing USB C ports and wireless charging.",-0.971222488908097
2021-11-19 19:18:47+00:00,Why This Investor Is Buying Tesla Stock Following Pullback,"Tesla Inc&#39;s (NASDAQ: TSLA) stock has been trending higher over the last month as momentum traders pile into the name. Although the stock is still up more than 20% over a one-month period, it has pulled back about 10% from recent highs.",0.998824279755354
2021-11-19 22:54:34+00:00,Tesla Now Offers A Gift Card Option In Elon Musk's And The Internet's Favorite Numbers: $69 And $420,"Tesla, Inc.&#39;s (NASDAQ: TSLA) loyal fan base now has another reason to cheer, as the EV giant is providing a gift card option.",0.998742783238413
2021-11-20 16:02:38+00:00,"Musk Is Hands-On: After Server Outage Worldwide, Tesla CEO Confirms Tesla App Is Back Online","Tesla, Inc. (NASDAQ: TSLA) app experienced a server outage Friday night that left some owners locked out of their cars.",-0.973782722605392
2021-11-20 17:47:14+00:00,Nio Mops Up $2B Following Closure Of At-the-Market Offering; Can Its Beaten Down Stock Find Redemption?,"Nio, Inc. (NYSE: NIO) shares fell over 9% in the week ending Nov. 19, underperforming most of its EV peers. The stock, however, saw an upward bounce in late trading on Friday.",-0.968673186376691
2021-11-20 20:45:46+00:00,"EV Week In Review: Musk Tapers Stake Sale, Apple Car Chatter Resurfaces, XPeng Unveils New SUV, Rivian, Lucid Caught Up In Irrational Exuberance And More","EV stocks turned in mixed performances for the week ending Nov. 19. EV makers swayed to stock-specific news, while charging stocks pulled back amid profit taking following a strong week of gains.

Here are the key events that happened in the EV space during the week:",-0.956954305991530
2021-11-22 18:28:49+00:00,"Watching Tesla Shares; Traders Circulate TorqueNews Report 'Data Shows Over 3 Million Tesla Cybertruck Orders, And It's Not Surprising'",,0.015811895369552
2021-11-22 18:31:10+00:00,'Tesla Giga Shanghai's Parking Is Almost Full Of New Cars' -InsideEVs Report,,0.000210231453821
2021-11-23 17:57:27+00:00,"Tesla Shares Continue Lower, Nearing $1,100 Level",,-0.996624607127160
2021-11-23 18:06:32+00:00,'Europe: Tesla Navigation Now Includes Fastned Charging Stations' -InsideEVs Report,,0.000511234207806
2021-11-24 18:16:02+00:00,'Elon Musk has now unloaded about $10 billion of Tesla stock' -Electrek Report,,0.269748050603084
2021-11-24 19:38:47+00:00,'Tesla (TSLA) sends ultimatum to buyers who keep delaying deliveries' -Electrek,,-0.972074595163576
2021-11-26 15:55:25+00:00,"Shiba Inu Weathers Crypto Sell-off Relatively Better, Becomes The First Memecoin To List In South Korea","Cryptocurrencies are sinking along with the rest of the financial markets on Friday amid concerns over a new variant of the COVID-19 virus that is threatening to derail the post-pandemic recovery. Meme crypto Shiba Inu (CRYPTO: SHIB), however, is faring relatively better.",0.996627071523108
2021-11-26 18:36:25+00:00,Tesla Withdraws Application For $1.3B In German Subsidies,"Tesla, Inc.",-0.000109376560431
2021-11-27 14:46:38+00:00,"EV Week In Review: Tesla Hikes Prices Amid Supply Chain Challenges, XPeng Impresses With Q3, Rivian Sounds Out R13 Delay, LA Auto Show And More","EV stocks were mostly lower in the holiday-shortened week ending Nov. 26, with much of the weakness attributed to the late-week across-the-market sell-off due to fears over a &#34;more serious&#34; COVID-19 variant strain originating in South Africa.

U.S.-listed Chinese EV startups however, managed to carve out gains for the week.",-0.996792530873790
2021-11-27 17:55:44+00:00,"Benzinga's Bulls And Bears Of The Past Week: Johnson & Johnson, Nike, Apple, Tesla And More","
	Benzinga has examined the prospects for many investor favorite stocks over the past week. 
	Last week&#39;s bullish calls included a big tech company and a popular footwear maker.
",0.773147219326347
2021-11-28 16:07:13+00:00,Why Elon Musk Wants Employees To Shift Focus From Expediting Deliveries To Curbing Costs,"Tesla, Inc. (NASDAQ: TSLA) typically does a &#34;quarter-end push&#34; to achieve delivery targets, and its CEO Elon Musk has a habit of sending internal memo to motivate employees to accomplish this objective.",0.000076700802310
2021-11-28 17:59:19+00:00,Tesla Set to Begin Production At Giga Berlin In December: Report,"Tesla, Inc. (NASDAQ: TSLA)&#39;s long wait  to get production lines rolling at its Giga Berlin could be over.",-0.017308792885160
2021-11-29 18:15:52+00:00,"Elon Musk, Responding To Teslarati Report On Tesla's End-Of-Quarter Vehicle Delivery Blitzes Tweets 'It will still be very intense, just slightly less than in the past'",,-0.989453512360342
2021-11-29 19:36:36+00:00,"Rivian's First Towing Efficiency Test Shows Big, but Manageable, Losses in Range",Rivian Automotive Inc (NASDAQ: RIVN) recently started deliveries of its long-anticipated R1T all-electric pickup truck.,-0.955177983269095
2021-11-30 16:45:32+00:00,Could A SpaceX IPO Happen? Elon Musk's Tweet Gets Investors Excited,One of the highest-valued private companies could soon do an IPO if hints from the company’s CEO turn out to be true.,0.992656376620289
2021-11-30 16:53:04+00:00,Tesla Whale Trades For November 30,"A whale with a lot of money to spend has taken a noticeably bearish stance on Tesla.
Looking at options history for Tesla (NASDAQ:TSLA) we detected 1000 strange trades.",-0.996424275799654
2021-12-01 19:35:37+00:00,Elon Musk's Brother Kimbal Launches Crypto Project,Kimbal Musk — the billionaire brother of Tesla Inc. (NASDAQ: TSLA) technoking Elon Musk — has announced the launch of a decentralized autonomous organization (DAO) aimed to allow for &#34;decentralized philanthropy.&#34;,0.000155829246069
2021-12-01 19:36:26+00:00,"Tesla's Stock Gets Pulled Down By Market Turmoil, But Will It Hold This Bullish Pattern?","Tesla, Inc (NASDAQ: TSLA) will be required to pay thousands of its electric vehicle owners $16,000 USD each if the automaker and technology company declines to appeal a judgement delivered in a Norwegian court, according to an ",-0.995180473546498
2021-12-02 17:34:29+00:00,Elon Musk Takes A Dig At Biden? 'Age Limit For Running For Political Office Should Be Just Below 70',"Highly opinionated Tesla, Inc. (NASDAQ: TSLA) CEO Elon Musk,  who also runs the SpaceX rocket company, offered his take on Thursday about a political topic.",-0.000054244592320
2021-12-02 18:29:51+00:00,"'Tesla asks US Government to waive tariffs on graphite from China, says it can't get it elsewhere' -Electrek Report",,-0.048211175948381
2021-12-03 17:29:45+00:00,"Elon Musk Confirms Tesla's First Cybertrucks Will Be Quad Motor, 4-Wheel Steering And Other Updates","Tesla Inc&#39;s (NASDAQ: TSLA) most anticipated vehicle, the Cybertruck, has been delayed to the end of 2022.

When revealed in 2019, there were single, dual, and tri-motor variants to choose from. But CEO Elon Musk has said the Cybertruck has had multiple updates.",-0.000125600847241
2021-12-03 18:23:08+00:00,Tesla Model Y Wins 'People's Favorite' Award In Norway For 2022,"This year, the Tesla Inc (NASDAQ: TSLA) Model Y started outselling the Model 3 in China. CEO Elon Musk expects the Model Y could be the best selling vehicle world wide by 2023.",0.998829224292422
2021-12-04 17:12:54+00:00,"EV Week In Review: Industry Sinks With Broader Market, Musk Hints At Earnings Call Appearance, Nio's Deliveries Rebound, Toyota Teams Up With Buffett-Backed BYD","EV stocks were swathed in a sea of red in the week ending Dec. 3, with the Omicron variant threat and fears concerning a potential delisting of Chinese EV makers responsible for much of the weakness. The sell-off in the U.S.-listed Chinese EV stocks came despite the companies churning out encouraging November delivery numbers.",-0.994967070873827
2021-12-04 19:40:01+00:00,Elon Musk's Wealth Declines By $15B As Tech Stocks Plunge,"The stock market saw an overall plunge on Friday after a discouraging November jobs report coupled with Covid Omicron variant concerns. 

Technology stocks were among the most notable losers on Friday as Tesla Inc (NASDAQ: TSLA) fell 6.4%. ",-0.998214946885128
2021-12-05 18:40:33+00:00,"Elon Musk Criticizes NFTs And Web3, Posts A Famous Urinal Cartoon",Tesla Inc (NASDAQ: TSLA) CEO Elon Musk shared a meme on Twitter and posted a three-panel version of the famous &#34;Urinal Etiquette&#34; cartoon. ,-0.000018238530174
2021-12-05 19:27:23+00:00,Rivian Gets Maiden Bullish Recommendation Despite Lofty Post-IPO Valuation; 'EV Maker In Catbird's Seat To Take Considerable Market Share',"EV startup Rivian Automotive, Inc.",-0.790203005075455
2021-12-06 17:31:18+00:00,'Elon Musk has increased his Tesla holdings even after selling off his TSLA shares' -Teslarati Report,,0.998247728959541
2021-12-06 18:58:30+00:00,UK And Norway Hit Record EV Market Share In November: What Are the Top Brands?,"Two European countries saw a strong market share for electric vehicles in the month of November.

The growth of electric vehicles comes as countries are banning non-electric vehicles in the future. Here is a look at how the two countries are growing and what brands are winning.",0.999477986566490
2021-12-07 18:00:33+00:00,Elon Musk Says 'Cool Stuff' Coming In Tesla Holiday Update: Here Are Some Ideas,"For a few years around the holidays, Tesla Inc (NASDAQ: TSLA) has released an update that adds exciting new features to its vehicles.",0.164403391594533
2021-12-07 18:50:46+00:00,New York's Horizons Psychedelic Conference Highlights Big Donations In The Growing Industry,Venture capitalist and businessman Stephen Jurvetson is joining an expanding group of prominent investors who are backing research into psychedelic ventures.,0.480600411188789
2021-12-08 18:26:39+00:00,"Pete Buttigieg Responds To Elon Musk: Electric Vehicle Shift Already Happening, Government Can Help In 3 Ways",Tesla has enjoyed being the market share leader in electric vehicles in the United States for years. The company now faces increased competition from startups and traditional automakers shifting to the growing sector.,0.999386152092484
2021-12-08 18:52:17+00:00,"Top 10 WallStreetBets Stocks Since Market Open For Dec. 8, 2021",,-0.000020881456294
2021-12-09 12:14:27+00:00,Tesla Filed U.S. Patent Application #20210385073 'AUTONOMOUS DRIVING CONTROLLER ENCRYPTED COMMUNICATIONS',,-0.000020835610485
2021-12-09 17:04:59+00:00,'Tesla has integrated an ICEing combat system in its Smartphone App in China' -Teslarati Report,,0.000257769075688
2021-12-10 18:16:00+00:00,"Elon Musk Tweets 'Cybertruck can have any color you want, so long as it's nothing'",,-0.000015308767615
2021-12-10 18:35:36+00:00,Elon Musk Tweets 'Mars & Cars' BZ NOTE: marsandcars.com Redirects To Starlink's Website,,-0.000009602816135
2021-12-11 13:26:54+00:00,"EV Week In Review: Musk's Bizarre 'Quitting' Tweet, Lucid In Eye Of SEC Storm, Ford F-150 Lightning Reservations, Exodus Continues At Apple Car Project And More","EV stocks had a mixed outing in the week ending Dec. 10, as buying set in motion by bargain hunting after the previous week&#39;s declines was tempered by some stock-specific negative news.

Here are the key events that happened in the EV space during the week:",-0.992814909666777
2021-12-11 16:19:44+00:00,Dogecoin Tesla Cybertruck In Gold/Bronze Color? Elon Musk Says That Would Be Sick,Tesla Inc.,-0.284512721002102
2021-12-13 19:02:24+00:00,'Tesla will build Nevada's largest Supercharging Station at Primm Valley Resort' -Teslarati Report,,0.000049064838095
2021-12-13 19:06:11+00:00,What's Up With Tesla's Stock After Elon Musk Named Time Person Of The Year?,Tesla Inc. (NASDAQ: TSLA) shares were trading lower Monday and near support in a pattern.,-0.997098655061563
2021-12-14 18:26:26+00:00,"Merck, P&G Among Partners Launching Research To Int'l. Space Station Via SpaceX CRS-24",,-0.000007843220374
2021-12-14 19:06:40+00:00,Elon Musk Sends Dogecoin Running Higher Once Again: Can The Crypto Maintain Momentum?,"Dogecoin (CRYPTO: DOGE) skyrocketed 44.85% at one point on Tuesday after Tesla, Inc (NASDAQ: TSLA) CEO Elon Musk ",0.999249552463880
2021-12-15 18:02:13+00:00,"'Polestar 2 single-motor variant gets 270-mile range, topping Tesla Model 3' -Automotive News",,0.999344163443311
2021-12-15 19:31:37+00:00,Senior US Senator Joe Manchin Is Pushing For New Limits On Electric Vehicle Tax Credit,,-0.000183236086741
2021-12-16 18:50:31+00:00,$973M In Dogecoin Transferred To Unknown Wallet After Tesla Announcement,"On Tuesday, an anonymous whale wallet transferred $973 million in Dogecoin (CRYPTO: DOGE) to two separate wallets.",0.000359194731573
2021-12-16 19:03:34+00:00,"Elon Musk Tweets 'Giga Texas is a $10B+ investment over time, generating at least 20k direct & 100k indirect jobs'",,0.138183428556658
2021-12-17 18:04:53+00:00,"Top 10 Wall Street Bents Stocks Since Market Open For Dec. 17, 2021",,-0.000026270688977
2021-12-17 19:34:14+00:00,NYPD Could Purchase 250 Tesla Cars For Police Force: What Investors Should Know,"The nation’s largest police forces could soon be driving electric vehicles from Tesla Inc (NASDAQ: TSLA), according to a Bloomberg report. ",0.000143879693496
2021-12-18 16:36:53+00:00,"Cathie Wood Says Innovation Stocks Are In 'Deep Value' Territory, Tweets 'Truth Will Win Out', Musk Says Interesting","In a recent blog post Cathie Wood, the founder and CEO of Ark Investment Management, said that innovation stocks are in “deep value territory”. ",0.123029905254953
2021-12-18 19:37:11+00:00,"EV Week In Review: Double Crown For Tesla's Musk, Rivian's Q3 Spooks Investors, Toyota Charts Out Ambitious EV Plan, Arrival Out With Its Prototype And More","Stung by the broader market weakness and deterioration in sentiment toward Chinese stocks, the EV sector closed the week ending Dec. 17 mostly in the red. Tesla, Inc. (NASDAQ: TSLA) came under selling pressure amid further stock sales by CEO Elon Musk.",-0.994947649189271
2021-12-19 15:51:25+00:00,Tesla Investor Sues CEO Elon Musk Over His Twitter Poll Leading To 10% Stock Sale,Tesla (NASDAQ: TSLA) shareholder David Wagner has filed a lawsuit against the company after CEO Elon Musk sold a portion of his Tesla stock based on a Twitter poll he conducted.,-0.930863635148853
2021-12-20 17:52:49+00:00,'Tesla 4680 Cell Production Stations Spotted Inside Giga Texas' -InsideEVs Report,,-0.000002187240170
2021-12-20 18:24:20+00:00,Here's When This Investor Expects Tesla Stock To Rise Again,"Guggenheim analyst Ali Faghri initiated coverage on Tesla Inc (NASDAQ: TSLA) with a Neutral rating. Faghri is positive on Tesla&#39;s long-term outlook, but the analyst warned that the entire EV space could experience slower growth than many are anticipating.",0.995368435978889
2021-12-21 17:40:08+00:00,"IIHS Releases Crash Test Video, Awards Tesla Model Y Top Safety Pick+",Tesla Inc (NASDAQ: TSLA) is focused on the safety of its vehicles. Elon Musk has said he values safety more than any other CEO.,0.219537165423390
2021-12-21 17:58:30+00:00,Karat Packaging Plans Logistics Service Expansion; Orders For 10 Tesla Semi Trucks,"
",0.000375253592210
2021-12-22 18:40:18+00:00,Tesla Shoots Higher After Elon Musk Says He's Finished Selling: Can The Stock Change Trend?,"Tesla, Inc (NASDAQ: TSLA) was trading up over 7% on Wednesday as the possible start to the “Santa Claus rally” got underway, with the SPDR S&amp;P 500 rising over 3% between Friday’s low-of-day and Wednesday afternoon.",0.999393222256913
2021-12-22 19:30:25+00:00,"Tesla Shares Pullback ~$5-$6 As Price Fails To Retake $1,000 Level; Shares Up 6% For Session To Around $996",,0.998798549000639
2021-12-23 18:05:34+00:00,Just Where Does Elon Musk Live? Tesla Chief Denies Report He's In A $12M Austin Mansion,"While Elon Musk has called attention to the divestiture of his real estate holdings and his decision to rent a modest property in Texas, a ",-0.000067344419222
2021-12-23 18:06:54+00:00,'Tesla Secures Contract With Hyundai Glovis To Ship Cars Out of China' -Inside EVS,,0.998695169138955
2021-12-23 21:15:23+00:00,"Chart Wars: Why Dogecoin, Ethereum Classic's Bullish Trends Could Snowball Over Holiday Weekend","Dogecoin (CRYPTO: DOGE) and Ethereum Classic (CRYPTO: ETC) have been trading in unison recently, with each following the price movements of Bitcoin (CRYPTO: ",-0.913193993270397
2021-12-24 17:44:51+00:00,A Christmas Wish List For EV Makers,"Wall Street is unanimous about the massive electric vehicle market opportunity set to unfold in the coming years. Against this backdrop, an analyst at Wedbush pondered what could be on Christmas wish lists for the EV makers.

Christmas Wish List:  The EV sectors would be hoping for two things heading into Christmas and the end of the year, Ives said.",0.001829052242101
2021-12-25 13:27:14+00:00,"CNBC's Final Trades: Uber Technologies, Boeing, ViacomCBS And This Automaker","On CNBC’s “Halftime Report Final Trades,” Jon Najarian said that there was unusual activity in Uber Technologies Inc (NYSE: UBER) and that he had about the December 31 40-strike ",-0.000118399795610
2021-12-25 15:14:09+00:00,Elon Musk-Named Token Dogelon Mars Gains 50% This Week Beating Shiba Inu And Dogecoin,"Over the last one week, cryptocurrency token Dogelon Mars (CRYPTO: ELON) has surged by nearly 50%, competing with Dogecoin (CRYPTO: DOGE) and Shiba Inu (CRYPTO: ",0.999447410446010
2021-12-26 13:01:53+00:00,Will Dogecoin Or Shiba Inu Grow More In 2022?,"Every week, Benzinga conducts a survey to collect sentiment on what traders are most excited about, interested in or thinking about as they manage and build their personal portfolios.",0.985099128796719
2021-12-26 18:43:06+00:00,"Ray Dalio Says Bitcoin Will Not Hit $1M, Calls Elon Musk Plan To Put Dogecoin On The Moon 'Cute'","Ray Dalio, the founder of the world&#39;s largest hedge fund, Bridgewater Associates, says that Bitcoin (CRYPTO: BTC) will not be able to reach the $1 million mark as he thinks it will not surpass gold.",-0.989038962114137
2021-12-27 18:42:57+00:00,Will The Santa Rally Lead Wall Street To New All-Time Highs Soon?,"The S&amp;P 500 and Nasdaq made new highs during a strong earnings season in November 2021, even with raising concerns about inflation and ongoing supply chain problems.

Trillion Dollar Companies Dominate The Market",0.999418411447550
2021-12-27 19:05:07+00:00,"Top 10 WallStreetBets Mentions for December 27, 2021 Since 9:30 AM Open: TSLA, GME, AMZN, NVDA, AMD, AAPL, PLTR, NIO, MSFT, BABA",,-0.000019157523639
2021-12-28 17:39:05+00:00,10 Consumer Discretionary Stocks With Whale Alerts In Today's Session,"This whale alert can help traders discover the next big trading opportunities.
Whales are entities with large sums of money and we track their transactions here at Benzinga on our options activity scanner.",0.000179341841431
2021-12-28 18:02:36+00:00,Read BofA's Take On U.S. Light Vehicle Sales,"
	BofA analyst John Murphy sees U.S. light-vehicle sales down ~20% year-over-year in December on a selling day adjusted basis yielding a seasonally adjusted annualized rate of 12.9 million vehicles.
	Murphy said that the expected weak performance reflects depressed sales due to the ongoing supply shock.
",-0.998129521962255
2021-12-29 17:58:20+00:00,"7 Top Benzinga Interviews You Must Watch From 2021: Tesla, Tilray, Dogecoin And More","2020 was a pandemic-stricken year that left many of us wondering what 2021 would bring. Would people continue to work remotely? Would Bitcoin (CRYPTO: BTC) reach $100,000? Would the SPAC trade remain hot? Are NFTs just JPEGs?",-0.439677191432565
2021-12-29 18:17:02+00:00,10 Consumer Discretionary Stocks With Whale Alerts In Today's Session,"This whale alert can help traders discover the next big trading opportunities.

Whales are entities with large sums of money and we track their transactions here at Benzinga on our options activity scanner.",0.000198005873244
2021-12-30 17:39:32+00:00,10 Consumer Discretionary Stocks Whale Activity In Today's Session,"This whale alert can help traders discover the next big trading opportunities.
Whales are entities with large sums of money and we track their transactions here at Benzinga on our options activity scanner.",0.000285380359855
2021-12-30 17:40:30+00:00,"Top 10 WallStreetBets Mentions for December 30, 2021 Since 9:30 AM ET Open: TSLA, NIO, BABA, SOFI, GME, NVDA, AMD, PLTR, HOOD, AAPL",,-0.000021097381250
2021-12-31 17:42:55+00:00,10 Consumer Discretionary Stocks With Whale Alerts In Today's Session," 

This whale alert can help traders discover the next big trading opportunities.

Whales are entities with large sums of money and we track their transactions here at Benzinga on our options activity scanner.",0.000326942004904
2021-12-31 18:15:56+00:00,(TSLA) - Tesla Inc's Short Interest Up 3%,"Tesla Inc&#39;s (NASDAQ:TSLA) short interest has increased 3% since the last report. The company recently reported that it has 26 million shares sold short, which is 3.25% of its float, the amount of regular shares that are available to investors for trading.",0.999508553592023
2022-01-01 17:31:24+00:00,Top 25 WallStreetBets Mentions for 2021,,0.000006307964213
2022-01-01 19:19:57+00:00,"Barron's Latest Picks And Pans: Tesla, Exxon Mobil, Advanced Micro Devices, Hertz And More","
	This weekend&#39;s Barron&#39;s cover story looks back at the market records set in 2021 despite uncertainties surrounding a new COVID variant.
",0.000097910204204
2022-01-02 16:26:09+00:00,"Dogecoin More Popular Than Bitcoin On Reddit In 2021, Tesla Getting Into Bitcoin Among Top Posts","According to Reddit’s end-of-year survey, the Dogecoin (CRYPTO: DOGE) subreddit was more popular than Bitcoin (CRYPTO: BTC) in 202",0.997331584803760
2022-01-02 18:14:40+00:00,"Tesla Q4 Deliveries Beat Consensus By A Mile, Pushing Annual Sales To Nearly 1M","Tesla, Inc. (NASDAQ: TSLA) reported record quarterly and annual deliveries that exceeded the most optimistic Wall Street forecasts.",0.999414363934193
2022-01-02 22:18:59+00:00,"Top 10 Most Searched Tickers On Benzinga Pro In 2021: Tesla, Apple, AMC, GameStop And More","Many of Benzinga’s most read stories in 2021 centered on the world of cryptocurrency, with Dogecoin (CRYPTO: DOGE) receiving huge interest from investors and readers.",0.971329097752459
2022-01-03 10:27:14+00:00,"5 Stocks To Watch For January 3, 2022",Some of the stocks that may grab investor focus today are:,-0.000020880965167
2022-01-03 19:39:41+00:00,Mid-Afternoon Market Update: Dow Surges 150 Points; Applied Therapeutics Shares Slide,"Toward the end of trading Monday, the Dow traded up 0.43% to 36,496.18 while the NASDAQ rose 0.93% to 15,790.97. The S&amp;P also rose, gaining 0.43% to 4,786.68.",0.999495630385354
2022-01-04 18:19:56+00:00,"Watching Tesla Shares; CFRA Upgrades To Buy, Sets $1,250 Price Target",,0.998451613864745
2022-01-05 17:15:28+00:00,"GM Unveils The Iconic Silverado In Electric Avatar To Take On Ford, Tesla: Pricing, Range And More","General Motors Co (NYSE: GM)-owned Chevrolet on Wednesday launched the electric version of its most popular and profitable full-size pickup truck Silverado that would go on sale next year, starting at $39,900 with a range of over 400 miles.",0.002427748331684
2022-01-05 17:36:46+00:00,10 Consumer Discretionary Stocks With Whale Alerts In Today's Session,"This whale alert can help traders discover the next big trading opportunities.
Whales are entities with large sums of money and we track their transactions here at Benzinga on our options activity scanner.",0.000179341841431
2022-01-06 17:32:07+00:00,'Tesla's workforce expansion at Giga Shanghai will grow 'new model' line by 50%' -Teslarati,,0.999526116836932
2022-01-06 17:37:00+00:00,10 Consumer Discretionary Stocks Whale Activity In Today's Session,"This whale alert can help traders discover the next big trading opportunities.
Whales are entities with large sums of money and we track their transactions here at Benzinga on our options activity scanner.",0.000285380359855
2022-01-07 17:41:54+00:00,9 Consumer Discretionary Stocks Whale Activity In Today's Session,"This whale alert can help traders discover the next big trading opportunities.
Whales are entities with large sums of money and we track their transactions here at Benzinga on our options activity scanner.",0.000279493804555
2022-01-07 18:25:31+00:00,This Apple Co-Founder Sold His Stake For $800: How Much Would It Be Worth Now?,"A lot of people know of Steve Wozniak, one of the cofounders of Apple. Even more recognizable is Steve Jobs, the late cofounder and former CEO of Apple Inc (NASDAQ: AAPL).",0.000025124580134
2022-01-08 15:53:24+00:00,"Benzinga Bulls And Bears Of The Past Week: Tesla, ViacomCBS, Tilray, Salesforce And More",Benzinga has examined the prospects for many investor favorite stocks over the past week.,0.000062724713644
2022-01-08 18:56:33+00:00,Tesla To Hike Controversial Full Self-Driving Package To $12K Beginning January 17: Elon Musk Confirms,"Tesla Inc (NASDAQ: TSLA) will soon increase its full self-driving software price in the U.S., CEO Elon Musk confirmed through a series of tweet.",0.998749015489011
2022-01-09 15:08:02+00:00,GM's Electric Silverado Vs. Ford's F-150 Lightning: Which Is The Better Electric Truck?,General Motors Co (NYSE: GM) last week revealed a key product that will put it in a definitive head-to-head clash with legacy rival Ford Motor Co (NYSE: F) in the full-size electric pickup truck category that is expected to,0.001145167101640
2022-01-09 15:49:21+00:00,"This Chipmaker Has A Better 1-Year Return Than Tesla, Microsoft, Apple, Riot Blockchain And Moderna","High-flying tech and growth stocks were among the most popular assets of traders and investors in 2021. And as of late, there have been a number of clear winners between the assets.",0.999254308670061
2022-01-10 17:36:36+00:00,10 Consumer Discretionary Stocks With Whale Alerts In Today's Session,"This whale alert can help traders discover the next big trading opportunities.
Whales are entities with large sums of money and we track their transactions here at Benzinga on our options activity scanner.",0.000179341841431
2022-01-10 18:46:32+00:00,Tesla Battery Supplier LG Energy Eyes $11B IPO: What You Need to Know,"South Korea&#39;s LG Energy Solutions, which  supplies  EV batteries to the likes of Tesla, Inc.",0.000032927942812
2022-01-11 16:47:56+00:00,"Tesla Analyst Hikes Price Target, Says The Company Can 'Make All Other EV Names Obsolete'","Tesla, Inc. (NASDAQ: TSLA) reported earlier this month record deliveries that came in notably above consensus expectations.",0.993519465439022
2022-01-11 17:36:01+00:00,10 Consumer Discretionary Stocks Whale Activity In Today's Session,"This whale alert can help traders discover the next big trading opportunities.
Whales are entities with large sums of money and we track their transactions here at Benzinga on our options activity scanner.",0.000285380359855
2022-01-12 16:53:29+00:00,"Top 10 WallStreetBets Mentions for January 12, 2022 Since 9:30 AM Open: TSLA, GME, LCID, BABA, TSM, NVDA, HOOD, MSFT, TELL, AMC",,-0.000022011736291
2022-01-12 17:36:44+00:00,10 Consumer Discretionary Stocks Whale Activity In Today's Session,"This whale alert can help traders discover the next big trading opportunities.
Whales are entities with large sums of money and we track their transactions here at Benzinga on our options activity scanner.",0.000285380359855
2022-01-13 18:00:14+00:00,Dogecoin Co-Creator Explains How DOGE Can Stay Relevant,Dogecoin (CRYPTO: DOGE) co-creator Billy Markus shared his views on the outlook for the meme-based cryptocurrency over the next few years.,0.007348216080572
2022-01-13 19:29:59+00:00,Why Tesla Shares Are Hitting The Brakes Today,"Tesla Inc (NASDAQ: TSLA) is trading lower Thursday. Weakness may be the result of multiple reports showing the company has removed the Cybertruck production date from its website, which has caused delay concerns.",-0.996311066759517
2022-01-14 16:46:27+00:00,Tesla Whale Trades Spotted,"A whale with a lot of money to spend has taken a noticeably bearish stance on Tesla.
Looking at options history for Tesla (NASDAQ:TSLA) we detected 315 strange trades.",-0.996753754909150
2022-01-14 19:19:08+00:00,10 Consumer Discretionary Stocks Whale Activity In Today's Session,"This whale alert can help traders discover the next big trading opportunities.
Whales are entities with large sums of money and we track their transactions here at Benzinga on our options activity scanner.",0.000285380359855
2022-01-15 18:14:46+00:00,"Tesla, Nio Battery Supplier CATL To Launch Battery Swapping Service: Report","Nio, Inc. (NYSE: NIO) has popularized battery swapping by setting up a network of battery swap stations and China and offering it as a service. A new report says the EV maker may soon have to contend with competition in this arena.",0.997457363177091
2022-01-15 18:53:55+00:00,Will Dogecoin Be The Biggest Meme Coin Gainer In January? How About For All Of 2022? Here's What New Polls Are Saying,Dogecoin (CRYPTO: DOGE) is currently ranked the 11th biggest cryptocurrencies in the market due to its growing community of holders and supporters.,0.000137793344038
2022-01-16 17:11:15+00:00,Tesla-Induced Boost Is Now Nearly Erased: What's Next For Dogecoin,"Dogecoin (CRYPTO: DOGE) received a nice boost on Friday when Tesla, Inc. (NASDAQ: TSLA) began accepting the meme currency as a payment method for some of its merchandise.",0.999424242443638
2022-01-16 19:39:00+00:00,The Next Metaverse Stock Could Be...Walmart?,"A new report indicates one of the world’s largest retailers is pushing into the metaverse, which would likely support a future multitrillion dollar opportunity for the emerging sector.",0.998754206419108
2022-01-17 17:19:14+00:00,Investing Your Savings in 2022: Five Trends That Continue Growing And Bring Income Despite The Pandemic,"In 2021, most hoped for the pandemic end and the start of the global economic recovery thanks to Covid-19 vaccines. But Delta and Omicron have come, making the markets continue shaking under pandemic winds yet realizing that the post-Covid, the reopened economy is on its way to going anyway:

First, stock markets have already priced in their expected gains from it.",0.999248906126013
2022-01-17 19:30:19+00:00,Dogecoin Pulls Back After Tesla's Merchandise Sale: Is The Crypto Resting Before Next Leg Up?,"On Monday, Dogecoin (CRYPTO: DOGE) continued to give back the gains, and more, that were propelled by Tesla, Inc’s (NASDAQ: ",0.999356938395067
2022-01-18 17:30:28+00:00,"Here's How Cadence Is Set To Gain Despite Competition From Tesla, Apple","
",0.998426564910915
2022-01-18 17:56:21+00:00,Tesla Could Be Gearing Up For A Breakout Soon: What's Next?,Tesla Inc. (NASDAQ: TSLA) shares are trading slightly lower Tuesday and are hanging near resistance in a pattern the stock has traded in for the past couple of weeks. A break above the resistance level will show strong bullish sentiment in the stock.,-0.992437932756729
2022-01-19 14:24:07+00:00,2021 Cryptocurrency Market Report And 2022 Predictions: HyperLinq's & Benzinga's Take,"When we look back at 2021, we’ll recognize it as the year many began taking cryptocurrencies seriously for the first time.",0.001208187830343
2022-01-19 17:38:57+00:00,10 Consumer Discretionary Stocks With Whale Alerts In Today's Session,"This whale alert can help traders discover the next big trading opportunities.
Whales are entities with large sums of money and we track their transactions here at Benzinga on our options activity scanner.",0.000179341841431
2022-01-19 19:29:17+00:00,"Ford's Stock Pulls Back, But Here's Why Bulls May Soon Regain Control",Ford Motor Co (NYSE: F) shares retreated over 7% by Wednesday afternoon as the stock took aim at a lower gap between $21.88 and $22.42 left behind on Jan. 4 when shares shot up almost 12% higher from the previous day’s closing price.,-0.997298084665090
2022-01-20 18:19:10+00:00,10 Consumer Discretionary Stocks Whale Activity In Today's Session,"This whale alert can help traders discover the next big trading opportunities.
Whales are entities with large sums of money and we track their transactions here at Benzinga on our options activity scanner.",0.000285380359855
2022-01-21 17:39:56+00:00,"Some Older, Pre-Heat Pump Teslas, May Now Be Having Heating Problems",Tesla Inc (NASDAQ: TSLA) has been quietly working to fix a problem with its heat pumps in its newer vehicles.,-0.972684936597943
2022-01-21 19:05:45+00:00,Why Tesla Shares Are Falling,Tesla Inc (NASDAQ: TSLA) shares are trading lower by 3.37% at $962.61 Friday afternoon amid overall market weakness as stocks continue to sell off amid weakness in Netflix (NASDAQ: NFLX).,-0.997748287772993
2022-01-22 16:05:35+00:00,"Benzinga Bulls And Bears Of The Past Week: ViacomCBS, Ford, Meta, Netflix, Microsoft, Tesla And More",Benzinga has examined the prospects for many investor favorite stocks over the past week.,0.000054294381698
2022-01-22 17:40:26+00:00,"These 2 Cryptos Named After Elon Musk's Dog Experiencing Massive Gains, Defying The Crypto Sell-off","Amid the crypto market rout, a few coins are towering tall, and two cryptos which are among the biggest gainers, are dog-themed currencies.",0.995742790342774
2022-01-23 17:02:54+00:00,"Top WallStreetBets Mentions for Sunday January 23, 2022: GME, TSLA, AAPL, MSFT, AMC, NFLX, PLTR, HOOD, NVDA, SOFI",,-0.000028928359825
2022-01-23 18:39:46+00:00,Nio's New ET5 Sedan Will Be Available In Norway And Other Markets By Spring 2023: Report,"Nio, Inc.",0.000003214161552
2022-01-24 18:15:46+00:00,Tesla Battery Supplier Panasonic To Begin Mass Production Of New Longer-Range EV Batteries In 2023: Report,Tesla Inc (NASDAQ: TSLA) supplier Panasonic Corporation (OTC: PCRFY) has fallen behind China&#39;s CATL and South Korea&#39;s LG Energy Solutions in battery manufacturing in rec,-0.997237725998275
2022-01-24 18:16:17+00:00,10 Consumer Discretionary Stocks Whale Activity In Today's Session,"This whale alert can help traders discover the next big trading opportunities.
Whales are entities with large sums of money and we track their transactions here at Benzinga on our options activity scanner.",0.000285380359855
2022-01-25 18:39:49+00:00,"'NIO, Xpeng Supplier Planning Massive Giga Press W/ Tesla Supplier -Inside EVs",,0.000013217169908
2022-01-25 19:19:38+00:00,GM To Invest $7B In Michigan To Support Goal Of Wresting EV Leadership From Tesla By 2025,General Motors Corporation (NYSE: GM) has committed additional investment to further its electric vehicle push as it plays catch-up with the incumbents.,0.999402842135169
2022-01-26 18:05:10+00:00,Hemp Car Batteries: 200 Times Cheaper To Produce Than Classic Batteries?,"By Franca Quarneti Via El Planteo.

Canadian and American researchers have developed batteries from hemp, which are used to power cars and tools.",0.995693843287881
2022-01-26 19:26:22+00:00,"Tesla Is One Step Away From Blue-Chip Status, Faces 'High Expectations' Right Now",Tesla Inc (NASDAQ: TSLA) is set to announce its fourth-quarter financial results after the market closes.,0.272569857537746
2022-01-27 18:01:21+00:00,10 Consumer Discretionary Stocks With Whale Alerts In Today's Session,"This whale alert can help traders discover the next big trading opportunities.
Whales are entities with large sums of money and we track their transactions here at Benzinga on our options activity scanner.",0.000179341841431
2022-01-27 18:27:32+00:00,Why Tesla Stock Needs To See A Bounce,Tesla Inc. (NASDAQ: TSLA) shares are trading lower after the company noted in its fourth-quarter earnings report that its factories have been running below capacity for several quarters due to supply chain issues that are likely to continue throughout 2022.,-0.997702936030691
2022-01-28 19:25:03+00:00,"Ganfeng Lithium Profit Soars On Skyrocketing Prices, as Company Moves Into Batteries","Key takeaways:


	Ganfeng Lithium said its profit last year surged as much as 4.37 times on soaring lithium prices
	Company’s new battery-related projects and new production capacity could provide important future growth engines


By Fai Pui",0.999492835369892
2022-01-28 19:36:12+00:00,Did Joe Rogan Get To Drive Tesla's Cybertruck?,Tesla Inc (NASDAQ: TSLA) CEO Elon Musk confirmed Wednesday that the company&#39;s highly anticipated Cy,0.946587530139368
2022-01-29 17:38:53+00:00,Will Ethereum Reach $10K Before Dogecoin Hits $1? Over 60% Say...,"Every week, Benzinga conducts a survey to collect sentiment on what traders are most excited about, interested in or thinking about as they manage and build their personal portfolios.",0.048461152502568
2022-01-29 18:22:59+00:00,Cathie Wood's Ark Invest Defies Analysts And Bulks Up On Robinhood Shares,"A slew of sell-side analysts lowered their price targets for  Robinhood Markets, Inc.",-0.997379659500439
2022-01-30 15:47:04+00:00,MrBeast Has A New Chocolate Bar; YouTube Star Teams With Walmart On New Feastables Snack Food Line,YouTube cut-up MrBeast is teaming with Walmart Inc. (NYSE: WMT) on a new snack food line designed to offer healthier alternatives for the in-between-meals crowd.,0.000440806492406
2022-01-30 17:54:42+00:00,"Karaoke In Your Tesla Vehicle? Yes, But Only Being Offered In This Country So Far","Full self-driving is expected to hit Tesla Inc (NASDAQ: TSLA) vehicles by the end of 2022, according to CEO Elon Musk.",-0.000008247945516
2022-01-31 17:07:18+00:00,Nio Stock Spiking Higher As ET5 Prototypes Roll Off Assembly Line Just 2 Months After Launch,"One of the key catalysts that can lift Nio Inc&#39;s (NYSE: NIO) stock from its doldrums is the ramping up of the ET5, the EV maker&#39;s newest model https://www.benzinga.com/news/21/12/24687196/nio-day-2021-new-et5-midsize-sedan-arvr-integration-et7-updates-ambitious-international-ex",0.999079932778841
2022-01-31 17:36:16+00:00,10 Consumer Discretionary Stocks With Whale Alerts In Today's Session,"This whale alert can help traders discover the next big trading opportunities.
Whales are entities with large sums of money and we track their transactions here at Benzinga on our options activity scanner.",0.000179341841431
2022-02-01 19:00:35+00:00,"Tesla Recalling Almost 54,000 Vehicles Over Full Self-Driving Beta Software 'Rolling-Stop' Feature","Tesla, Inc. (NASDAQ: TSLA) could be facing a setback with its full-self driving software that is currently in beta testing.",-0.997029301361181
2022-02-01 19:05:50+00:00,"Top 10 WallStreetBets Mentions for Tuesday February 1, 2022 Since 9:30 AM ET Open:  AMD, GME, TSLA, AMC, MTCH, HOOD, UPS, AAPL XOM, PLTR",,-0.000027077883715
2022-02-02 18:12:07+00:00,"Top 10 WallStreetBets Mentions for Wednesday February 2, 2022 Since 9:30 AM ET Open:  PYPL, AMD, MTCH, GOOGL, SPOT, GOOG, TSLA, AMZN, GME, QCOM",,-0.000022065065423
2022-02-02 18:25:45+00:00,Looking At Tesla's Recent Whale Trades,"Someone with a lot of money to spend has taken a bearish stance on Tesla (NASDAQ:TSLA).
And retail traders should know.
We noticed this today when the big position showed up on publicly available options history that we track here at Benzinga.",-0.988622125703841
2022-02-03 19:11:28+00:00,'Tesla applies to build giant new cathode factory for battery production next to 'Gigafactory Texas' -Electrek Report,,0.001793992167222
2022-02-03 19:31:17+00:00,Is Elon Musk Responsible For The 40% Surge In Austin Home Values?,"The value of Austin’s housing market soared by nearly 40% during 2021, nearly double the national average. But what role did a certain crypto-touting, electric vehicle-building entrepreneur play in this market’s success?",0.999458286198205
2022-02-04 18:14:01+00:00,"Top 10 WallStreetBets Mentions for Friday February 4, 2022 Since 9:30 AM ET Open: AMZN, SNAP, GME, TSLA, HOOD, ARKK, DTE, AAPL, AMD, NVDA",,-0.000024951874366
2022-02-04 18:37:45+00:00,Tesla's Topline Can Exceed Revenues Of GM And Ford Combined: Analyst Says When And How,"Tesla Inc (NASDAQ: TSLA) is the frontrunner in EV manufacturing but it has some catching up to do before it can take the title as top auto industry leader.

Morgan Stanley sees this as a very possible scenario.",0.997015492437640
2022-02-05 00:51:14+00:00,"EXCLUSIVE: Popular Contrarian Investor CryptoWhale On Why He Turned Bearish On Bitcoin, How Dogecoin Community Is 'Fun,' Rise Of Altcoins And 2022 Prediction","Pseudonymous Twitter user “Mr. Whale,” also known as “CryptoWhale,” has amassed both massive fanfare and controversy on the social media platform.",0.990588717744686
2022-02-05 13:52:28+00:00,"EV Week In Review: Tesla Revs Up Supply Chain, Volkswagen Underlines China Thrust, Ford-GM Hint At Faster EV Transition, Fisker Bound For Europe And More","EV stocks rebounded following the weakness seen in the previous two weeks, thanks to the broader market recovery amid big tech news flow. The week witnessed monthly delivery updates from the Chinese EV trio, earnings reports from the Detroit duo, both of which are seriously pursuing EV transitions.

Here are the key events that happened in the EV space during the week:",0.999259798903950
2022-02-06 16:42:50+00:00,"10 Most Searched Tickers On Benzinga In January: SPY, Tesla, Apple And More","Each trading day features hundreds of headlines and press releases about companies. Benzinga Pro is a source for traders to see the latest news on the overall market and also on individual tickers.

Here is a look at the stocks that were searched for the most on Benzinga Pro for the month of January.",-0.000019059873011
2022-02-06 18:15:03+00:00,Here's The Latest Offer Being Made To The Teen Who Wants $50K To Stop Tracking Elon Musk's Jet,"Jack Sweeney, the 19-year-old whose Twitter account tracks Tesla Inc (NASDAQ: TSLA) CEO Elon Musk&#39;s private jet, has rejected the latest offer to delete the account.",-0.601424888940528
2022-02-07 17:41:52+00:00,10 Consumer Discretionary Stocks Whale Activity In Today's Session,"This whale alert can help traders discover the next big trading opportunities.
Whales are entities with large sums of money and we track their transactions here at Benzinga on our options activity scanner.",0.000285380359855
2022-02-07 19:18:45+00:00,SEC Subpoenas Tesla Over Elon Musk Tweet Yet Again,Tesla Inc (NASDAQ: TSLA) has once again come under regulatory scrutiny in relation to one of CEO Elon Musk&#39;s tweets.,-0.888428131351247
2022-02-08 17:01:00+00:00,Turning A Tesla Cybertruck Into An Electric Boat: Here's How,"Tesla Inc (NASDAQ: TSLA) customers have yet to take delivery of the highly anticipated Cybertruck electric pickup, but once they take possession of the vehicle, they may be able to drive their truck on the water. Here are the details on how the Cybertruck could be seen out on the high seas.",0.000021686224500
2022-02-08 17:40:16+00:00,10 Consumer Discretionary Stocks With Whale Alerts In Today's Session,"This whale alert can help traders discover the next big trading opportunities.
Whales are entities with large sums of money and we track their transactions here at Benzinga on our options activity scanner.",0.000179341841431
2022-02-09 18:59:48+00:00,'Start of Tesla production in mid-March at the earliest' -RBB 24 Report,,-0.000016160618543
2022-02-09 19:02:20+00:00,This Is What Whales Are Betting On Tesla,"A whale with a lot of money to spend has taken a noticeably bearish stance on Tesla.
Looking at options history for Tesla (NASDAQ:TSLA) we detected 637 strange trades.",-0.994948643143289
2022-02-10 17:46:06+00:00,10 Consumer Discretionary Stocks With Whale Alerts In Today's Session,"This whale alert can help traders discover the next big trading opportunities.
Whales are entities with large sums of money and we track their transactions here at Benzinga on our options activity scanner.",0.000179341841431
2022-02-10 17:49:09+00:00,"Top 10 WallStreetBets Mentions for Thursday February 10, 2022 Since 9:30 AM ET Open: GME, UBER, AMC, TSLA, NVDA, DIS, CLF, AMD, SAVA, AFRM",,-0.000025250032195
2022-02-11 17:55:33+00:00,"'Canadian leader declares state of emergency over bridge blockade, plans to arrest protesters' -CNBC",,-0.000583564149565
2022-02-11 18:23:50+00:00,20 Electric Vehicle Stocks To Choose From: Which One Is For You?,"Electric vehicles stocks have been emerging as a popular play with investors. And like other stocks, they will sometimes trade in sympathy with each other. (For those who don&#39;t know, a sympathy play is a trade or investment that can be made in order to capture similar exposure to a theme or sector.)",0.004531214697636
2022-02-12 16:22:18+00:00,It Won't Be The Same Tesla In The Future: Elon Musk And Others Weigh In,"Tesla, Inc. (NASDAQ: TSLA) has a thriving EV manufacturing business, thanks to CEO  Elon Musk&#39;s  vision and its early mover advantage. Indications from the Tesla chief suggest that a few years from now, the company may not look anything like it currently does.",0.999153570533963
2022-02-12 17:25:29+00:00,Dogecoin Profitability Back Above 50%: Top BSC Whales Accumulate 324M DOGE,"According to the IntoTheBlock data, Dogecoin (CRYPTO: DOGE) at least 52% of all Dogecoin holders are currently in pr",0.998767966942978
2022-02-13 12:55:43+00:00,McDonald's Teases 'Something's Coming' And Elon Musk Reacts: Is Doge Payment In The Cards?,"Fast food giant McDonald&#39;s (NYSE: MCD) does at it again. After creating a stir by a tweet in late January, calling the attention of those running crypto accounts, the company sent another late Saturday that has gone viral.",0.000070377005613
2022-02-13 15:27:06+00:00,"Elon Musk Tweets Jibe At NHTSA, Says 'Fun Police' Made Him Carry Out Latest Tesla Recall",The National Highway Traffic Safety Administration (NHTSA) last week said that the “Boombox” function in Tesla Inc (NASDAQ: TSLA) cars and SUVs breaches federal safety standards that require pedestrian warning noises for electric vehicles.,-0.133574097068049
2022-02-14 18:19:50+00:00,Elon Musk Was Inspiration For 'Don't Look Up' Character In Netflix Movie,An Academy Award nominated film could have Tesla Inc (NASDAQ: TSLA) CEO Elon Musk to thank as he served as the key inspiration for a central character in the movie.,0.084372668265132
2022-02-14 19:24:43+00:00,'Tesla expands access to Supercharger network to all electric cars at all stations in the Netherlands' -Electrek Report,,0.998718204878969
2022-02-15 18:46:21+00:00,David Einhorn Places Bets Against Tesla — Again,"Greenlight Capital&#39;s David Einhorn isn&#39;t afraid to back up his words with his money. The longtime Tesla Inc (NASDAQ: TSLA) bear, who previously paid the price for betting against the electric vehicle company, is back at it.",0.000045800654334
2022-02-15 19:27:54+00:00,'Tesla Model Y Officially Arrives In UK: Delivery Events Abound' -InsideEVs,,0.001654847568716
2022-02-16 17:48:27+00:00,"Top 10 WallStreetBets Mentions for Wednesday, Feb. 16, 2022 Since 9:30 AM Open: NVDA, RBLX, GME, SHOP, AMD, VIAC, AMC, UPST,  TSLA, RKT",,-0.000024601366022
2022-02-16 18:36:33+00:00,Why Pete Najarian Is Buying Call Options In Tesla And This Semiconductor Stock,The overall markets have been volatile lately as investors try to navigate rate hike expectations from the Federal Reserve. The volatility creates opportunity for options traders like Market Rebellion co-founder Pete Najarian.,-0.983391721965745
2022-02-17 17:55:33+00:00,'Report: Upcoming BYD Seal Might Be A Tesla Model 3 Competitor' -InsideEVs,,0.001048900230671
2022-02-17 17:58:34+00:00,Elon Musk Goes After SEC (Again): Accuses Regulator Of Harassment With Its 'Unrelenting Investigation',"Miffed about the constant scrutiny from the U.S. Securities Exchange Commission, Tesla Inc.&#39;s (NASDAQ: TSLA) CEO Elon Musk is defending himself against the securities regulator.",-0.690365894697607
2022-02-18 18:56:09+00:00,Zoom Video Shares Spike To Afternoon High Following Circulation Of Report 'Tesla hints video conferencing app Zoom is coming soon',,0.998581361229299
2022-02-18 19:30:06+00:00,"Tesla Shares Back Over $850 Level, Down 2.2% For Session",,-0.997502079117112
2022-02-19 16:34:35+00:00,"Benzinga Bulls And Bears Of The Past Week: Xpeng, Disney, Apple, Meta, Tesla, Nvidia And More",Benzinga has examined the prospects for many investor favorite stocks over the past week.,0.000049528454838
2022-02-19 16:42:49+00:00,Elon Musk's SpaceX Proposing 10-for-1 Split Of Privately-Held Shares: Report,"Tesla, Inc. (NASDAQ: TSLA) CEO  Elon Musk&#39;s SpaceX venture  has built up a mammoth valuation even without a public listing. It now appears that the space exploration company is planning to implement a split of its privately-held shares.",0.998273575809435
2022-02-20 15:35:59+00:00,Elon Musk's New Mystery Gal Has Been Identified And You May Have Seen Her Before,"After splitting with music producer Grimes, 33, in Sept 2021, Tesla Inc (NASDAQ: TSLA) CEO Elon Musk has been spotted with a new woman. ",0.000084434912424
2022-02-21 12:11:16+00:00,Elon Musk's Push Not Enough? Why Dogecoin Is In A State Of Whimper Today,"Dogecoin (CRYPTO: DOGE) traded nearly 1% lower at $0.1358 Monday morning. 


	Dogecoin Price Performance
	
		
			Time-frame
",-0.994726134988014
2022-02-21 15:48:01+00:00,Cathie Wood Loads Up $38M Worth More Shares Of This Chinese EV Maker Seen As Tesla Rival,"Cathie Wood led Ark Investment Management last Friday bought 24,876 shares —estimated to be worth $942,551 based on the latest closing price— in the U.S.-listed Chinese electric vehicle maker Xpeng Inc (NYSE: XPEV",0.900667294976301
2022-02-22 18:40:08+00:00,"Top 10 WallStreetBets Mentions for Afternoon Of Tuesday, Feb. 22, 2022: TSLA, AMD, GME, PLTR, NVDA, FOR, IONS, ROKU, DTE, BABA",,-0.000024848272005
2022-02-22 18:54:36+00:00,50 Stocks Moving In Tuesday's Mid-Day Session,"Gainers


	Indonesia Energy Corporation Limited (NYSE: INDO) jumped 75.2% to $7.87.
	Imperial Petroleum Inc. (NASDAQ: IMPP) rose 52.9% to $0.7500 after declining around 7% on Friday.
",0.999498843273614
2022-02-23 17:04:32+00:00,Why Used Tesla EVs Now Cost More Than New Ones In China,"The surge in prices for used vehicles was a huge story in the U.S. in 2021 due to a huge rise in demand and lower supply.

The trend has gone global, with the prices of used vehicles in China from a top manufacturer outpacing those of new vehicles. ",0.999091569392476
2022-02-23 17:36:34+00:00,10 Consumer Discretionary Stocks Whale Activity In Today's Session,"This whale alert can help traders discover the next big trading opportunities.
Whales are entities with large sums of money and we track their transactions here at Benzinga on our options activity scanner.",0.000285380359855
2022-02-24 19:26:49+00:00,"UPDATE: Probe Into Elon, Kimbal Musk Began Last Year Following Elon Musk's Polling Of His Twitter Followers If He Should Sell Tesla Shares",,-0.000035707322240
2022-02-24 19:33:14+00:00,The Elon Musk Effect? This Report Says 3 In 5 Teens Want To Be Entrepreneurs,"Today’s American teenagers have seen the future — and for many of them, it doesn’t involve taking orders from a boss, but rather being the boss of their own company.",0.000022179228836
2022-02-25 18:26:31+00:00,What 16 Analyst Ratings Have To Say About Tesla,Analysts have provided the following ratings for Tesla (NASDAQ:TSLA) within the last quarter: ,-0.000017858706997
2022-02-25 18:36:29+00:00,Why Jon Najarian Expects Tesla Shares To Trend Higher From Current Levels,"Tesla Inc (NASDAQ: TSLA) shares traded below $700 Thursday before staging an intraday reversal. The stock&#39;s fierce bounce off the lows could be the start of an upward trend for the EV maker, according to Market Rebellion co-founder Jon Najarian.",-0.769942499697208
2022-02-26 08:03:10+00:00,"EV Week In Review: Tesla Bets Big On China, Lucid Hit With Recall Woes, Li Auto Surprises With Quarterly Profit, Ford Puts to Rest Spin-off Talks And More","EV shares had a mixed ride in the week ending February 25, as the Ukrainian conflict kept risk aversion going in the markets. Market leader Tesla, Inc. (NASDAQ: TSLA) continued to bleed during the week, having dropped to a psychological support of around $700, its lowest level since August 2021.",-0.996781253605150
2022-02-26 16:23:42+00:00,Signal Founder Details Messaging App's Superiority Over Telegram Amid Ukrainian Crisis; Elon Musk Chimes In With His Preferences,"Tesla, Inc.&#39;s (NASDAQ: TSLA) Elon Musk,  who is very active on Twitter, has in the past recommended  Signal, a privately-held encrypted messaging service, ",0.000014732555428
2022-02-27 14:54:56+00:00,Is Tesla FSD Beta Testing Coming In Canada Anytime Soon? Elon Musk Responds,"Tesla, Inc.&#39;s (NASDAQ: TSLA) full-self driving package is touted to be a major revenue earner for the company when mass adoption kicks in. The company is running several iterations of FSD beta testing in the U.S. in order to be make it as perfect as possible.",0.997642164540594
2022-02-27 17:00:43+00:00,"How Apple, Tesla, Meta And Other Companies Respond to Russia's Aggression Against Ukraine","Russia&#39;s invasion of Ukraine has mobilized the world against the former&#39;s unilateral actions, and the developments in Eastern Europe are seen as disrupting the world order and its peace. Top executives of some U.S. corporations have chimed in with their views and reactions to the crisis.",-0.000636287062662
2022-02-28 18:30:20+00:00,Billionaire John Whittaker To Enter Cannabis Industry Via Plans For $136M Facility On The Isle Of Man,"Infrastructure transport and real estate investment group, the Peel Group, governed by billionaire John Whittaker as the company’s chairman and largest shareholder, plans to build a £100 million ($136 million) cannabis cultivation facility on the Isle of Man, where its headquarters are located, ",0.000006792692147
2022-02-28 18:54:33+00:00,"Top 10 WallStreetBets Mentions for Monday, Feb. 28, 2022 Since 9:30 AM Open: TSLA, RSX, LCID, GME, AMC, SOFI, LMT, PLTR, AMD, RKT",,-0.000024865188607
2022-03-01 18:27:17+00:00,Nio Analyst Sees Opportunities In 2022 And Beyond; So Why Is He Halving The Price Target?,"Nio, Inc.",0.998651001864346
2022-03-01 18:45:36+00:00,8 Companies That Accept Ethereum As Payment,"Ethereum (CRYPTO: ETH) isn’t just for NFTs. 

The growth of cryptocurrency tokens, Ethereum included, is largely due to active interest and investments.",0.000430162424891
2022-03-02 13:52:33+00:00,"10 Most Searched Tickers On Benzinga In February: SPY, Tesla, Nvidia (And A Crypto Hits Top 20)","Each trading day features hundreds of headlines and press releases. Benzinga Pro is a source for traders to see the latest news on the overall market and also on individual tickers.

Here is a look at the stocks that were searched for most on Benzinga Pro for the month of February.",-0.000003475390258
2022-03-02 18:03:43+00:00,"Elon Musk Takes A Dig At Lucid, Explains Why He Isn't Pushing For Longest Range EV","Electric vehicle startup Lucid Group, Inc.",0.000440477742814
2022-03-03 18:58:20+00:00,"Why Ford, Fisker, GM, Tata Motors And Tesla Shares Are Falling Today","Shares of several companies in the auto &amp; auto component space, including Ford Motor Company (NYSE: F), Fisker Inc (NYSE: FSR), General Motors Company (NYSE: ",-0.997350200399524
2022-03-03 19:28:53+00:00,"Top 10 WallStreetBets Mentions for Thursday, March 3, 2022 Since 9:30 AM Open: RSX, WEAT, TSLA, RKT, AMD, AAPL, COST, SOFI, GME, SNOW",,-0.000026681191230
2022-03-04 13:35:03+00:00,"Dogecoin Wallet Released For iOS, DOGE Co-Creator Confirms",A self-custodian Dogecoin (CRYPTO: DOGE) wallet has been released on the Apple Inc (NASDAQ: AAPL) app store.,0.008102927880827
2022-03-04 17:41:18+00:00,Tesla's Giga Berlin Factory Receives Final Environmental OK: What Investors Need To Know,"The long-delayed Tesla, Inc. (NASDAQ: TSLA) Giga Berlin factory could soon start cranking out vehicles, augmenting the electric vehicle giant&#39;s global production capacity.",0.996028023073450
2022-03-04 19:25:16+00:00,"Chart Wars: Between Tesla And General Motors, Which EV Stock Can Reverse First?","General Motors Company (NYSE: GM) and Tesla, Inc (NASDAQ: TSLA) have struggled recently, with General Motors plummeting about 33% from its Jan. 5 all-time high of $67.21 and Tesla falling about 32% from its Nov.",-0.998098805022892
2022-03-04 22:05:42+00:00,Here's How Much $100 In Dogecoin Could Be Worth If DOGE Returns To All-Time Highs,One of the most popular cryptocurrencies took the world by storm in 2021. Dogecoin (CRYPTO: DOGE) was a trending topic many times as it saw its valuation rise.,0.999113182217116
2022-03-05 17:34:44+00:00,'Hate To Say It' But We Need to Do This 'Immediately': Tesla's Elon Musk Says On Twitter,"Tesla, Inc. (NASDAQ: TSLA) CEO Elon Musk on Friday made a puzzling plea on Twitter regarding non-renewable sources of energy.",-0.013746743614320
2022-03-06 16:16:15+00:00,Why Tesla And This Automaker Are 'Shelter In Inflationary Storm',"The outlook for companies and stocks are mired by numerous uncertainties that are currently at play. Even as investors remained dithery over how the Fed&#39;s monetary policy normalization could impact their top- and bottom-lines, the Ukrainian crisis came as an added shock.

An analyst at Morgan Stanley has a couple recommendation for these trying times.",-0.990792992641218
2022-03-06 18:58:54+00:00,Why This Tesla Analyst Thinks Giga Berlin Is A 'Major Competitive Advantage' For The EV Maker,"Tesla, Inc.&#39;s (NASDAQ: TSLA) Giga Berlin received approval for commencing operations late last week.",0.999367652068031
2022-03-07 18:29:44+00:00,10 Consumer Discretionary Stocks Whale Activity In Today's Session,"This whale alert can help traders discover the next big trading opportunities.
Whales are entities with large sums of money and we track their transactions here at Benzinga on our options activity scanner.",0.000285380359855
2022-03-07 19:05:52+00:00,Alibaba Commences Mass Production Of EVs,"Jack Ma&#39;s Alibaba Group Holding Ltd (NYSE: BABA) has begun mass production of smart electric vehicles, ",0.005637911905069
2022-03-08 16:55:21+00:00,"Top 10 WallStreetBets Mentions for Tuesday, March 8, 2022 Since 9:30 AM ET Open: TSLA, OIL, USO, BBBY, XOM, LCID, 	RIG, AMD,	GME, WEAT",,-0.000020728846721
2022-03-08 17:54:34+00:00,10 Consumer Discretionary Stocks With Whale Alerts In Today's Session,"This whale alert can help traders discover the next big trading opportunities.
Whales are entities with large sums of money and we track their transactions here at Benzinga on our options activity scanner.",0.000179341841431
2022-03-09 18:15:33+00:00,Tesla's Autopilot and FSD Capabilities Face Ire of Lawmakers Again: All You Need To Know,"Tesla Inc (NASDAQ: TSLA) defended the safety benefits of its advanced driver assistance system Autopilot and its Full Self-Driving capability but acknowledged they require &#34;constant monitoring and attention of the driver,&#34; ",0.883945466950536
2022-03-09 19:03:54+00:00,"Electric Vehicle Manufacturers Quiet Following Report US Environmental Protection Agency Restores State Of California's Ability To Set Zero Emission Vehicle, Greenhouse Gas Standards",,-0.231743049807847
2022-03-10 18:51:33+00:00,'Tesla's Chinese Data Center Receives Approval for Data Security Standards by Authorities' -Tesmanian Report,,0.998319645092124
2022-03-10 18:54:09+00:00,'Tesla Service Center permit revoked due to local dealership concern over direct sales' -Teslarati Report,,-0.987134607508779
2022-03-11 19:22:56+00:00,Is LeBron James Heading To The Metaverse?,"One of the top NBA players could be headed to the metaverse, according to a recently announced trademark filing.

What Happened: LeBron James has filed for several trademarks involving the metaverse, as reported by trademark attorney Josh Gerben of Gerben Law.",-0.000013374257833
2022-03-11 19:29:35+00:00,Stellantis CEO Looks To Catch Up With Tesla In Coming Years,"
",0.000116185387014
2022-03-12 18:17:07+00:00,These Automakers Have Vowed to Catch Up With Tesla And Wrest EV Leadership: Is That A Stretch Goal?,"Tesla, Inc. (NASDAQ: TSLA) by virtue of its first-mover advantage has maintained its pole position in the EV industry. The field, however, is getting crowded with the passing of each day, given government mandates, environmental concerns and the allure of the massive market opportunity.",0.999301442818251
2022-03-12 19:10:56+00:00,"Benzinga Bulls And Bears Of The Past Week: Disney, Uber, Velo3D, Bed Bath & Beyond, Apple, Rivian And More",Benzinga has examined the prospects for many investor favorite stocks over the past week.,0.000036236502638
2022-03-13 04:10:59+00:00,Tesla Fame's Robot-Run ETF Now Counts Apple As Top Holding — Here Are Its Other Bets,The Qraft AI-Enhanced U.S.,0.000031328905607
2022-03-13 18:16:12+00:00,Tesla Takes Fight to Rival Camp: EV Marker's February Sales Trounce Volkswagen And Other Domestic Rivals In Germany,"Tesla, Inc. (NASDAQ: TSLA) may have ceded some market share globally to rivals in the electric vehicle space, but it is still the undisputed leader. Data out of Germany, home to renowned legacy automakers which have ventured into EVs, vouches for that fact.",0.803637921810150
2022-03-14 18:50:07+00:00,"Bets Against Cathie Wood Increase: Congressman Shorts ARKK, Inverse SARK ETF Passes ARKK","After years of outpacing market returns, the ETFs from Ark Funds have lagged the market and are seeing more bearish bets placed against them. Here’s the latest on the bets against Ark and its founder Cathie Wood.",-0.989701888523996
2022-03-14 18:51:32+00:00,Tesla's Stock Confirms This Key Pattern As Elon Musk-Predicted Recession Fears Grow,"Tesla, Inc (NASDAQ: TSLA) was falling over 4% on Monday in sympathy with the SPDR S&amp;P 500, which was trading over .5% lower but showing a death cross on the daily chart, where the 50-day simple moving average (SMA) crosses below the 200-day SMA.",-0.997524069389328
2022-03-15 16:59:31+00:00,Labor Secretary Gets Tour Of Tesla Gigafactory: Is This An Olive Branch From The White House?,Tesla Inc (NASDAQ: TSLA) CEO Elon Musk has been critical about the lack of recognition by the White House for his electric vehicle company being the leader in the space. Could a recent visit by a U.S.,-0.700407547061332
2022-03-15 17:38:53+00:00,10 Consumer Discretionary Stocks Whale Activity In Today's Session,"This whale alert can help traders discover the next big trading opportunities.
Whales are entities with large sums of money and we track their transactions here at Benzinga on our options activity scanner.",0.000285380359855
2022-03-16 17:39:07+00:00,10 Consumer Discretionary Stocks With Whale Alerts In Today's Session,"This whale alert can help traders discover the next big trading opportunities.
Whales are entities with large sums of money and we track their transactions here at Benzinga on our options activity scanner.",0.000179341841431
2022-03-16 19:11:00+00:00,"Raw Material Shortages May Not Be Hurting Tesla Right Now, But This Other Shortfall Might","Following a tour of Tesla Inc&#39;s (NASDAQ: TSLA) Fremont factory, Morgan Stanley analyst Adam Jonas came away confident of the company&#39;s ability to emerge unscathed from the Ukraine crisis-induced raw materials shortages.",0.997687055089045
2022-03-17 18:43:39+00:00,"Benzinga Pro's Most-Searched Tickers For Afternoon Of Thursday, Mar. 17, 2022: TSLA, PIK, BABA, MULN, MRNA, NVDA, GLG, IMPP",,-0.000024084773031
2022-03-17 18:48:00+00:00,Michael Novogratz Challenges Peter Schiff To 'Cage Match' In Twitter Spat Over Ukraine,A war of words on Twitter Inc (NYSE: TWTR) has led to the latest fight challenge related to the Russia-Ukraine War. Here’s the latest.,-0.470540178008378
2022-03-18 18:13:08+00:00,How Long Will It Take Rivian To Get Back To Its IPO Price?,"Rivian Automotive (NASDAQ: RIVN), the budding electric vehicle maker, was initially bank-rolled by the likes of Ford (NYSE: F) an",-0.000011000691302
2022-03-18 19:28:53+00:00,Elon Musk Hints At 'Master Plan Part 3': What's In The Works At Tesla?,"Tesla, Inc.&#39;s (NASDAQ: TSLA) Elon Musk  on Thursday sent his followers on a guessing game with a tweet that said he is working on &#34;Master Plan P",-0.000011120187992
2022-03-19 16:38:37+00:00,Elon Musk Calls Out Mainstream Media Yet Again: Here's What He Finds 'Troubling' About Them,"Tesla, Inc. (NASDAQ: TSLA) CEO Elon Musk  is quite vocal on Twitter, wherein he shares updates on his companies and his views on varied subjects.",-0.290997304255143
2022-03-19 17:57:01+00:00,"If You Invested $1000 In Tesla 10 Years Ago, Here's How Much You Would Have Today",Tesla (NASDAQ:TSLA) has outperformed the market over the past 10 years by 50.78% on an annualized basis.,0.999342374096159
2022-03-20 14:33:47+00:00,"This Solar Company's 5-Year Return Makes Bitcoin, Tesla, Disney, Apple, Microsoft, Ford, And Alibaba Look Trifling","Enphase Energy Inc (NASDAQ: ENPH) is known as a global leader in solar energy solutions, and over the past five years, delivered beaming returns for traders and investors.",0.998477077897405
2022-03-20 15:14:57+00:00,Elon Musk Among Celebrities To Testify In Johnny Depp And Amber Heard's $100M Court Battle,"Actor Johnny Depp and his ex-wife Amber Heard are heading for a long-delayed legal battle, which many people touts being the most dramatic legal standoffs of the 21st century. ",-0.000218400658923
2022-03-21 18:46:01+00:00,The 3 Top Features Tesla Model Y Owners Want In Their EVs,"Tesla&#39;s all-electric Model Y SUV has managed to rise up in the ranks to rival the sales of the company&#39;s hugely popular Model 3 EV sedan.

A survey by Tesla production and sales tracker TroyTeslike unearthed a few features some Model Y would owners want to see in their vehicle.",0.999451279727509
2022-03-21 19:24:48+00:00,Elon Musk Says Tesla Will Deliver First Made-In-Europe EVs Tuesday: What You Need To Know,"It has been a long road, but Tesla Inc (NASDAQ: TSLA) has finally received approval for deliveries from Gigafactory Berlin and will be handing over its first European-made vehicles to customers Tuesday, March 22, according to CEO Elon Musk.",0.998529086704366
2022-03-22 17:43:11+00:00,10 Consumer Discretionary Stocks Whale Activity In Today's Session,"This whale alert can help traders discover the next big trading opportunities.
Whales are entities with large sums of money and we track their transactions here at Benzinga on our options activity scanner.",0.000285380359855
2022-03-22 19:20:23+00:00,What's Going On With Tesla Shares On Tuesday?,Tesla Inc (NASDAQ: TSLA) shares are trading higher by 7.9% at $994.40. Strength is possibly due to the opening of the Gigafactory Berlin.,0.999283892160747
2022-03-23 18:38:18+00:00,Why This Tesla Analyst Thinks This 'One Really Big Item' Could Be Part Of Master Plan Part 3,"Tesla, Inc. (NASDAQ: TSLA) CEO Elon Musk  tweeted a week back that he&#39;s working on the EV maker&#39;s &#34;Master Plan part 3",0.000064763367845
2022-03-23 19:31:40+00:00,SpaceX Joins Tesla In Raising Prices On Inflationary Pressures: What You Need To Know,SpaceX is raising prices for everything from rocket launches to Starlink satellites amid elevated inflation pressures. ,-0.944893825799227
2022-03-24 17:59:45+00:00,10 Consumer Discretionary Stocks With Whale Alerts In Today's Session,"This whale alert can help traders discover the next big trading opportunities.
Whales are entities with large sums of money and we track their transactions here at Benzinga on our options activity scanner.",0.000179341841431
2022-03-24 18:15:50+00:00,Rising Battery Costs Pressure EV Manufacturers: Is Tesla Better Positioned Than Most?,"The Russian invasion of Ukraine crisis has led to a spike in the prices of materials used in electric vehicle batteries, which account for the bulk of the cost of these eco-friendly vehicles.",-0.697789207100868
2022-03-25 17:24:45+00:00,Here's Why Tesla Recalled 947 Vehicles in US: Reuters,"
",0.000043643787649
2022-03-25 17:36:09+00:00,10 Consumer Discretionary Stocks Whale Activity In Today's Session,"This whale alert can help traders discover the next big trading opportunities.
Whales are entities with large sums of money and we track their transactions here at Benzinga on our options activity scanner.",0.000285380359855
2022-03-26 15:50:59+00:00,Ads Or R&D: How Does Tesla Compare To The Auto Giants?,"Auto manufacturers operate in a capital-intensive industry, and it calls for exercising prudence laced with caution while making spending decisions.",-0.000009182251233
2022-03-26 16:44:46+00:00,"This Steel Company Has A Better 1-Year Return Than Tesla, Lucid, Apple, Microsoft, Bitcoin Cash And Ethereum","Cleveland-Cliffs Inc (NYSE: CLF) is known as a global leader in flat-rolled steel production, and over the past year has delivered eye-popping returns for investors.",0.999384298920631
2022-03-27 16:52:08+00:00,Bloomberg Reported Tesla to Suspend Production at Shanghai Plant on Virus Curbs,,-0.984218449797481
2022-03-27 19:06:06+00:00,"If You Invested $1,000 In Tesla Stock At Its Pandemic Low, Here's How Much You'd Have Now",Investors who bought stocks during the COVID-19 market crash in 2020 have generally experienced some big gains in the past two years. But there is no question some big-name stocks performed better than others since the pandemic bottom.,0.999312592088245
2022-03-28 14:09:07+00:00,Tesla Mulls Stock Split: Why This Analyst Says It's A Smart Strategic Move,"Tesla, Inc. (NASDAQ: TSLA) announced in an 8-K filing Monday it will seek shareholder approval for increasing its authorized share capital to allow a stock split in the form of a stock dividend.",0.965369283134351
2022-03-28 19:28:11+00:00,Tesla Climbs On Potential Stock Split: Here's How The EV Stock Performed After Previous Splits,Electric vehicle company Tesla could be splitting shares once again. The move would come less than two years after the company’s previous split. Here’s a look at how shares have performed since then. ,0.873604568885639
2022-03-29 18:38:12+00:00,10 Consumer Discretionary Stocks Whale Activity In Today's Session,"This whale alert can help traders discover the next big trading opportunities.
Whales are entities with large sums of money and we track their transactions here at Benzinga on our options activity scanner.",0.000285380359855
2022-03-29 19:36:59+00:00,"'[Full self drive] Beta should be available in Europe for [left-hand drive] this summer, [right-hand drive] a few months later. These dates depend on regulatory approval.' -Tweet From Elon Musk",,0.000008098060789
2022-03-30 17:18:54+00:00,Tesla - Good Time To Lower Risk? Cathie Wood Did So By Selling Some Shares; How To Stay Long And Hedge Instead.,Time To Take Some Risk Off,0.643709214171395
2022-03-30 17:50:11+00:00,10 Consumer Discretionary Stocks With Whale Alerts In Today's Session,"This whale alert can help traders discover the next big trading opportunities.
Whales are entities with large sums of money and we track their transactions here at Benzinga on our options activity scanner.",0.000179341841431
2022-03-31 17:35:44+00:00,10 Consumer Discretionary Stocks With Whale Alerts In Today's Session,"This whale alert can help traders discover the next big trading opportunities.
Whales are entities with large sums of money and we track their transactions here at Benzinga on our options activity scanner.",0.000179341841431
2022-03-31 17:46:10+00:00,Tesla Pausing Solar Roof Installations; Supply Chain Issues Could Have Some Customers Rained On,Tesla Inc (NASDAQ: TSLA) has faced supply chain challenges for its automotive division and is now pausing a separate division.,-0.997025857330300
2022-04-01 16:00:06+00:00,'Venmo Meets Robinhood': How Staax Will Let You Pay Your Friends In Stocks And More,"Gone are the days when simplified trading apps were the paradigm shift in financial services. Consumers now demand more.

They want education, information and easy back-and-forth communication with their financial services providers and embedded networks, as well as access.",0.005981611640891
2022-04-01 18:51:45+00:00,HSBC Compares This EV Maker To Tesla - Read Why,"
",0.000005546695320
2022-04-02 17:20:39+00:00,"This Bitcoin-Related Company Has A Better 2-Year Return Than Tesla, Ford, Microsoft, Apple, Disney, Netflix And Amazon","Riot Blockchain Inc (NASDAQ: RIOT) is a leader in North American Bitcoin (CRYPTO: BTC) mining activities, and over the past 2 years, has produced eye-popping returns for investors.",0.999326799967093
2022-04-02 21:49:33+00:00,Why This Analyst Remains 'Steadfastly Bullish' On Tesla Story Following Q1 Deliveries,"Tesla, Inc.&#39;s (NASDAQ: TSLA)  first-quarter deliveries came in slightly shy of estimates, but this Tesla bull isn&#39;t too worrie",0.264147609472275
2022-04-03 13:25:45+00:00,Elon Musk Tweets On Pandemic Baby Bust: Why A Lack Of Kids Is The Real Problem,"Tesla Inc (NASDAQ: TSLA) CEO Elon Musk took to Twitter to share his thought about having kids. 

He shared how the COVID-19 pandemic has resulted in a lower birth rate as opposed to the &#34;baby boom&#34; that was expected due to people being forced to stay indoors.",-0.984866096172482
2022-04-03 19:12:34+00:00,"This Warren Buffett-Backed Chinese EV Maker Outshines Peers Nio, XPeng and Li Auto Yet Again In March; Pulls The Plug On Oil-fueled Vehicles",Chinese automaker BYD Company Limited (OTC: BYDDF) reported strong sales of new energy vehicles – a term used in China to denote both battery electric vehicles (BEVs) and plug-in hybrids – for March.,0.999341906572226
2022-04-04 18:49:35+00:00,"Why Tesla Analysts Are Shrugging Off Q1 Deliveries Miss, Remain Bullish On The EV Stock","Tesla, Inc. (NASDAQ: TSLA) reported first-quarter delivery numbers over the weekend that narrowly missed the consensus expectation.",-0.997154929791577
2022-04-04 19:08:24+00:00,"Xpeng, Among Other Chinese Auto Startups, See A Delivery Spike In Q1 Despite Headwinds","Amid a grapple with different headwinds such as a spike in the cost of raw materials and Covid-19 reinvigoration, Chinese auto startup makers Xpeng, Li Auto and Nio are seeing a spike in car deliveries. In Q1 2022, the companies registered higher year-over-year deliveries.",0.999361832858995
2022-04-05 18:33:10+00:00,REE Automotive Appoints Josh Tech As Operations Chief,"
",-0.000009290688467
2022-04-05 18:45:07+00:00,"As Elon Musk Joins Twitter Board, Analyst Sees 'Strategic Initiatives' Ahead; This Is 'Just Start of Musk's Involvement'","After disclosing a passive stake in Twitter, Inc. (NASDAQ: TWTR) on Monday, Tesla, Inc. (NASDAQ: TSLA) CEO Elon Musk  showed that he means business.",0.011839418002637
2022-04-06 18:03:51+00:00,Here's How Much Donald Trump Is Worth,"A list is out breaking down the top billionaires around the world, and one former president might be excited to see the results.",0.000622258114163
2022-04-06 18:30:06+00:00,Analysis: Do Language Clues Point To Early Friction Between Elon Musk And Twitter?,"The author and presidential speechwriter James Humes once opined, “The art of communication is the language of leadership.”",-0.000009080635209
2022-04-07 18:56:29+00:00,All The Run-Ins Elon Musk Has Had With The SEC,"Tesla Inc (NASDAQ: TSLA) CEO Elon Musk is yet again finding himself in a tough position with the SEC, as he may have violated federal law when initially reporting his 9.1% stake in Twitter (NYSE: TWTR).&lt;/",-0.990905665385071
2022-04-07 19:20:21+00:00,"'Los Angeles City Council approves development plan for 10,000 city-owned EVs' -Teslarati",,0.882577443146147
2022-04-08 17:36:07+00:00,10 Consumer Discretionary Stocks With Whale Alerts In Today's Session,"This whale alert can help traders discover the next big trading opportunities.
Whales are entities with large sums of money and we track their transactions here at Benzinga on our options activity scanner.",0.000179341841431
2022-04-08 19:04:50+00:00,"Elon Musk, On Lithium Mining, Tweets 'There is no shortage of the element itself, as lithium is almost everywhere on Earth, but pace of extraction/refinement is slow.'",,-0.387140048434958
2022-04-09 17:49:19+00:00,"10 Weirdest Porn Film Achievements: Streisand, Stallone And ... Elon Musk?","This year marks the 50th anniversary of two landmark achievements in adult cinema: the premiere of Ralph Bakshi’s “Fritz the Cat,” the first X-rated animated feature, and the premiere of “Deep Throat,” the first (and only) pornographic film to rank among a year’s top 10 grossing films.",0.020761366147781
2022-04-09 19:41:13+00:00,Elon Musk Says This Is A 'Real Problem' When It Comes To The Media,"Tesla, Inc.",-0.000609285496466
2022-04-10 05:52:30+00:00,Elon Musk Asks If Twitter HQ Should Be Converted To Homeless Shelter,"Twitter Inc’s (NYSE: TWTR) newest board member, Elon Musk, polled users on whether the platform’s headquarters should be converted into a homeless shelter.",0.000022489883122
2022-04-10 18:19:51+00:00,"Will Tesla, Twitter, SpaceX Or Dogecoin Perform Better Over The Next Five Years? 40% Of Benzinga Twitter Followers Said This",News that Elon Musk took a 9.2% stake in Twitter Inc (NYSE: TWTR) sent shares of the social media platform higher.,0.999314898130251
2022-04-10 20:49:41+00:00,"Elon Musk Wants to Delete 'W' From Twitter, And His Followers Can't Stop Talking About It","After joining the Twitter Inc (NYSE: TWTR) board, Tesla Inc (NASDAQ: TSLA) CEO Elon Musk seems to have had quite a busy Sunday posting on Twitter.  ",-0.000060918304371
2022-04-11 17:19:22+00:00,Elon Musk To Pump NFTs Next? NFT Creator Beeple Acknowledged By Tesla CEO,"Elon Musk — tech tycoon and CEO of electric vehicle manufacturer Tesla Inc. (NASDAQ: TSLA) — clearly started paying attention to the non-fungible token (NFT) industry, as shown by his Twitter Inc. (NYSE: ",0.000811021804111
2022-04-11 17:47:48+00:00,10 Consumer Discretionary Stocks With Whale Alerts In Today's Session,"This whale alert can help traders discover the next big trading opportunities.
Whales are entities with large sums of money and we track their transactions here at Benzinga on our options activity scanner.",0.000179341841431
2022-04-12 18:02:10+00:00,What Is Twitter Blue? And How Much Subscription Revenue Could Twitter Make?,News that Elon Musk took a stake in Twitter Inc (NYSE: TWTR) — and is not joining the board as originally planned — has rocked the inves,-0.917875068262219
2022-04-12 18:05:01+00:00,10 Consumer Discretionary Stocks Whale Activity In Today's Session,"This whale alert can help traders discover the next big trading opportunities.
Whales are entities with large sums of money and we track their transactions here at Benzinga on our options activity scanner.",0.000285380359855
2022-04-13 18:05:52+00:00,"'@SECGov @TheJusticeDept interest in @elonmusk goes beyond his dealings regarding @Twitter to include ""a joint investigation of Elon primarily on other cases,"" according to an attorney dealing with government investigators.' -FBN Reporter Tweet",,-0.000021403822757
2022-04-13 18:32:42+00:00,Phony Press Release About Tesla M&A Causes Penny Stock To Surge 200%,A microcap lithium stock surged Wednesday as a phony press release started making the rounds among traders.,0.999226063082460
2022-04-14 19:05:00+00:00,Does The 'Future Of Civilization' Depend On Twitter? Here's What Elon Musk Says,Tesla Inc (NASDAQ: TSLA) CEO Elon Musk disclosed a 9.2% stake in Twitter Inc (NASDAQ: ,-0.000044723878091
2022-04-14 19:22:55+00:00,"Why Cathie Wood Says Nio, Xpeng Could Be Immune To Chinese Regulatory Crackdown","U.S.-listed Chinese electric vehicle startups Nio, Inc. (NYSE: NIO) and XPeng, Inc.",0.980974608450197
2022-04-15 17:39:59+00:00,Twitter Takes The Poison Pill: Here's What It Means For Elon Musk And Shareholders,When Tesla Inc (NASDAQ: TSLA) CEO Elon Musk on Thursday entered his unsolicited $43 billion bid to acquire and take Twitter Inc (NYSE: ,0.059737650502939
2022-04-15 19:03:55+00:00,"Elon Musk Causes Searches For 'Buy Twitter Stock' To Explode By 1,147%, Following The Recent Offer To buy Twitter",By JohnSlots,-0.980903820483945
2022-04-16 17:47:29+00:00,Musk Reacted To His Own 2017 Tweet About Twitter: 'How Much Is It?',"On Saturday, Tesla Inc (NASDAQ: TSLA) CEO Elon Musk responded to a tweet thread from December 2017 in which he expressed his admiration for Twitter Inc (NYSE: TWTR) and asked how much it cost to buy the c",0.000379567027267
2022-04-17 18:04:29+00:00,"Elon Musk Declares Twitter Board's Interest 'Not Aligned' With Holders, Says Look Out For Other Bidders",Tesla Inc (NASDAQ: TSLA) CEO Elon Musk on Sunday said that the Twitter Inc (NYSE: TWTR) board should be more concerned about other potential bidders than himself. ,-0.939905457780696
2022-04-17 18:42:28+00:00,"Top WallStreetBets Mentions for Sunday April 17, 2022: GME, TWTR, TSLA, AMD, COIN, AMC, PLTR, BABA, NFLX, ATER",,-0.000025604298571
2022-04-18 17:49:29+00:00,10 Consumer Discretionary Stocks With Whale Alerts In Today's Session,"This whale alert can help traders discover the next big trading opportunities.
Whales are entities with large sums of money and we track their transactions here at Benzinga on our options activity scanner.",0.000179341841431
2022-04-18 17:56:30+00:00,"'If Elon Musk Wants To Buy Twitter, He Will': So Here's How To Trade It","Following Tesla Inc (NASDAQ: TSLA) CEO Elon Musk&#39;s bid to buy Twitter Inc (NASDAQ: TWTR), the social media company adopted a limited duration shareholder rights plan, often referred to as ",0.000261726054305
2022-04-19 18:31:28+00:00,"What's Going On With Ford, GM And Tesla Shares?","Shares of several companies in the broader auto &amp; auto component sectors, including Ford Motor Company (NYSE: F), General Motors Company (NYSE: GM) and Tesla Inc (NASDAQ: ",-0.000028511054552
2022-04-19 19:15:33+00:00,Is Now The Time To Buy Stock Or Options In Tesla Or United Airlines?,"Analysts and brokerage firms often use ratings when they issue stock recommendations to stock traders.

Analysts arrive at stock ratings by researching public financial statements, communicating with executives and customers and following industry trends.",-0.000023635315301
2022-04-20 16:51:36+00:00,"Top WallStreetBets Mentions for Wednesday April 20, 2022 Since 9:30 AM ET: NFLX, TSLA, GME, AMD, TWTR, NVDA, ATER, PYPL, MSFT, DIS",,-0.000026161349524
2022-04-20 17:41:13+00:00,10 Consumer Discretionary Stocks With Whale Alerts In Today's Session,"This whale alert can help traders discover the next big trading opportunities.
Whales are entities with large sums of money and we track their transactions here at Benzinga on our options activity scanner.",0.000179341841431
2022-04-21 17:52:33+00:00,12 Consumer Discretionary Stocks Moving In Thursday's Intraday Session, ,-0.000045583779865
2022-04-21 18:54:47+00:00,Ever Wonder What A Tesla Car Might Have Looked Like 100 Years Ago?,"Tesla Inc (NASDAQ: TSLA), founded in 2003, has always been characterized for presenting futuristic state-of-the-art designs, as evidenced by the names of their models: S-3-X-Y.",0.000012558557501
2022-04-22 18:27:24+00:00,Tesla Owner Crashes Model Y Into $3.5 Million Jet Using Autonomous Smart Summon Feature: Video,"Tesla Inc (NASDAQ: TSLA) catches flack for its use of the phrase Full-Self Driving (FSD), which is a software option owners can purchase that allows Tesla vehicles drive themselves (with human supe",-0.992127444071230
2022-04-22 18:42:08+00:00,Twitter Buoyed By Elon Musk's Acquisition Plans: Here's What Lies Ahead For The Stock,"Twitter, Inc (NYSE: TWTR) spiked up over 5% higher at one point on Friday and was holding stronger intraday than the general markets, with the S&amp;P 500 plunging almost 2%.",0.999380188863142
2022-04-23 18:07:09+00:00,How Elon Musk Managed to Convince Banks For Financing Proposed Twitter Deal?,"Elon Musk  disclosed in a filing on Thursday that he has received commitments for $46.5 million in debt financing to buy Twitter, Inc. (NYSE: TWTR).",0.996561252570245
2022-04-23 19:39:33+00:00,"Benzinga Bulls And Bears Of The Week: Tesla, Netflix, BlackRock, Roblox And A Company With Ties To Donald Trump","Benzinga has examined the prospects for many investor favorite stocks over the past week, while offering a 24/7 news feed, live chat and charting software on Benzinga Pro. ",0.000012253709428
2022-04-24 15:11:11+00:00,"World's Richest Man Is Homeless? Yes, Elon Musk Says He's Sleeping At Friends' Houses",Tesla Inc (NASDAQ: TSLA) CEO Elon Musk says he doesn&#39;t own a home and has been sleeping on spare beds at the homes of his friends.,-0.000034321688872
2022-04-24 17:24:50+00:00,"He's Not Charlie Brown, But Jack Dorsey Is Now A Block Head; Elon Musk Thinks It's Awesome","Twitter, Inc. (NYSE: TWTR) founder and chief executive officer of Block, Inc. (NYSE: SQ) Jack Dorsey  now has a new title at the payment processing firm. Tesla, Inc.",0.004637759928301
2022-04-24 19:25:59+00:00,Twitter Reconsidering Purchase Offer From Elon Musk As The Two Sides Meet: Report,Twitter Inc (NYSE: TWTR) company officials are reconsidering the offer from Tesla Inc (NASDAQ: TSLA) CEO Elon Musk to purchase the company for $43 billion.,-0.000237382890191
2022-04-25 18:14:58+00:00,"Musk Is Now Twitter's Big Bird, Multiple Reports Say","Tesla (NASDAQ: TSLA) chief Elon Musk tweeted, “I hope that even my worst critics remain on Twitter because that is what free speech means” on Monday.",-0.000002192740794
2022-04-25 19:34:37+00:00,Dogecoin Soars As Musk Strikes Twitter Deal: Where's The Crypto Headed Next?,"Dogecoin (CRYPTO: DOGE) was soaring over 13% higher at one point on Monday, which caused the crypto to negate a downtrend that began on April 5 when Dogecoin spiked up to and topped out at the 18-cent level.",0.998539241874823
2022-04-26 18:29:21+00:00,5 People Richer Than Warren Buffett (For Now),"Warren Buffett, CEO of Berkshire Hathaway (NYSE: BRK-A) (NYSE: BRK-B) since 1970, has grown the firm to a market worth of $730 billion while ballooning his own net worth to a level that has anointed him the role of t",0.999309804028599
2022-04-26 19:07:43+00:00,300M Dogecoin Moved In One Go As Market Enthusiasm Sends Whales Into Frenzy,"Exactly 300 million Dogecoin (CRYPTO: DOGE) — the world&#39;s first and leading memecoin — were moved in a single transaction earlier today, after the coin&#39;s most famous fan and world&#39;s richest person, Tesla Inc (NASDAQ: ",0.607680028013419
2022-04-27 17:47:41+00:00,10 Consumer Discretionary Stocks Whale Activity In Today's Session,"This whale alert can help traders discover the next big trading opportunities.
Whales are entities with large sums of money and we track their transactions here at Benzinga on our options activity scanner.",0.000285380359855
2022-04-27 18:53:59+00:00,"Some Celebrities Leave Twitter, Other Notables Return: What Investors Should Know","News that Tesla Inc (NASDAQ: TSLA) CEO Elon Musk reached a deal to acquire Twitter Inc (NYSE: TWTR) has drawn mixed reactions from investors, Twitter users and celebrities.",0.996075759059750
2022-04-28 17:41:36+00:00,10 Consumer Discretionary Stocks Whale Activity In Today's Session,"This whale alert can help traders discover the next big trading opportunities.
Whales are entities with large sums of money and we track their transactions here at Benzinga on our options activity scanner.",0.000285380359855
2022-04-28 19:22:54+00:00,What Elon Musk's Twitter Deal Says About His Wealth,"Elon Musk  has finalized a deal to buy social media platform Twitter, Inc. (NYSE: TWTR) with a financing plan that includes commitments from bankers and himself.",0.998770995502127
2022-04-29 18:05:20+00:00,10 Consumer Discretionary Stocks With Whale Alerts In Today's Session,"This whale alert can help traders discover the next big trading opportunities.
Whales are entities with large sums of money and we track their transactions here at Benzinga on our options activity scanner.",0.000179341841431
2022-04-29 19:14:51+00:00,This Obscure Stock Has Outperformed Tech And EV Giants,"Vertex Energy Inc (NASDAQ: VTNR) has an average trading volume of over 2 million, so it is no slouch of a stock in terms of interest. ",0.910986664472148
2022-04-30 18:51:46+00:00,Why Elon Musk Says Psychedelics And Ketamine Are Better Than Pharma Meds,"Tesla Inc (NASDAQ: TSLA) CEO Elon Musk, the tech tycoon soon-to-become media tycoon who smoked a joint on a live stream video with Joe Rogan opined",0.696276981499977
2022-05-01 17:17:59+00:00,Elon Musk Laughs At Warren Buffett: What Did The Oracle Of Omaha Say?,Tesla Inc (NASDAQ: TSLA) CEO Elon Musk has mocked Berkshire Hathaway Inc (NYSE: BRK-A) (NYSE: BRK-B) Chairman Warren Buffett,-0.502215054584667
2022-05-01 19:33:33+00:00,Mark Cuban And Elon Musk Believe Dogecoin Could Defeat Twitter's Spam Bots: Here's How,Tesla Inc (NASDAQ: TSLA) CEO Elon Musk continues to show his support for Dogecoin (CRYPTO: DOGE).  ,0.979059696255717
2022-05-02 17:14:07+00:00,"Top WallStreetBets Mentions for Monday May 2, 2022 Since 9:30 AM ET Open: TSLA, GME, AMD, AMZN, SOS, HOOD, NVDA, ARKK, AAPL, AMC",,-0.000029837683542
2022-05-02 17:47:14+00:00,10 Consumer Discretionary Stocks Whale Activity In Today's Session,"This whale alert can help traders discover the next big trading opportunities.
Whales are entities with large sums of money and we track their transactions here at Benzinga on our options activity scanner.",0.000285380359855
2022-05-03 17:46:10+00:00,10 Consumer Discretionary Stocks With Whale Alerts In Today's Session,"This whale alert can help traders discover the next big trading opportunities.
Whales are entities with large sums of money and we track their transactions here at Benzinga on our options activity scanner.",0.000179341841431
2022-05-03 18:01:03+00:00,"Apple Renews Focus On Apple Car With Latest Move, Hires Industry Veteran","
",0.030445997457718
2022-05-04 13:55:09+00:00,Does Elon Musk Own 101 Bored Ape Yacht Club NFTs?,The world’s richest man has been a vocal opposer of non-fungible tokens. Has Elon Musk been trolling everyone this whole time as the owner of a large amount of popular NFTs or is he trolling us once again Wednesday morning by right-click saving?,-0.000057394721807
2022-05-04 17:35:26+00:00,Much Wow: Largest Commercial Dogecoin Transaction Ever Buys BIG3 Basketball Team,A professional basketball league co-founded by rapper Ice Cube announced a way for fans and investors to purchase teams.,0.988192684977548
2022-05-05 18:45:49+00:00,Money Talks? The Link Between Congressional Stock Trading And Corporate Lobbying,A popular Twitter account that offers insight into the trades made by members of Congress has released a new report that might increase calls to ban the practice. ,0.696352101862431
2022-05-05 19:10:46+00:00,Cathie Wood's ARK Innovation ETF Is Down Again: What's Going On?,"ARK Innovation ETF (ARCA:ARKK) is nearing 52-week lows again on Thursday, led by sharp declines in the top holdings of Ark&#39;s flagship fund.",-0.998026391316671
2022-05-06 18:55:57+00:00,Did Donald Trump Tell Elon Musk To Buy Twitter? Here's What The Tesla CEO Says,One of the biggest stories in the stock world so far in 2022 is the announcement of the acquisition of the social media platform Twitter Inc (NYSE: TWTR) by Tesla Inc (NASDAQ: TSLA) CEO Elon Musk,0.000011521966371
2022-05-06 19:10:49+00:00,Hardware Updates Noted For The Model S On Tesla's Website,"Tesla Inc (NASDAQ: TSLA) is constantly updating its vehicles. The company doesn&#39;t wait for a new model year for a change, fix or upgrade, it simply adds them into the assembly line as soon as possible.",0.000010428055248
2022-05-07 18:03:14+00:00,"Becoming Homeless, Jobless For Bitcoin: Why Binance CEO CZ's Mom Dubbed Him 'Stupid Kid'",Binance founder and CEO Changpeng Zhao revealed in an interview with the YouTuber Nuseir Yassin that he gave up on his job and apartment to bet on Bitcoin (CRYPTO: BTC). ,-0.615015535382554
2022-05-07 18:24:53+00:00,Here Is How Elon Musk Aims To Quintuple Twitter's Revenue By 2028,Tesla Inc (NASDAQ: TSLA) CEO Elon Musk has assured Twitter Inc (NYSE: TWTR) investors that he could increase the company&#39;s revenue by many folds within a couple of years. ,0.999491442111321
2022-05-08 15:51:57+00:00,Exclusive: Arbitrage Expert Julian Klymochko Explains Why Warren Buffett Is Buying Activision Blizzard Shares,One of the biggest video game deals of all time was announced in January with Microsoft Corporation (NASDAQ: MSFT) saying they would acquire video game company Activision Blizzard Inc (NASDAQ: ATVI) for $95 a share.,0.001011384112644
2022-05-08 16:32:19+00:00,"Top News In Fintech And Beyond For May 9, 2022","

👉 Top Things To Know In TradeFi:",-0.000000591513526
2022-05-09 19:37:00+00:00,Tesla Faulty Brakes Accuser Admits Lying About Incident: What's Next?,"Last year, an owner of a Tesla Inc (NASDAQ: TSLA) vehicle in China protested at an auto show saying their Tesla&#39;s brakes were faulty.",-0.766395926009864
2022-05-09 19:40:31+00:00,Why Ark Innovation ETF Hit 52-Week Lows Today,"ARK Innovation ETF (ARCA:ARKK) is making new 52-week lows on Monday, led by sharp declines in the top holdings of Ark&#39;s flagship fund.",-0.998098697105888
2022-05-10 18:20:59+00:00,"Elon Musk Says Don't See A Ton Of Merit In Combining Tesla, SpaceX And Other Operations Under One Umbrella",,-0.000030030656490
2022-05-10 18:27:20+00:00,Elon Musk Says It's 'Not Out Of The Question' For Tesla To Buy A Mining Co,,-0.000002380525984
2022-05-11 17:36:13+00:00,10 Consumer Discretionary Stocks With Whale Alerts In Today's Session,"This whale alert can help traders discover the next big trading opportunities.
Whales are entities with large sums of money and we track their transactions here at Benzinga on our options activity scanner.",0.000179341841431
2022-05-11 18:07:25+00:00,Why Tesla Shares Are Getting Hammered Today,"Tesla Inc (NASDAQ: TSLA) shares are trading lower amid overall market weakness as investors digest the latest U.S. inflation data, which came in higher-than-expected.",-0.998197966138832
2022-05-11 23:53:21+00:00,Jack Dorsey To Hit The Twitter CEO Repeat Button? Wild Charles Thinks So,There&#39;s never a dull moment with the possible Twitter Inc. (NYSE: TWTR) buyout by Tesla Inc (NASDAQ: TSLA) CEO Elon Musk.,0.001173247597762
2022-05-12 18:22:14+00:00,Here's Why STMicroelectronics Shares Are Trading Higher Today,"
",0.998602444888093
2022-05-12 18:44:42+00:00,"Twitter CEO Sends Execs Packing, Suspends Hiring: What Investors Need To Know",Twitter Inc (NASDAQ: TWTR) is pausing hiring amid the departure of two company executives. ,-0.932408082881011
2022-05-13 19:14:07+00:00,"'While I expect the deal [with Elon Musk] to close, we need to be prepared for all scenarios and always do what's right for Twitter....' -Tweet From Twitter CEO",,0.000016188569134
2022-05-13 19:41:01+00:00,"Top WallStreetBets Mentions for Friday May 13, 2022 Since 9:30 AM ET Open GME, TSLA, TWTR, AMC, AMD, DTE, AAPL, SOFI, HOOD, NVDA",,-0.000027984508051
2022-05-14 14:45:43+00:00,"EV Week In Review: Elon Musk Shrugs Off China Shocker, Tesla India Plans On Backburner, Lordstown Gets Lifeline, Canoo Sinks On Going Concern Warning And More","The EV space was broadly lower in the week ending May 13, although closing off their lows. The industry took cues from the broader market, which went through a steep sell-off early in the week before recovering on Friday. Market leader Tesla, Inc.",-0.994793382007629
2022-05-15 16:00:41+00:00,The Reasons Why Cathie Wood Says Coinbase Has Massive Opportunities Ahead,"Crypto evangelist Cathie Wood, who runs Ark Investment Management, on Friday backed Coinbase Global Inc’s (NASDAQ: COIN) ",0.998941558296792
2022-05-15 18:26:32+00:00,"Elon Musk Is Hoping To Visit Indonesia Later This Year: What That Means For SpaceX, Tesla","Tesla, Inc. (NASDAQ: TSLA) chief executive officer Elon Musk may be visiting Indonesia later this year to consider potential investment opportunities, according to a Bloomberg report.",0.000317076061037
2022-05-16 18:31:43+00:00,"Hearing Elon Musk Says He Might Vote Republican In Next US Election, Has Typically Voted For Democrats",,0.000825810042443
2022-05-16 18:32:21+00:00,This Is What Whales Are Betting On Tesla,"A whale with a lot of money to spend has taken a noticeably bearish stance on Tesla.
Looking at options history for Tesla (NASDAQ:TSLA) we detected 1000 strange trades.",-0.994753901381046
2022-05-17 18:46:29+00:00,Here's What To Watch On Twitter Stock As Elon Musk's Stake Goes Red,"Twitter, Inc (NYSE: TWTR) was spiking up over 3% on Tuesday after falling almost 28% beginning on May 5 to reach a $36.85 low, putting Tesla, Inc (NASDAQ: TSLA) CEO Elon Musk in the red on the 9.2% ",0.987380668055266
2022-05-17 19:35:34+00:00,What's Going On With Tesla Shares Today?,"Shares of several companies in the broader automotive sector, including Tesla Inc (NASDAQ: TSLA), are trading higher amid overall market strength as stocks rebound from recent weakness. The broader market has experienced volatility amid rate hike concerns.",0.999190018454101
2022-05-18 19:21:49+00:00,Elon Musk Attacks S&P Over Exxon Outscoring Tesla On ESG: What He's Saying,"Elon Musk attacked the Environmental, Social, and Governance (ESG) standard on Wednesday, describing it as a &#34;scam&#34; that &#34;has been weaponized by phony social justice warriors.&#34;

He also accused S&amp;P Global Ratings — the rating division of S&amp;P Global — of losing its integrity.",-0.959674487006851
2022-05-18 19:23:24+00:00,This Twitter-Suspended Crypto Developer's Blockchain Social Network Claims To Handle Elon Musk's Concerns,"
",-0.000150590720295
2022-05-19 18:48:06+00:00,10 Consumer Discretionary Stocks Whale Activity In Today's Session,"This whale alert can help traders discover the next big trading opportunities.
Whales are entities with large sums of money and we track their transactions here at Benzinga on our options activity scanner.",0.000285380359855
2022-05-19 19:18:46+00:00,"Here's How Much $1,000 Invested In Tesla Will Be Worth If Cathie Wood's 2026 Price Target Comes True","Over the last five years, Ark Invest CEO Cathie Wood has been one of the biggest bulls on electric vehicle company Tesla Inc (NASDAQ: TSLA).",0.908891366911121
2022-05-20 18:13:40+00:00,10 Of The Highest Volume Options Contracts On Friday,"Trading volume is critical for small-window options traders, as it gives insight into how many contracts have been purchased on an options strike. A high-volume option can provide liquidity, giving investors a better opportunity to sell their contracts over those with lower volumes.",0.996701334675890
2022-05-20 18:42:00+00:00,10 Consumer Discretionary Stocks With Whale Alerts In Today's Session,"This whale alert can help traders discover the next big trading opportunities.

Whales are entities with large sums of money and we track their transactions here at Benzinga on our options activity scanner.",0.000198005873244
2022-05-21 17:42:48+00:00,"Elon Musk Slams Old Clinton Campaign Tweet, Calls It A Hoax",Tesla Inc (NASDAQ: TSLA) CEO Elon Musk continues to share his political viewpoints with his followers. His latest comments come after a Twitter user flagged an old Hillary Clinton tweet saying it is misleading disinformation. ,-0.162538102827966
2022-05-21 18:32:44+00:00,Tesla Drops To Number 2: Is Cathie Wood's Ark Invest Losing Confidence In Its Favorite Stock?,"Tesla, Inc. (NASDAQ: TSLA) stock has been going downhill since peaking in early November 2021.",-0.998074650182389
2022-05-22 17:44:06+00:00,"Noted Tesla, Apple Analyst Says Consumer Electronics Demand 'Disappearing, Not Deferred,' Sees Further Stock Downside","Shanghai, the business capital of China, is slowly beginning to reopen following citywide lockdowns due to a spike in COVID cases. Businesses have restarted production and civilians are now allowed to move out of their apartment complexes with time restrictions.

An analyst, however, cautions the effects of the COVID resurgence will linger for a while longer.",-0.979123276192695
2022-05-23 16:44:16+00:00,"Watch: Tesla Engulfed In Flames, Driver Escapes Through Window In Time","Vehicles catching on fire is not a new phenomenon. Firefighters do say, however, that fires from electric vehicles are much harder to put out than those of cars with internal combustion engines.",-0.000563722991501
2022-05-23 18:04:34+00:00,10 Consumer Discretionary Stocks Whale Activity In Today's Session,"This whale alert can help traders discover the next big trading opportunities.
Whales are entities with large sums of money and we track their transactions here at Benzinga on our options activity scanner.",0.000285380359855
2022-05-24 19:02:14+00:00,"Top 15 Trending Stocks On WallStreetBets As Of Tuesday, May 24, 2022 (Via Swaggy Stocks)",,-0.000013165852579
2022-05-24 19:34:13+00:00,Stellantis Sees Electric Vehicle Batteries Shortage By 2024-2025,,-0.990209232433699
2022-05-25 19:20:46+00:00,Why Luminar Shares Are Rising Today and What's Its Connection To Apple Car?,"
",0.968684158811811
2022-05-25 19:34:28+00:00,What's Going On With Tesla Stock?,"Tesla Inc (NASDAQ: TSLA) shares are surging by more than 6% on Wednesday. Despite the strong move, the EV stock is still down more than 35% year-to-date and nearly 25% in just the last month.",-0.980928295291960
2022-05-26 18:49:42+00:00,Elon Musk Warns His Followers Of A Population Collapse: Should You Be Worried?,"Earlier this year, Tesla Inc (NASDAQ: TSLA) CEO Elon Musk took to Twitter to warn his followers: “We should be much more worried about p",-0.958501750370488
2022-05-26 18:51:47+00:00,What's Going On With Tesla Shares?,Tesla Inc (NASDAQ: TSLA) shares are trading higher Thursday — what&#39;s going on?,0.936295456194784
2022-05-27 18:34:44+00:00,10 Consumer Discretionary Stocks Whale Activity In Today's Session,"This whale alert can help traders discover the next big trading opportunities.
Whales are entities with large sums of money and we track their transactions here at Benzinga on our options activity scanner.",0.000285380359855
2022-05-27 19:09:45+00:00,"Elon Musk Weighs In On Gun Control, 'Homicide Insurance' Following Uvalde School Mass Shooting","In the wake of another mass shooting, this time at Robb Elementary School in Uvalde, Texas, where 19 students and two teachers were gunned down on Tuesday, Tesla Inc (NASDAQ: ",0.000271382858045
2022-05-28 16:44:46+00:00,"After Harping On Population Collapse, Elon Musk Wants To Fix Another Problem For Humanity","Augmenting his efforts to make Earth a greener plant and transport people to Mars, Tesla, Inc. (NASDAQ: TSLA) chief executive officer Elon Musk  seems to have a new agenda item on his mind. He&#39;s indicating a desire to eradicate poverty from the face of the earth.",0.001128320378484
2022-05-28 18:45:24+00:00,When Will Tesla Likely Drive Into India? Elon Musk Has This Reply,"Tesla, Inc.&#39;s (NASDAQ: TSLA) India plans did not quite materialize in the way the company&#39;s outspoken chief executive officer Elon Musk  may have hoped.",-0.575620161835104
2022-05-29 16:40:13+00:00,Rude Awakening Inbound! Elon Musk Says A Recession Is 'Actually A Good Thing',"Recession fears have been growing in the U.S. as the Federal Reserve has tightened its monetary policy. 

Tesla Inc (NASDAQ: TSLA) CEO Elon Musk says the U.S. economy is already in a recession, and it could be &#34;tough going&#34; for 12 to 18 months.  ",-0.966399468481541
2022-05-29 18:35:03+00:00,Poll Pitting AOC Against Elon Musk Backfires: Here's Which One Is More Trusted By Twitter Users,"The world’s richest man is no stranger to polling his users on Twitter Inc (NYSE: TWTR) to prove his points or opinions. A poll was put forth on Twitter by another user to try and show that Musk’s polls may not be accurate, but backfired. Here are the details.",-0.851346088340506
2022-05-30 14:12:16+00:00,"Elon Musk Comments On Twitter De-boosting, Says It's 'Weird': What You Should Know About This Feature","Elon Musk,  who has made an offer for Twitter, Inc. (NYSE: TWTR), on Sunday engaged in a conversation on the platform regarding de-boosting.",0.000129532163555
2022-05-30 15:23:43+00:00,Here's The Latest On Tesla's Giga Shanghai Production Update,"Tesla, Inc.&#39;s (NASDAQ: TSLA) production at its Giga Shanghai is close to returning to full potential, according ",0.992638167255791
2022-05-31 18:26:30+00:00,10 Consumer Discretionary Stocks With Whale Alerts In Today's Session,"This whale alert can help traders discover the next big trading opportunities.
Whales are entities with large sums of money and we track their transactions here at Benzinga on our options activity scanner.",0.000179341841431
2022-05-31 19:05:45+00:00,Could Tesla Bring Apple AirPlay To Cars? Here's What Elon Musk Said,"Offerings from two of the most valuable companies in the world could soon be united, according to Tesla Inc (NASDAQ: TSLA) CEO Elon Musk.",0.000683284291881
2022-06-01 18:11:18+00:00,'Tesla delays deliveries of long-range models in U.S.' - Reuters,,-0.991243585711345
2022-06-01 19:02:27+00:00,"If You Invested $1,000 In General Motors When Mary Barra Became CEO, Here's How Much You'd Have Now",Automotive giant General Motors Company (NYSE: GM) has transitioned from its bankruptcy in 2009 and is now powering ahead with a transition to electric vehicles. Leading the transition is CEO Mary Barra. Here’s a look at how the stock has performed since Barra took over.,0.000412055291235
2022-06-02 19:02:31+00:00,10 Of The Highest Volume Options Contracts On Thursday,"Trading volume is critical for small-window options traders, as it gives insight into how many contracts have been purchased on an options strike. A high-volume option can provide liquidity, giving investors a better opportunity to sell their contracts over those with lower volumes.",0.996455185726518
2022-06-02 19:03:03+00:00,"Having Trouble Deciding Between Tesla, Nio, Lucid And Rivian? Buy This EV Charging Stock Instead","It&#39;s not clear which companies will come out on top in the race for market share in the electric vehicle space, but one investor sees a way to win without having to choose correctly.",0.000766408658819
2022-06-03 19:26:53+00:00,Jimmy Fallon Debuts New 'Junk In My Frunk' Song To Highlight Key Feature Of Electric Vehicles,Combine the words trunk and frunk and you get the term frunk. Jimmy Fallon recently created a song paying tribute to the legend of the “frunk.”,0.000062726088800
2022-06-03 19:35:41+00:00,10 Of The Highest Volume Options Contracts On Friday,"Trading volume is critical for small-window options traders, as it gives insight into how many contracts have been purchased on an options strike. A high-volume option can provide liquidity, giving investors a better opportunity to sell their contracts over those with lower volumes.",0.996701334675890
2022-06-04 17:17:47+00:00,Paramount Global To Launch '60 Minutes' Streaming Channel On Pluto TV,Paramount Global (NASDAQ: PARAA) is planning to launch a new streaming channel consisting entirely of segments from the long-running CBS News series “60 Minutes.”,0.000036099263525
2022-06-04 18:37:00+00:00,Volkswagen Commends Tesla For Its EV Accomplishments: Here's What Elon Musk Said In Reply,"The rivalry in the electric-vehicle space is intensifying with each passing day. Given the vast potential the arena offers, the industry has seen the mushrooming of startups and legacy automakers making a big push.",0.997487926841131
2022-06-05 14:06:46+00:00,"Musk Asks Why Epstein-Maxwell Client List Hasn't Leaked, Responds To His Photo With Maxwell At Party","On Saturday, Tesla Inc (NASDAQ: TSLA) CEO Elon Musk went on Twitter asking to see Jeffrey Epstein and Ghislaine Maxwell&#39;s client list. ",-0.000188972742762
2022-06-05 16:31:30+00:00,46M DOGE Transferred In One Go As Whales Play With The Market,Over 46 million Dogecoin (CRYPTO: DOGE) were moved in a single transaction earlier on Sunday. ,0.000010252722859
2022-06-05 18:36:21+00:00,Musk Plans To Build 1000+ Starships To Transport 1M People To Mars: A Fleet Of 'Modern Noah's Arks',Tesla Inc (NASDAQ: TSLA) and SpaceX CEO Elon Musk aims to build 100 starships per year and send one million people to Mars by 2050. ,0.000080224992416
2022-06-06 17:36:55+00:00,10 Consumer Discretionary Stocks Whale Activity In Today's Session,"This whale alert can help traders discover the next big trading opportunities.
Whales are entities with large sums of money and we track their transactions here at Benzinga on our options activity scanner.",0.000285380359855
2022-06-06 18:50:33+00:00,"Elon Musk Quotes The Tempest On Twitter, But Another Shakespeare Play Is His Favorite","The world’s richest person used lines from a William Shakespeare play in a post on the social media platform Twitter Inc (NYSE: TWTR). Here’s which play the lines were from, and which Shakespeare play is actually Musk’s favorite.",-0.000010501629731
2022-06-07 18:38:12+00:00,Will Elon Musk Buy YouTube To Tackle 'Nonstop Scam Ads?',"Tesla, Inc (NASDAQ: TSLA) CEO Elon Musk decided to take aim at another tech giant on Tuesday, accusing Alphabet, Inc (NASDAQ: GOOG) (NASDAQ: ",-0.000225038536882
2022-06-07 19:27:29+00:00,10 Consumer Discretionary Stocks With Whale Alerts In Today's Session,"This whale alert can help traders discover the next big trading opportunities.
Whales are entities with large sums of money and we track their transactions here at Benzinga on our options activity scanner.",0.000179341841431
2022-06-08 18:10:35+00:00,Electric Vehicle Market Opportunity Could Be $53 Trillion By 2050 With Net Zero Carbon Neutrality: Report,"The global road transportation market could hit carbon neutrality by the year 2050, according to a new analysis of the electric vehicle market by Bloomberg. Here are the key takeaways from the report.",0.986835549381794
2022-06-08 18:58:50+00:00,10 Consumer Discretionary Stocks Whale Activity In Today's Session,"This whale alert can help traders discover the next big trading opportunities.
Whales are entities with large sums of money and we track their transactions here at Benzinga on our options activity scanner.",0.000285380359855
2022-06-08 19:40:32+00:00,"Elon Musk Names Two Enemies, Reflects On Tesla And SpaceX Staving Off Bankruptcy In New Interview",The early days of Tesla Inc (NASDAQ: TSLA) and how the company managed to not go bankrupt along the way were among the topics covered with CEO Elon Musk in an interview with the Tesla Silicon Valley Club.,-0.000068375971750
2022-06-09 18:19:50+00:00,NHTSA Expands Probe Of Tesla Crashes Involving Emergency Vehicles,The National Highway Traffic Safety Administration published a notice Thursday announcing the expansion into its ongoing investigation regarding crashes involving Tesla (NASDAQ: TSLA) electric vehicles and s,0.000403475569328
2022-06-09 19:30:58+00:00,"10 Of The Highest Volume Options Contracts Thursday: Tesla, Apple, And More","Trading volume is critical for small-window options traders, as it gives insight into how many contracts have been purchased on an options strike. A high-volume option can provide liquidity, giving investors a better opportunity to sell their contracts over those with lower volumes.",0.995410982301109
2022-06-10 19:04:24+00:00,Supercharger Test Of Tesla's New 4680 Battery In A Model Y Shows Fast Charging Speeds,"When it comes to electrical vehicles, the range on a full charge and charging speed are the most important aspects to consider. If the vehicle can&#39;t go far, or charges slowly, it won&#39;t be useful for a road trip or even simply a busy day.",0.000333813979523
2022-06-10 19:40:41+00:00,"Top WallStreetBets Mentions for Friday June 10, 2022 Since 9:30 AM ET Open: GME, TSLA, AMZN, DTE, AMD, AAPL, XOM, NVDA, DOCU, AMC",,-0.000028748807381
2022-06-11 19:02:18+00:00,"Elon Musk Says This Multiplayer Game Works Well With Starlink Connection, Promises Reduced Global Latency This Year","Elon Musk&#39;s  SpaceX-owned Starlink satellite internet service has evolved, and its utility came to the fore when Ukraine sought Starlink terminals to restore internet connectivity in the war-ravaged country.",0.999359256704338
2022-06-12 18:13:01+00:00,US Defense Official Credits Elon Musk's Starlink For Making It Impossible For Putin To Silence Ukraine,Elon Musk&#39;s SpaceX-owned Starlink came in handy for Ukraine when the Eastern European country&#39;s war with Russia left it bereft of internet service.,0.058136450941674
2022-06-12 19:15:26+00:00,Is Apple's Reinvented CarPlay A Preview Of Cupertino's EV? Gurman Sees A Serious Challenger To Tesla,"Apple&#39;s launch of a  new version of CarPlay at the Worldwide Developers Conference last Monday was a preview of the Apple Car, Bloomberg columnist Marc Gurman  said in his weekly Power On newsletter.",0.434569980483502
2022-06-13 18:35:18+00:00,Dogecoin Continues To Fall As Elon Musk Goes Silent On The Crypto: Here's What To Watch,"Dogecoin (CRYPTO: DOGE) was plummeting about 15% lower at one point during Monday’s 24-hour trading session, in sympathy with the Bitcoin (CRYPTO: BTC) and the S&amp;P 500, which plunged about 14% and 3%",-0.997058654931607
2022-06-13 18:50:01+00:00,"Stock Bloodbath Continues, Pushing S&P 500 Into Bear Market Ahead Of Critical Fed Meeting",The S&amp;P 500 officially dropped into bear market territory Monday as global financial markets continue to decline following the latest round of U.S. inflation data.,-0.995926827512449
2022-06-14 16:44:04+00:00,"Top WallStreetBets Mentions for Tuesday June 14, 2022 Since 9AM ET Open: TSLA, GME, NIO, COIN,  SOFI, NVDA, ARKK, MSTR, DIS, AMC",,-0.000025102868676
2022-06-14 17:35:46+00:00,10 Consumer Discretionary Stocks With Whale Alerts In Today's Session,"This whale alert can help traders discover the next big trading opportunities.
Whales are entities with large sums of money and we track their transactions here at Benzinga on our options activity scanner.",0.000179341841431
2022-06-15 18:44:06+00:00,The Original 'Is A Great Movie': Here's The 2022 Film Elon Musk Is 'Looking Forward' To Seeing,"Many people love to hear favorite books, movies and television shows of celebrities and the world’s richest people. Tesla Inc (NASDAQ: TSLA) CEO Elon Musk shared some more insight into movies on Wednesday.",0.007463545727660
2022-06-15 19:05:13+00:00,Ford Looks To Beat Tesla And GM In Race To Electric Pickup Truck Domination,Ford Motor Co. (NYSE: F) looks to steer the electric vehicle narrative away from Tesla Inc. (NASDAQ: TSLA).,0.999201698985416
2022-06-16 17:09:44+00:00,Dogecoin Disaster? Lawsuit Accuses Elon Musk Of Crypto Pyramid Scheme,"Elon Musk, the world&#39;s richest man, and his companies, Tesla Inc (NASDAQ: TSLA) and SpaceX, are being sued for $258 billion over claims that he was involved in a Dogecoin (CRYPTO: ",-0.834167455672286
2022-06-16 18:30:10+00:00,"Top WallStreetBets Mentions for Thursday June 16, 2022 Since 9AM ET Open: GME, TSLA, AMD, AMZN, AMC, AAPL, ARKK, XOM, TWTR, ADN",,-0.000026667774364
2022-06-17 19:05:40+00:00,Elon Musk Being Sued For $258B Over Alleged Dogecoin Manipulation: The Rise And Fall Of The Famous Meme Coin,"In Manhattan yesterday (6/16/22), a class-action lawsuit was filed against Tesla Inc (NASADAQ: TSLA) CEO Elon Musk, by a man named Keith Johnson.  The accusation is that Musk, Tesla, and SpaceX are operating an illegal racketeering enterprise to inflate the price of Dogecoin (CRYPTO: ",-0.001150432406575
2022-06-17 19:21:20+00:00,Elon Musk Just Exercised Stock Options In This Company — And No It Wasn't Tesla,"The world’s richest person owns stakes in Tesla Inc (NASDAQ: TSLA), SpaceX, Twitter Inc (NYSE: TWTR) and several other companies.",-0.000008878305380
2022-06-18 15:45:23+00:00,Here's Why Elon Musk Wants You To Watch 'Idiocracy',Tesla Inc (NASDAQ: TSLA) CEO Elon Musk went on Twitter to share his thoughts about many of his friends not having kids. ,-0.000063025800046
2022-06-18 18:35:01+00:00,Is TikTok Destroying Civilization? This Is What Elon Musk Has To Say,"ByteDance-owned short video app TikTok has  gained in popularity  because of the addictive nature of its content. Tesla, Inc.",0.999362538350397
2022-06-19 13:16:20+00:00,Why Does Elon Musk Feel 'Swindled' When He Drinks This Sparkling Water Brand?,"Tesla, Inc.",-0.971749127958901
2022-06-19 14:36:45+00:00,"Not So Happy Father's Day: Elon Musk Reminisces About His Estranged Dad, And His 'Bleak' Childhood","Fathers are a very special in anybody&#39;s life, and words often fall short when we attempt to describe the kind of inspiration they provide and the support they lend to our lives.",-0.002442173776217
2022-06-20 13:57:00+00:00,Dogecoin Co-Founder Takes Swipe At Crypto VCs: Web3 Has Nothing To Offer To Content Creators,"Dogecoin (CRYPTO: DOGE) co-creator Jackson Palmer has taken yet another swipe at venture capitalists — in particular, Marc Andreessen, the co-founder of Andreessen Horowitz (a16z), for his comments about the advantages",-0.001381194713758
2022-06-20 17:30:09+00:00,Elon Musk On How To Understand The Meaning Of Life And Why We Should Be A Multi-Planet Species,Sustainable energy is important for the long term viability of earth and making life multiplanetary according to a recent interview with Tesla Inc (NASDAQ: TSLA) CEO Elon Musk.,0.000076086922491
2022-06-21 18:43:48+00:00,Elon Musk Addresses Whether Twitter Deal Would Get Tesla In Trouble In China,Tesla Inc (NASDAQ: TSLA) CEO Elon Musk said on Tuesday he believes there will not be any issues related to running his electric vehicle business in China in case the $44 billion Twitter Inc (NYSE: ,-0.001026064972393
2022-06-21 19:37:07+00:00,Here's Why This Analyst Slashed Twitter's Price Target By 39%,"
",-0.984388458076864
2022-06-22 18:31:42+00:00,Why Did Musk's 'Boring Company' Apply For A Private Access Tunnel Under Tesla Gigafactory Texas?,"The Boring Company, a private company with Tesla Inc (NASDAQ: TSLA) chief Elon Musk as its CEO, works to build underground tunnels to help relieve traffic.",0.000019293322111
2022-06-22 19:01:19+00:00,"If You Invested $1,000 In Litecoin At Its COVID-19 Pandemic Low, Here's How Much You'd Have Now",Investors who bought stocks during the COVID-19 market crash in 2020 have generally experienced some big gains in the last two years. But there is no question some investments performed better than others since the pandemic bottom.,0.999274559260812
2022-06-23 18:43:25+00:00,'Tesla launches new virtual power plant that pays Powerwall owners to help end brownouts' -Electrek,,0.000850981101394
2022-06-23 19:23:13+00:00,Tesla Supplier Challenges EV Maker's Powerful Battery With Latest Launch,"
",0.000842175839352
2022-06-24 08:29:13+00:00,Tesla Powerwall Owners In California Can Help Avoid Brownouts — And Get Paid For it,Tesla Inc (NASDAQ: TSLA) has partnered with utility firm PG&amp;E Corporation (NYSE: PCG) to launch a new virtual power plant that will pay Powerwall owners to help boost the electric grid during brownouts in Cal,0.998071131994948
2022-06-24 17:41:24+00:00,"Top Wall Street Bets Mentions for Friday June 24, 2022 Since 9:30 AM ET Open: GME, TSLA, META, AMD, UVXY, AMC, AMZN, CCL, GOOG, MSTR",,-0.000027847599995
2022-06-24 17:43:02+00:00,10 Consumer Discretionary Stocks Whale Activity In Today's Session,"This whale alert can help traders discover the next big trading opportunities.
Whales are entities with large sums of money and we track their transactions here at Benzinga on our options activity scanner.",0.000285380359855
2022-06-25 13:26:33+00:00,"Benzinga Bulls And Bears Of The Week: Apple, Tesla, Netflix, Chevron And This Leading Chipmaker","Benzinga has examined the prospects for many investors&#39; favorite stocks over the past week, while offering a 24/7 news feed, live chat and charting software on Benzinga Pro. ",0.000026659414289
2022-06-25 18:16:57+00:00,"How Much A $1,000 Invested In Tesla At Start Of June Returns Compared To Chinese EV Trio Nio, XPeng and Li Auto","Tesla, Inc. (NASDAQ: TSLA) shares have been under pressure since the start of the year amid the broader market rout. The weakness continued into June, even as most other stocks rebounded. Incidentally, the U.S.-listed Chinese electric vehicle stocks fared way better than their bigger rival.",-0.993646054994315
2022-06-25 20:32:11+00:00,"After Tesla, This Oil Giant Is Shifting Majority Of Employees From California To Texas","Oil giant Chevron Corporation (NYSE: CVX) plans to sell its San Francisco Bay Area campus and move its global headquarters to a newly leased space in California, reports indicate, citing a company spokesperson.

The shifting of the headquarters is planned for the third quarter of 2023.",0.000264124151727
2022-06-26 14:55:06+00:00,Why This EV Maker Faces Downside Of Over 60% From Current Levels,"Electric vehicle stocks came under significant selling pressure this year, leaving most of them as pale shadows of their old selves. As sentiment begins to turn around, one EV stock is facing the risk of losing more than half of its market capitalization, according to a Barron&#39;s report.",-0.997816777613480
2022-06-27 18:46:35+00:00,What Are Whales Doing With Tesla,"Someone with a lot of money to spend has taken a bearish stance on Tesla (NASDAQ:TSLA).
And retail traders should know.
We noticed this today when the big position showed up on publicly available options history that we track here at Benzinga.",-0.990597619209439
2022-06-27 19:40:08+00:00,"Tesla, Rivian and NIO See Estimates and Price Targets Slash By Mizuho Post Battery Industry Call","Mizuho hosted a battery industry call looking at critical challenges, ramps, new technologies, and the longer-term outlook. It listed the key takeaways in a note titled &#34;Battery Takeaways: Tesla the Leader, LFP Cost-Effective, Solid State Too Far Away.&#34;",0.000108504405944
2022-06-28 18:28:17+00:00,What's Going On With Tesla Shares Getting Hammered Today?,"Tesla Inc (NASDAQ: TSLA) shares are trading lower by 4.61% to $700.89 after Deutsche Bank maintained a Buy rating on the stock but cut its price target from $1,250 to $1,125.",-0.997346004121937
2022-06-29 15:58:21+00:00,Short Seller Jim Chanos Betting Against This Booming Tech Sector: 'This Is Our Big Short',"Famed short seller Jim Chanos has a new industry he’s targeting with bets against a high growth area. Here’s why, despite the growing industry, Chanos sees pain for the market leaders.",-0.991047390270978
2022-06-29 19:28:03+00:00,Here's Why Volkswagen CEO Thinks Tesla Is Weakening Itself Right Now,The battle for dominance in the electric vehicle market is heating up and Volkswagen AG (OTC: VWAGY) believes it can pass Tesla Inc (NASDAQ: TSLA) in the coming years.,0.998996305599576
2022-06-30 17:51:04+00:00,Tesla Option Alert: Fri $680 Calls Sweep (3) near the Ask: 52 @ $13.551 vs 2936 OI; Earnings 7/25 After Close [est] Ref=$682.8799 13:49:17,,-0.000025644498237
2022-06-30 19:19:24+00:00,What's Going On With Tesla Shares Today?,Tesla Inc (NASDAQ: TSLA) shares are trading lower by 1.26% to $676.86 Thursday afternoon. Shares of auto and auto manufacturers companies are trading lower during Thursday’s trading session after data showed a slowdown in U.S. consumer spending in May.,-0.997355548199266
2022-07-01 18:44:57+00:00,10 Consumer Discretionary Stocks Whale Activity In Today's Session," 

This whale alert can help traders discover the next big trading opportunities.

Whales are entities with large sums of money and we track their transactions here at Benzinga on our options activity scanner.",0.000398008378397
2022-07-01 19:31:02+00:00,Double Digits: General Motors Is Making Only This Many Hummer EVs Per Day,"One of the largest traditional automotive companies has put forth a plan to increase its position in the electric vehicle industry, something that has drawn praise from President Joe Biden.",0.999472647585208
2022-07-02 19:24:41+00:00,"Benzinga Bulls And Bears Of The Week: AMC, Coinbase, Apple, Tesla And The Crypto Everyone Is Watching","Benzinga has examined the prospects for many investors&#39; favorite stocks over the past week, while offering a 24/7 news feed, live chat and charting software on Benzinga Pro. ",0.000017786282115
2022-07-02 19:33:22+00:00,Toyota Has Exhausted All US Tax Credits Even As It Is Just Getting Started With EVs,"Toyota Corporation (NYSE: TM) launched its first battery electric vehicle, the  bZ4X,  in the U.S. in April.",0.976576807501260
2022-07-03 14:27:23+00:00,This Warren Buffett-Backed Chinese EV Maker Reports June Sales Up Over 240% From A Year Ago,Chinese electric vehicle manufacturer BYD Company Limited (OTC: BYDDY) reported Sunday deliveries that more than tripled from a year ago.,0.999475064614671
2022-07-03 18:15:43+00:00,Will Donald Trump Launch A 2024 Presidential Election Bid On Fourth Of July? Here's What We Know,"The 2024 Presidential Election could feature a rematch between two former presidents, with both former President Donald Trump and current president Joe Biden eyeing re-election. Neither candidate has announced plans to officially run in 2024. Although, a new report points to Trump announcing soon and being the first of the two to make things official.",0.000014811594156
2022-07-05 18:37:03+00:00,10 Consumer Discretionary Stocks Whale Activity In Today's Session,"This whale alert can help traders discover the next big trading opportunities.
Whales are entities with large sums of money and we track their transactions here at Benzinga on our options activity scanner.",0.000285380359855
2022-07-05 18:42:41+00:00,What Are Whales Doing With Tesla,"A whale with a lot of money to spend has taken a noticeably bearish stance on Tesla.
Looking at options history for Tesla (NASDAQ:TSLA) we detected 679 strange trades.",-0.996120714931749
2022-07-06 19:04:51+00:00,"Top 15 Trending Stocks On WallStreetBets As Of Wednesday, July 6, 2022 (Via Swaggy Stocks)",,-0.000012348005839
2022-07-06 19:10:19+00:00,"Tesla Won't Let You Buy A Car With Dogecoin, But This Other Elon Musk-Owned Company Will Accept The Meme Crypto For Rides",The world’s richest person has often been a vocal supporter of meme cryptocurrency Dogecoin (CRYPTO: DOGE).,0.000014997647668
2022-07-07 17:59:14+00:00,U.S. National Highway Traffic Safety Administration Opens New Special Crash Investigation Into Fatal Tesla Pedestrian Crash In California,,0.000008537987014
2022-07-07 18:38:26+00:00,Elon Musk Deal Back On? Why Twitter Stock Spiked This Morning,Twitter Inc (NYSE: TWTR) shares spiked as high as $39.51 on Thursday following reports that company executives further explained how they calculate the number of bots on the social media platform. ,0.999345387230278
2022-07-08 17:35:41+00:00,10 Consumer Discretionary Stocks Whale Activity In Today's Session,"This whale alert can help traders discover the next big trading opportunities.
Whales are entities with large sums of money and we track their transactions here at Benzinga on our options activity scanner.",0.000285380359855
2022-07-08 19:07:05+00:00,"If You Invested $1,000 In Polkadot At Its COVID-19 Pandemic Low, Here's How Much You'd Have Now",Investors who have owned stocks in the past couple of years have generally experienced some big gains. But there is no question some big-name cryptocurrencies have left the stock market in the dust.,0.999102904868778
2022-07-09 14:29:45+00:00,Elon Musk Plans To Help Families Have More Children To Address 'The Biggest Danger' Facing Civilization,"Elon Musk&#39;s obsession with under-population came to the fore, as he once again expressed concerns over the danger of a collapsing birth rate. What Happened: Earlier this week, Musk tweeted that he is doing his best to help the underpopulation crisis.",-0.030961872311309
2022-07-09 16:07:04+00:00,"Elon Musk Teases New EV Concept, Rivian Gets Going, Nio Powers Up, Faraday Future Continues Dream Run And More: Week's Top News From EV Industry","Electric vehicle stocks advanced in the week ending July 8, thanks to positive broader market sentiment and some encouraging company-specific news. Market leader Tesla, Inc. (NASDAQ: TSLA) closed above the $750 level and Rivian Automotive, Inc.",0.999427995222504
2022-07-10 14:24:15+00:00,"Donald Trump Goes After Elon Musk During Event, Says The Twitter Deal A 'Pretty Rotten Contract'","After Tesla Inc (NASDAQ: TSLA) CEO Elon Musk announced that, for the first time, he had voted for a Republican last month, he’s now being targ",0.036512913065962
2022-07-10 19:04:47+00:00,Elon Musk Says This Item Could Be The Future Of Wars,The world’s richest person has weighed in on how future wars could be fought. SpaceX and Tesla Inc (NASDAQ: TSLA) CEO Elon Musk has shared that one device could be the future for wars.,0.000017632373783
2022-07-11 17:43:40+00:00,Elon Musk Feeds Twitter To The Bears On Attempt To Nix Merger Deal: What Does The Chart Say?,Twitter Inc (NYSE: TWTR) was plunging almost 10% lower on Monday after Tesla Inc (NASDAQ: TSLA) CEO Elon Musk filed to ,-0.997494994720910
2022-07-11 19:27:24+00:00,"See You In Court, Again! Elon Musk's Top 10 Lawsuits","Twitter’s (NYSE: TWTR) lawsuit against Elon Musk over his attempt to withdraw from his acquisition of the company marks the latest in a long, long, long series of courtroom battles that the Tesla (NASDAQ: ",-0.000229904544540
2022-07-12 17:55:37+00:00,"Ex-M&A Lawyer From Twitter's Law Firm Has Advice For Elon Musk, But Calls Him 'Rich, Weird And Stubborn'","Matt Levine is a Bloomberg Opinion columnist covering the financial markets, and he’s got a word of advice for Tesla Inc’s (NASDAQ: TSLA) Elon Musk on how to handle the Twitter Inc (NYSE: ",0.000335459131747
2022-07-12 18:20:31+00:00,Here's Where Former Tesla Employees Are Getting Hired: Which 2 Rivals Have Benefitted?,"Electric vehicle company Tesla Inc (NASDAQ: TSLA) has been laying off some of its salaried workers, a move that CEO Elon Musk previewed earlier this year. A new report shows exactly where those former employees have found new work, including several of Tesla’s rivals.",0.320787424221635
2022-07-13 18:09:53+00:00,Why Twitter Shares Are Rising Amid Tesla CEO Elon Musk Stepping Away From Deal,Twitter Inc (NYSE: TWTR) shares are trading higher by 8.07% to $36.81 Wednesday afternoon after Hindenburg Research said it has accumulated a significant long position in the stock.,0.999488170797122
2022-07-13 18:32:57+00:00,MSNBC Host Stephanie Ruhle Claps Back At Elon Musk Over Hunter Biden Tweet,"
Stephanie Ruhle, host of MSNBC’s “11th Hour,” isn&#39;t amused by Elon Musk&#39;s off-color commentary on Twitter Inc (NYSE: TWTR).",0.000025958303013
2022-07-14 18:16:26+00:00,"Short Seller Hindenburg Research Reverses Course, Backs Twitter In Fight Against Musk","In just over two months, short seller Hindenburg Research has pulled a 180 and changed its thesis on social media platform Twitter Inc (NYSE: TWTR) in the battle against Tesla Inc (NASDAQ: TSLA) CEO&lt;",-0.991724255960435
2022-07-14 19:25:23+00:00,Tesla Shares Move Higher Over Last Several Minutes,,0.999328306104871
2022-07-15 17:52:57+00:00,10 Consumer Discretionary Stocks Whale Activity In Today's Session,"This whale alert can help traders discover the next big trading opportunities.
Whales are entities with large sums of money and we track their transactions here at Benzinga on our options activity scanner.",0.000285380359855
2022-07-15 18:20:05+00:00,"Ten Stocks Trending on Discord for Friday July 15, 2022: AMD, TSLA, AMZN, TWTR, AAPL, MSFT, TBLT, QCOM, NFLX, FWBI",,-0.000028988692065
2022-07-16 16:11:12+00:00,"Bulls And Bears Of The Week: Twitter, Disney, Netflix, Ford, Tesla And This Warren Buffett-Backed Stock","Benzinga has examined the prospects for many investors&#39; favorite stocks over the past week, while offering a 24/7 news feed, live chat and charting software on Benzinga Pro. ",0.000019478400645
2022-07-16 18:36:11+00:00,Here's What Dogecoin Co-Founder Has To Say About Elon Musk Bitcoin Scam Streams On YouTube,Dogecoin (CRYPTO: DOGE) co-founder Jackson Palmer is now showing compassion to Tesla Inc (NASDAQ: TSLA) CEO Elon Musk. ,0.687423317111097
2022-07-17 14:50:35+00:00,"Elon Musk Says Tesla Can Lower Car Prices, But This Needs To Happen First","Electric carmaker Tesla Inc (NASDAQ: TSLA) has hiked its car prices multiple times in 2022. Last year, the company raised its prices nearly every month with industry shortages and supply chain issues. Last month, Tesla increased its car prices by up to $6000.   ",0.998760395741556
2022-07-17 17:04:56+00:00,"LinkedIn Co-Founder Explains Musk, Trump Beef: Real Life Success Vs. Pretend TV Version",Entrepreneur and investor Reid Hoffman took to Twitter Inc (NYSE: TWTR) to defend Tesla Inc (NASDAQ: TSLA) CEO Elon Musk and call out former President Donald Trump.,0.000021535175620
2022-07-18 18:26:44+00:00,What's Going On With Apple Stock Today,"
",-0.000023492139007
2022-07-18 18:38:50+00:00,"Why Are Execs Musk, Zuckerberg, Smith Concerned About The Future Of The US Workforce?",Microsoft Corporation (NASDAQ: MSFT) President Brad Smith expressed concern about the future of the workforce in a recent interview with Reuters.,-0.915585894603282
2022-07-19 19:20:03+00:00,Tesla Stock Is Rising Tuesday: What's Happening?,Tesla Inc (NASDAQ: TSLA) shares are trading higher by 2.39% to $738.92 Tuesday afternoon amid overall market strength. The company also reports second-quarter earnings results Wednesday.,0.999484744694200
2022-07-19 19:25:10+00:00,Tesla To Release Earnings For One Of Its Toughest Quarters: What Investors Should Expect From Q2 Report,"Electric vehicle maker Tesla, Inc. (NASDAQ: TSLA) has had a tough quarter to contend with, given the inclement macro situation and the COVID-19 lockdowns in China. The good news is that the stock has already discounted a not-so-buoyant quarterly performance.

The Key Numbers: ",-0.991737762000412
2022-07-20 19:19:26+00:00,"Top 15 Trending Stocks On WallStreetBets As Of Wednesday, July 20, 2022 (Via Swaggy Stocks)",,-0.000011504191207
2022-07-20 19:40:52+00:00,How To Trade Tesla Stock Before And After Q2 Earnings,"Tesla, Inc (NASDAQ: TSLA) was trading slightly higher Wednesday as the company heads into its second-quarter earnings print after the close.",0.998251427139621
2022-07-21 19:22:21+00:00,Nasdaq Jumps Over 100 Points; U.S. Jobless Claims Rise To This Level,"U.S. stocks traded higher toward the end of trading, with the Nasdaq Composite gaining more than 100 points on Thursday.",0.999449140173965
2022-07-21 19:34:01+00:00,Was Tesla Selling Bitcoin A Wise Move?,"Bitcoin (CRYPTO: BTC) fell last night and the early hours of this morning, after reaching a key resistance level at around $23,250.",-0.756295913830400
2022-07-22 18:45:34+00:00,Why Bitcoin- And Ethereum-Related Stocks MicroStrategy Incorporated And Coinbase Are Trading Lower Friday Following Tesla's Crypto Update,MicroStrategy Incorporated (NASDAQ: MSTR) and Coinbase Global Inc (NASDAQ: COIN) are trading lower by 4.64% to $276.26 and 5.37% to $70.01 respectively Friday afternoon. Shares of crypto-related stocks are tra,-0.997083719965303
2022-07-22 19:22:55+00:00,"'I'm Rubber, They're Glue' Elon Musk Responds To Twitter Blaming Him For Missed Earnings","‘Whatever you say bounce off me and sticks to you,’ is the rest of that riposte, and what the Tesla Inc (NASDAQ: TSLA) Chief Executive, Elon Musk, said in response to Twitter Inc (NYSE: TWTR&lt;",-0.205720284953713
2022-07-23 18:50:35+00:00,"If You Invest $1000 In Cathie Wood's Ark Innovation ETF, Here's How Much Tesla, Zoom, And 32 Stocks You're Buying","Exchange-traded fund (ETF) investors generally see ETFs as safer investments over individual stocks because of their exposure to numerous stocks, sometimes spanning multiple sectors.",0.001116038270993
2022-07-23 19:10:24+00:00,Elon Musk Says Tesla To Provide Same-Hour Service To Vehicles: 'Applying Formula 1 Pit Crew Techniques',"Tesla, Inc. (NASDAQ: TSLA) CEO Elon Musk  on Saturday offered an update on the company’s service offering.",0.000047936016927
2022-07-24 17:03:19+00:00,"What Joe Rogan, Elon Musk Have In Common: Their 2024 Presidential Pick","
",-0.000008760187484
2022-07-24 18:00:42+00:00,Musk's 'Money Doesn't Have Power' Video Goes Viral: Here's What He Says About It,An old video of Tesla Inc (NASDAQ: TSLA) CEO Elon Musk is going around on social media again. The footage where Musk says that &#34;money has no power in itself&#34; has gone viral on Twitter. ,0.000065784028266
2022-07-24 19:08:00+00:00,Elon Musk's Alleged Affair With Google Co-Founder Sergey Brin's Wife Leads To Couple's Divorce Filing: Report,"Tesla, Inc.",-0.861596429604106
2022-07-25 18:32:10+00:00,Top Kelly Blue Book Executive On Why Tesla's Market Share Will Plummet Next 5 Years,"Michelle Krebs, senior director of automotive relations at Cox Automotive, the parent company of businesses including Kelley Blue Book, Xtime, Autotrader.com, and Manheim believes that Tesla Inc’s (NASDAQ: TSLA) more than 69.9% market share is going to drop significan",-0.997481978847645
2022-07-25 19:26:41+00:00,A Picture Is Worth 1000 Tweets: Elon Musk On Journalistic Integrity,News broke Sunday that The Wall Street Journal was reporting a romantic relationship between Elon Musk and Nicole Shanahan led to the divorce of the latter from Alphabet Inc (NASDAQ: GOOG)(NASDAQ: GOOGL,-0.002591582364403
2022-07-26 17:43:10+00:00,"Top 15 Trending Stocks On WallStreetBets As Of Tuesday, July 26, 2022 (Via Swaggy Stocks)",,-0.000012816220988
2022-07-26 17:43:52+00:00,10 Consumer Discretionary Stocks Whale Activity In Today's Session,"This whale alert can help traders discover the next big trading opportunities.
Whales are entities with large sums of money and we track their transactions here at Benzinga on our options activity scanner.",0.000285380359855
2022-07-27 17:38:19+00:00,10 Consumer Discretionary Stocks With Whale Alerts In Today's Session,"This whale alert can help traders discover the next big trading opportunities.
Whales are entities with large sums of money and we track their transactions here at Benzinga on our options activity scanner.",0.000179341841431
2022-07-27 17:52:55+00:00,Doge Devs Share New Weapon Against Dogecoin FUD,"Dogecoin (CRYPTO: DOGE) developers have created a new resource they believe will be an important weapon against fear, uncertainty and doubt (FUD) surrounding the meme-based cryptocurrency.",0.981717128248420
2022-07-28 17:37:38+00:00,10 Consumer Discretionary Stocks With Whale Alerts In Today's Session," 

This whale alert can help traders discover the next big trading opportunities.

Whales are entities with large sums of money and we track their transactions here at Benzinga on our options activity scanner.",0.000326942004904
2022-07-28 19:13:44+00:00,"Top 15 Trending Stocks On WallStreetBets As Of Thursday, July 28, 2022 (Via Swaggy Stocks)",,-0.000012210439309
2022-07-29 17:39:13+00:00,"Ten Stocks Trending on Discord for Friday July 29, 2022: AMZN, UBS, TSLA, AAPL, ROKU, INTC, TBLT, WING, NVDA, AMD",,-0.000028239683161
2022-07-29 19:16:16+00:00,"'I talked to @TheScottPainter from @drive_autonomy today & he confirmed they are in the process of placing an order for 23,000 electric vehicles. It will include EVs from @Rivian, @Lucid, @Ford, @canoo, @GM & more on top of their @Tesla fleet.'",,0.000083641320089
2022-07-30 18:28:26+00:00,'Heatwave In Shortville': Is Elon Musk Taunting Bill Gates And Tesla Short Sellers?,"The world’s richest man, Elon Musk, has been known to share cryptic messages with his more than 100 million Twitter Inc (NYSE: TWTR) followers.",-0.006417180906283
2022-07-30 19:27:09+00:00,This Company Is Buying 200 Tesla Vehicles Per Week — Here's Its Future Plan,"An electric vehicle subscription service company named Autonomy, which uses Tesla Inc (NASDAQ: TSLA) vehicles, has recently announced that it is taking delivery of close to 200 Tesla vehicles per week. ",0.000326571236656
2022-07-30 21:11:05+00:00,"Weekend Stock Spotlight: Boeing, Ford, JP Morgan, And Why Elon Musk May Be Turning Off Potential Tesla Buyers","Benzinga reviews this weekend&#39;s top stories covered by leading media outlets, here are the articles investors need to read.",0.000356553522579
2022-07-31 18:48:04+00:00,How Musk's Mars Obsession Can Save Us From AI Doom: Ethereum Co-Founder Vitalik Buterin Weighs In,Elon Musk may have a staunch supporter for his Mars ambition in Ethereum (CRYPTO: ETH) co-founder Vitalik Buterin. ,0.113542550476268
2022-08-01 18:22:02+00:00,"Top Wall Street Bets Mentions For Monday August 1, 2022 Since 9:30 AM ET Open: TSLA, AMD, GME, HEXO, SIGA, AMZN, NVDA, AAPL, UVXY, META",,-0.000025050649128
2022-08-01 18:26:00+00:00,"Ten Stocks Trending on Discord for Monday August 1, 2022: GOVX, TSLA, AEMD, OTRK,  TBLT, LTRPB, QRTEB, MDIA, REV, NKLA",,-0.000022266318410
2022-08-02 18:43:06+00:00,"Musk Friends And Billionaires Top Twitter's Subpoena In Latest Trial Twist: Palihapitiya, Palantir Founder Among Targets",A new subpoena from Twitter Inc (NYSE: TWTR) is requesting information from friends of Elon Musk in the battle between the social media platform and Tesla Inc (NASDAQ: TSLA) over a proposed $44 billion ,-0.000041280029109
2022-08-02 19:19:02+00:00,This Tesla Model Y Has Gone 100K Miles In 22 Months: How Is The Battery Holding Up?,"The Tesla Inc (NASDAQ: TSLA) Model Y Crossover SUV has only been on the market for a few years, so data on high mileage vehicles is rare.",0.000176121699042
2022-08-03 17:47:15+00:00,10 Consumer Discretionary Stocks Whale Activity In Today's Session,"This whale alert can help traders discover the next big trading opportunities.
Whales are entities with large sums of money and we track their transactions here at Benzinga on our options activity scanner.",0.000285380359855
2022-08-03 19:17:20+00:00,GM Voids Warranties As In-Demand Vehicles Are Getting Resold By Dealers: Should Tesla Do The Same?,"General Motors Company (NYSE: GM) has initiated a new program to help stop its hottest models from getting flipped for high prices, Fox Business",0.903594471106771
2022-08-04 18:38:11+00:00,"Top 15 Trending Stocks On WallStreetBets As Of Thursday, August 4, 2022 (Via Swaggy Stocks)",,-0.000013108692656
2022-08-04 19:14:23+00:00,"$100 Invested In This Stock 10 Years Ago Would Be Worth $15,000 Today","Tesla (NASDAQ:TSLA) has outperformed the market over the past 10 years by 54.52% on an annualized basis producing an average annual return of 65.94%. Currently, Tesla has a market capitalization of $961.80 billion.",0.999381957502919
2022-08-05 16:33:18+00:00,"How Tesla Stock Looks Following 3-1 Stock Split Approval, Cybertruck Update",Tesla Inc (NASDAQ: TSLA) was sliding more than 3% lower on Friday after attempting to regain the 200-day simple moving average as support but failing.,-0.997950351738837
2022-08-05 17:48:43+00:00,10 Consumer Discretionary Stocks With Whale Alerts In Today's Session,"This whale alert can help traders discover the next big trading opportunities.
Whales are entities with large sums of money and we track their transactions here at Benzinga on our options activity scanner.",0.000179341841431
2022-08-06 18:17:38+00:00,Is Elon Musk Into Psychedelics? Here's What The Tesla CEO Had To Say,"The push to legalize psychedelics in more states may have gotten a new public supporter, with the world’s richest man sharing his thoughts and opinions on the benefits.",0.998975811569835
2022-08-06 19:35:34+00:00,Elon Musk's SpaceX Raises $250M Through Fresh Equity Offering As Its Valuation Soars,"Elon Musk’s SpaceX raised additional financing through the issue of equity in late July, according to a new filing by the company on Friday.",0.999334846739657
2022-08-07 13:30:24+00:00,Elon Musk Tweets: FSD Beta 10.69 drops on 8/20,,-0.000033172960684
2022-08-07 13:38:19+00:00,"Elon Musk Predicts 'Mild Recession' For 18 Months, Says US Economy Is 'Past Peak Inflation'",Tesla Inc (NASDAQ: TSLA) CEO Elon Musk has said that the U.S. recession is inevitable and will last for the next year and a half. ,-0.885428335517645
2022-08-08 15:33:26+00:00,"No, Elon Musk Isn't Staying In A Boxabl — Here's How Much His Main Residence In South Texas Costs","Tesla, Inc. (NASDAQ: TSLA) CEO Elon Musk may be the world’s richest person, but he calls a simple house in South Texas his main residence.",-0.000019406576030
2022-08-08 18:08:35+00:00,"Top 15 Trending Stocks On WallStreetBets As Of Monday, August 8, 2022 (Via Swaggy Stocks)",,-0.000013811724784
2022-08-08 18:45:18+00:00,Kevin O'Leary Slams Inflation Reduction Act: Why The 'Shark Tank' Investor Says He's Going To A Funeral For Dead Money,Several electric vehicle stocks are on the move Monday after the U.S. Senate passed the Inflation Reduction Act in a 51-50 vote over the weekend.,0.000128191735712
2022-08-09 17:38:25+00:00,10 Consumer Discretionary Stocks With Whale Alerts In Today's Session," 

This whale alert can help traders discover the next big trading opportunities.

Whales are entities with large sums of money and we track their transactions here at Benzinga on our options activity scanner.",0.000326942004904
2022-08-09 17:49:45+00:00,What's Going On With Tesla Shares Today?,"Tesla Inc (NASDAQ: TSLA) shares are trading lower by 2.92% to $845.84 Tuesday afternoon following a report showing Chinese-made vehicles sold in July decreased month over month amid factory upgrades.

What Happened?",-0.997978783590952
2022-08-10 19:01:05+00:00,"If You Invested Your 3 Stimulus Checks In Bitcoin, Dogecoin And Ethereum, Here's How Much You'd Have Now","In 2020, the Coronavirus Aid, Relief and Economic Act provided payments of $1,200 to eligible adults and another $500 for those with qualifying children.

The CARES Act was the first of three rounds of stimulus payments for Americans since March 2020.",0.000021355954232
2022-08-10 19:36:16+00:00,How Much Tesla Stock Does Elon Musk Own After Latest Sale?,"On Tuesday, it was revealed that Tesla Inc (NASDAQ: TSLA) CEO Elon Musk sold millions of shares of the electric vehicle company he heads. Here’s a look at how many shares of Tesla stock Musk owns after the sale and how much they’re worth.",-0.000021221138013
2022-08-11 17:50:03+00:00,10 Consumer Discretionary Stocks Whale Activity In Today's Session," 

This whale alert can help traders discover the next big trading opportunities.

Whales are entities with large sums of money and we track their transactions here at Benzinga on our options activity scanner.",0.000398008378397
2022-08-12 17:40:53+00:00,"Top 15 Trending Stocks On WallStreetBets As Of Friday, August 12, 2022 (Via Swaggy Stocks)",,-0.000013057790056
2022-08-12 17:54:52+00:00,10 Consumer Discretionary Stocks Whale Activity In Today's Session," 

This whale alert can help traders discover the next big trading opportunities.

Whales are entities with large sums of money and we track their transactions here at Benzinga on our options activity scanner.",0.000398008378397
2022-08-13 16:35:32+00:00,Elon Musk Posts 'Sex Tape' Online: 'Best. Clickbait. Ever.',"Tesla Inc (NASDAQ: TSLA) CEO Elon Musk has taken Twitter by storm by sharing his &#34;sex tape&#34; tweet, sending his fans wild guesses. ",0.000407204614021
2022-08-13 18:15:55+00:00,"Ahead Of Tesla Share Split, Here's How Much $1,000 Invested In Amazon, Alphabet Before Their 2022 Stock Splits Would Be Worth Today","Tesla, Inc.’s (NASDAQ: TSLA) shares will begin trading on a split-adjusted basis on Aug. 25. Expectations are that the stock will trade up in the run-up to the split.",0.000983994228591
2022-08-14 13:09:54+00:00,Is Elon Musk's Internet Service Safe? Researcher Develops $25 Tool To Hack Into Starlink Terminal,"Tesla, Inc.",0.447961582336575
2022-08-14 14:54:57+00:00,Here's The 'Terrible Habit' Elon Musk Wants To Cut From His Morning Routine,"The world’s wealthiest person and CEO of Tesla Inc (NASDAQ: TSLA), Elon Musk, is a busy person, and maintains regular habits to balance his personal and professional life. ",-0.000103283331555
2022-08-15 17:00:23+00:00,Tesla Wins Court Case To Use 'Autopilot' And 'Full Self-Driving' For Marketing In Germany,"Back in 2020, a German court said Tesla Inc&#39;s (NASDAQ: TSLA) use of the words Autopilot and Full Self-Driving for marketing were misleading.",-0.972803953103721
2022-08-15 18:11:56+00:00,Why Tesla Shares Are Rising After CEO Elon Musk's Milestone Announcement,"Tesla Inc (NASDAQ: TSLA) shares are trading higher by 3.33% to $920.09 Monday afternoon. Elon Musk on Sunday indicated the company has now made over 3 million cars.

What Happened?",0.999441571577336
2022-08-16 18:04:06+00:00,10 Consumer Discretionary Stocks Whale Activity In Today's Session," 

This whale alert can help traders discover the next big trading opportunities.

Whales are entities with large sums of money and we track their transactions here at Benzinga on our options activity scanner.",0.000398008378397
2022-08-16 18:45:05+00:00,Watch Out Tesla And Waymo! Lyft Debuts Self-Driving Vehicle In Las Vegas,"Ride-hailing service Lyft Inc. (NASDAQ: LYFT) has teamed up with Motional to bring self-driving taxis to cities around the nation, starting with Las Vegas.",0.386611509253271
2022-08-17 17:56:56+00:00,'DOE publishes list of EVs eligible for new tax credit' -Teslarati,,0.000100275272416
2022-08-17 18:09:56+00:00,"Take That, Elon Musk! Ford F-150 Lightning Gives Tesla Model 3 A Boost","There are presently more than 46,000 public EV charging stations in the United States, with a total of more than 115,000 individual (EVSE) charging ports, according to the Alternative Fuels Data Center of the Department of Energy.",0.998800234679948
2022-08-18 18:24:49+00:00,US Auto Safety Agency Tells Tesla To Answer Questions On Cabin Camera System By Oct. 12 As Part Of Probe Into Autopilot Probe,,-0.000027088033676
2022-08-18 19:19:59+00:00,Musk Targets Ad Tech Firms In Twitter Suit Over Takeover,,-0.000281854183413
2022-08-19 16:59:07+00:00,Tesla's Virtual Power Plant Event Shows The Future of The Electric Grid,"Not only does Tesla Inc (NASDAQ: TSLA) make the best-selling electric cars on the planet, but the company also produces solar panels and home backup battery packs called ",0.001001518954581
2022-08-19 18:01:14+00:00,10 Consumer Discretionary Stocks With Whale Alerts In Today's Session,"This whale alert can help traders discover the next big trading opportunities.
Whales are entities with large sums of money and we track their transactions here at Benzinga on our options activity scanner.",0.000179341841431
2022-08-20 15:07:11+00:00,YouTube Removes Video Showing Tesla Driver Using Kids Instead Of Mannequins During Test,"YouTube, which is owned by Alphabet Inc (NASDAQ: GOOGL), has removed videos that showed Tesla Inc (NASDAQ: ",-0.000029745584470
2022-08-20 15:41:31+00:00,Billionaire Roundup - How Did The World's Richest Spend Their Week?,"“We are what we repeatedly do. Excellence, then, is not an act, but a habit.” - Will Durant",0.000000127169187
2022-08-21 14:11:10+00:00,Why Billionaire Charles Koch Thinks Cannabis Prohibition Is 'Counterproductive' - And Is Spending Millions To Support Legalization,This article was originally published in August 2021. ,-0.144960790406913
2022-08-21 18:32:12+00:00,"Tesla About To Hike FSD Prices Second Time This Year — Buy It By This Date Or Pay $15,000","Tesla, Inc.&#39;s (NASDAQ: TSLA) controversial full-self driving package is getting another price hike, CEO Elon Musk said on Twitter.",-0.982783260755241
2022-08-22 12:35:06+00:00,Elon Musk In Latest Meme Says This Technology Is 'Demonic' To An Extent World Has Never Seen Before,"Tesla Inc (NASDAQ: TSLA) CEO Elon Musk shared a meme on Sunday, which termed the Large Hadron Collider (LHC) on the Franco-Swiss border a “demonic” technology.",0.000083753329818
2022-08-22 18:57:16+00:00,"Ford Plans To Cut 3,000 Jobs: Reuters","
",-0.784404037287459
2022-08-23 17:03:38+00:00,"Top 15 Trending Stocks On WallStreetBets As Of Tuesday, August 23, 2022 (Via Swaggy Stocks)",,-0.000012418764527
2022-08-23 17:48:39+00:00,10 Consumer Discretionary Stocks Whale Activity In Today's Session,"This whale alert can help traders discover the next big trading opportunities.
Whales are entities with large sums of money and we track their transactions here at Benzinga on our options activity scanner.",0.000285380359855
2022-08-24 15:05:39+00:00,The Company That Built Elon Musk's Tiny Home Surpasses $24 Million In Funding On Its Current Crowdfunding Campaign,Tesla Inc. (NASDAQ: TSLA) CEO Elon Musk generated headlines last year when he announced in a tweet that he would sell almost all his physical possessions and will not own a house.,0.994929097505519
2022-08-24 18:22:00+00:00,"If You Invested $100 In Bitcoin, Ethereum Classic, Alphabet, Apple, Microsoft, Amazon And Tesla 5 Years Ago, Here's How Much You'd Have Now",Investors who placed their hard-earned cash into major U.S. indices have enjoyed respectable returns over the past five years.,0.999167404370382
2022-08-24 18:25:08+00:00,"Tesla, GM Get CNBC 'Fast Money' Mentions With Traders Choosing These Final Trades","CNBC’s &#34;Fast Money Halftime Report&#34; delivers market-moving news to investors.

The commentary delivered by hosts of the show often moves the stocks mentioned. The information is collected and refined utilizing Benzinga Pro’s News Tool, which users can access on any workstation.",0.000025476150768
2022-08-25 16:13:32+00:00,The Heat Is On — And So Is The Creation Of New ESG Funds,"Over the last year, unique natural phenomena — including record heat waves in Europe — have contributed to high gas prices. Heat waves brought about droughts, which have reduced the supply of water and farmland.",-0.995259472052567
2022-08-25 16:49:37+00:00,Tesla's Former Energy Product Chief Is Now A Rival Thanks To $300M Funding Round,"Kunal Girotra, the former head of energy products at Tesla Inc. (NASDAQ: TSLA), has launched a new company to take on the electric vehicle manufacturer and one of its products.",0.053418434807099
2022-08-25 17:11:03+00:00,"'Tesla Giga Berlin is aiming for 2,000 Model Y per week: report' -Teslarati Report",,0.000043583699153
2022-08-26 17:36:06+00:00,10 Consumer Discretionary Stocks With Whale Alerts In Today's Session,"This whale alert can help traders discover the next big trading opportunities.
Whales are entities with large sums of money and we track their transactions here at Benzinga on our options activity scanner.",0.000179341841431
2022-08-26 19:39:34+00:00,A New Tesla Model Y Is Coming to Europe At A Majorly Reduced Price,"The Tesla Inc (NASDAQ: TSLA) Model Y is currently Tesla&#39;s best-selling vehicle. It&#39;s available in many parts of the world, and being produced at the Fremont, California, and Austin, Texas, gigafactories in the U.S. and the Shanghai gigafactory in China.",0.998817109328229
2022-08-27 19:27:11+00:00,Teen Says He's Ready To Stop Tracking Musk's Private Jet On One Condition – And It's Not Money,Tesla Inc (NASDAQ: TSLA) CEO Elon Musk recently traveled from San Jose to San Francisco by a private jet. The flight took just nine minutes.,0.000030263516237
2022-08-28 16:07:54+00:00,Why Aren't We Using Batteries That Last 10 Times Longer? Elon Musk Responds,"When id Software co-founder John Carmack  discussed electric vehicle battery materials on Twitter, none other than Tesla, Inc. (NASDAQ: TSLA) CEO Elon Musk  chimed in with his view.",0.000014763943909
2022-08-29 17:58:49+00:00,"U.S. Trade Panel To Probe Some Solar Optimizers, Inverters, Parts",,-0.000007646718586
2022-08-29 18:30:58+00:00,U.S. Labor Board Says It Is Unlawful For Tesla To Prevent Employees From Wearing Shirts Bearing Union Insignia,,-0.808435278944671
2022-08-30 17:42:43+00:00,"Civilization 'Will Die With A Whimper In Adult Diapers,' Elon Musk Says, But 54% In A Survey Think ...",Tesla Inc (NASDAQ: TSLA) CEO Elon Musk has been sounding the alarm about overpopulation collapse on Twitter again.,-0.962212779442780
2022-08-30 17:42:54+00:00,10 Consumer Discretionary Stocks Whale Activity In Today's Session,"This whale alert can help traders discover the next big trading opportunities.
Whales are entities with large sums of money and we track their transactions here at Benzinga on our options activity scanner.",0.000285380359855
2022-08-31 17:28:32+00:00,Did General Motors CEO Mary Barra Tap The Brakes On Plan To Pass Tesla In EVs By 2025?,General Motors Company (NYSE: GM) CEO Mary Barra recently discussed the current standing of the automotive industry and touched on the company&#39;s transition to electric vehicles; but what may be even more important is what she didn&#39;t say. ,0.000044813605200
2022-08-31 18:05:37+00:00,"""Tesla Is Facing 'Unprecedented Demand'"" - Electrek",,0.914510261267424
2022-09-01 17:36:10+00:00,10 Consumer Discretionary Stocks With Whale Alerts In Today's Session,"This whale alert can help traders discover the next big trading opportunities.
Whales are entities with large sums of money and we track their transactions here at Benzinga on our options activity scanner.",0.000179341841431
2022-09-01 18:03:17+00:00,"Top 15 Trending Stocks On WallStreetBets As Of Thursday, September 1, 2022 (Via Swaggy Stocks)",,-0.000013487580873
2022-09-02 18:05:12+00:00,Twitter Asks For Musk To Turn Over Six Months Of 2022 Texts,,0.000002305707312
2022-09-02 18:47:54+00:00,10 Consumer Discretionary Stocks With Whale Alerts In Today's Session,"This whale alert can help traders discover the next big trading opportunities.
Whales are entities with large sums of money and we track their transactions here at Benzinga on our options activity scanner.",0.000179341841431
2022-09-03 15:19:23+00:00,"Bulls and Bears Of The Week: Disney, Amazon, Uber, Apple And Why Netflix Is Facing A Defamation Suit","Benzinga has examined the prospects for many investors&#39; favorite stocks over the past week, here&#39;s a look at some of our top stories. ",-0.004863407870289
2022-09-03 17:16:30+00:00,Elon Musk Calls Out Moody's As 'Irrelevant' In Evaluating Tesla's Credit Rating,"Tesla, Inc. (NASDAQ: TSLA) investors harbor a sense of disappointment over rating agencies giving junk status to their favorite company’s credit.",-0.996866509260144
2022-09-04 17:02:59+00:00,"If You Invested $1,000 When Elon Musk Said The Price Of Tesla Shares Was Too High, Here's How Much You'd Have Now",The world’s richest man is no stranger to using the social media platform Twitter Inc (NYSE: TWTR) to share his opinions on numerous topics. A tweet in 2020 highlighted the share price of one of his own companies.,-0.000003114575520
2022-09-04 19:37:53+00:00,Survey Finds Apple Car Captures Significant Mindshare Even Before Launch: Should Automakers Fear?,"Apple, Inc. (NASDAQ: AAPPL) could be a winner with its self-driving car when it finally rolls one out, according to the results of a survey.",0.998831080738455
2022-09-05 16:55:01+00:00,"Elon Musk: Henry Ford Did It, You Can Too, Hemp's Myriad Uses Including Cars, Fuel, Textiles & Beer!","As so often reported, hemp-based CBD has numerous uses in the development of medicines for a variety of conditions and illnesses.

But with Labor Day upon us, how about we look at some of the practical uses of hemp?",0.000015081179299
2022-09-06 19:30:18+00:00,"Stock Splits Led To Big Gains In Tesla And Apple, But Amazon Stock Has Underperformed: Will The E-Commerce Giant Try A Spinoff Next?","Stock splits have become increasingly popular among mega-cap companies with lofty share prices as splits often lead to increased attention and an appreciation in underlying stock prices, but Amazon.com Inc (NASDAQ: AMZN) has not seen said benefits since announcing a split in March.",0.998540518514346
2022-09-06 19:32:36+00:00,Tesla Whale Trades For September 06,"A whale with a lot of money to spend has taken a noticeably bearish stance on Tesla.
Looking at options history for Tesla (NASDAQ:TSLA) we detected 399 strange trades.",-0.996442291419953
2022-09-07 16:58:33+00:00,"CNBC Halftime Report Final Trades: AbbVie, Alaska Air Group, Tesla",,-0.000015442241420
2022-09-07 17:25:12+00:00,"Tesla, AbbVie Are CNBC 'Fast Money' Mentions; Steve Weiss Is Shorting This ETF",CNBC’s &#34;Fast Money: Halftime Report&#34; delivers market-moving news to investors.,-0.000107240681245
2022-09-08 17:59:46+00:00,10 Consumer Discretionary Stocks With Whale Alerts In Today's Session,"This whale alert can help traders discover the next big trading opportunities.
Whales are entities with large sums of money and we track their transactions here at Benzinga on our options activity scanner.",0.000179341841431
2022-09-08 18:10:11+00:00,"Top 15 Trending Stocks On WallStreetBets As Of Thursday, September 8, 2022 (Via Swaggy Stocks)",,-0.000014028271835
2022-09-09 18:12:10+00:00,Robinhood Stock Soars Following Launch Of Trader Holdings Index: What The Chart Says,"Robinhood Markets, Inc (NASDAQ: HOOD) gapped up to start Friday’s trading session and continued to run higher intraday, rising over 6% above Thursday’s closing price.",0.999220419122139
2022-09-09 19:35:41+00:00,"'Ford CEO Wants To Compete With Tesla, Will Meet With Dealers To Lower EV Prices' - Electrek",,0.998866938825813
2022-09-10 15:15:17+00:00,Woman Gets $5.2M Settlement In Lawsuit Over Contracting STD In Partner's Vehicle; Elon Musk Calls This 'Crazy',"This article was originally published on June 11, 2022.",-0.061365917325020
2022-09-10 15:50:09+00:00,Ford CEO Jim Farley To Meet Dealers Next Week With This Agenda To Challenge Tesla,Ford Motor Company (NYSE: F) appears to be intent on capturing the pole position in the electric vehicle industry if reports are anything to go by.,0.991963318985654
2022-09-11 13:44:51+00:00,Elon Musk Says Tesla Users Should Be Credited With $100 If This Happens,"Tesla, Inc. (NASDAQ: TSLA) CEO  Elon Musk  is a hands-on leader who often promptly responds to the complaints customers raise through Twitter. What Happened:  Recently, Musk took to Twitter to reaffirm his commitment to providing good service.",0.000424549485615
2022-09-11 17:48:25+00:00,"If You Invested $1,000 In Tesla Stock When Cathie Wood Made Her $4,000 Prediction, Here's How Much You'd Have Now","In 2018, a fund manager made a bullish call on Tesla Inc (NASDAQ: TSLA) that placed a price target far ahead of analysts and at the time seemed pretty out there.",0.998795840481762
2022-09-12 16:00:07+00:00,BlueWalker 3 Successfully Reaches Orbit On SpaceX Launch: Why AST SpaceMobile Stock Is Rocketing Higher,AST SpaceMobile Inc (NASDAQ: ASTS) shares are trading higher Monday after the company announced that its BlueWalker 3 test satellite successfully reached orbit after being launched via Tesla Inc (NASDAQ: ,0.999412651246530
2022-09-12 17:59:04+00:00,10 Consumer Discretionary Stocks With Whale Alerts In Today's Session," 

This whale alert can help traders discover the next big trading opportunities.

Whales are entities with large sums of money and we track their transactions here at Benzinga on our options activity scanner.",0.000326942004904
2022-09-13 17:36:03+00:00,10 Consumer Discretionary Stocks Whale Activity In Today's Session,"This whale alert can help traders discover the next big trading opportunities.
Whales are entities with large sums of money and we track their transactions here at Benzinga on our options activity scanner.",0.000285380359855
2022-09-13 18:23:50+00:00,Twitter Shareholders Vote To Approve Buyout By Elon Musk: What Investors Should Know And What's Next,The latest step in the ongoing Twitter buyout saga was completed Tuesday.,0.000027807036531
2022-09-14 17:44:51+00:00,10 Consumer Discretionary Stocks With Whale Alerts In Today's Session,"This whale alert can help traders discover the next big trading opportunities.
Whales are entities with large sums of money and we track their transactions here at Benzinga on our options activity scanner.",0.000179341841431
2022-09-14 18:02:33+00:00,"Tesla Shifts Battery Strategy As It Seeks U.S. Tax Credits; Tesla Has Discussed Shipping Cell-Making Equipment To U.S.; Tesla Pauses Plan To Make Battery Cells In Germany, Sources Say - Wall Street Journal",,0.964146969839931
2022-09-15 19:15:32+00:00,"Altimeter's Brad Gerstner Buys Tesla Stock, Says The Elon Musk-Led Company Is Following Apple's Playbook",Altimeter Capital&#39;s Brad Gerstner has announced a new position in Tesla Inc (NASDAQ: TSLA).,0.355865778459702
2022-09-15 19:40:47+00:00,"Elon Musk Accused Twitter Of Fraud By Concealing Serious Flaws In The Social Media Company's Data Security, Which The Entrepreneur Said Should Allow Him To End His $44B Deal For The Company",,-0.561209528008476
2022-09-16 16:44:27+00:00,Tesla Expands Supercharger Access To Other EVs In This European Country,"In Tesla Inc&#39;s (NASDAQ: TSLA) mission to switch the world to sustainable energy and transportation, the company has set up a vast charging network specific to its vehicles around the world.",0.792589133663569
2022-09-16 18:06:06+00:00,ChargerHelp! Partners With Tesla To Support Reliability At Charging Stations,,0.003875404661812
2022-09-17 12:27:57+00:00,"Tesla's Giga Shanghai Goes Full Throttle, Fisker Gets Wall Street's Love, Ford Issues Ultimatum To Dealers, Biden's Charging Infrastructure Thrust: Week's Biggest EV Stories","Electric vehicle stocks closed the week ending Sept. 17 on a mixed note, as investors reacted to the macroeconomic uncertainty that dragged the broader market lower, analysts’ actions, and a positive policy move.

Now, here are the key events that happened in the EV space during the week:",0.585942596197128
2022-09-17 17:48:55+00:00,"Bulls And Bears Of The Week: Tesla, Apple, Meta, Bitcoin And An Investor Darling Down 70%","Benzinga has examined the prospects for many investors&#39; favorite stocks over the past week, here&#39;s a look at some of our top stories. ",-0.991710648173466
2022-09-17 20:13:45+00:00,"Tesla Sued To Hold Elon Musk 'Accountable' For 'Misleading And Deceptive Statements' On Autopilot, FSD","A California-based Tesla Inc (NASDAQ: TSLA) owner has sued the electric carmaker, saying that the company and its CEO Elon ",-0.971464119385928
2022-09-17 21:32:06+00:00,"If You Invested $1,000 In Twitter Stock When Donald Trump Was Elected President, Here's How Much You'd Have Now","Donald Trump was elected the 45th President of the United States on Nov. 8, 2016. Here’s a look at how one of the leading social media platform stocks did during his time in office and since his departure and subsequent suspension from the platform.",-0.000025468099921
2022-09-18 13:54:38+00:00,Elon Musk Admits He Is 'Lonely' After His Split With Grimes; Says He's Not Afraid To Die,"During an interview, Tesla Inc (NASDAQ: TSLA) CEO Elon Musk revealed that he&#39;s &#34;lonely&#34; and often only has his dog beside him since his split with Grimes.",0.000008198025171
2022-09-19 17:58:31+00:00,"Top 15 Trending Stocks On WallStreetBets As Of Monday, September 19, 2022 (Via Swaggy Stocks)",,-0.000014159100829
2022-09-19 18:09:06+00:00,"If You Want To Keep Driving For Uber, You'll Need To Switch To An Electric Vehicle By...","Carbon emissions decreased 17% in 2020 compared to 2019 during the Covid-19 epidemic, which put nearly two-thirds of the world&#39;s population under lockdown.",0.999042075971374
2022-09-20 13:12:34+00:00,Elon Musk Calls Out Fed For Too Much Latency In Rate Decisions Ahead Of Tuesday's Meeting: 'Problematic In A Fast-Changing World',"The U.S. Federal Open Market Committee starts a two-day monetary policy meeting on Tuesday. Ahead of it, Tesla Inc. (NASDAQ: TSLA) CEO  Elon Musk took to Twitter to comment on inflation and interest rates.",-0.547205697977915
2022-09-20 17:37:50+00:00,10 Consumer Discretionary Stocks Whale Activity In Today's Session,"This whale alert can help traders discover the next big trading opportunities.
Whales are entities with large sums of money and we track their transactions here at Benzinga on our options activity scanner.",0.000285380359855
2022-09-21 16:52:38+00:00,10 Things That Didn't Exist Last Time Interest Rates Were This High,"This afternoon, the FOMC is expected to announce a 75-basis point (BPS) rate hike, bringing federal fund rates to the 300-325 BPS range. This means interest rates will be between 3-3.25% for the first time since before the financial crisis in 2007-2008. More specifically, the Fed began cutting rates in September 2007, bringing rates to 3% by January 2008.",0.988448091433384
2022-09-21 17:36:25+00:00,10 Consumer Discretionary Stocks Whale Activity In Today's Session," This whale alert can help traders discover the next big trading opportunities.
Whales are entities with large sums of money and we track their transactions here at Benzinga on our options activity scanner.",0.000233957223827
2022-09-22 17:42:23+00:00,10 Consumer Discretionary Stocks Whale Activity In Today's Session,"This whale alert can help traders discover the next big trading opportunities.

Whales are entities with large sums of money and we track their transactions here at Benzinga on our options activity scanner.",0.000310214767524
2022-09-22 19:18:42+00:00,Facebook Whistleblower Rolls Out Clean Social Media Initiative To Combat Harms,"
",0.023701702069957
2022-09-23 17:27:47+00:00,Fisker Eyes Indian Market - Seeks To Stay Ahead In EV Race,"
	Electric vehicle maker Fisker Inc (NYSE: FSR) plans to start selling its Ocean electric sport-utility vehicle (SUV) in India from July 2023.
",0.538934541458730
2022-09-23 17:45:18+00:00,10 Consumer Discretionary Stocks With Whale Alerts In Today's Session," This whale alert can help traders discover the next big trading opportunities.
Whales are entities with large sums of money and we track their transactions here at Benzinga on our options activity scanner.",0.000188872341823
2022-09-24 16:17:47+00:00,"Bulls And Bears Of The Week: Apple, Tesla, Amazon And Why Jim Cramer Turned Bearish On This Chipmaker","Benzinga has examined the prospects for many investors&#39; favorite stocks over the past week, here&#39;s a look at some of our top stories. ",-0.662903206422925
2022-09-24 18:35:50+00:00,Maybe Musk Should Have Bought Manchester United After All: The Team Needs Help And Would Be Just 1% Of His Net Worth,"About a month ago, Elon Musk did what he does best and created another headline about himself. The Tesla Inc.",0.000103705518995
2022-09-24 21:10:51+00:00,"A 2014 Tesla Has Surpassed 1 Million Miles Driven, But One Component Had To Be Replaced 8 Times","Originally published on June 19, 2022.

One concern about electric vehicles is battery longevity. As the battery is used, charged, and discharged, its useful life is depleted. This is seen in cell phones. Many cell phone users notice that their battery doesn&#39;t last quite as long after 2 or 3 years of use.",0.303742014570162
2022-09-25 15:06:20+00:00,Elon Musk Saw It Coming: He Once Endorsed Jeremy Siegel's Warning About Fed Acting Tough Until It Crushes The Economy,The implosion of SVB Financial Group (NASDAQ: SIVB)-owned Silicon Valley Bank has been blamed on its reckless strategy of investing the deposits mobilized in long-term Treasury bonds.,-0.868924772366881
2022-09-25 17:27:00+00:00,"If You Had $1,000 Right Now, Would You Invest In Dogecoin, Bitcoin Cash, Ethereum Classic Or Litecoin?","Every week, Benzinga conducts a survey to collect sentiment on what traders are most excited about, interested in or thinking about as they manage and build their personal portfolios.",0.000005296438758
2022-09-26 16:29:44+00:00,"DoorDash Implements AI Robots For Smarter, Safer Workplace","
",0.998087322965148
2022-09-26 18:06:08+00:00,10 Consumer Discretionary Stocks Whale Activity In Today's Session,"This whale alert can help traders discover the next big trading opportunities.

Whales are entities with large sums of money and we track their transactions here at Benzinga on our options activity scanner.",0.000310214767524
2022-09-27 17:03:52+00:00,"Cathie Wood's Confidence In Tesla 'Couldn't Be Higher,' Says Elon Musk-Led Automaker Sits In 'Driver's Seat' Of EV Boom","Tesla Inc (NASDAQ: TSLA) is still Ark Invest&#39;s largest holding, and founder and CEO Cathie Wood remains as bullish as ever on the Elon Musk-led company.",0.998995539877797
2022-09-27 17:38:21+00:00,10 Consumer Discretionary Stocks With Whale Alerts In Today's Session,"This whale alert can help traders discover the next big trading opportunities.

Whales are entities with large sums of money and we track their transactions here at Benzinga on our options activity scanner.",0.000198005873244
2022-09-27 17:56:18+00:00,EV Makers On A Roll As US Approves EV Charging Plans For 50 States,"
",0.020734114135848
2022-09-28 17:47:23+00:00,10 Consumer Discretionary Stocks With Whale Alerts In Today's Session," This whale alert can help traders discover the next big trading opportunities.
Whales are entities with large sums of money and we track their transactions here at Benzinga on our options activity scanner.",0.000188872341823
2022-09-28 18:31:07+00:00,"Elon Musk Has An Idea For A New Cologne, But You May Want To Think Twice Before Using It","The world’s richest person has tackled electric vehicles, space travel, underground transportation and other sectors and could have his eyes set on a new category. Here’s the latest.",0.000074907722592
2022-09-29 17:41:13+00:00,10 Consumer Discretionary Stocks Whale Activity In Today's Session," This whale alert can help traders discover the next big trading opportunities.
Whales are entities with large sums of money and we track their transactions here at Benzinga on our options activity scanner.",0.000233957223827
2022-09-29 19:18:17+00:00,"Top 15 Trending Stocks On WallStreetBets As Of Thursday, September 29, 2022 (Via Swaggy Stocks)",,-0.000012799544493
2022-09-30 17:42:19+00:00,"Top Wall Street Bets Mentions for Friday September 30, 2022: TSLA, GME, BBBY, AAPL, NKE, AMD, AMC, META, PLTR",,-0.000031093968573
2022-09-30 19:26:15+00:00,"UPCOMING: Tesla To Reveal Its Humanoid Robot, Optimus, At It's AI Day",,-0.000011864925909
2022-10-01 16:07:27+00:00,Will Tesla's 'Optimus' Bot Get A Human Personality? Will It Be Able To Laugh At Jokes? Here's What Elon Musk Has To Say,"Tesla, Inc. (NASDAQ: TSLA) unveiled at AI Day 2022, a prototype of the Tesla bot, dubbed Optimus, which it announced last year.",0.000038310063246
2022-10-01 16:40:24+00:00,"Americans Lost Trust In Religion And Congress, But Showed Trust In This Institution Elon Musk Doesn't Like","This article was originally published on July 8, 2022.

A new Gallup poll shows Americans posting record-low confidence levels in some items. Confidence in religion and Congress had big declines in June compared to the previous year.",-0.998144372017123
2022-10-02 18:38:37+00:00,Elon Musk Tweeted:  Smoothing out crazy end of quarter delivery wave to reduce expedite costs &amp; relieve stress on Tesla team. Aiming for steadier deliveries intra-quarter.,,0.999167444417253
2022-10-02 18:55:52+00:00,"Tesla Analyst's 6 Takeaways From AI Day 2022: Optimus A Long Shot, FSD Approval To Take Years, Traditional Autos In Trouble And More","Tesla, Inc.",0.046492412686348
2022-10-03 17:49:21+00:00,"Top 15 Trending Stocks On WallStreetBets As Of Monday, October 3, 2022 (Via Swaggy Stocks)",,-0.000013827346265
2022-10-03 18:36:10+00:00,Tesla To Rally Around 43%? Plus This Analyst Predicts $157 For Amazon,"
	B of A Securities cut the price target for  Amazon.com, Inc.  (NASDAQ: AMZN) from $170 to $157. Amazon shares rose 2.8% to trade at $116.13 on Monday.
",0.999521907317103
2022-10-04 19:24:53+00:00,"Top 15 Trending Stocks On WallStreetBets As Of Tuesday, October 4, 2022 (Via Swaggy Stocks)",,-0.000012639364286
2022-10-04 19:36:49+00:00,"Much Wow: Elon Musk Revives $44B Twitter Offer, Keeps Dogecoin Out Of Doghouse",Dogecoin (CRYPTO: DOGE) skyrocketed over 10% between noon and 1 p.m. Tuesday before beginning to consolidate slightly down off the 24-hour high of $0.0665.,0.998432788590435
2022-10-05 17:55:36+00:00,10 Consumer Discretionary Stocks Whale Activity In Today's Session,"This whale alert can help traders discover the next big trading opportunities.

Whales are entities with large sums of money and we track their transactions here at Benzinga on our options activity scanner.",0.000310214767524
2022-10-05 18:11:37+00:00,Here's What Ark Funds Thinks Of Elon Musk's Twitter Purchase: Will It Buy Shares Again?,Elon Musk submitted a new proposal to acquire social media platform Twitter Inc (NYSE: TWTR).,0.009484645357588
2022-10-06 18:32:15+00:00,Mizuho Analyst Remains Bullish On The EV Sector; Finds Rivian Better Positioned,"
",0.998354333394673
2022-10-06 19:35:12+00:00,"Top 15 Trending Stocks On WallStreetBets As Of Thursday, October 6, 2022 (Via Swaggy Stocks)",,-0.000013180833776
2022-10-07 17:51:30+00:00,"Top Wall Street Bets Mentions for Friday October 7, 2022: TLRY, AMD, TSLA, GME, NVDA, BBBY, AAPL, SNDL, TWTR, MSOS",,-0.000028528545954
2022-10-07 19:26:52+00:00,"After Elon Musk Supports Ukraine With Starlink, New Report Questions Recent Outages","The ongoing war between Russia and Ukraine has seen opinions from many people around the world, and one voice that has gained traction is Tesla Inc (NASDAQ: ",0.997561030744691
2022-10-08 17:52:51+00:00,"Weekend Stock Spotlight: Tesla, Credit Suisse, Polestar, And The Danger Of The Fed Going Too Far","Benzinga reviews this weekend&#39;s top stories covered by leading media outlets, here are the articles investors need to read.",-0.000030740360671
2022-10-08 18:48:43+00:00,"'You're Rich, You're Evil': Why Elon Musk Doesn't Get Along With One Of His Children","The world’s richest man and CEO of Tesla Inc (NASDAQ: TSLA) and SpaceX, has also made headlines in recent years for the number of children he has fathered. Elon Musk ha",0.000025775108952
2022-10-09 18:03:28+00:00,"Musk Calls For Younger Presidents, 'You Don't Want To Be Too Far From The Average Age Of The Population' To Stay In Touch","After years of voting for Democrats, Tesla Inc (NASDAQ: TSLA) CEO Elon Musk recently admitted to voting for Republicans.",0.000248696953349
2022-10-09 19:20:31+00:00,Why Tesla Shares Fell Sharply Last Week,Tesla Inc (NASDAQ: TSLA) shares traded lower by 6.32% to $223.07 to close Friday&#39;s trading session and were lower by 12.30% for the week. Tesla shares were trading lower last week amid overall market weakness after better-than-expected U.S.,-0.997884465206880
2022-10-10 18:01:25+00:00,Another 'Yuge' Setback For Donald Trump's SPAC Merger Deal: Will The Deal Fall Apart?,A SPAC set to take former President Donald Trump’s new media company public is facing another setback as it moves closer to liquidation.,-0.997429008188192
2022-10-10 18:24:50+00:00,'Tesla Model Y Became Germany's Best-selling Car In September' - Tesmanian,,0.998148250684608
2022-10-11 18:41:46+00:00,"Honda, LG Energy Solution Join Forces To Setup $4.4B Battery Plant In Ohio","
",0.001234136398125
2022-10-11 19:12:16+00:00,"Elon Musk Spoke With Vladimir Putin In The Last 18 Months, Here's What They Talked About",The world’s richest man has found himself in a new role of negotiator between Russia and Ukraine.,0.000253442907706
2022-10-12 17:45:08+00:00,10 Consumer Discretionary Stocks With Whale Alerts In Today's Session," This whale alert can help traders discover the next big trading opportunities.
Whales are entities with large sums of money and we track their transactions here at Benzinga on our options activity scanner.",0.000188872341823
2022-10-12 19:03:49+00:00,"Here's How Many Vehicles Lucid Group Produced, Delivered In Q3 — And How It Stacks Up To Rival EV Makers",Electric vehicle company Lucid Group Inc (NASDAQ: LCID) reported third-quarter production and delivery figures Wednesday morning. Here’s how the numbers stack up to guidance and rivals.,0.000166367739439
2022-10-13 18:29:12+00:00,"CORRECTION: Traders Circulate Fake 'Ark Invest' YouTube Stream Showing A Faked/Old Conversation Between Elon Musk, Cathie Wood, Jack Dorsey",,-0.000238027918385
2022-10-13 18:59:35+00:00,10 Consumer Discretionary Stocks With Whale Alerts In Today's Session,"This whale alert can help traders discover the next big trading opportunities.

Whales are entities with large sums of money and we track their transactions here at Benzinga on our options activity scanner.",0.000198005873244
2022-10-14 10:25:58+00:00,Ukraine Gets 150 Starlinks From Poland While Elon Musk Says He Can No Longer Afford To Give The Kits Away For Free, ,0.000611604293226
2022-10-14 17:42:51+00:00,10 Consumer Discretionary Stocks Whale Activity In Today's Session,"This whale alert can help traders discover the next big trading opportunities.

Whales are entities with large sums of money and we track their transactions here at Benzinga on our options activity scanner.",0.000310214767524
2022-10-14 18:57:34+00:00,Historic S&P 500 Comeback Runs Out Of Steam: What Are The Market Catalysts Ahead?,"The SPDR S&amp;P 500 ETF Trust (NYSE: SPY) made new 2022 lows this week, but staged a historic intraday recovery following another disappointing batch ",-0.413185447454453
2022-10-15 17:40:15+00:00,"'I'm Kind Of Excited To See What Elon Will Do,' Says Cathie Wood About Supporting Musk's Twitter Purchase",Ark Invest has been a big investor in electric vehicle leader Tesla Inc (NASDAQ: TSLA) and its CEO Elon Musk. The founder of Ark Invest shared thoughts on another company Musk could soon be leading.,0.092341995856259
2022-10-15 19:12:13+00:00,Elon Musk Got Angry When Employees Didn't Stay At Work Late At His Maiden Venture: Ex-Colleagues Reminisce About Billionaire In Documentary,"Tesla Inc. (NASDAQ: TSLA) CEO Elon Musk has been an enigma for many, and not much is known about his management skills.",-0.667322942288592
2022-10-16 17:23:00+00:00,Tesla Is 'Solution To The Economy': Cathie Wood Says There's No Stopping Trend To Electric Vehicles,Tesla Inc (NASDAQ: TSLA) bull Cathie Wood is back with supporting statements for the electric vehicle company being one of the most innovative companies in the world. ,0.675984902190976
2022-10-16 18:50:21+00:00,Tesla A Hit With Members Of The US Congress? Lawmakers Buy Heavily On Stock Dip,"Tesla Inc. (NASDAQ: TSLA) shares have lost about 42% in the year-to-date period. Undeterred by the sell-off, certain members of the U.S.",-0.997606553370133
2022-10-17 17:43:16+00:00,10 Consumer Discretionary Stocks Whale Activity In Today's Session,"This whale alert can help traders discover the next big trading opportunities.

Whales are entities with large sums of money and we track their transactions here at Benzinga on our options activity scanner.",0.000310214767524
2022-10-17 19:23:09+00:00,Tesla Shares Have A Supporter in Congress: House Rep. McKinley Also Likes These 2 Dividend Stocks,"Republican Congressman David McKinley recently purchased $1,000 to $15,000 shares in Tesla (NASDAQ: TSLA) for a price of $300.80 per share, in an undisclosed position, per Capito",0.000030971888918
2022-10-18 18:33:15+00:00,Twitter-Elon Musk Deal Is On As The Social Media Company Locks Employee's Equity Award Accounts,"
	Twitter Inc (NYSE: TWTR) froze employee equity awards account on October 17 as the deadline to seal a deal with Tesla Inc (NASDAQ: TSLA) CEO Elon Musk approaches. 
",-0.298511776723899
2022-10-18 18:59:14+00:00,This European Country Wants To Hit 1 Million EVs By 2027: Could Tesla Benefit?,"While leading traditional automakers have their sights set on producing more than one million electric vehicles per year, they are still playing catch up to market leader Tesla Inc (NASDAQ: TSLA).",0.997438231424894
2022-10-19 18:35:11+00:00,What's Going On With Tesla Stock Today,"Tesla Inc (NASDAQ: TSLA) shares are trading marginally higher by 0.60% to $221.52 Wednesday afternoon. Traders and investors are watching Tesla shares in anticipation of the company&#39;s third-quarter earnings report, confirmed for today&#39;s after-hours session.",0.998834757265286
2022-10-19 19:13:25+00:00,How To Trade Tesla Stock Before And After Q3 Earnings,"Tesla, Inc (NASDAQ: TSLA) was trading flat Wednesday as the company heads into its third-quarter earnings print after the close.",-0.995342195819831
2022-10-20 18:26:47+00:00,What's Going On With Lucid Stock Following Tesla's Earnings Report,"Lucid Group Inc (NASDAQ: LCID) shares are trading lower by 1.94% to $12.40 Thursday afternoon, potentially amid overall market weakness and following peer EV-maker Tesla&#39;s third-quarter earnings report.",-0.997581070201704
2022-10-20 18:58:56+00:00,What's Going On With Rivian Shares Following Tesla Earnings,"Rivian Automotive Inc (NASDAQ: RIVN) shares are trading lower by 2.6% to $30.68 during Thursday&#39;s session, potentially amid overall market weakness and following peer EV-maker Tesla Inc (NASDAQ: TSLA) third-qua",-0.997586172627052
2022-10-21 19:04:31+00:00,"Elon Musk's Starlink Files For Data Imagery, GPS Location Trademarks: Why This Expert Says They're 'Something To Pay Attention To'","Satellite company Starlink has quietly filed new trademarks that could lead to new business ventures for parent company SpaceX.

A trademark attorney shared insights with Benzinga on what the filings mean and what could be coming from the Elon Musk-led company.",0.120123952394351
2022-10-21 19:24:23+00:00,What's Going On With Tesla Stock Today,Tesla Inc (NASDAQ: TSLA) shares are trading higher by 2.87% to $213.23 during Friday&#39;s session.,0.999380102613941
2022-10-22 13:20:31+00:00,Tesla Now Lets Customers Vote On New Supercharger Locations,"Last month, Tesla Inc&#39;s (NASDAQ: TSLA) &#34;Tesla Charging&#34; Twitter account shared that the company would soon let customers vote on where new Superchargers would be built, and also allow new location suggestions.",0.000092483121989
2022-10-22 17:26:42+00:00,"Barron's Top Weekend Stock Picks: Why Tesla Stock Can Bounce Back In 3 Months, Exxon Mobil, Twitter, Oracle And More","Benzinga reviews this weekend&#39;s top stories covered by Barron&#39;s and other leading media outlets, here are the articles investors need to read.",0.998902900901157
2022-10-22 20:16:23+00:00,"Elon Musk Spars With Historian Over Government Subsidies, Accuses Her Of Rehashing Oil, Gas Industry's 'Propaganda'",Noted historian Ruth Ben-Ghiat  found herself in the crossfires of billionaire Elon Musk  on Saturday when she called him out for his “faux selflessness.”,-0.850125629454851
2022-10-23 17:49:11+00:00,"As Elon Musk Tries His Hand At 'Freelance Diplomacy' In Ukraine, Taiwan Matters, Washington Reportedly Worried About 'Elon, The Everywhere' Phenomenon",Elon Musk  ruffled some feathers recently by proposing peace plans for war-torn Ukraine and the skirmish between China and Taiwan.,-0.974210238549858
2022-10-24 18:25:09+00:00,"Ten Stocks Trending on Discord for Monday October 24, 2022: TCDA, TSLA, COMS, SNAP, MOTS, BABA, META, KSPN, PCVX, NIO",,-0.000026928642910
2022-10-24 19:14:28+00:00,Tesla's Elon Musk Is Analyzing Investment Opportunities In Mexico's Northern State Of Nuevo Leon,,0.000312646676321
2022-10-25 18:57:23+00:00,"Tesla Semi Scores EPA Approval, And This Soda Company Has First Dibs On Deliveries",Tesla Inc. (NASDAQ: TSLA) first revealed its all-electric semi in 2019.,0.997533236484742
2022-10-25 19:35:36+00:00,"Elon Musk's Hyperloop Is 'Super Interesting' But Not Something Government Can Pay For, Pete Buttigieg Says","Elon Musk’s idea for a high-speed rail — dubbed the “hyperloop” for its speed and tube-like shape — is “super interesting,” according to U.S. Transportation Secretary Pete Buttigieg.

Just don&#39;t expect the government to fund it, he added.",0.063941524771508
2022-10-26 19:24:38+00:00,Andreessen Horowitz's Crypto Fund Is Down A Whopping 40% - Has The Firm Had Enough?,Venture capital firm Andreessen Horowitz&#39;s flagship cryptocurrency fund lost around 40% of its value amid the market slump this year.,-0.997412378608715
2022-10-26 19:35:50+00:00,Tesla Faces U.S. Criminal Probe Over Its Autopilot Technology; U.S. DOJ Probe Involves Company Claims That Tesla Cars Can Drive Themselves With Its Autopilot Activated,,-0.007167448988184
2022-10-27 18:41:29+00:00,Musk Hasn't Sold More Tesla Shares To Fund $44B Twitter Deal: Could Overhang Be Gone?,"The long-awaited, $44 billion deal between Twitter Inc.",-0.010796496644616
2022-10-27 18:50:59+00:00,"Top 15 Trending Stocks On WallStreetBets As Of Thursday, October 27, 2022 (Via Swaggy Stocks)",,-0.000012661308574
2022-10-28 16:28:35+00:00,Binance Invests $500M Towards Twitter Acquisition: CZ Says 'We Are Small Potatoes',Even as Tesla Inc.,0.000027709382266
2022-10-28 16:51:58+00:00,"Trump Hails Musk's Twitter Takeover, Puts Up Cryptic Post On His Platform","
",0.018434608646203
2022-10-29 17:09:11+00:00,"Bulls And Bears Of The Week: Meta, Apple, Microsoft, And Why Developments At Twitter Could Be Good News For Dogecoin",Benzinga examined the prospects for many investors&#39; favorite stocks over the last week — here&#39;s a look at some of our top stories. ,0.998787440941669
2022-10-29 18:50:45+00:00,"Dogecoin Price Doubles In A Week, Analyst Say DOGE Can Hit 50 Cents By End Of 2022","Popular memecoin Dogecoin (CRYPTO: DOGE) has rallied by a staggering 56% over the past 24 hours and has more than doubled its price in the last week, amid Tesla chief Elon Musk’s acquisition of ",0.999404062327812
2022-10-30 14:36:43+00:00,These 3 Tech Billionaires Have Lost Nearly Half A Trillion Dollars This Year,"As gloomy earnings reports left tech stocks reeling last week, the fortune of company founders saw the shedding of billions.",-0.997439269849565
2022-10-30 15:42:11+00:00,"Dogecoin Pulls Ahead Of Cardano As 8th Largest Cryptocurrency, Charles Hoskinson Makes This Prediction","With a meteoric rise of over 115%, amid Tesla Inc (NASDAQ: TSLA) chief Elon Musk’s acquisition of social networking giant Twitter, popular memecoin Dogecoin (CRYPTO: DOGE) has replaced ",0.999047792342026
2022-10-31 18:41:48+00:00,"Nvidia Is The Best Artificial Intelligence and Machine Learning Play, Analyst Says","
",0.099353859026451
2022-10-31 19:25:43+00:00,Check Out What Whales Are Doing With TSLA,"Someone with a lot of money to spend has taken a bearish stance on Tesla (NASDAQ:TSLA).

And retail traders should know.

We noticed this today when the big position showed up on publicly available options history that we track here at Benzinga.",-0.984929569065571
2022-11-01 16:45:29+00:00,"Top Ten Wall Street Bets Mentions for Tuesday November 1, 2022: GME, SOFI, META, AMZN, ABNB, AMD, TSLA, AAPL, UBER, AMC",,-0.000026547131711
2022-11-01 17:54:26+00:00,10 Consumer Discretionary Stocks With Whale Alerts In Today's Session,"This whale alert can help traders discover the next big trading opportunities.

Whales are entities with large sums of money and we track their transactions here at Benzinga on our options activity scanner.",0.000198005873244
2022-11-02 17:21:36+00:00,M&A Activity Plunges In Echo Of Great Recession: Here's What Apollo Global Management Just Said About Its Latest Deal,The merger and acquisition market has slowed dramatically in recent months as market volatility and persistently high inflation has prompted dealmakers to take a more conservative approach to M&amp;A.,-0.997232953377534
2022-11-02 19:40:27+00:00,"Top Ten Wall Street Bets Mentions for Wednesday November 2, 2022: GME, ABNB, AMD, AMZN, META, AMC, AAPL, TSLA, SOFI, NNN",,-0.000027532296372
2022-11-03 16:13:53+00:00,Tesla Filed U.S. Patent Application #20220349034: Casting Aluminum Alloys for High-performance Applications,,-0.000010644860595
2022-11-03 18:16:20+00:00,10 Consumer Discretionary Stocks Whale Activity In Today's Session," This whale alert can help traders discover the next big trading opportunities.
Whales are entities with large sums of money and we track their transactions here at Benzinga on our options activity scanner.",0.000233957223827
2022-11-04 18:16:22+00:00,10 Consumer Discretionary Stocks Whale Activity In Today's Session,"This whale alert can help traders discover the next big trading opportunities.

Whales are entities with large sums of money and we track their transactions here at Benzinga on our options activity scanner.",0.000310214767524
2022-11-04 19:26:52+00:00,"Top Ten Wall Street Bets Mentions for Friday November 4, 2022: TSLA, AAPL, GME, COIN, ASTS, META, AMD, DKNG, AMZN, TWLO",,-0.000025581699447
2022-11-05 16:37:50+00:00,"China Holds $6 Billion Worth Of Crypto, Could 'Kill' Crypto Markets If It Wishes: Analyst","The Chinese government is a “crypto whale” having forfeited digital currencies to the tune of $6 billion to the national treasury in 2019, according to the founder and chief executive officer of blockchain data analytics firm Cyptoquant, Ki Young Ju.",-0.993392490723636
2022-11-06 16:18:51+00:00,"'Is It Too Late Now To Say Sorry': Elon Musk Passes Justin Bieber For Twitter Followers, Here's Who Ranks Ahead Of Tesla CEO","Since acquiring social media platform Twitter, Elon Musk has given himself titles of “Chief Twit Officer” and “Twitter Complaint Hotline Operator” instead of chief executive officer.",0.000331740884576
2022-11-06 18:07:44+00:00,"If You Invested $1,000 In Tesla Stock When Donald Trump Announced He Was Running For President, Here's How Much You'd Have Now",Former President Donald Trump could soon be announcing his bid to run for President of the United States again in the 2024 election. The 2024 election could see a rematch of Trump versus Joe Biden.,0.000010321426089
2022-11-07 18:37:06+00:00,"Ten Stocks Trending on Discord for Monday November 7, 2022: HUDI, VERU, TSLA, PHUN, AAPL, META,	PLTR, SONN, CVNA, MIST",,-0.000022446529329
2022-11-07 19:31:13+00:00,"14 Stocks To Watch If Donald Trump Announces 2024 Presidential Bid: 6 For Now, 8 For Later",Former President Donald Trump has hinted at announcing a run for president again in the 2024 election. New reports said Trump could formally announce his plan on Nov.,0.000028306618333
2022-11-08 17:52:56+00:00,Stocks That Hit 52-Week Lows On Tuesday," 

Tuesday&#39;s session saw 184 companies set new 52-week lows.",-0.996386766142678
2022-11-08 19:38:40+00:00,What's Going On With Nio Stock?,NIO Inc (NYSE: NIO) shares are trading lower Tuesday after Deutsche Bank slashed its price target on the stock ahead of earnings. ,-0.997582190611865
2022-11-09 18:40:10+00:00,Musk Says He Won't Do Anything 'That Would Somehow Be Advantageous To Tesla',,0.835498199216090
2022-11-09 18:43:26+00:00,10 Consumer Discretionary Stocks With Whale Alerts In Today's Session,"This whale alert can help traders discover the next big trading opportunities.

Whales are entities with large sums of money and we track their transactions here at Benzinga on our options activity scanner.",0.000198005873244
2022-11-10 18:56:08+00:00,"Ten Stocks Trending on Discord for Thursday November 10, 2022: HUDI, TSLA, VERU, AMD, AMZN, RBC, MSGM, APPS, COMS, META",,-0.000025815923436
2022-11-10 19:39:06+00:00,"'Tesla cancels solar projects in mass, scales back solar division' -Electrek Report",,-0.988813916686922
2022-11-11 19:00:05+00:00,"Top Ten Wall Street Bets Mentions for Friday November 11, 2022: TSLA, GME, AMZN, META, AMC, COIN, NVDA, AMD, CVNA, AAPL",,-0.000026708370569
2022-11-11 19:01:51+00:00,"Ten Stocks Trending on Discord for Friday November 11, 2022: COMS, HUDI, TSLA, AAPL, OLPX, MSFT, NVDA, AMD, AGBA, COIN",,-0.000028145561373
2022-11-12 13:41:56+00:00,"Elon Musk's 'Golden Child' Tesla At Crossroads, Rivian Flags Spending Cut, Lucid Strikes Funding Deals And More: Week's Biggest EV Stories","Electric vehicle stocks meandered to a mixed close in the week ending Nov. 11, with earnings news and the broader market sentiment serving as catalysts. Tesla, Inc.",-0.993850013939664
2022-11-12 15:10:44+00:00,Cathie Wood's Ark Invest Buys $2.9B In Shares Of This Legacy Automaker Amid Market Rebound,Ark Invest’s Cathie Wood  on Friday picked up a chunk of shares in legacy automaker General Motors Corp. (NYSE: GM).,0.947025855624815
2022-11-12 23:01:42+00:00,"Musk Declares 'Doge To The Moon,' And The Meme Crypto Takes Off",The world’s richest person is now the CEO of three companies.,-0.000003699198714
2022-11-13 16:53:02+00:00,"If You Invested $1,000 In Tesla Stock After Elon Musk Appeared On 'The Simpsons,' Here's How Much You'd Have Now","Elon Musk is one of the most famous people on the face of the planet. As such, He&#39;s also appeared in several movies and on television shows.",-0.000006778587704
2022-11-14 18:47:23+00:00,"Amazon Prepares For Mass Layoffs, After Twitter and Meta","
	Amazon.com Inc (NASDAQ: AMZN) plans to lay off approximately 10,000 people in corporate and technology jobs starting this week, marking the most significant job cuts in the company’s history.
",-0.972656717174686
2022-11-14 19:23:02+00:00,"Top 15 Trending Stocks On WallStreetBets As Of Monday, Nov. 14, 2022 (Via Swaggy Stocks)",,-0.000012906129996
2022-11-15 16:49:22+00:00,Elon Musk Tortures Himself To The 'Next Level': Could You Handle His Workload?,"Despite being the world’s richest person, Elon Musk is far from retired. After acquiring social media platform Twitter for $44 billion, Musk is now the CEO of three companies.",-0.000026272184186
2022-11-15 19:14:59+00:00,Fake Employee Rahul Ligma Gets Sacked From FTX Shortly After Twitter: Elon Musk Tells Benzinga He Can Come Back,"It’s been a rough two weeks for fictional character Rahul Ligma. In the span of a couple of weeks, Ligma was fired from both Twitter and FTX. Here’s what happened and what Tesla Inc (NASDAQ: TSLA) and Twitter CEO Elon Musk had to say.",-0.855651561520062
2022-11-16 16:25:01+00:00,Elon Musk Says He Expects To Reduce His Time At Twitter And Find Somebody Else To Run Twitter Over Time; Says He Expects The Organizational Restructuring Of Twitter To Be Done This Week,,0.567100492771715
2022-11-16 19:20:19+00:00,10 Consumer Discretionary Stocks Whale Activity In Today's Session,"This whale alert can help traders discover the next big trading opportunities.
Whales are entities with large sums of money and we track their transactions here at Benzinga on our options activity scanner.",0.000285380359855
2022-11-17 19:19:46+00:00,"Democratic Senators Including Blumenthal And Warren Urge FTC To Investigate Twitter;  Senators Urge ""Vigorous Oversight"" Of Twitter Consent Decree With FTC And Potential Violations Of Consumer Protection Laws",,0.000140612552059
2022-11-17 19:24:00+00:00,"Top Ten Wall Street Bets Mentions for Thursday November 17, 2022: NVDA, GME, TSLA, AAPL, BABA, ASTS, TGT, AMD, XOM, QRTEA",,-0.000024409677280
2022-11-18 18:17:56+00:00,10 Consumer Discretionary Stocks With Whale Alerts In Today's Session,"This whale alert can help traders discover the next big trading opportunities.

Whales are entities with large sums of money and we track their transactions here at Benzinga on our options activity scanner.",0.000198005873244
2022-11-18 18:36:18+00:00,"'Kathie Griffin, Jorden Peterson & Babylon Bee have been reinstated. Trump decision has not yet been made.' - Tweet By Elon Musk",,0.333646777668037
2022-11-19 18:35:12+00:00,Elon Musk Bought Twitter In The Name Of Free Speech — But How Will He Wield His New Power?,It’s a recurrent theme in dystopian science fiction novels: the wealthiest man on Earth takes control of the world’s largest news platform.,0.000007576105418
2022-11-19 19:33:15+00:00,"Bulls And Bears Of The Week: Tesla, Meta, Apple, And A Warren Buffett-Backed Company Set To Become Global Player",Benzinga examined the prospects for many investors&#39; favorite stocks over the last week — here&#39;s a look at some of our top stories. ,0.000058983358031
2022-11-19 19:48:21+00:00,Cathie Wood Teams Up With This Investment Bank To Offer Ark Invest's ETFs In Canada,"Cathie Wood’s Ark Invest, this week, announced a deal with Canadian investment manager BMO Capital Markets.",0.968160532327602
2022-11-19 22:24:28+00:00,"Barron's Top Weekend Stock Picks: Microsoft, Walmart, Grinder And GM Fixing Thousands Of Tesla EVs","Benzinga reviews this weekend&#39;s top stories covered by Barron&#39;s, here are the articles investors need to read.",0.000005312824214
2022-11-20 00:58:07+00:00,Elon Musk Tweeted: The people have spoken.   Trump will be reinstated.,,0.000158559145348
2022-11-21 19:10:10+00:00,Why Hasn't Donald Trump Tweeted Since Being Reinstated By Elon Musk? Rules For Truth Social Might Point To The Answer,Former President Donald Trump has been reinstated on the social media platform Twitter. Many began following Trump&#39;s account and are likely wondering why he hasn’t posted yet.,0.064671273052227
2022-11-21 19:26:10+00:00,"Top 15 Trending Stocks On WallStreetBets As Of Monday, Nov. 21, 2022 (Via Swaggy Stocks)",,-0.000013107921404
2022-11-22 18:17:44+00:00,10 Consumer Discretionary Stocks With Whale Alerts In Today's Session,"This whale alert can help traders discover the next big trading opportunities.

Whales are entities with large sums of money and we track their transactions here at Benzinga on our options activity scanner.",0.000198005873244
2022-11-22 18:33:44+00:00,"Top 15 Trending Stocks On WallStreetBets As Of Tuesday, Nov. 22, 2022 (Via Swaggy Stocks)",,-0.000011587901099
2022-11-23 18:47:06+00:00,"Ten Stocks Trending on Discord for Wednesday November 22, 2022: NRBO, COMS, TSLA, DBGI, NUWE, CANO, AMC, ADSK, MMAT, MANU",,-0.000019448892999
2022-11-23 19:06:20+00:00,Here's How Much Manchester United Stock Could Be Worth In Potential Sale,English Premier League team Manchester United (NYSE: MANU) is widely recognized as one of the top football — or soccer — teams in the world. The owners could be ready to sell and public shareholders could win big.,0.995146771223517
2022-11-23 21:42:49+00:00,Most Anticipated Vehicle Launch Ever? Here's How Many Tesla Cybertrucks Are Reserved: Report,"Leading electric vehicle company Tesla Inc (NASDAQ: TSLA) has seen strong demand over the years, which could likely continue with its new product releases.",0.999446849338710
2022-11-24 14:09:03+00:00,Dogecoin Co-Founder Says He Can't 'Comprehend' Calls For The Joke Crypto He Created In 3 Hours To Hit $1,Dogecoin (CRYPTO: DOGE) co-founder Billy Markus in an open letter on Reddit this week addressed the heightened interest in the cryptocurrency he cre,-0.003933320054784
2022-11-25 17:22:28+00:00,Is Tesla Signaling A Comeback For Growth Stocks?,The S&amp;P 500 index has made a sustained move higher from its October low off the rotation to value or low price-to-earnings ratio stocks.,0.999302458658349
2022-11-26 14:57:20+00:00,"Tesla Stock Lifts Off, Lucid's 'Ready To Delivery' Offer, Rivian Worker Safety Complaint And More: Week's Biggest EV Stories","Electric vehicle stocks had another down week, despite the broader market reversing course amid hopes of the Federal Reserve relenting from an extremely hawkish stance. Market leader Tesla, Inc.",-0.997935105755460
2022-11-26 20:20:53+00:00,"Bulls And Bears Of The Week: Tesla, GameStop, And Cathie Wood Still Says Bitcoin Will Reach $1M",Benzinga examined the prospects for many investors&#39; favorite stocks over the last week — here&#39;s a look at some of our top stories. ,0.996437380701536
2022-11-28 18:34:21+00:00,"Ten Stocks Trending on Discord for Monday November 28, 2022: HLBZ, TBLA, DBGI, TSLA, AAPL, SHOP, CANO, JPM, NUWE, COMS",,-0.000023488250008
2022-11-28 19:17:15+00:00,Tesla Unusual Options Activity,"Someone with a lot of money to spend has taken a bearish stance on Tesla (NASDAQ:TSLA).

And retail traders should know.

We noticed this today when the big position showed up on publicly available options history that we track here at Benzinga.",-0.988824193365872
2022-11-29 17:53:44+00:00,"Top Ten Wall Street Bets Mentions for Tuesday November 29, 2022: TSLA, AAPL, COIN, IBM, BABA, AMZN, GME, HOOD, AMC, NEGG",,-0.000025248573365
2022-11-29 18:06:44+00:00,10 Consumer Discretionary Stocks With Whale Alerts In Today's Session,"This whale alert can help traders discover the next big trading opportunities.

Whales are entities with large sums of money and we track their transactions here at Benzinga on our options activity scanner.",0.000198005873244
2022-11-30 17:59:34+00:00,10 Consumer Discretionary Stocks With Whale Alerts In Today's Session,"This whale alert can help traders discover the next big trading opportunities.

Whales are entities with large sums of money and we track their transactions here at Benzinga on our options activity scanner.",0.000198005873244
2022-11-30 18:56:07+00:00,"Top 15 Trending Stocks On WallStreetBets As Of Wednesday, Nov. 30, 2022 (Via Swaggy Stocks)",,-0.000012058779248
2022-12-01 18:31:09+00:00,Ford Stock Forms 2 Bullish Patterns Under This Indicator: Is A Bull Market On The Horizon?,Ford Motor Company (NYSE: F) gapped up 1.37% to start Thursday’s trading session after a volatile session on Wednesday caused the stock to slip over 2% intraday before closing flat.,-0.935712210834026
2022-12-01 18:34:18+00:00,10 Consumer Discretionary Stocks With Whale Alerts In Today's Session,"This whale alert can help traders discover the next big trading opportunities.

Whales are entities with large sums of money and we track their transactions here at Benzinga on our options activity scanner.",0.000198005873244
2022-12-02 17:49:28+00:00,10 Consumer Discretionary Stocks Whale Activity In Today's Session,"This whale alert can help traders discover the next big trading opportunities.

Whales are entities with large sums of money and we track their transactions here at Benzinga on our options activity scanner.",0.000310214767524
2022-12-02 18:55:48+00:00,Tesla Has Been The Most Profitable Stock For Short Sellers 2 Months In A Row,"Tesla Inc (NASDAQ: TSLA) shares have rallied 7.2% in the last five days, but Tesla continues to be one of the most profitable stocks in the market f",0.999435008241562
2022-12-02 20:51:11+00:00,What's Next For Stocks After Fed Chair Powell Says Smaller Interest Rate Hikes Could Start In December?,"The SPDR S&amp;P 500 ETF Trust (NYSE: SPY) rallied this week following dovish commentary from the Federal Reserve chair, but the November jobs report revealed the U.S.",0.998616533994209
2022-12-03 14:02:56+00:00,"Tesla 'Bang For The Buck' Semi Arrives, Ford Is America's Second Best, Lordstown's 'Endurance' Deliveries Begin And More: Week's Biggest EV Stories","Electric vehicle stocks mostly advanced in the week ending Dec. 2, helped by market-wide optimism over a potential Fed pivot and some company-specific catalysts. The Chinese EV trio of Nio, Inc. (NYSE: NIO), XPeng, Inc.",0.999207587039564
2022-12-04 16:43:31+00:00,Drive Your Tesla To The Roof Of The World: Here Are Some 'Extreme' Supercharger Locations, ,-0.000006262645911
2022-12-04 18:54:57+00:00,Is Musk Warming Up To Biden? Gushes Over President's Tweet And Makes Him A Tesla Sales Pitch,"Tesla, Inc. (NASDAQ: TSLA) CEO Elon Musk  and President Joe Biden  have shared a frosty relationship in the past.",0.144627356436104
2022-12-05 17:45:30+00:00,"EXCLUSIVE: Top 10 Searched Tickers On Benzinga Pro In November 2022: Where Do Tesla, Apple, A Donald Trump-Linked SPAC Rank?","Each trading day features hundreds of headlines and press releases on Benzinga Pro, a source for traders to see the latest news on the overall market and individual tickers.",-0.000008192095265
2022-12-05 17:50:12+00:00,10 Consumer Discretionary Stocks Whale Activity In Today's Session,"This whale alert can help traders discover the next big trading opportunities.

Whales are entities with large sums of money and we track their transactions here at Benzinga on our options activity scanner.",0.000310214767524
2022-12-06 18:41:45+00:00,10 Consumer Discretionary Stocks With Whale Alerts In Today's Session,"This whale alert can help traders discover the next big trading opportunities.

Whales are entities with large sums of money and we track their transactions here at Benzinga on our options activity scanner.",0.000198005873244
2022-12-06 19:15:09+00:00,What Georgia's Senate Runoff Election Means For The Markets,Today&#39;s runoff election in Georgia between incumbent Democrat Senator Raphael Warnock and Republican Herschel Walker is expected to have a direct effect on the stock market.,-0.000014006051060
2022-12-07 17:15:33+00:00,Tesla Forays Southeast Asia's Largest EV Market Dominated By Chinese Rivals,"
	Tesla, Inc (NASDAQ: TSLA) initiated bookings for its cars in Thailand, Southeast Asia&#39;s largest market for passenger electric cars, ruled by its Chinese rivals.
",0.001270131455385
2022-12-07 19:09:57+00:00,"Top Ten Reddit Short Squeeze Mentions for Wednesday December 7, 2022: MMAT, COMS, SMMT, BBBY, TCDA, GME, JAGX, TSLA, AMZN, UPST",,-0.000020436047635
2022-12-08 18:20:34+00:00,"'Tesla to postpone hiring, shorten shifts at Shanghai plant' -Automotive News",,-0.988460118067451
2022-12-08 19:11:24+00:00,Nasdaq Suffers Worst Start To December Since 1975: Will Santa Visit The Market Or Will The Grinch Hold Strong?,"The Nasdaq Composite Index was bouncing up almost 1% higher on Thursday, in relief, after suffering its worst first week of December since 1975, plunging 4.4% between the Nov. 30 closing price and the session finish on Wednesday.",0.998407219711225
2022-12-09 17:44:01+00:00,10 Consumer Discretionary Stocks Whale Activity In Today's Session,"This whale alert can help traders discover the next big trading opportunities.

Whales are entities with large sums of money and we track their transactions here at Benzinga on our options activity scanner.",0.000310214767524
2022-12-09 18:12:50+00:00,"Top 15 Trending Stocks On WallStreetBets As Of Friday, Dec. 9, 2022 (Via Swaggy Stocks)",,-0.000016569341824
2022-12-09 20:22:05+00:00,Tesla Shows Strength Versus S&P 500 Ahead Of Fed Interest Rate Decision: What's Happening?,"Tesla, Inc (NASDAQ: TSLA) was popping up over 4% on Friday in contrast to the general market, which saw the S&amp;P 500 struggling to close flat.",0.995581876486540
2022-12-10 13:39:46+00:00,"Elon Musk Succession Rumors, Lucid Goes Aggressive With Promotions, Rivian Joins Blue-Chip Tech Index And More: Week's Biggest EV Stories","Electric vehicle stocks went down along with the broader market in the week ended Dec. 10, as recession fears and interest rate uncertainty weighed down on sentiment. Market leader Tesla, Inc.",-0.995114481542259
2022-12-10 21:41:23+00:00,"Bulls And Bears Of The Week: Meta, Netflix, Robinhood And Why Jim Cramer Sold All His Bitcoin, Ethereum",Benzinga examined the prospects for many investors&#39; favorite stocks over the last week — here&#39;s a look at some of our top stories. ,0.000170782193891
2022-12-10 22:27:17+00:00,"Barron's Top Weekend Stock Picks: CVS, Chewy, Apple And Confusion On Tesla's China Plant Is Hurting Stock","Benzinga reviews this weekend&#39;s top stories covered by Barron&#39;s, here are the articles investors need to read.",-0.991731540067121
2022-12-12 18:45:08+00:00,Tesla Cybertruck Rear Casting Leaked In New Image,Tesla Inc&#39;s (NASDAQ: TSLA) Cybertruck is one of the most exciting new electric vehicles coming to market.,-0.703005075454712
2022-12-12 18:52:15+00:00,"U.S. New Passenger Vehicle Fuel Efficiency Fleet-wide Average Flat In 2021 At 25.4 Mpg; Stellantis, GM, Mercedes Bought Emissions Credits In 2021 Model Year, While Tesla, Toyota, Honda Sold Excess Credits",,-0.979644505772740
2022-12-13 18:20:16+00:00,What's Going On With Tesla Stock Falling Today,"Tesla Inc (NASDAQ: TSLA) shares are trading lower, reversing following earlier strength, by 5.51% to $158.58 Tuesday afternoon.",-0.998043099709321
2022-12-13 19:37:33+00:00,Tesla's Holiday Update Is Rolling Out To Owners: Here Are The New In-Car Features,"Tesla Inc (NASDAQ: TSLA) vehicles regularly receive free over-the-air software updates. These can include safety or efficiency improvements, or just add something fun like new games or a fart noise to the turn signal.",0.001216106677020
2022-12-14 19:22:45+00:00,10 Consumer Discretionary Stocks With Whale Alerts In Today's Session,"This whale alert can help traders discover the next big trading opportunities.

Whales are entities with large sums of money and we track their transactions here at Benzinga on our options activity scanner.",0.000198005873244
2022-12-14 19:34:05+00:00,One Of The Best Performing Traders In Congress Is Buying Big Tech Stocks: Here's What He Bought,A member of Congress that was tracked as one of the top-performing stock pickers in 2021 recently disclosed positions in several of the biggest technology companies. Could this be a sign that big tech is setting up for a major recovery in 2023?,0.092127699870616
2022-12-15 17:01:24+00:00,Here's How Much Tesla Stock Elon Musk Owns After Latest Sale,The CEO of one of the largest companies in the world continued to sell shares in December as he balances the work and financial demands of being the leader of three companies.,-0.000020105715521
2022-12-15 17:40:26+00:00,10 Consumer Discretionary Stocks With Whale Alerts In Today's Session,"This whale alert can help traders discover the next big trading opportunities.

Whales are entities with large sums of money and we track their transactions here at Benzinga on our options activity scanner.",0.000198005873244
2022-12-16 17:39:14+00:00,Stocks That Hit 52-Week Lows On Friday," 

During Friday&#39;s trading, 293 companies set new 52-week lows.",-0.995719034457579
2022-12-16 18:47:45+00:00,"Top WallStreetBets Mentions for Friday December 16, 2022: TSLA, META, AAPL, TDA, NVDA, GME, ARKK, MAXR, AMC, MMAT",,-0.000027524038160
2022-12-17 17:20:49+00:00,Cathie Woods Ark Invest Buys $4.7M Of Tesla Stock And These 3 Tech Stocks Amid Friday's Market Weakness,"Fund manager Cathie Wood’s Ark Invest  bought another chunk of Tesla, Inc.",-0.987720764009282
2022-12-17 18:36:34+00:00,Elon Musk Has Lost $110B In Wealth In 2022 But He's Still Worth More Than Bezos And Zuckerberg Combined,"Tesla Inc (NASDAQ: TSLA) and Twitter CEO Elon Musk is no longer the richest man in the world, although he&#39;s still worth more than several billionaires combined.",-0.896514543797821
2022-12-17 22:49:08+00:00,"Barron's Top Weekend Stock Picks: AMD, Ford, Accenture And Should Tesla CEO Elon Musk Be Replaced?","Benzinga reviews this weekend&#39;s top stories covered by Barron&#39;s, here are the articles investors need to read.",-0.000013798617147
2022-12-18 13:27:53+00:00,"Tesla Down 57% YTD, Analyst Weighs In On Where The Stock Goes From Here","Tesla, Inc. (NASDAQ: TSLA) shares are trading at a two-year low amid their recent widespread sell-off.",-0.997679484338732
2022-12-19 17:39:10+00:00,10 Consumer Discretionary Stocks With Whale Alerts In Today's Session,"This whale alert can help traders discover the next big trading opportunities.

Whales are entities with large sums of money and we track their transactions here at Benzinga on our options activity scanner.",0.000198005873244
2022-12-19 19:13:24+00:00,"Elon Musk 'Really Doing Some Damage To His Brand' Says Tesla Analyst, Downgrades The Stock","Tesla Inc (NASDAQ: TSLA) shares threaded lower by 2.3% on Monday, hitting new 52-week lows following a high-profile Wall Street downgrade for the stock.",-0.997950312797911
2022-12-20 19:00:49+00:00,Starlink Passes This Key Subscriber Milestone: Here's What To Know About The Elon Musk Satellite Company,"A leading satellite company announced a major milestone on Tuesday, continuing its progress in using satellites to provide internet coverage.

Here’s the latest on Starlink, a SpaceX brand.",0.997916634194553
2022-12-20 19:03:50+00:00,10 Consumer Discretionary Stocks Whale Activity In Today's Session,"This whale alert can help traders discover the next big trading opportunities.

Whales are entities with large sums of money and we track their transactions here at Benzinga on our options activity scanner.",0.000310214767524
2022-12-20 20:36:15+00:00,"Tesla's Market Share 'Decimated,' Backlog Has 'Collapsed To Nothing' — Why Institutional Investors Are 'Very Concerned'","A notorious Tesla Inc (NASDAQ: TSLA) bear is digging his claws deeper into the Elon Musk-led company, scavenging for ",-0.996925518556964
2022-12-21 19:05:53+00:00,"Jim Cramer Says 'Tesla Has Peaked,' Elon Musk-Led Company Is Forfeiting Share To Ford",Everyone seems to be asking why Tesla Inc (NASDAQ: TSLA) shares are stuck in a downtrend.,-0.996619216341060
2022-12-21 19:11:11+00:00,10 Consumer Discretionary Stocks Whale Activity In Today's Session,"This whale alert can help traders discover the next big trading opportunities.

Whales are entities with large sums of money and we track their transactions here at Benzinga on our options activity scanner.",0.000310214767524
2022-12-22 18:55:35+00:00,'Study The Mindset Of Stonk Hodlers': This Fund Manager Rips Cathie Wood's Investment Strategy,ETF fund manager Cathie Wood is known for investing in growth stocks and what she has labeled as “innovation.” A take by the fund manager drew criticism from a hedge fund manager.,-0.130038704723120
2022-12-22 18:57:21+00:00,"Twitter Has Stopped Suggesting People Who Search 'Marijuana' Get Help, Is Elon Musk Behind This?","In 2020, Twitter began suggesting to users who searched for specific drug-related words such as “cannabis,” that they might consider getting help for substance use.",-0.090824319049716
2022-12-23 18:31:01+00:00,"Top Wall Street Bets Mentions for Friday December 23, 2022: TSLA, AMC, AAPL, NKLA, SOFI, GME, NVDA, AMZN, ARKK, KMX",,-0.000027762045647
2022-12-23 18:35:50+00:00,10 Consumer Discretionary Stocks Whale Activity In Today's Session,"This whale alert can help traders discover the next big trading opportunities.

Whales are entities with large sums of money and we track their transactions here at Benzinga on our options activity scanner.",0.000310214767524
2022-12-24 16:56:47+00:00,Tesla Said To Push Forward Production Suspension At Giga Shanghai As China's COVID Cases Surge,"Tesla, Inc. (NASDAQ: TSLA) is reportedly suspending production at its key Giga Shanghai plant in China.",-0.988333313609473
2022-12-24 17:17:57+00:00,"Barron's Top Weekend Stock Picks: Costco, Johnson & Johnson, And How Tesla Could Become A Value Stock","Benzinga reviews this weekend&#39;s top stories covered by Barron&#39;s, here are the articles investors need to read.",0.000130074564368
2022-12-25 03:17:00+00:00,Jeff Bezos Pulls An Elon Musk And Heaps Praise On Dogecoin Creator,It is routine to find Tesla Inc (NASDAQ: TSLA) CEO Elon Musk in the comments section of Dogecoin (CRYPTO: DOGE) co-creator Billy Markus&#39; tweet but there&#39;s ,0.120546246384038
2022-12-25 18:11:20+00:00,Here's More Evidence Tesla's Cybertruck Could Soon Move Into Production,Tesla Inc.’s (NASDAQ: TSLA) Cybertruck is the electric vehicle maker’s next major product and this long-awaited truck is expected to move into production in 2023.,0.003347858160851
2022-12-25 21:21:55+00:00,Surging Electricity Prices Make Some Gas Vehicles Cheaper Than Electric Ones In Europe,"Due to the Russia-Ukraine war, Europe was witnessing surging electricity prices, making some electric vehicles more expensive than combustion engines.

In some cases, the cost difference between driving both types of cars 100 miles had become negligible.",0.996442434727214
2022-12-27 18:54:47+00:00,Gene Munster Tells Benzinga Where He Thinks Tech Will Go In 2023,"It has been a brutal year for most tech companies.

Apple Inc (NASDAQ: AAPL) stock is down nearly 29% in 2022 — and that made it the top performer of the FAANG-gang in big tech.",-0.998010675539263
2022-12-27 19:10:33+00:00,"Top Wall Street Bets Mentions for Tuesday December 27, 2022: TSLA, LUV, AAPL, NVDA, AMC, CAT, AMZN, TWTR, ASTS,	GME",,-0.000030578616133
2022-12-28 18:33:36+00:00,Are Traders So Bearish It's Bullish? Put Options Dominate With Tesla Stock Remaining 'One Of The Biggest Casinos On Wall Street',"Despite the steep slide in stocks this year, the options market is flashing ominous warning signs about what&#39;s to come. ",-0.996041541104205
2022-12-28 19:03:44+00:00,Why Are Tesla And Other Big-Name Stocks Selling Off In December? Here's 1 Potential Reason,"Elon Musk’s Tesla Inc (NASDAQ: TSLA) is down nearly 73% year-to-date, marred by the billionaires&#39; purchase of Twitter, prompting investor uncertainty with regard to its growth assets.",-0.997945691633504
2022-12-29 18:04:50+00:00,10 Consumer Discretionary Stocks Whale Activity In Today's Session,"This whale alert can help traders discover the next big trading opportunities.

Whales are entities with large sums of money and we track their transactions here at Benzinga on our options activity scanner.",0.000310214767524
2022-12-29 18:14:27+00:00,Why Hoth Therapeutics Shares Are Trading Higher By More Than 130%? Here Are 60 Stocks Moving In Thursday's Mid-Day Session,"Gainers


	Hoth Therapeutics, Inc. (NASDAQ: HOTH) shares jumped 131.5% to $10.19 after the FDA accepted the IND application for HT-001.
",0.999349564066506
2022-12-30 18:20:01+00:00,Benzinga's Top 5 Articles For 2022 — AKA The Year Your Grandparents Found Out Who Elon Musk Is,Who could forget 2021 and the cryptocurrency craze?,-0.000025577530323
2022-12-30 18:40:58+00:00,This Ford Options Trader Is Betting The Stock Will Rise At Least This Much By January Expiration,"Auto stocks recorded gains on Thursday, with stocks including  Tesla, Inc. (NASDAQ: TSLA),  Ford Motor Company (NYSE: F) and  General Motors Company (NYSE: ",0.999440614934429
2022-12-31 16:11:14+00:00,Bulls In A Bear Market: These 10 Stocks Clocked Gains In Excess Of 100% In 2022,"2022 would go down as one of the worst years for the financial markets. The sell-off has been all-pervasive, with stocks, bonds and cryptos all selling off indiscriminately. Even as high-fliers like Apple Inc.",-0.997727343987208
2022-12-31 17:59:33+00:00,Is Elon Musk Really Done Selling Tesla Stock? He Has Said So 4 Times In The Past Year,"Shares of electric vehicle maker Tesla Inc (NASDAQ: TSLA) are down 71.7% year-to-date, making the stock one of 2022&#39;s worst performers in the entire S&amp;P 500.",-0.997976224491140
2023-01-01 13:26:48+00:00,"Nio, Li Auto Clock Record December Deliveries, XPeng's Sales Rebound: What That Means For Tesla","Chinese electric vehicle startups Nio, Inc. (NYSE: NIO), XPeng, Inc. (NYSE: XPEV) and Li Auto, Inc.",0.999160390580073
2023-01-01 18:25:53+00:00,Musk Suffers Biggest Loss Of Wealth In History: How Much His Fortune Fell Amid Tesla Stock Crash,"Once the richest person in the world, Tesla Inc (NASDAQ: TSLA) and Twitter CEO Elon Musk has become the only person in human history to lose $200 billion in net worth. ",-0.996588687179610
2023-01-02 14:24:59+00:00,Musk Effect To FTX-Binance Fiasco: Revisiting Top Crypto Tweets Of 2022 That Rocked The Market,"It&#39;s no surprise that 2022 was a turbulent year for global markets. The U.S. stock market plunged over 15%, while bond and crypto markets fell by more than 20% and 50%, respectively, from their peak a year ago to around Christmas. Investors saw significant losses as fears of economic uncertainty, inflation and companies declaring bankruptcy stoked market volatility.",-0.997969130519778
2023-01-02 17:42:54+00:00,Tesla Q4 Deliveries Fail To Clear Lowered Bar: What EV Investors Need To Know,"Tesla, Inc.",-0.992867294349708
2023-01-03 19:08:53+00:00,Is Dana White The Reason Why Endeavor Group Stock Is Falling Today?,"Shares of UFC parent company Endeavor Group Holdings Inc (NYSE: EDR) are trading lower Tuesday after a video of UFC president Dana White getting into a physical altercation with his wife, Anne White, went viral. ",-0.997396983497310
2023-01-03 19:23:15+00:00,Nasdaq Down 1%; Crude Oil Falls Sharply,"U.S. stocks traded lower toward the end of trading, with the Nasdaq Composite dropping over 100 points on Tuesday.",-0.995665394817479
2023-01-04 18:55:53+00:00,Tesla Option Alert: Fri $114 Calls Sweep (78) near the Ask: 13157 @ $3.153 vs 6833 OI; Earnings 1/25 After Close Ref=$113.66,,-0.000028263901186
2023-01-04 18:59:08+00:00,What's Going On With Tesla Stock Today,Tesla Inc (NASDAQ: TSLA) shares are trading higher by 4.54% to $113.00 Wednesday afternoon as the stock rebounds after dropping recently following ,0.999176924931817
2023-01-05 18:50:23+00:00,Warren Buffett Backed BYD Showcases Premium Electric Car Brand,"
",0.760306773823686
2023-01-05 18:55:47+00:00,Tesla Analyst Slashes Price Target By Over 12% To Reflect Macro Headwinds,"
",-0.996944034704939
2023-01-06 11:11:55+00:00,"Tesla shares are trading lower after the company cut prices in China, Japan, Australia and South Korea.",,-0.996215516468510
2023-01-06 19:05:34+00:00,Check Out What Whales Are Doing With TSLA,"A whale with a lot of money to spend has taken a noticeably bearish stance on Tesla.

Looking at options history for Tesla (NASDAQ:TSLA) we detected 543 strange trades.",-0.994962440570816
2023-01-07 17:18:53+00:00,Cathie Wood Keeps Buying Tesla Shares: Here's How Much Ark Invest Paid For Week's Purchases,"Tesla, Inc. (NASDAQ: TSLA) shares pulled back by over 8% this week amid demand and margin worries.",-0.997625453805085
2023-01-07 19:22:02+00:00,"EXCLUSIVE: Will Alphabet, Amazon, Apple Or Tesla See Biggest Increase In 2023? 44% Of Benzinga Followers Picked This Stock","The stock market had a rough year in 2022 with many top indexes seeing decade lows. Many large-cap technology stocks were among the biggest losers of the year. To kick off 2023, Benzinga polled its followers to see which popular stock might have the best 2023.",-0.996233106823638
2023-01-08 14:42:49+00:00,"Tesla Will Have A 'Knockdown' 2023, But This Vehicle Alone Has Potential To Restart Delivery Growth: Analyst","Even as shares of Tesla, Inc (NASDAQ: TSLA) continued to plunge last week, a fund manager on Friday reaffirmed his co",0.532500237226486
2023-01-08 17:13:46+00:00,"A $1,000 Invested In Tesla Now Will Fetch This Much If The Stock Hits Cathie Wood's Updated Price Target","Late Friday, Cathie Wood’s Ark Invest analyst Tasha Keeney tweeted that the firm’s 2026 price target for Tesla, Inc.",0.000046252665925
2023-01-09 18:27:45+00:00,Samsung Is First to Succumb to a Slowing Economy That Is Crushing Semiconductors,"On Friday, Samsung Electronics Co. Ltd (KSE: 005930.KS) flagged its October-December operating quarterly profit has tumbled by two-thirds to an eight-year low as a sluggish global economy hammered memory chip prices and weakened demand for electronic devices.",-0.998199834779371
2023-01-09 18:42:49+00:00,Why Cutera Shares Are Trading Lower By 23%? Here Are Other Stocks Moving In Monday's Mid-Day Session,"Gainers


	CinCor Pharma, Inc. (NASDAQ: CINC) shares jumped 137% to $27.93 after AstraZeneca announced it will acquire the company for $26 per share in cash.
",0.999153462500544
2023-01-10 17:25:13+00:00,'Tesla Adds Model Y All-Wheel-Drive With 4680 Cells To Inventory' - Teslarati,,0.177520763973007
2023-01-10 17:43:06+00:00,10 Consumer Discretionary Stocks Whale Activity In Today's Session,"This whale alert can help traders discover the next big trading opportunities.

Whales are entities with large sums of money and we track their transactions here at Benzinga on our options activity scanner.",0.000310214767524
2023-01-11 12:06:54+00:00,"Tesla Rival Rivian Sees Executive Departures Amid Global Supply Chain Challenges, Gets Big Price Target Cut",Shares of Rivian Automotive Inc. (NASDAQ: RIVN) were higher in premarket trading on Wednesday despite two negative headlines concerning the electric vehicle maker.,-0.983955543953925
2023-01-11 17:36:04+00:00,"If You Invested $1,000 In Tesla Stock When Elon Musk And Grimes Split, Here's How Much You'd Have Now","Electric vehicle company Tesla Inc (NASDAQ: TSLA) saw shares fall in 2022 with its worst share performance since going public.

Here’s a look at how Tesla shares have performed since a key moment in the life of Tesla CEO Elon Musk.",-0.998019501101226
2023-01-12 18:32:01+00:00,Investor Who Beat The S&P 500 For 15 Straight Years Is Short Tesla Stock And Betting Against 'Genius' Elon Musk,"A legendary investor with a strong track record of performance for his funds is betting against electric vehicle leader Tesla Inc (NASDAQ: TSLA).

While the investor recognized Tesla as a great company, he saw several reasons why shares could go lower.",-0.993955265381373
2023-01-12 18:35:43+00:00,'Baillie Gifford admits 'humbling year' after $14bn loss on Tesla and Shopify' -Financial Times,,-0.996390555286780
2023-01-13 17:56:44+00:00,Nio Dips Lower Following Tesla's Price Slashes: Here's What To Watch,"Nio, Inc (NYSE: NIO) opened about 3% lower on Friday, in tandem with Tesla Inc (NASDAQ: TSLA), which gapped down about 6% after the EV giant announced it had ",-0.997921562782722
2023-01-13 19:40:44+00:00,"Nancy Pelosi Trims Investing Portfolio, Lost $511K On Tesla Stock: Here's The Full Transaction List",Former Speaker of the House and Congresswoman Nancy Pelosi (D-Calif.) is well-known for questionable stock trades made by herself and husband ,-0.995001550589222
2023-01-14 16:51:27+00:00,Cathie Wood Accelerates Tesla Buying This Week: Here's How Much Ark Invest Bought In 4 Days,"Tesla, Inc. (NASDAQ: TSLA) stock’s price-cut-induced sell-off on Friday did not deter Cathie Wood-run Ark Invest from continuing its buying spree.",-0.959739074110985
2023-01-14 19:14:26+00:00,"Bulls And Bears Of The Week: Tesla, Apple, Microsoft And Dogecoin Millionaire's Plan To Buy More Cardano",Benzinga examined the prospects for many investors&#39; favorite stocks over the last week — here&#39;s a look at some of our top stories. ,0.000985288119409
2023-01-14 21:07:08+00:00,"Barron's Top Weekend Stock Picks: Amazon, Tesla, Disney And Why Big Tech May Be In For A Major Comeback","Benzinga reviews this weekend&#39;s top stories covered by Barron&#39;s, here are the articles investors need to read.",0.000074015155406
2023-01-16 14:24:13+00:00,Tesla's Price Cuts 'Adverse Fundamental Development' — Analyst Says Potentially Far Worse For Competitors,Tesla Inc.’s (NASDAQ: TSLA) price cuts have become a global phenomenon with Friday’s reductions in the U.S. and Europe.,-0.996215949300677
2023-01-16 16:10:18+00:00,"If You Invested $1,000 When Elon Musk Said Tesla's Stock Price Was Too High, Here's How Much You'd Have Now","Tesla Inc (NASDAQ: TSLA) CEO Elon Musk bought social media platform Twitter in 2022, a place where he likes to share ",0.000236626714468
2023-01-17 18:21:03+00:00,Why Calyxt Shares Are Trading Higher By Around 116%? Here Are Other Stocks Moving In Tuesday's Mid-Day Session,"Gainers


	Celyad Oncology SA (NASDAQ: CYAD) jumped 187% to $2.30 after gaining 21% on Friday. Celyad Oncology, last month, decided to discontinue the development of its remaining clinical program CYAD-211.
",0.999372778111137
2023-01-17 18:33:41+00:00,"If You Invested $1,000 In Bitcoin When Tesla Bought The Crypto, Here's How Much You'd Have Now",The leading cryptocurrency had an exciting year in 2021 with several big news items that also propelled the sector forward.,0.999218035562080
2023-01-18 00:04:34+00:00,"This Tesla Video Promoted By Elon Musk Shows Vehicle 'Driving Itself,' But Tesla Engineer Reveals It Was Staged And Car Actually Crashed Into A Fence","As Tesla Inc (NASDAQ: TSLA) owners continue to wait for Elon Musk to come through on his &#34;full self-driving&#34; promise, recent reports indicate fully autonomous capabilities might be further away than most think, or at least that ",-0.001227120286785
2023-01-18 14:05:44+00:00,"Benzinga Pro's Top 5 Stocks To Watch For Wednesday, January 18, 2023: TSLA, AAL, UBER, CHGG, GENI",,-0.000017860835214
2023-01-18 17:06:38+00:00,"ONSemi Likely To Win More Share At Tesla With Bucheon, Roznov Ramp Ups: Analyst","
",0.999253004411003
2023-01-19 18:33:13+00:00,Why Jupiter Wellness Shares Are Trading Lower By Around 40%? Here Are Other Stocks Moving In Thursday's Mid-Day Session,"Gainers


	Genius Group Limited (NYSE: GNS) jumped 87% to $1.00. Genius Group authorized issue of special dividend and appointed Timothy Murphy to lead Illegal Trading Task Force.
",0.998944238817785
2023-01-19 19:26:22+00:00,"Top Wall Street Bets Mentions for Thursday January 19. 2023: TSLA, BBBY, NFLX, GME, NVDA, AAPL, META, MSFT, CALM, AMZN",,-0.000029991999327
2023-01-20 18:20:20+00:00,"This Key Feature In Ford, Tesla EVs Has A Use Case You Wouldn't Expect",The F-150 Lightning electric pickup truck from Ford Motor Company (NYSE: F) has become one of the bestselling electric vehicles in a short amount of time.,0.939624831604306
2023-01-20 19:09:56+00:00,10 Consumer Discretionary Stocks With Whale Alerts In Today's Session,"This whale alert can help traders discover the next big trading opportunities.

Whales are entities with large sums of money and we track their transactions here at Benzinga on our options activity scanner.",0.000198005873244
2023-01-21 14:50:09+00:00,"Tesla's Price Cuts Stimulate Orders, GM's Baby Pickup Truck, Ford Wants To Go Solo In Europe And More: Biggest EV Stories Of The Week","The electric vehicle space saw mixed sentiment in the week ended Jan. 20, with technical moves lifting some EV stocks, while the broader market volatility weighed on most others.

Now, here are the key events that happened in the EV space during the week:",-0.769225068390369
2023-01-21 18:57:24+00:00,"While Elon Musk Is Focusing More On Twitter And Tesla, SpaceX Employees Are Loving The Calm","Being the CEO of three companies can divide focus, time and energy and often lead to an unfair split. One of the world’s richest people is tasked with the difficult decision of how to split his time and which company deserves the majority of his focus.",-0.120207347848918
2023-01-21 22:07:39+00:00,"Barron's Top Weekend Stock Picks: General Motors, Netflix, Ally Financial And Famous Tesla Bear And Bull Debate","Benzinga reviews this weekend&#39;s top stories covered by Barron&#39;s, here are the articles investors need to read.",-0.000003789144102
2023-01-21 22:35:54+00:00,"Tesla Rival Lucid Offers $7,500 Discount On Its Air Sedan: Here's How To Qualify","Lucid Group, Inc.",0.562462451052852
2023-01-23 19:19:22+00:00,"Top Wall Street Bets Mentions For Monday January 23, 2023: TSLA, NVDA, MSFT,  NFLX, AMD, AAPL, GME, AMZN, BBBY,	CRM",,-0.000025736597308
2023-01-23 19:23:42+00:00,"Ten Stocks Trending on Discord For Monday January 23, 2023:  AAPL, TSLA,	PPG, SHOP, CRM, AMD, NVDA, MSFT, PLRX, NFLX",,-0.000024887391191
2023-01-24 17:48:42+00:00,This Tech Company Almost Acquired Tesla: Elon Musk Shares Reason He Wanted To Secure Funding,A trial over a controversial tweet by Elon Musk in 2018 was making headlines this week. Musk shared more details on why he shared the tweet and why it was important to take electric vehicle company Tesla Inc (NASDAQ: TSLA) private.,0.000136935239425
2023-01-24 19:05:37+00:00,Elon Musk Testifies He Could Have Taken Tesla Private With Funds From SpaceX In 2018,Tesla Inc (NASDAQ: TSLA) CEO Elon Musk said that he believed he could have sold his stake in his rocket company SpaceX to take Te,0.000162035867106
2023-01-25 18:25:23+00:00,"Tesla Readies New Nevada Factory To Manufacture Semi-Truck, Massive Battery Pack","First unveiled in 2017, and finally released to Pepsi in late in 2022, the Tesla Inc (NASDAQ: TSLA) Semi is set to change the shipping for the better.",0.005379105568863
2023-01-25 18:28:37+00:00,10 Consumer Discretionary Stocks With Whale Alerts In Today's Session,"This whale alert can help traders discover the next big trading opportunities.

Whales are entities with large sums of money and we track their transactions here at Benzinga on our options activity scanner.",0.000198005873244
2023-01-26 19:09:41+00:00,Tesla Option Alert: Fri $160 Calls Sweep (22) near the Ask: 201 @ $2.334 vs 37859 OI; Ref=$158.8499,,-0.000021468327759
2023-01-26 19:30:04+00:00,Why XPeng Stock Is Popping Off After Tesla Earnings,XPeng Inc - ADR (NYSE: XPEV) shares are trading higher by 4.81% to $10.24 Thursday afternoon. Shares of EV companies at large are trading higher during Thursday&#39;s session. Strength in the sector may be in sympathy with Tesla Inc (NASDAQ: ,0.999461602696101
2023-01-27 18:26:36+00:00,"Why EV Stocks Lucid Group, Rivian Automotive, Tesla Are Rallying Friday",Lucid Group Inc (NASDAQ: LCID) shares were ripping Friday and halted on a circuit breaker to the upside in early afternoon trading following rumors circulated by traders the Saudi Public Investment Fund is planning to buy out the remainder of the electric vehicle company. ,-0.909780889749527
2023-01-27 19:40:49+00:00,Why QuantumScape And ChargePoint Are Popping Off With Lucid And Tesla Stock,QuantumScape Corp (NYSE: QS) and ChargePoint Holdings Inc (NYSE: CHPT) are both seeing marked strength during Friday&#39;s session. Shares of EV-related and clean energy vehicle stocks are trading higher following a,0.999478172176168
2023-01-28 15:08:17+00:00,Biden Warming Up To Musk? Tesla CEO Holds Talks With Key White House Officials Friday,"Tesla, Inc.",0.000147020837176
2023-01-28 18:55:22+00:00,"Bulls And Bears Of The Week: Tesla, Alphabet, Chevron And Why Trillions Of Shiba Inu Tokens May Be Burned",Benzinga examined the prospects for many investors&#39; favorite stocks over the last week — here&#39;s a look at some of our top stories. ,-0.000603558422881
2023-01-28 22:07:07+00:00,"Imagine The Shock Of Waking Up To Elon Musk Barefoot In Your Kitchen, It Happened To This Billionaire","The night before a major event for a company he founded, billionaire Richard Branson was woken up by Elon Musk. Here’s the strange but true story.",-0.000055741809774
2023-01-29 14:18:03+00:00,SEC Investigating Tesla CEO Elon Musk's Role In Autopilot Claims,U.S. securities regulators are investigating Tesla Inc (NASDAQ: TSLA) CEO Elon Musk&#39;s role in shaping Tesla&#39;s self-driving claims. ,-0.000043564119551
2023-01-30 18:15:12+00:00,What's Going On With Tesla Stock Today,Tesla Inc (NASDAQ: TSLA) shares are trading lower by 3.19% to $172.22 Monday afternoon.,-0.995880590373417
2023-01-30 19:01:17+00:00,The Latest Analyst Ratings for Tesla, ,-0.000011009062291
2023-01-31 19:25:58+00:00,"Jim Chanos Says Tesla Is An Overhyped 'Chinese Car Company,' Carvana, Beyond Meat Are Going Bankrupt: Why The 'Nirvana' Won't Last","Several stocks have made remarkable runs since the start of the year, but famed short seller Jim Chanos expects it all to come crashing down for the bulls.",-0.995462982333265
2023-01-31 19:36:14+00:00,10 Consumer Discretionary Stocks Whale Activity In Today's Session,"This whale alert can help traders discover the next big trading opportunities.

Whales are entities with large sums of money and we track their transactions here at Benzinga on our options activity scanner.",0.000310214767524
2023-02-01 18:34:54+00:00,Rivian Automotive Plans To Slash 6% Of Workforce: Report,"
	Rivian Automotive Inc (NASDAQ: RIVN) is reportedly planning to slash 6% of its workforce to cut costs.
",-0.953869513235986
2023-02-01 18:39:59+00:00,Looking At Tesla's Recent Unusual Options Activity,"Someone with a lot of money to spend has taken a bearish stance on Tesla (NASDAQ:TSLA).

And retail traders should know.

We noticed this today when the big position showed up on publicly available options history that we track here at Benzinga.",-0.986906948033720
2023-02-02 18:41:37+00:00,Tesla Option Alert: Fri $195 Calls Sweep (10) near the Ask: 114 @ $4.3 vs 13799 OI; Ref=$194.979 13:39:34; Tesla Option Alert: Fri $195 Calls Sweep (31) near the Ask: 283 @ $4.249 vs 13799 OI; Ref=$194.8701,,-0.000008543815056
2023-02-02 19:00:04+00:00,Why Tesla Stock Is Popping Off Today,"Tesla Inc (NASDAQ: TSLA) shares are trading higher by 7.30% to $194.65 Thursday afternoon after strong fourth-quarter earnings from Meta Platforms Inc, which has driven a rotation into tech and growth stocks.",0.999486854183488
2023-02-03 17:59:22+00:00,Every Tesla Model Y Now Qualifies For The Full Federal EV Tax Credit,"When the federal government first released its guidelines for the EV tax credit, many noticed a strange disparity.

Tesla&#39;s Model Y did not qualify for the tax credit unless it was ordered with the 7-seat option.",-0.819959388929419
2023-02-03 19:04:27+00:00,"Mexico Wants To ""Attract All That We Can"", Ebrard Said In An Interview On Thursday, Adding That The Likes Of BMW And Audi, General Motors, Fiat Chrysler And Tesla Had All Expressed Interest In Producing In The Country",,0.236631148494780
2023-02-04 16:00:11+00:00,"Here's How Much A $1,000 Investment In Tesla Stock Will Be Worth In 2030 If Ron Baron's Price Target Hits","One of the most outspoken Tesla Inc (NASDAQ: TSLA) bulls and investors laid out a price target for shares of the electric vehicle leader at the start of November.

Here’s what went into the price target and how much the stock could be worth in eight years if his goal is reached.",0.000099350421806
2023-02-04 19:38:35+00:00,Tesla Raises Price Of Model Y After US Relaxes Tax Credit Terms: Here's How Much It Costs Now,"After President Joe Biden’s administration introduced measures to make more crossover SUVs qualify for the newly revamped electric vehicle tax credit, Tesla Inc (NASDAQ: TSLA) has raised ",0.999451895433594
2023-02-04 21:30:10+00:00,"Barron's Top Weekend Stock Picks: Apple, Disney, Pfizer And Tesla's Price Cuts Are Leading To Growth","Benzinga reviews this weekend&#39;s top stories covered by Barron&#39;s, here are the articles investors need to read.",0.994419303489849
2023-02-05 13:58:22+00:00,"EXCLUSIVE: Top 10 Most Searched Tickers On Benzinga Pro In January: Where Do SPY, Tesla, Apple And Ford Rank?","Each trading day features hundreds of headlines and press releases on Benzinga Pro, a source for traders to see the latest news on the overall market and individual tickers.",-0.000009579038306
2023-02-06 16:54:59+00:00,Is Tesla Headed To $223? Here's What The Chart Indicates,"Tesla, Inc (NASDAQ: TSLA) opened slightly higher on Monday before running into a group of sellers who knocked the stock down near to flat. The move came in tandem with the S&amp;P 500, which declined about 0.9% at one point to test a support zone at 4,100.",-0.994724564603530
2023-02-06 17:56:15+00:00,'Tesla files to trademark 'TeslaOne' for new in-house application' -Electrek,,0.001295496433158
2023-02-07 17:46:31+00:00,"'Tesla Who? BYD, Polestar, & MG Taking Australia By Storm' - Clean Technica",,-0.000020636864065
2023-02-07 17:48:17+00:00,"EXCLUSIVE: Risk Appetite On The Rise, TD Ameritrade's IMX Climbs 3.36%","Each month, TD Ameritrade issues a proprietary data sample it calls the “investor movement index.”",0.905403821729124
2023-02-08 17:04:36+00:00,Elon Musk's Tesla Roadster Marks 5 Years In Space - Where Is It Now?,Tesla Inc (NASDAQ: TSLA) CEO Elon Musk decided to send his personal Tesla Roadster into space in 2018.,-0.000137685732625
2023-02-08 18:03:12+00:00,Elon Musk Tweets 'FSD 11.3 is close to limited release. Just drove it through SF & LA yesterday. Probably 11.3.2 is able to go wide.',,0.000083906656073
2023-02-09 15:40:40+00:00,'Fury In Ukraine As Elon Musk's SpaceX Limits Starlink Use For Drones' - The Guardian,,-0.893621055060066
2023-02-09 17:52:11+00:00,U.S. Department Of Transportation Spokesman Says Agency Is Investigating Elon Musk's Neuralink Over The Potentially Illegal Movement Of Hazardous Pathogens,,-0.000077936747402
2023-02-10 17:08:55+00:00,Biden Administration To Release Final Rule Next Week On EV Charging Standards As Part Of $7.5B Effort To Electrify U.S. Roads; New Rule Likely To Force Tesla To Unlock Superchargers And Adopt Competitor Standards Or Forgo Federal Funding,,0.000214803032577
2023-02-10 17:28:22+00:00,Elon Musk Says Legacy Blue Checks On Twitter Will Be Removed Soon,,-0.000043335821829
2023-02-10 20:57:13+00:00,Ross Gerber Plans Run For Tesla Board Of Directors: 'Doing This For All Of Us Retail Shareholders',Prominent Tesla Inc (NASDAQ: TSLA) investor and investment advisor Ross Gerber announced Friday he plans to run for a seat on the automaker&#39;s board of directors. Here’s the latest.,-0.000010033509170
2023-02-11 13:52:33+00:00,"Tesla Stock's Gravity-Defying Run Stalls, Ford's Battery Plant Rumors, Canoo And Faraday Future Line Up Funds And More : Biggest EV Stories Of The Week","Electric vehicle stocks ended uniformly lower in the week ended Feb. 10, although market leader Tesla, Inc.",-0.991078261053190
2023-02-11 17:17:28+00:00,Tesla Analyst's Bold Prediction Of Swift Run Up To $300 Coming To Fruition? Stock Shows No Sign Of Slowing After 11-Session Winning Run,"Tesla, Inc.",-0.992030990077183
2023-02-11 22:01:43+00:00,"Barron's Top Weekend Stock Picks: Google, Microsoft, Disney And Is Elon Musk Set To Become World's Richest Person Again?","Benzinga reviews this weekend&#39;s top stories covered by Barron&#39;s, here are the articles investors need to read.",0.000987231673207
2023-02-12 15:34:50+00:00,"This Super Bowl Commercial Will Feature Tesla Model Y, Meme Kid And Puppies — See It Here First","Tesla, Inc. (NASDAQ: TSLA) spends zero dollars on advertising and relies on a direct sales model to attract customers.",-0.000010652351193
2023-02-13 17:24:09+00:00,"10 Stocks That Are Crushing Short Sellers In 2023: Where Do Tesla, Apple, Lucid Motors Rank?","After a big year in 2022, short sellers are off to a rough start to 2023. However, some stocks have certainly been more unkind to short sellers than others as of late.",-0.997023754869588
2023-02-13 17:36:54+00:00,10 Consumer Discretionary Stocks Whale Activity In Today's Session,"This whale alert can help traders discover the next big trading opportunities.

Whales are entities with large sums of money and we track their transactions here at Benzinga on our options activity scanner.",0.000310214767524
2023-02-14 17:47:52+00:00,Tesla Employees Responsible For Autopilot Data Labeling Push For Unionization,A group of Tesla Inc (NASDAQ: TSLA) workers responsible for labeling data for the company&#39;s Autopilot technology are seeking to unionize at its,0.000008960385458
2023-02-14 18:55:31+00:00,Mexico Foreign Minister Ebrard Says Met With Tesla Executives; Says 'Good News Coming Soon',,0.510057513020001
2023-02-15 18:37:27+00:00,"Charlie Munger Says 'It's Easy' To Explain Why He Prefers Byd To Tesla; Says Tesla Has Cut Prices In China While Byd Has Increased Prices; Says 'Byd Is So Much Ahead Of Tesla In China, It's Almost Ridiculous'",,0.989377882389817
2023-02-15 19:11:06+00:00,"Barclays Plots Roadmap Of EV 'Megatrends': Why Tesla Is King, Rivian Is Runner-Up And The Wheels Are Turning At Ford, GM",Barclays is out with extensive coverage on several automakers Wednesday. Here&#39;s a look at the key initiations and the main drivers behind the firm&#39;s multifaceted call. ,0.000059935729951
2023-02-16 18:50:36+00:00,Tesla Stock Skids On Recall Notice For Full Self-Driving Collision Potential: What You Need To Know,Tesla Inc (NASDAQ: TSLA) shares are slamming the brakes Thursday afternoon following reports the company&#39;s Full Self-Driving software could cause c,-0.983481312054209
2023-02-16 18:58:53+00:00,Elon Musk Says Word 'Recall' For Over-The-Air Software Update Is Anachronistic And Flat Wrong,,-0.977243371540681
2023-02-17 17:59:36+00:00,'Tesla Semi And Cybertruck Prototypes Spotted With Lidar Sensor' - Electrek,,0.000015441597498
2023-02-17 18:14:24+00:00,Tesla Disputes Firings Over Unionization Claims: Here's What The EV Giant Says Happened,"A report that workers for Tesla Inc (NASDAQ: TSLA) in New York were fired after attempting to form a union is false, the automaker said in a Thursday statement. Here are the key details.",-0.871260834624991
2023-02-18 16:25:03+00:00,Elon Musk Would Be Okay With Tesla Going Bankrupt If This Happens,"Tesla Inc (NASDAQ: TSLA) has a market capitalization of more than $650 billion and CEO Elon Musk owns more than 13% of the company. Based on this, some people might be surprised that Musk has reportedly said he would be okay with the electric vehicle giant going bankrupt.",0.107820532051846
2023-02-18 19:39:39+00:00,Tesla Eyeing Further Vertical Integration? Elon Musk-Led Company Considering Bid For This Lithium Miner: Report,"Tesla, Inc.",0.000159156479640
2023-02-18 22:08:09+00:00,Cathie Wood Chimes In On The Tesla Vs. BYD Debate: 'Charlie Munger And Many On Wall Street Do Not Understand...',After billionaire investor Charlie Munger came out all guns blazing about Chinese electric vehicle startup BYD Manufacturing Company Limited’s (OTC: ,-0.000030571151001
2023-02-19 17:43:05+00:00,Consumer Reports' Auto Brand Survey Ranks This German Automaker #1: Here's How Tesla And Others Fared,"Consumer Reports, a non-profit organization that does independent testing and research as well as advocacy, recently released its rankings of 32 auto brands based on the overall scores of their models.",0.000168302911334
2023-02-20 18:11:10+00:00,Tesla Cuts Price Of CCS Adapter So Drivers Can Use Any Fast Charger: Here's What It Costs Now,"Tesla Inc. (NASDAQ: TSLA) has reduced the price of the CCS Combo Adapter from $250 to $175.

What Happened: The CCS Combo Adapter allows Tesla drivers to use third-party charging networks up to speeds of 250 kW, according to the company’s website.",0.998996530805016
2023-02-21 17:36:36+00:00,10 Consumer Discretionary Stocks With Whale Alerts In Today's Session,"This whale alert can help traders discover the next big trading opportunities.

Whales are entities with large sums of money and we track their transactions here at Benzinga on our options activity scanner.",0.000198005873244
2023-02-21 18:28:31+00:00,"Tesla Signs New EV Component Deal: Here's The Company Involved, Why It's Important",Electric vehicle leader Tesla Inc (NASDAQ: TSLA) has dominated its subsector of the automotive market.,0.987690970825497
2023-02-22 13:44:02+00:00,Tesla Gets Reprieve From Dutch Watchdog's Security Camera Probe After Changing Privacy Settings,"The Dutch Data Protection Authority, or DPA, on Wednesday decided not to fine or impose any sanction on Tesla Inc. (NASDAQ:TSLA) for its built-in security cameras investigated for potential privacy violation.",0.225014310330153
2023-02-22 18:55:24+00:00,'nouncement with @elonmusk & @GavinNewsom at 11:45am PT' -Tesla,,-0.000028847000067
2023-02-23 14:03:10+00:00,"Apple, Tesla Face Challenge As Legacy Auto Giant And Google Join Hands On Vehicle Navigation System", ,0.000003712564649
2023-02-23 17:09:12+00:00,"Lucid Analysts Mixed On Ratings, Price Targets But Praise Technology And This Item That's Better Than Tesla, Rivian",Electric vehicle company Lucid Group Inc (NASDAQ: LCID) reported fourth-quarter financial results Wednesday after market close.,0.951607313007116
2023-02-24 16:00:02+00:00,Tesla Investor Day Has Greater Significance For EV Rivals Than Tesla Itself: Why This Analyst Says It's Important,Electric vehicle giant Tesla Inc (NASDAQ: TSLA) is set to hold an Investor Day to highlight the future of the company. Here’s what one analyst says will be the focus of the event.,0.974366514885332
2023-02-24 19:18:38+00:00,"Elon Musk Tweets ""Ramping production (as always) will be the challenge, not demand"" In Response To ""I can't wait to see people's stunned reactions as Cybertruck climbs the sales charts""",,0.085000372899231
2023-02-25 14:10:00+00:00,"Tesla's California Return, Ford's F-150 Lightning Woes, Lucid And Nikola Earnings Disappoint And More: Biggest EV Stories Of The Week","Electric vehicle stocks came under selling pressure in the week ended Feb. 24, weighed down by the general rise in risk aversion and a negative earnings report from luxury EV manufacturer Lucid Group, Inc. (NASDAQ: LCID).

Here are the key events that happened in the EV space during the week:",-0.997817073308397
2023-02-25 15:46:55+00:00,Fans Tout Cybertruck As Tesla's 'iPhone Moment'; Elon Musk Says Demand Won't Be A Challenge But This Will,"Tesla, Inc.’s (NASDAQ: TSLA) next biggest product would unquestionably be the Cybertruck, which is set to be launched later this year.",0.000675438088365
2023-02-26 13:21:25+00:00,Elon Musk's Investment Advice To Warren Buffett — Invest In Company That 'Starts With A T...',"Berkshire Hathaway, Inc.’s (NYSE: BRKA) (NYSE: BRKB) fourth-quarter ea",-0.000025503424695
2023-02-26 15:41:48+00:00,"Tesla Investor Ross Gerber Reconciles With Board Ahead Of Investor Day, Withdraws Nomination","Amid the sharp pullback in Tesla, Inc.",-0.995016931963619
2023-02-27 18:31:43+00:00,Looking Into Tesla's Recent Short Interest,"Tesla&#39;s (NASDAQ:TSLA) short percent of float has risen 12.62% since its last report. The company recently reported that it has 90.31 million shares sold short, which is 3.48% of all regular shares that are available for trading.",0.999357444641646
2023-02-27 19:31:34+00:00,What's Going On With Tesla Stock Today,"Tesla Inc (NASDAQ: TSLA) shares are trading higher by 5.26% to $207.23 after the company said its Berlin Gigafactory built 4,000 Model Y units in a week. Tesla Europe tweeted the update on Sunday. ",0.999292157022865
2023-02-28 17:55:23+00:00,10 Consumer Discretionary Stocks With Whale Alerts In Today's Session,"This whale alert can help traders discover the next big trading opportunities.

Whales are entities with large sums of money and we track their transactions here at Benzinga on our options activity scanner.",0.000198005873244
2023-02-28 18:08:05+00:00,Tesla Shares Settle Into This Pattern Under Key Area As Automaker Prepares To Host Investor Day: What's Next?,"Tesla Inc (NASDAQ: TSLA) was retracing slightly lower on Tuesday after a big bullish day on Monday saw the stock rally 5.46%, moving counter to the general market, the latter of which closed lower.",-0.994253510609269
2023-03-01 18:31:15+00:00,10 Consumer Discretionary Stocks Whale Activity In Today's Session,"This whale alert can help traders discover the next big trading opportunities.

Whales are entities with large sums of money and we track their transactions here at Benzinga on our options activity scanner.",0.000310214767524
2023-03-01 19:31:37+00:00,"Top 15 Trending Stocks On WallStreetBets As Of Wednesday, Mar. 1, 2023 (Via Swaggy Stocks)",,-0.000011552459910
2023-03-02 17:46:42+00:00,"Tesla 'At The Top Of The EV Mountain' - Others Are Just Now Making The Climb, Analyst Says",Tesla Inc.’s (NASDAQ: TSLA) much-awaited Investor Day proved to be a disappointment for most ob,-0.992016891483217
2023-03-02 18:34:29+00:00,10 Consumer Discretionary Stocks Whale Activity In Today's Session,"This whale alert can help traders discover the next big trading opportunities.

Whales are entities with large sums of money and we track their transactions here at Benzinga on our options activity scanner.",0.000310214767524
2023-03-03 18:31:19+00:00,10 Consumer Discretionary Stocks With Whale Alerts In Today's Session,"This whale alert can help traders discover the next big trading opportunities.

Whales are entities with large sums of money and we track their transactions here at Benzinga on our options activity scanner.",0.000198005873244
2023-03-03 19:20:42+00:00,"Top 15 Trending Stocks On WallStreetBets As Of Friday, Mar. 3, 2023 (Via Swaggy Stocks)",,-0.000011576579709
2023-03-04 15:36:02+00:00,"Tesla Recalls 3,470 Model Y Vehicles And A Software Update Won't Resolve The Issue","Tesla, Inc. (NASDAQ: TSLA) announced a recall for its Model Y electric SUV.",-0.973573344992474
2023-03-04 17:56:06+00:00,"Tesla Shows Who's Boss, Rivan's Scaling Challenges, Fisker Tracking To Plans And More: Biggest EV Stories Of The Week","Electric vehicle stocks mostly advanced in the week ended March 3, as positive sentiment seen in the broader market proved contagious. Market leader Tesla, Inc.",0.999372806269093
2023-03-04 23:16:59+00:00,"Barron's Top Weekend Stock Picks: Apple, First Solar, Deere And Why Tesla's Stock Becoming Boring Isn't Bad","Benzinga reviews this weekend&#39;s top stories covered by Barron&#39;s, here are the articles investors need to read.",-0.000388074957300
2023-03-06 18:20:05+00:00,"Tesla Vehicles With Updated Self-Driving Hardware Being Delivered, But This Key Feature Isn't Working Yet","After rumors of Tesla, Inc&#39;s (NASDAQ: TSLA) Hardware 4 (HW4) self-driving hardware upgrades, it seems the company has started delivering vehicles with the new",0.297704275988508
2023-03-06 18:37:49+00:00,10 Consumer Discretionary Stocks Whale Activity In Today's Session,"This whale alert can help traders discover the next big trading opportunities.

Whales are entities with large sums of money and we track their transactions here at Benzinga on our options activity scanner.",0.000310214767524
2023-03-07 18:50:34+00:00,Elon Musk Tweets 'Livestream Interview In 15 Mins At Morgan Stanley Conference',,0.000002642875188
2023-03-07 19:03:20+00:00,"The World Is Transitioning To The EV Future, But Not Without Growth Pains","Monday’s quarterly report from Lordstown Motors (NASDAQ: RIDE) raised significant concerns as the EV startup is struggling with production issues and its undergoing electrification. It already halted production of its EV pickups on February 23rd, after only having delivered just six of them.",-0.993320565321483
2023-03-08 16:34:54+00:00,U.S. National Highway Traffic Safety Opens Special Crash Investigation Into New Fatal Tesla Crash In California,,-0.000740933668567
2023-03-08 19:39:33+00:00,Why Tesla Rival Li Auto Stock Is Falling Sharply Today,Li Auto Inc (NASDAQ: LI) shares are trading lower by some 7.12% to $21.91 Wednesday afternoon. China Passenger Car Association reported an increase in NEV sales but a decline in passenger vehicle sales for the first two months of the year. ,-0.998260455031414
2023-03-09 17:46:42+00:00,Jim Cramer Says Buy Ford Stock 'Hand Over Fist' After Tesla Analyst Calls Cybertruck A 'Cult Car',"After taking the Tesla Inc (NASDAQ: TSLA) Cybertruck for a spin last week, one analyst is calling it a &#34;side-show&#34; to the Tesla story.",0.557242946058977
2023-03-09 18:01:06+00:00,"Rivian's Target Is Attractive Versus Tesla Backed By Topline Growth Prospects, Robust Demand, Analyst Says; Debt Offering Likely To Fuel Capex","
",0.999322390300222
2023-03-10 15:58:24+00:00,"""Tesla Is Facing 'Criminal' Allegations Regarding Gigafactory Berlin"" - Electrek",,-0.072041852050461
2023-03-10 17:35:29+00:00,10 Consumer Discretionary Stocks With Whale Alerts In Today's Session, ,-0.923527528066188
2023-03-11 16:11:31+00:00,"Tesla Stock Falls, Ford F-150 Lightning Recall, And More: Biggest EV Stories Of The Week","The week was marred by negative headlines surrounding electric vehicle companies, and, unsurprisingly, a number of EV stocks ended deep in the red.

Here are several key events that happened during the week:",-0.996635394112673
2023-03-12 02:22:30+00:00,"Elon Musk's Twitter Reactivates Mexican Drug Cartel Accounts, Traffickers Using Social Media To Recruit & Intimidate","Prominent members of Mexico&#39;s drug cartels are using Twitter to recruit new members, threaten rival gangs, post violent images and videos and glorify drug trafficking, according to an Alliance to Counter Crime Online (ACCO) report. ",0.000373657716409
2023-03-12 12:07:02+00:00,"In A Revealing Email, Ron Baron Had This Friendly Advice For Elon Musk",Although billionaire  Ron Baron  has made no bones about his admiration for Elon Musk  and Tesla (NASDAQ: TSLA,0.000130807529786
2023-03-13 18:06:38+00:00,"Tesla Explains How Over-The-Air Updates, Fleet Data Helps Improve Safety Of Its Vehicles", ,0.999058055866044
2023-03-13 19:00:20+00:00,Tesla Ramps Up Hiring At Giga Texas For Cybertruck Production, ,0.998923857623595
2023-03-14 17:24:13+00:00,"Gerber Kawasaki CEO Ross Gerber Says Valuation Shift In Tesla Happening Due To Elon Musk, Says The More Co. Can Distance Itself From Musk's Opinions The Better; Says Consumers Will Buy Other EVs If They Have A Choice",,0.973691777850036
2023-03-14 17:35:20+00:00,10 Consumer Discretionary Stocks Whale Activity In Today's Session, ,-0.000783515504736
2023-03-15 17:35:28+00:00,10 Consumer Discretionary Stocks With Whale Alerts In Today's Session, ,-0.923527528066188
2023-03-15 17:58:58+00:00,"""Tesla Hit With 'right To Repair' Antitrust Class Actions"" - Reuters News",,-0.959134386619553
2023-03-16 15:07:07+00:00,"Mississippi Passes Law Preventing EV Sale Via Brick And Mortar Stores, Impacting Tesla And Rivian", ,0.002648062072694
2023-03-16 17:35:21+00:00,10 Consumer Discretionary Stocks Whale Activity In Today's Session, ,-0.000783515504736
2023-03-17 12:23:16+00:00,"XPeng Q4 Highlights: Registers 47% Decline In Deliveries, Expects Q1 Deliveries Of 18K-19K, Updates On Cost Control Measures","
",-0.996587627218105
2023-03-17 17:35:27+00:00,10 Consumer Discretionary Stocks With Whale Alerts In Today's Session, ,-0.923527528066188
2023-03-18 16:18:13+00:00,"Benzinga Bulls And Bears: Tesla, Amazon, Meta And Shiba Inu Developer Admits To Big Mistake",Benzinga examined the prospects for many investors&#39; favorite stocks over the last week — here&#39;s a look at some of our top stories. ,0.000370930647478
2023-03-18 18:17:10+00:00,"YouTuber Modifies Tesla Car With 10-Foot Towering Wheels, And Drives It Upside Down",YouTube channel WhistlinDiesel has shared a video of a Tesla Inc. (NASDAQ:TSLA) car perched atop 10-foot high wheels — but that&#39;s not all.,0.000042806845158
2023-03-19 12:42:00+00:00,Does Elon Musk Back Biden's 25% Minimum Tax On The Nation's Richest? 'Curious ... How These Other Billionaires Are So Good At Avoiding Taxes',"In the past, Elon Musk, the billionaire CEO of Tesla (NASDAQ: TSLA), and President Joe Biden  have had differing opinions over the flagship electric vehicle’s role in the",-0.000049273687182
2023-03-20 16:29:00+00:00,"Nasdaq, S&P 500, Dow Move Higher On Central Bank Liquidity Boost: Analyst Says Potential Relief Rally On Horizon","The risk mood on Wall Street recovered Monday, with major equity indices posting gains.",0.999390144657809
2023-03-20 17:35:22+00:00,10 Consumer Discretionary Stocks Whale Activity In Today's Session, ,-0.000783515504736
2023-03-21 17:35:30+00:00,10 Consumer Discretionary Stocks With Whale Alerts In Today's Session, ,-0.923527528066188
2023-03-21 18:21:00+00:00,Fed Put 'Dagger' In Ark With Rate Hike 'Earthquake' But Shockwaves Have Ceased And Cathie Wood Expects 'Super Exponential' Growth,"The Federal Reserve&#39;s inflation fight has rattled growth and tech names, but Ark Invest&#39;s Cathie Wood expects that to change.",-0.657658070325851
2023-03-22 13:55:36+00:00,Elon Musk's Decision To Allow Cannabis Ads On Twitter: It's A New Frontier And Benzinga Is Part Of It,"Elon Musk made headlines last month by allowing ads for CBD and THC products on Twitter, the social networking giant he recently acquired.",0.000862045417307
2023-03-22 17:35:26+00:00,10 Consumer Discretionary Stocks With Whale Alerts In Today's Session, ,-0.923527528066188
2023-03-23 17:26:40+00:00,"S&P 500 Rebounds; Tech, Gold, Bitcoin Rally As Investors Bet On Fed Pause In May","Risk appetite sharply recovered on Thursday amid increased expectations of a Fed rate pause in May. This helped to alleviate fears raised by Treasury Secretary Janet Yellen&#39;s rejection of complete protection on bank deposits.

Cues From Wednesday’s Trading: ",0.999317428300856
2023-03-23 17:35:20+00:00,10 Consumer Discretionary Stocks With Whale Alerts In Today's Session, ,-0.923527528066188
2023-03-24 11:53:46+00:00,"Tesla Recalls Over 2,600 Imported Model S Vehicles In China Due To Issues With Trunk","Editor&#39;s note: This story has been corrected to reflect the date of the initial Tesla recall. 

Elon Musk-owned Tesla Inc. (NASDAQ:TSLA) is recalling 2,649 imported Model S vehicles in China.",-0.007298349461053
2023-03-24 19:29:10+00:00,Group Hacks A Tesla EV: Why It Gets A Free Tesla Model 3 Instead Of Jail Time,"Cybersecurity and hacking is a major concern for companies, especially those in the technology sector or with software that could be impacted.

Hackers were able to hack into an electric vehicle from Tesla Inc (NASDAQ: TSLA), and instead of punishment, they got a prize.",0.975840592640452
2023-03-25 16:57:26+00:00,Ark Invest's Cathie Wood Dumps Whopping $53M Worth Of Tesla Stock Ahead Of Q1 Deliveries Report,"Tesla, Inc. (NASDAQ: TSLA) shares bottomed at $163.91 on March 13 and have been seeing some upward momentum since then.",0.997728760470636
2023-03-25 17:19:20+00:00,Elon Musk Sends Stern Email To Twitter Employees At Unusual Time: 'Office Is Not Optional',Twitter CEO Elon Musk chose an odd time to email employees last week about the social media company&#39;s remote-working policy. ,-0.000147234131873
2023-03-26 01:53:18+00:00,"The information Reported Earlier: Elon Musk Offered Twitter Employees Stock Grants At A Valuation Of ~$20B, According To Source Citing Email",,-0.000011764233932
2023-03-26 14:18:01+00:00,"Tesla's Giga Berlin Hits Weekly Production Rate Of 5,000 Vehicles Since Delivering First Vehicles To European Customers, Elon Musk Says 'Big Congratulations'","One of Tesla, Inc’s (NYSE: TSLA) newest Gigafactories has achieved a key milestone, drawing praise from none other than the company’s CEO Elon Musk. ",0.999301258605556
2023-03-27 17:35:21+00:00,10 Consumer Discretionary Stocks Whale Activity In Today's Session, ,-0.000783515504736
2023-03-27 18:50:16+00:00,"Tesla Incentive Program Offers 10,000 Free Charging Miles To Spur End Of Quarter Sales","Tesla Inc (NASDAQ: TSLA) is enticing potential Model S and Model X buyers in the United States and Canada with an offer of 10,000 free Supercharger miles (or 10,000 kilometers in Canada).",0.999269754844136
2023-03-28 19:09:03+00:00,"Top 15 Trending Stocks On WallStreetBets As Of Tuesday, Mar. 28, 2023 (Via Swaggy Stocks)",,-0.000010156843928
2023-03-28 19:27:12+00:00,'Tesla Is On Pace For A Record Quarter' - Electrek,,0.996289056405658
2023-03-29 17:40:51+00:00,"Elon Musk's Iron Fist, 'It's Complete Terror' Says Expert Vs. Tim Cook's Consistent, More Tempered Approach",Tesla Inc (NASDAQ: TSLA) CEO Elon Musk was one of the most insistent if not one of the first mega-cap bosses to order employees to return to the job site following ,-0.000142213408253
2023-03-29 18:00:00+00:00,"S&P 500 Reclaims 4,000, Stocks Gain Momentum – Real Estate And Tech Rally As Banking Crisis Concerns Ease",The U.S.,0.999134916404728
2023-03-30 19:24:54+00:00,"First Joe Biden, Now Bill Gates: Tech Pioneer Overlooks Elon Musk's Full Self-Driving, Praises Startup",The development of full self-driving technology may be at a point of contention between Elon Musk and Bill Gates.,0.000061112055846
2023-03-30 19:40:28+00:00,"'Elon Musk Tried To Meet With F.T.C. Chair About Twitter, But Was Rebuffed; Mr. Musk Requested A Meeting With Lina Khan, The Chair Of The F.T.C., Which Has Been Investigating Twitter's Privacy And Data Practices.' - NYT",,-0.205939233303070
2023-03-31 17:35:19+00:00,10 Consumer Discretionary Stocks With Whale Alerts In Today's Session, ,-0.923527528066188
2023-03-31 19:22:26+00:00,'CFRA Promotes Tesla To Strong Buy Ahead Of Q1 Delivery Numbers' - Street Insider,,0.999378486856585
2023-04-01 17:10:17+00:00,"Tesla Shares 'Crash Test' Video Of Cybertruck, Provoking Amusing Response From Twitter: 'Just Like The Truck! It Never Arrives'","More details on Tesla, Inc.’s (NASDAQ: TSLA) Cybertruck continue to be released, with the company posting another video of its ",0.000309488110361
2023-04-01 17:23:12+00:00,"Benzinga Bulls And Bears: Meta, Alibaba, Disney And What It Will Take For Meme Coins Like Doge To 100X",Benzinga examined the prospects for many investors&#39; favorite stocks over the last week — here&#39;s a look at some of our top stories. ,0.000027441303246
2023-04-02 16:16:55+00:00,"Tesla Reported It Produced Over 440,000 Vehicles In Q1 2023; Delivered Over 422,000 Vehicles",,0.000002013359335
2023-04-02 16:17:55+00:00,"Tesla To Report Its Q1 2023 Financial Results On Wednesday, April 19, 2023",,-0.000035297158320
2023-04-03 18:14:43+00:00,First Quarter Rewind: What's Ahead For Tech In Q2?,"The first quarter of 2023 saw the tech sector emerge as the best-performing sector in the market, with the tech-heavy Nasdaq Composite surging by 16.8%, the best quarter for the index since 2020, according to ",0.999512042209972
2023-04-03 18:42:45+00:00,Here's How Many Vehicles Tesla Has Delivered And Produced In Each Quarter Since 2019,"Electric vehicle leader Tesla Inc (NASDAQ: TSLA) reported record production and delivery figures for the first quarter on April 2, 2023.",0.992040164681384
2023-04-04 18:08:36+00:00,'Tesla Reportedly Plans To Produce 4M Cars On New-Gen Platform Per Year' - Tesmanian,,0.000391843310354
2023-04-04 18:11:07+00:00,'Tesla Plans Smaller Version Of Model Y On New Platform: Report' - Inside EVs,,0.000059934413002
2023-04-05 17:25:04+00:00,"S&P 500, Nasdaq Fall, Small Caps Sink As Economy Cools: Defensive Stocks Rise, While Cyclicals Plummet",Market sentiment turned broadly risk-off Wednesday amid mounting concerns about an impending economic downturn after the job market showed indications of cooling and surveys on manufacturing and services sectors missed expectations. ,-0.997640001820400
2023-04-05 17:35:20+00:00,10 Consumer Discretionary Stocks Whale Activity In Today's Session, ,-0.000783515504736
2023-04-06 17:35:26+00:00,10 Consumer Discretionary Stocks With Whale Alerts In Today's Session, ,-0.923527528066188
2023-04-06 18:32:28+00:00,Your Tesla Is Watching You: Former Employees Reveal Open Access To Owners' Built-In Cameras, Tesla Inc (NASDAQ:TSLA) vehicle owners may have cause for concern as a detailed Reuters report comes to light.,-0.900742380297743
2023-04-07 17:35:20+00:00,10 Consumer Discretionary Stocks With Whale Alerts In Today's Session, ,-0.923527528066188
2023-04-07 19:20:33+00:00,S&P 500 Volatility Continues As Investors Digest Latest Labor Market Data,The SPDR S&amp;P 500 ETF Trust (NYSE: SPY) snapped a three-week winning streak as the latest economic data suggests the U.S. labor market is cooling.,0.998868853290332
2023-04-08 16:23:55+00:00,"Benzinga Bulls And Bears: Tesla, Apple, Airbnb And Doge Rockets Higher Thanks To Elon Musk",Benzinga examined the prospects for many investors&#39; favorite stocks over the last week — here&#39;s a look at some of our top stories. ,0.999381336921942
2023-04-08 17:55:55+00:00,Tesla In Crosshairs Of Federal Regulators Again After Model Y Hits Student In North Carolina,"Tesla, Inc. (NASDAQ: TSLA) is under regulatory scrutiny once again — this time, over an accident involving its vehicle.",-0.091649618232623
2023-04-09 13:10:31+00:00,"Ahead Of Elon Musk's Rumored China Visit, Report Says Tesla Will Set Up New Shanghai Plant To Manufacture Megapacks","Tesla, Inc. (NASDAQ: TSLA) will reportedly have a second plant in China.",0.000122289253341
2023-04-09 19:15:18+00:00,Elon Musk Tweeted Earlier: Tesla opening Megapack factory in Shanghai to supplement output of Megapack factory in California,,-0.000006709735317
2023-04-10 17:40:40+00:00,"Tesla's Secret To A $25,000 Model 2? Strategic Investments In Mexico, China, Morgan Stanley Says","Morgan Stanley on Monday issued two notes on Tesla Inc (NASDAQ: TSLA) evaluating Tesla&#39;s strategic investments in Mexico and China, highlighting the potential benefits and challenges of the decisions.

Morgan Stanley has an In-Line rating on Tesla with a $220 price target.",0.000234384628129
2023-04-10 19:02:47+00:00,"EXCLUSIVE: Top 10 Most Searched Tickers On Benzinga Pro In March – Including Tesla, Apple, AMC And More","Each trading day features hundreds of headlines and press releases on Benzinga Pro, a source for traders to see the latest news on the overall market and individual tickers.",-0.000011630170775
2023-04-11 15:57:58+00:00,"Top Wall Street Bets Mentions For Tuesday April 11, 2023: SPY, NVDA, FRC, TSLA, QQQ, COIN, AAPL, MSFT, GME, MARA",,-0.000025158984499
2023-04-11 17:35:26+00:00,10 Consumer Discretionary Stocks With Whale Alerts In Today's Session, ,-0.923527528066188
2023-04-12 17:45:53+00:00,"Top Wall Street Bets Mentions For Wednesday April 12, 2023: SPY, NVDA, AAPL, FRC, TSLA, WISH, QQQ, AMC, MSFT, RIOT",,-0.000026751036785
2023-04-12 19:33:37+00:00,"EXCLUSIVE: Top 10 Most Searched Tickers On Benzinga Pro In Q1 2023 – Tesla, Apple, AMC, DWAC And More","Each trading day features hundreds of headlines and press releases on Benzinga Pro, a source for traders to see the latest news on the overall market and individual tickers.",-0.000008008646546
2023-04-13 17:35:26+00:00,10 Consumer Discretionary Stocks With Whale Alerts In Today's Session, ,-0.923527528066188
2023-04-13 17:49:00+00:00,"US Stocks Rally On Cooling Price Pressures, Softening Job Market: Investors Eye Fed Hike Cycle's Conclusion","A lower-than-expected producer inflation and higher-than-expected unemployment claims boosted risk appetite on Thursday, with all major U.S. equity indices posting sharp gains as investors increased speculations about the end of the rate hike cycle after the Fed&#39;s May meeting. ",0.999407487644930
2023-04-14 18:55:17+00:00,"Amidst Turmoil In Traditional Markets, Bitcoin Soars Above 30,000: Is the World's Most Popular Cryptocurrency On The Verge Of Another Historic Rally?","
	Elon Musk, once a Bitcoin supporter, sold more than $900 million of Tesla&#39;s Bitcoin holdings last year, potentially missing out on an extra $450+ million.
	Bitcoin experienced a 37% surge in January 2023, offering hope for enthusiasts, despite a 16% decline in January 2022 and a 57% plunge by the end of that year.
",0.998719307885040
2023-04-14 19:02:15+00:00,Tesla Cybertruck Frunk Looks To Take Cues From Ford F-150 Lightning,A recently released image of the Tesla Inc (NASDAQ: TSLA) Cybertruck unveiled the electric pickup truck&#39;s giant frunk (front trunk) for the first time.,0.000140881107654
2023-04-15 18:17:19+00:00,Does Your Electric Vehicle Qualify For A Full Tax Credit Under New IRS Guidelines? Check Out This List Of Potential Beneficiaries.,"The new rules governing the federal tax credit for electric vehicles come into effect on Tuesday, throwing some vehicles completely out of the bracket and trimming the benefits for others.",-0.004694480594480
2023-04-15 18:51:23+00:00,"Cathie Wood Shares Optimism For Cybertruck, Says It Will Destroy Rivals' Pricing Structure",One of the most anticipated launches in recent years is the Cybertruck from Tesla Inc (NASDAQ: TSLA).,0.998768349818420
2023-04-15 21:48:34+00:00,"As Rivian And Lucid Struggle, Elon Musk Says Volume Production, Achieving Positive Cash Flow Are 'Insanely Hard'","Amid production pangs experienced by electric vehicle startups that include Lucid Group, Inc. (NASDAQ: LCID) and Rivian Automotive, Inc.",-0.994672126369551
2023-04-17 17:35:22+00:00,10 Consumer Discretionary Stocks Whale Activity In Today's Session, ,-0.000783515504736
2023-04-17 18:01:50+00:00,The Latest Analyst Ratings for Tesla, ,-0.000011009062291
2023-04-18 18:43:48+00:00,Netflix Q1 2023 Earnings Anticipation: Analysts Foresee Subscriber Surge Post-Password Sharing Crackdown,"Dennis Dick, a CFA charterholder, professional trader and equity analyst, is bullish on Netflix Inc&#39;s (NASDAQ: NFLX) Q1 earnings, anticipating subscriptions to jump after the company announced a halt in password sharing, he said during Benzinga&#39;s ",0.999187353736488
2023-04-18 18:47:32+00:00,We're Telling Your Mom On You! Tesla Giga Shanghai Frontline Workers Tattle On Elon Musk Over Bonus Cuts,"Elon Musk-led companies continue to cut costs, most recently by slashing the quarterly performance bonuses of frontline workers at Tesla Inc’s (NASDAQ: TSLA) ",-0.994257622165605
2023-04-19 18:38:31+00:00,'Tesla hires new top lawyer to lead its scary 'hardcore litigation' team' -Electrek,,0.001537741307402
2023-04-19 19:08:40+00:00,Trading Strategies For Tesla Stock Before And After Q1 Earnings,"Tesla, Inc (NASDAQ: TSLA) gapped down almost 3% to start Wednesday&#39;s session, where the stock ran into a group of buyers who drove it higher. Tesla is set to print its first-quarter financial results after the market closes.",-0.995593878789805
2023-04-20 17:58:00+00:00,US Stocks Remain Under Pressure On Rising Economic Fears: Tesla Sinks 10% On Its Worst Day In 2023,"Major U.S. equity indices traded in the red on Thursday, attempting a minor rebound around midday, as investors scrutinized earnings reports and the latest economic data. Tesla, Inc.",-0.994228297146037
2023-04-20 19:24:48+00:00,Why Ford and General Motors Shares Are Moving Down Today,"Ford Motor Company (NYSE: F) and General Motors (NYSE: GM) shares are trading lower in possible sympathy with Tesla (NASDAQ: TSLA), which f",-0.997569936676882
2023-04-21 17:35:24+00:00,10 Consumer Discretionary Stocks With Whale Alerts In Today's Session, ,-0.923527528066188
2023-04-21 18:41:44+00:00,"Tesla's Canadian Coup: Model Y RWD Unveils LFP Batteries, Unlocking Enticing Rebates",Tesla Inc (NASDAQ: TSLA) is giving Canadian customers more reasons to choose the Model Y with the introduction of a rebate eligible Rear,0.999073406477692
2023-04-22 18:18:43+00:00,"Here's How Much $1,000 Invested In Tesla Stock Will Be Worth If It Hits Cathie Wood's Price Target For 2027","Over the last several years, Ark Invest CEO Cathie Wood has been one of the biggest bulls on electric vehicle company Tesla Inc (NASDAQ: TSLA).",0.066280411032494
2023-04-22 19:31:51+00:00,"Cannabis Does Not Make You More Creative, Concludes Study...More Cheerful Yes",Cannabis consumers often insisted that weed inspires their creativity and helps with concentration.  ,0.572786078264471
2023-04-23 15:33:54+00:00,Google Co-Founder Sergey Brin Sold $366M Tesla Shares To Set Up Nonprofit,Alphabet Inc’s (NASDAQ: GOOGL) Google Co-founder Sergey Brin sold Tesla In,0.000049377820687
2023-04-24 17:35:20+00:00,10 Consumer Discretionary Stocks Whale Activity In Today's Session, ,-0.000783515504736
2023-04-24 19:06:24+00:00,"No Shade on Solar: Biden Stands Firm on Solar Tariff Waivers, House Legislation Faces Veto","
	U.S. President Joe Biden will reportedly Veto congressional efforts to reverse his policy to waive solar tariffs on Cambodia, Malaysia, Thailand, and Vietnam for two years, White House officials told Reuters.
	Biden does not plan to extend the tariff waivers after two years, citing increased domestic production.
",-0.000472202431411
2023-04-25 17:35:27+00:00,10 Consumer Discretionary Stocks With Whale Alerts In Today's Session, ,-0.923527528066188
2023-04-25 17:39:07+00:00,"Calm Before The Storm? Markets Await Tech Earnings, PCE, And FOMC",Market activity has been muted lately; investors are seemingly cautious ahead of the next FOMC meeting.,-0.995209424756467
2023-04-26 18:36:51+00:00,Mobileye Vs. Tesla And NVIDIA: What's Common? Analyst Says Mobileye Can Exercise Pricing Power Like Others,"
",0.000076512922533
2023-04-27 18:47:03+00:00,What's Going On With Tesla Stock Today,Tesla Inc (NASDAQ: TSLA) shares are trading higher by 4.15% to $160.13 Thursday afternoon. The stock may be rebounding after falling Wednesday following an analyst downgrade.,0.999264277634211
2023-04-27 19:29:25+00:00,Glass Lewis Recommends Tesla Shareholders Vote Against Board Nominee JB Straubel,,0.000007133829058
2023-04-28 18:43:53+00:00,"Tesla Bouncing, But Is This Just A Relief Rally? Quick Take Technical Analysis","Tesla, Inc (NASDAQ: TSLA) was rebounding on Friday, as part of a two-day recovery after the stock was downgraded Wednesday by Jefferies analyst Philippe Houchois, who also lowered the price target from $230 to $185&lt;",0.998880036524497
2023-04-28 18:51:29+00:00,"Attention Investors! Buy Mobileye At Current Levels, Analysts Say Post Q1 Results Snubbing Softness In Chinese EV Demand",Needham analyst Rajvindra Gill maintains Mobileye Global Inc (NASDAQ: MBLY) with a Buy and lowers the price target from ,0.788790315389633
2023-04-28 22:13:06+00:00,"Back It Up Safely: Tesla AEB System Now Functions In Reverse, Offers Enhanced Protection At Higher Speeds","Tesla Inc (NASDAQ: TSLA) has updated its Automatic Emergency Braking (AEB) system as part of the 2023.12 software update, now enabling it to function while the vehicle is in reverse and increasing its operational speed range.",0.998457133566262
2023-04-29 13:47:15+00:00,"Tesla's Strategy Alienates Wall Street, Fisker's 44% Rally, GM Pulls Plug On Chevy Bolt And More: Biggest EV Stories Of The Week", ,0.991039818967693
2023-04-29 21:19:12+00:00,Here Are The Best Sector ETFs And Major Sector-Moving Stocks In April,"As April draws to a close, it&#39;s the right time to look back at how the 11 S&amp;P 500 sector ETFs fared over the month. The market as a whole was only slightly positive for the month, with the SPDR S&amp;P 500 Trust ETF (ARCA: SPY) gaining 1.3%, although there were some ",0.999393904407043
2023-04-30 14:58:59+00:00,Is Elon Musk Listening? This Tesla Analyst Might Have A Solution That Tackles The Company's Mounting Model 3 Inventories, ,0.003982189649832
2023-05-01 16:30:14+00:00,Tesla Model Y Outsells Next 5 Closest Competitors Combined In Norway,"The Tesla Inc (NASDAQ: TSLA) Model Y (which recently received more price cuts) continues to assert its dominance in Norway&#39;s electric vehicle market, with sa",0.998801657464355
2023-05-01 17:35:23+00:00,10 Consumer Discretionary Stocks Whale Activity In Today's Session, ,-0.000783515504736
2023-05-02 16:20:30+00:00,Ford Cuts Prices On Electric Mustang Mach E While Tesla Bumps Up Model Y Price Tags,"Ford Motor Company (NYSE: F) confirmed a significant price cut for its Mustang Mach-E SUV, just as rival Tesla Inc (NASDAQ: ",-0.991640369873494
2023-05-02 17:35:30+00:00,10 Consumer Discretionary Stocks With Whale Alerts In Today's Session, ,-0.923527528066188
2023-05-03 17:35:26+00:00,10 Consumer Discretionary Stocks With Whale Alerts In Today's Session, ,-0.923527528066188
2023-05-03 18:33:29+00:00,Thailand In Talks With Battery Maker CATL To Set Up Production Units: Report,"
	Thailand is reportedly in talks with the Chinese battery manufacturing company Contemporary Amperex Technology Co. Limited (CATL) to build production units.
",0.003042694253963
2023-05-04 17:27:45+00:00,Wolfspeed Technical Outlook After Last Thursday's Big Plunge – The Drop Continues,"Here is the technical outlook for Wolfspeed Inc. (NYSE: WOLF) for this week – this stock is finished! Hyperbole aside, despite the previous Thursday’s massive sell-off, this stock is continuing to set up on the short side.",-0.111467355862260
2023-05-04 17:41:11+00:00,"Tesla Teases Model S Plaid Track Package, With Speeds Up To 200 MPH","Tesla Inc (NASDAQ: TSLA) has recently teased its &#34;Model S Plaid Track Package&#34; on Twitter, posting a video of the high-performance electric vehicle reaching 200mph.",0.001164938978036
2023-05-05 17:00:22+00:00,"If You Invested $100 In This Stock 10 Years Ago, You Would Have $4,500 Today", ,0.000016569421859
2023-05-05 17:35:26+00:00,10 Consumer Discretionary Stocks With Whale Alerts In Today's Session, ,-0.923527528066188
2023-05-06 18:21:23+00:00,"Tesla Done With Price Cuts, Lordstown Endurance To Drive Into Oblivion, Fisker Ocean Makes Waves And More: Biggest EV Stories Of The Week", ,0.058711608115118
2023-05-06 18:37:21+00:00,"EXCLUSIVE: Top 10 Most-Searched Tickers On Benzinga Pro In April, Including Tesla, First Republic Bank And Several AI Stocks","Each trading day features hundreds of headlines and press releases on Benzinga Pro, a source for traders to see the latest news on the overall market and individual tickers.",-0.000017379963538
2023-05-08 17:35:29+00:00,10 Consumer Discretionary Stocks With Whale Alerts In Today's Session, ,-0.923527528066188
2023-05-08 17:50:08+00:00,"Elon Musk Tweets ""Once FSD Is Super Smooth (Not Just Safe), We Will Roll Out A Free Month Trial For All Cars In North America. Then Extend To Rest Of World After We Ensure It Works Well On Local Roads And Regulators Approve It In That Country""",,0.040538536966778
2023-05-09 16:42:39+00:00,How To Trade US CPI: The Top 5 Mega-Cap Gainers And Losers Following Last 3 Inflation Reports,"Investors are eagerly awaiting the U.S. inflation statistics for April, which will be announced on Wednesday at 8.30 a.m. ET, before the start of trading on Wall Street.",0.003843359489110
2023-05-09 17:35:28+00:00,10 Consumer Discretionary Stocks With Whale Alerts In Today's Session, ,-0.923527528066188
2023-05-10 18:26:47+00:00,You Don't Need Coding Experience Or A Tech Background To Land This AI Job Paying Well Over 6 Figures A Year,"So you are pretty sure artificial intelligence is the future and you want a job in AI before it takes yours, but you don&#39;t know how to code or have a background in technology. Not to worry!",0.000651980742987
2023-05-10 18:33:43+00:00,Is ChatGPT A Better Financial Advisor? We're Going To Find Out, ,0.005931708728895
2023-05-11 16:41:28+00:00,"Fisker CEO: New EV Model 'Will Be Radical,' But More Expensive And Delayed To 2025","Electric vehicle (EV) company Fisker Inc (NYSE: FSR) expected the recent launch of its sustainable SUV to boost its share price, which has fallen 25% in the last year.",0.388519406318665
2023-05-11 17:35:28+00:00,10 Consumer Discretionary Stocks Whale Activity In Today's Session, ,-0.000783515504736
2023-05-12 19:07:57+00:00,What's Going On With Tesla Stock Today,Tesla Inc (NASDAQ: TSLA) shares may also be trading lower by 2.51% to $167.76 Friday afternoon.,-0.997018113645026
2023-05-12 19:10:52+00:00,Here's Everything That Happened The Last Time Elon Musk And Twitter's New CEO Linda Yaccarino Met Onstage, ,0.000009730079910
2023-05-13 18:34:35+00:00,Elon Musk Reacts To Media Coverage Of 1.1M Tesla China Recall: 'When Will They Learn ...', ,0.000190290891624
2023-05-13 19:30:24+00:00,George Soros Cashes Out Of Tesla Amid Stock's Rebound — Here's How The Billionaire's Fund Adjusted Its Portfolio In Q1, ,-0.215382214635611
2023-05-13 21:08:46+00:00,"Barron's Weekend Stock Picks: SoFi, General Dynamics And Why One Analyst Believes In Smartsheet","Benzinga reviews this weekend&#39;s top stories covered by Barron&#39;s. Here are the articles investors need to read.
",0.000180537150300
2023-05-14 11:24:21+00:00,Yonhap Reported Earlier: Samsung Electronics Executive Chairman Lee Jae-Yong Met With Tesla CEO Elon Musk At Samsung's Silicon Valley Semiconductor Research Center On Wednesday,,-0.000004892564903
2023-05-15 18:43:12+00:00,"Elon Musk Rejected: Appeals Court Upholds SEC Settlement, Continues Oversight Of His Tweets","On Monday, a federal appeals court dismissed Elon Musk&#39;s attempt to modify or terminate his 2018 securities fraud settlement with the U.S. Securities and Exchange Commission (SEC).",-0.211342170834541
2023-05-15 19:01:11+00:00,'Elon Musk Tells Tesla Staff He Must Personally Approve All Hiring' - The Information,,0.002218021370936
2023-05-16 18:49:51+00:00,"""Tesla 'Giga India' Potential Reignited With Reports Of Planned Visit"" - Teslarati",,0.163611306692474
2023-05-16 19:35:22+00:00,What Is David Einhorn's Greenlight Capital Trading? A Look At Its Q1 Portfolio, ,-0.000015241483197
2023-05-17 17:35:29+00:00,10 Consumer Discretionary Stocks With Whale Alerts In Today's Session, ,-0.923527528066188
2023-05-17 18:31:53+00:00,Bipartisan U.S. Lawmakers Want To Bar Automakers From Eliminating AM Radio In New Vehicles Without Additional Charge,,-0.000192297433387
2023-05-18 18:33:00+00:00,"What Would You Do With An Extra $1,000 Every Month? Benzinga Asked, You Answered", ,-0.000023201911972
2023-05-18 18:54:25+00:00,The EV Wave Is Disrupting Industries And Lifestyles Across The Globe,"Although Tesla Inc (NASDAQ: TSLA) is the first brand you think of when EVs and renewable energy come to mind, there are many companies that promise to bring the vision of a world that is powered in a planet and human-friendly way to life.",0.001114490150940
2023-05-19 18:28:13+00:00,"'Hey @elonmusk, I'm being told by contacts that China has rejected $TSLA's application to build the ""Model 2"" in Shanghai out of fears it would challenge local leader $BYD in the low-priced $25K category...' -Gordon Jonson Tweet",,-0.993284184252843
2023-05-19 18:51:16+00:00,"Tesla Offering Discounts Of Over $1,300 On Some Model 3 Cars In U.S. Inventory",,0.027707034256309
2023-05-20 13:39:43+00:00,"Benzinga Bulls And Bears: Palantir, Icahn Enterprises, Alphabet And Why Elon Musk Will 'Focus More Of His Energy' on Tesla",Benzinga examined the prospects for many investors&#39; favorite stocks over the last week — here&#39;s a look at some of our top stories.,0.000050540365919
2023-05-20 13:51:04+00:00,"Elon Musk Warms Up To Ads, Fisker Sets Date For US Delivery, Ford's Scaled-Back Ambitions In China And More: Biggest EV Stories Of The Week", ,0.001193903262902
2023-05-22 17:35:25+00:00,10 Consumer Discretionary Stocks With Whale Alerts In Today's Session, ,-0.923527528066188
2023-05-22 19:14:28+00:00,"Tesla Stock Charges Higher, Confirming Uptrend: The Bull, Bear Case","Tesla, Inc (NASDAQ: TSLA) was popping up about 4.1% on Monday with continued bullish momentum after the company’s CEO Elon Musk signaled at Tesla’s annual shareholder meeting his willingness ",0.999458395235706
2023-05-23 19:17:16+00:00,Elon Musk Says Will Probably Pick Another Location For Tesla Plant By The End Of This Year; Says Advertising Agencies Lifted Warnings On Twitter,,0.705298736691475
2023-05-23 19:29:32+00:00,'Elon Musk Can't Say Whether Twitter Will Still Be Private In Five Years' - WSJ,,-0.000030888648325
2023-05-24 17:57:40+00:00,"Top Reddit Short Squeeze Mentions For Wednesday May 24, 2023: NVOS, NEGG,, SPCE, TRKA,	GTEC, UPST, NVDA, MVIS, TSLA, RNAZ",,-0.000013470365957
2023-05-24 19:27:19+00:00,The White House Takes On Artificial Intelligence — Can AI Be Regulated Before It's Too Late?, ,0.000006012072845
2023-05-25 17:35:24+00:00,10 Consumer Discretionary Stocks Whale Activity In Today's Session, ,-0.000783515504736
2023-05-25 18:22:44+00:00,'Tesla probed in Europe for possible data breach',,-0.000339970007190
2023-05-26 18:31:04+00:00,"'Dogecoin Proves It's A Serious Blockchain, Flips Ethereum Transaction Count; Dogecoin Is Handling More Transactions Than Both Ethereum And Bitcoin, With Drastically Lower Fees' - Blockworks",,0.999071864993311
2023-05-26 19:24:33+00:00,"Did Cathie Wood's Innovation ARKK ETF Whiff On AI? How It Compares To FAANG, Nvidia In 2023","One of the most recognizable investing names of the last decade is Ark Funds CEO Cathie Wood. With an eye on high-growth stocks and innovation, the Ark Funds outperformed the market for years during times of peak performance for the leading indexes.",0.999283593555447
2023-05-27 16:41:38+00:00,"Benzinga Bulls And Bears: NVIDIA, Apple, Tesla And Musk Recommends Not 'Betting One's Financial Future' On Dogecoin","Benzinga examined the prospects for many investors&#39; favorite stocks over the last week — here&#39;s a look at some of our top stories.

The Nasdaq notched its fifth straight weekly gain, rising 2.5%. The S&amp;P 500 also posted a one-week advanced, advancing 0.3%. The Dow was the laggard this week, losing 1%.",0.999064321833430
2023-05-27 19:20:15+00:00,The Tesla Model Y Is Now The World's Bestselling Car,"For the first time, an all-electric vehicle has become the world&#39;s bestselling car. ",0.971234749304131
2023-05-28 16:37:02+00:00,Longtime User Says Goodbye To Tesla Model Y And Buys A Mercedes: 'Just A Bunch Of Little [Quality] Issues That Piled Up', ,-0.656649368815124
2023-05-29 17:35:29+00:00,10 Consumer Discretionary Stocks With Whale Alerts In Today's Session, ,-0.923527528066188
2023-05-29 18:33:56+00:00,"Musk Expected To Visit China This Week, Meet Officials: Report",Tesla Inc (NASDAQ: TSLA) CEO Elon Musk is expected to visit China this week.,0.000010972406017
2023-05-30 18:20:11+00:00,Nvidia Becomes Ninth Company To Hit $1-Trillion Market Cap — Which Stock Could Be Next To Join Elusive Club?,A surge in price for shares of Nvidia Corporation (NASDAQ: NVDA) after the company’s quarterly earnings results and guidance has put the semiconductor company in the elusive $1 trillion market capitalization club.,0.999115401544259
2023-05-30 18:43:06+00:00,Bezos Wants To Be Musk So Bad: A Cosmic Rivalry Turned 69/420?,"In the realm of tech moguls, few rivalries resonate as strongly as that of Jeff Bezos and Elon Musk. Yet, it appears their competition has evolved into a game of comic mimicry, reflecting not just in their galactic goals but now even in their financial moves.",0.182553535676561
2023-05-31 17:35:27+00:00,10 Consumer Discretionary Stocks With Whale Alerts In Today's Session, ,-0.923527528066188
2023-05-31 18:41:02+00:00,'Tesla Plans To Showcase Updated Model 3 With Musk In Shanghai' - BNN Bloomberg,,0.000024745830160
2023-06-01 18:36:37+00:00,Cathie Wood Sells More Nvidia Shares After Rally: Here's How Many Shares Ark Funds Owns Of AI Giant,One of the most notable exchange-traded fund families may have sold shares of Nvidia Corporation (NASDAQ: NVDA) early. The Ark Funds ETFs have continued selling Nvidia shares since the company reported first-quarter financial results.,0.000178924601641
2023-06-01 19:10:50+00:00,"ChatGPT Is Fabricating Information: Why That's a Problem For Every Industry, Not Just Journalism",The rapid evolution of the digital landscape is punctuated by remarkable innovations in artificial intelligence (AI). Yet these developments come with their own share of challenges.,0.000164532568306
2023-06-02 16:44:24+00:00,Tesla Targets Troublesome Model Y Water Leakage With New Bulletin,Owners of the Tesla Inc (NASDAQ: TSLA) Model Y,-0.987914041092154
2023-06-02 17:35:24+00:00,10 Consumer Discretionary Stocks With Whale Alerts In Today's Session, ,-0.923527528066188
2023-06-03 13:14:15+00:00,"Tesla Soars 10% Amid Musk's China Visit, Lucid Slumps On Stock Sale, Ford-Uber's Win-Win Partnership And More: Biggest EV Stories Of The Week", ,0.992006003856659
2023-06-03 19:31:44+00:00,Nvidia Recently Hit A $1 Trillion Market Cap. Which Stock Is Next To Join Club? Here's What Benzinga Users Said.,"Semiconductor giant Nvidia Corporation (NASDAQ: NVDA) recently joined the $1-trillion-market-capitalization club. While the move was short-lived, it could be an indication that the company will return to the club.",0.972384764550952
2023-06-04 13:25:30+00:00,Elon Musk Applauds Tesla Plaid Racing Team As Model S Plaid With Track Pack Sets New Nürburgring Record, ,0.939874212082941
2023-06-04 15:46:41+00:00,Here Are All The Corporate CEOs Who Made A Beeline To China  To Chase Huge Market Opportunities Amid The Country's Reopening, ,0.995446928282036
2023-06-05 15:53:45+00:00,"Top Wall Street Bets Mentions For Monday June 5, 2023: SPY, AAPL, NVDA, TSLA, PLTR, MVIS, QQQ, AMD, SOFI, GME",,-0.000025771547371
2023-06-05 16:30:49+00:00,"Elon Musk Says 'Happy' To License Autopilot, Other Tesla Tech",,0.994935809401795
2023-06-06 18:11:39+00:00,What's Going On With Tesla Stock Today,"Tesla Inc (NASDAQ: TSLA) shares are trading marginally higher by 0.90% to $219.57 Tuesday afternoon. On Monday, the stock increased following the company&#39;s announcement of a 2.4% month-over-month growth in May China sales, as well as a 141.6% year-over-year increase compared to May 2022.",0.999541093187872
2023-06-06 18:58:49+00:00,Musk Says China Is Gunning For AI Dominance: Analyzing The US Stance On Regulation, ,0.000270189804723
2023-06-07 17:28:46+00:00,"EXCLUSIVE: Top 10 Most-Searched Tickers On Benzinga Pro In May, Including Tesla, C3.ai, Palantir And More","Each trading day features hundreds of headlines and press releases on Benzinga Pro, a source for traders to see the latest news on the overall market and individual tickers.",-0.000011050738976
2023-06-07 17:35:26+00:00,10 Consumer Discretionary Stocks Whale Activity In Today's Session, ,-0.000783515504736
2023-06-08 16:32:58+00:00,Tesla Cybertruck Update: Here's How Many Units Could Be Produced Annually,One of the most anticipated vehicle launches of all time is happening in 2023. Here’s the latest update on the Tesla Cybertruck electric pickup truck.,0.000045657252485
2023-06-08 17:35:42+00:00,10 Consumer Discretionary Stocks With Whale Alerts In Today's Session, ,-0.923527528066188
2023-06-09 18:05:00+00:00,Blink Charging Spokesperson Says Co Welcomes 'Opportunity To Work With Tesla On Interoperability With Cables And Connections',,0.999329543017666
2023-06-09 18:58:10+00:00,Tesla's $3B Jackpot: Analyst Projects Rival EV Makers Could Supercharge Its Growth By 2030,A collaboration between two automotive giants is the talk of the stock market Friday and has one analyst singing praises of the market opportunity.,0.998511445213808
2023-06-10 13:47:07+00:00,"Tesla In Early Innings Of 'Golden Success Story;' Fisker, Lucid Come Calling To China; Ford's Farley On 'EV Price Parity' And More: Biggest EV Stories Of The Week", ,0.001845401398896
2023-06-10 14:26:22+00:00,"Benzinga Bulls And Bears: Tesla, Coinbase, Apple, Amazon And Jack Dorsey Calls Ethereum A Security",Benzinga examined the prospects for many investors&#39; favorite stocks over the last week — here&#39;s a look at some of our top stories.,0.000072159520641
2023-06-11 17:46:29+00:00,Tesla Autopilot Involved In 736 Accidents And 17 Fatalities Since 2019 As Deployments Widen: Report, ,-0.000232687139942
2023-06-12 17:29:41+00:00,The American-Made EV Promise Promises To Change The Global EV Power Order,Tides keep on shifting in the EV universe.,0.005513815092854
2023-06-12 17:35:29+00:00,10 Consumer Discretionary Stocks With Whale Alerts In Today's Session, ,-0.923527528066188
2023-06-13 18:23:38+00:00,"Stellantis Says It Continues To 'Evaluate' Tesla's Charging Standard And ""Look Forward To Discussing More In The Future""",,0.910004334960831
2023-06-13 19:39:49+00:00,What's Going On With Tesla Stock Today?,Tesla Inc (NASDAQ: TSLA) shares are trading higher Tuesday amid strength in EV stocks and overall market strength following May CPI data.,0.999456444027601
2023-06-14 17:22:18+00:00,Tesla Stock Is Up More Than 50% Over The Past Month: Why Jim Cramer Is Calling It 'The Princess Bride' Rally,"Tesla Inc (NASDAQ: TSLA) shares have staged an impressive rally over the past month, setting a new record for most consecutive green days along the way.",0.999391709076008
2023-06-14 17:35:28+00:00,10 Consumer Discretionary Stocks Whale Activity In Today's Session, ,-0.000783515504736
2023-06-15 18:06:09+00:00,Meta Is All About AI These Days But The Metaverse Is Still In The Air,"While AI has long been on the activity schedule of Meta Platforms Inc (NASDAQ: META), the social technology and online ad company was often left outside the AI conversation compared to Microsoft Corporation (NASDAQ: MSFT) who is not only talking about A",-0.000038902227971
2023-06-15 18:23:22+00:00,"Ten Stocks Trending On Discord For Thursday June 15, 2023: QQQ, AMD, CAT, TSLA, EDTX, MSFT, SPY, PSTG, ORCL, CVNA",,-0.000029765440559
2023-06-16 17:35:39+00:00,10 Consumer Discretionary Stocks Whale Activity In Today's Session, ,-0.000783515504736
2023-06-16 18:17:11+00:00,"Ten Stocks Trending On Discord For Friday June 16, 2023: NVDA, ADBE, AQB, TSLA, RBBN, SPCE, META, ESTE, AMD, CVNA",,-0.000024684872187
2023-06-17 15:24:41+00:00,Elon Musk And Bernard Arnault Meet For Power Lunch In Paris: What The World's Two Richest Men Discussed,"The world&#39;s two richest individuals, Louis Vuitton&#39;s Bernard Arnault and Tesla Inc CEO Elon Musk, lunched together on Friday in Paris.",0.000006819813279
2023-06-17 16:16:27+00:00,"Trump's Legal Drama, DeSantis' Auto Law, And Musk's Carlson Praise: Week's Top Political Stories", ,0.000008725350199
2023-06-18 13:59:36+00:00,"Tesla Offers Freebies, More Discounts On Model S and Model X Vehicles In Big Quarter-End Push", ,0.995648818934569
2023-06-19 12:26:08+00:00,"""I Didn't Start Out Wanting To Do Rockets,"" Says Elon Musk On SpaceX Origin", ,0.000002528991899
2023-06-19 13:54:10+00:00,"Volkswagen's History Draws Elon Musk's Amusement, Here's Why Tesla CEO Laughed",Tesla Inc (NASDAQ:TSLA) CEO Elon Musk on Saturday shared a laugh on rival EV maker Volkswagen AG‘s (OTCPK: VWAGY) history.,0.038260941160843
2023-06-20 17:39:12+00:00,10 Consumer Discretionary Stocks With Whale Alerts In Today's Session, ,-0.923527528066188
2023-06-20 18:09:51+00:00,EV Charger Maker BTC Power To Add Tesla's Charging Standard To Its Products Next Year,,0.000171817344381
2023-06-21 18:02:11+00:00,"Tech Stocks Sink, AI Rally Dwindles As Powell Hints At Further Hikes: What's Driving Markets Wednesday",The U.S.,-0.995608421042562
2023-06-21 18:09:34+00:00,"Tesla Move On Rivian News Shows The Reality Of Investors, Powell Testimony, India Ascendant","To gain an edge, this is what you need to know today.

Exuberance Without Analysis

Below is a chart of Tesla Inc. (NASDAQ: TSLA).",0.998073512077099
2023-06-22 16:07:00+00:00,"Fear Evaporates In The Stock Market As Greed Takes Over, Arora Analysis On Tesla Strikes A Chord","To gain an edge, this is what you need to know today.",0.981230647070333
2023-06-22 18:15:03+00:00,Multiple Camo Cybertrucks Spotted As Production Approaches,"Two camouflaged Tesla Inc (NASDAQ: TSLA) Cybertrucks were recently spotted in the Bay Area in California, raising speculation about the potential start of the electric pickup&#39;s production.",0.002303405388375
2023-06-23 18:30:24+00:00,"Elon Musk Vs. Mark Zuckerberg Fight Back On? Mom Says No, But Dana White Says Let's Make It Happen","A mega fight that could see two of the richest people in the world duke it out in a cage match has the world abuzz. While one of the two proposed fighters had his mom call off the match, a leading fight promoter is ready to make history with the fight.",0.000369656932889
2023-06-23 19:30:07+00:00,"DZ Bank Downgrades Tesla to Sell, Announces $210 Price Target",,-0.994818988663610
2023-06-24 15:58:44+00:00,"Here's How Much A $1,000 Investment In Tesla Stock Will Be Worth In 2030 If Ron Baron's Price Target Hits",One of the most outspoken Tesla Inc (NASDAQ: TSLA) bulls and investors laid out a price target for shares of the electric vehicle leader at the start of November. The investor echoed those comments again this week during an interview.,-0.000047430425184
2023-06-24 17:52:36+00:00,Andrew Tate Offers To Train Musk For Cage Fight With Zuckerberg: 'You Will Not Lose',Former professional kickboxer and social media influencer Andrew Tate has offered to become Tesla Inc CEO Elon Musk&#39;s trainer in an upcoming cage match with Meta Platforms CEO Mark Zuckerberg.   ,0.000024174667487
2023-06-25 15:42:02+00:00,Cathie Wood Says Tesla's AI Training Ramp-up Will Give EV Maker A Headstart In Robotaxis: 'A Winner-Take-Most' Opportunity With 'SaaS-Like Margins', ,0.999177944700932
2023-06-26 18:21:50+00:00,How To Use Options To Invest Like Warren Buffett,"Warren Buffett is undoubtedly one the most famous and successful investors of all time, yet his strategy is very simple and straightforward – invest in companies that have solid fundamentals, a stable and growing business, and pay dividends.",0.000520209745446
2023-06-26 19:18:28+00:00,Elon Musk Gears Up To Fight Mark Zuckerberg: Tracing The Origins Of The Billionaire Feud,Tech titans Elon Musk and Mark Zuckerberg might be ready to meet in the ring for a cage match to settle an intense multi-year rivalry. Here&#39;s a look back at their differences over the years.,0.000336476594384
2023-06-27 17:56:47+00:00,SAE International Aims To Standardize Tesla's Charging Standard In Six Months Or Less,,0.098792365344707
2023-06-27 18:14:40+00:00,Can You Trust Elon Musk As A Partner Or Is He A Competitor? Here's What GM CEO Mary Barra Says,"General Motors Co (NYSE: GM) decided to team up with Tesla Inc (NASDAQ: TSLA) for EV charging, but the two companies are still competing for ma",0.000051078972319
2023-06-28 17:38:48+00:00,10 Consumer Discretionary Stocks Whale Activity In Today's Session, ,-0.000783515504736
2023-06-28 19:00:18+00:00,"Six Weeks In, AI Outpaces Wall Street's Elite: The ChatGPT Challenge", ,-0.000005921669072
2023-06-29 17:39:04+00:00,10 Consumer Discretionary Stocks With Whale Alerts In Today's Session, ,-0.923527528066188
2023-06-29 18:15:35+00:00,Electrify American Next To Adopt Tesla NACS Charging Standard,"Electrify America, a key player in the electric vehicle (EV) charging space, is adding Tesla Inc&#39;s (NASDAQ: TSLA) North American Charging Standard (NACS) con",0.000248706928687
2023-06-30 16:42:55+00:00,Xpeng's SUV Pricing Gambit Rattles Tesla Ahead Of Key Q2 Deliveries, ,-0.994659687974490
2023-06-30 17:39:07+00:00,10 Consumer Discretionary Stocks With Whale Alerts In Today's Session, ,-0.923527528066188
2023-07-01 14:50:07+00:00,"Benzinga Bulls And Bears: Nvidia, Apple, Disney, And The Catalyst For Recent Upsurge In Pepe, Dogecoin, and Other Meme Coins",Benzinga examined the prospects for many investors&#39; favorite stocks over the last week — here&#39;s a look at some of our top stories.,0.004175331632723
2023-07-01 19:10:26+00:00,"Barron's Weekend Stock Picks: Eli Lilly, Activision And What's Next For Tesla","Benzinga reviews this weekend&#39;s top stories covered by Barron&#39;s. Here are the articles investors need to read.
",-0.000010497911717
2023-07-02 16:24:54+00:00,Tesla Q2 Deliveries Steamroll Past Estimates As Quarter-End Push Positively Impacts Volume, ,0.999016491638031
2023-07-02 16:28:06+00:00,"Tesla Announced Q2 Model 3/Y Production 460,211 Units; Deliveries 446,915 Units; Q2 Model S/X Production 19,489 Units; Deliveries 19,225 Units",,-0.000001954096660
2023-07-03 18:12:15+00:00,Is DeSantis Igniting A Firestorm With Elon Musk Over Florida Electric Vehicle Bill Veto?,"For more than a year, Elon Musk has shown support for Florida Governor Ron DeSantis as a potential presidential candidate that can win the 2024 election.",0.036170716426568
2023-07-03 19:30:21+00:00,Benzinga Twitter Followers Picked This Stock To Outperform In 2023 — And So Far They're Right,The market has shown signs of a recovery for 2023 with major indexes trading higher through the first six months of the year. The positive returns come after 2022 saw the S&amp;P 500 post its worst annual loss since 2008.,0.999328828271246
2023-07-04 17:39:15+00:00,10 Consumer Discretionary Stocks With Whale Alerts In Today's Session, ,-0.923527528066188
2023-07-04 19:09:35+00:00,"Toyota Announces EV Battery Breakthrough It Says Could Halve Cost, Size","Toyota Motor Corp (NYSE: TM) said Tuesday it has achieved a technological breakthrough enabling a potential halving of the weight, size and cost of batteries, signaling a significant advancemen",0.999345197807997
2023-07-05 19:15:06+00:00,ChatGPT Slips But Holds Ground In Top 5 Of Benzinga's Financial Advisor Test, ,-0.503025177866220
2023-07-05 19:17:22+00:00,On The Threshold Of A Breakthrough - Tesla's Strive Towards $300 Share Price Amidst Record-breaking Sales And Bold Market Strategies,"
	Tesla has set a new record for vehicle deliveries in Q2 2023 due to strategic price reductions in key markets and ramped-up production.
	Tesla&#39;s price reduction strategy, which prioritizes higher sales volumes over profit margins, has notably improved its standing in competitive markets like China.
",0.999366843956523
2023-07-06 17:59:52+00:00,"Stocks Tumble, Yields Climb As Investors Fear Upcoming Rate Hikes Amid Booming Job Growth: What's Driving Markets Thursday?","Thursday saw heightened risk aversion across markets, with all major U.S. indices losing ground and the VIX volatility Index rising by more than 17%, making it one of the most volatile days of the year so far.",-0.994722208008170
2023-07-06 18:31:32+00:00,Why NIO Stock Is Trading Down Today,NIO Inc. (NYSE: NIO) shares are lower Thursday amid overall weakness in Chinese stocks on U.S. rate hike concerns.,-0.997990093397675
2023-07-07 16:36:18+00:00,Mercedes-Benz Gains Access To Tesla Supercharger Network In North America,"Mercedes Benz Group ADR (OTC: MBGYY) will provide its customers with the option of using and access more than 12,000 Tesla, Inc. (NASDAQ: TSLA) ",0.976801628159592
2023-07-07 17:39:19+00:00,10 Consumer Discretionary Stocks With Whale Alerts In Today's Session, ,-0.923527528066188
2023-07-08 12:54:20+00:00,"Elon's Cybertruck Ride Around Austin, Rivian's 48% Weekly Rally, Nikola's Shareholder Snub And More: Biggest EV Stories Of The Week", ,0.000026605201128
2023-07-08 12:58:56+00:00,"Benzinga Bulls And Bears: Apple, Rivian, Disney And Elon Musk Will Eat A McDonalds Happy Meal On Live TV If...",Benzinga examined the prospects for many investors&#39; favorite stocks over the last week — here&#39;s a look at some of our top stories.,0.000061556864239
2023-07-09 13:10:17+00:00,French Finance Minister Bruno Le Maire Said Sunday He Was Very Hopeful Tesla CEO Musk Will Select France For A Substantial Investment Related To Production Of Electric Vehicles,,0.868447042303160
2023-07-09 16:39:50+00:00,Here's How Much Tesla Would Pay You To Test Drive Its EVs This Summer,Tesla Inc (NASDAQ: TSLA) is recruiting temporary workers for a three-month test-driving program for their electric vehicles. ,0.000066830016294
2023-07-10 16:44:39+00:00,"Musk Insults Zuckerberg, Proposes Outrageous 'Measuring Contest'",Tesla (NASDAQ:TSLA) CEO Elon Musk and Meta Platform Inc’s (NASDAQ:META) founder Mark Zuckerberg added a new and somewhat bizarre dimension to ,0.000335957884090
2023-07-10 19:23:31+00:00,What's Going On With Tesla's Stock Today?,"Tesla Inc’s (NASDAQ: TSLA) stock was trading down nearly 2% Monday afternoon, despite an upgraded price target from Jeffries analyst Phillipe Houchois. Houchois and Jeffries raised their price target to $265 from $185. ",-0.993958641076460
2023-07-11 17:38:15+00:00,10 Consumer Discretionary Stocks With Whale Alerts In Today's Session, ,-0.923527528066188
2023-07-11 17:47:49+00:00,Wall Street Journal Reported Glass House for Elon Musk Known As Project 42 Sparks Internal Tesla Probe,,-0.000090133955382
2023-07-12 16:55:31+00:00,"Elon Musk Goes From Co-Founding OpenAI To Creating xAI, Seeking To 'Understand Reality'","Elon Musk‘s newest venture, xAI, seeks to &#34;understand the true nature of the universe,” according to a website for the company that launched Wednesday.",0.000100601555459
2023-07-12 17:49:32+00:00,"Bernie Sanders Doesn't Own Individual Stocks But His Mutual Fund Holdings Include Stakes In Companies He's Criticized, Including Tesla","U.S. Sen. Bernie Sanders has made waves over the years for targeting the ultra-wealthy, with some of the billionaires accumulating their wealth through stock investments.",0.001189751026686
2023-07-13 17:38:58+00:00,10 Consumer Discretionary Stocks With Whale Alerts In Today's Session, ,-0.923527528066188
2023-07-13 17:39:36+00:00,'Tesla Battery Supplier Panasonic In Talks To Set Up Plant In India' - Business Standard,,0.000091269372206
2023-07-14 16:52:54+00:00,Tesla Crowned Most-Searched Car Brand In US For 2022: See Each State's Favorite,"Along with dominating the electric vehicle sector, Tesla Inc (NASDAQ: TSLA) continues to rank among the most talked about automotive brands overall and ranks high among interest at use",0.999378241816885
2023-07-14 17:39:03+00:00,10 Consumer Discretionary Stocks Whale Activity In Today's Session, ,-0.000783515504736
2023-07-15 15:28:51+00:00,"Benzinga Bulls And Bears: Tesla, Amazon, Alphabet, Disney And A Company Poised For Profits From 2024 Bitcoin Halving","Benzinga examined the prospects for many investors&#39; favorite stocks over the last week — here&#39;s a look at some of our top stories.

The Dow Jones experienced its best performance since March this week, with a rise of 2.3%. The S&amp;P 500 and Nasdaq followed suit, gaining 2.4% and 3.3%, respectively.",0.999452278076205
2023-07-15 17:26:22+00:00,"A Rivian Owner Paid A Whopping $42,000 — Roughly Half The Price Of His Truck — For A Fender Bender","When a vehicle experiences a breakdown or sustains damage, it&#39;s typically expected that the repair costs will be significant.",-0.831204383284785
2023-07-16 13:52:22+00:00,"Ahead Of Tesla's Q2 Results, Analyst Says To Brace For Short-Term Margin Disappointment But 'Also A Good Recovery Beyond'", ,-0.753452427685261
2023-07-16 14:57:59+00:00,Tesla Bull-Bear Tug: Stock Story Just Starting To Be Discovered Or Is Market Disconnected From Reality?, ,-0.000027416594094
2023-07-17 18:33:00+00:00,ChargePoint's Key Role In The EV Charging Landscape: Oppenheimer's Outperform Rating Explained,Oppenheimer analyst Colin Rusch reiterated an ,0.004851025907556
2023-07-17 19:13:13+00:00,"Tesla Prepares To Double Berlin Factory Size, Aiming For 1 Million EVs Annually", ,0.003142933201161
2023-07-18 18:13:44+00:00,What's Going On With Tesla Stock?,"Tesla, Inc. (NASDAQ: TSLA) shares are volatile ahead of the company&#39;s second-quarter financial results Wednesday..",-0.782227532356046
2023-07-18 18:32:23+00:00,"Dow Enters Bull Market, Banks And Energy Lead; Microsoft Achieves Record High On AI Innovation: Tuesday's Market Movers","The risk appetite remains very strong among investors, with all major U.S. stock indices pushing higher on Tuesday, following robust earnings reports.",0.999435986203025
2023-07-19 19:08:11+00:00,Trading Strategies For Tesla Stock Before And After Q2 Earnings,"Tesla, Inc (NASDAQ: TSLA) was trading slightly lower Wednesday as the company kicks off big tech earnings season with its quarterly report after the close.",-0.997194155905163
2023-07-19 19:23:01+00:00,"Biden Administration Agencies Target Buying 9,500 Electric Vehicles For Government Fleets In Current Budget Year",,-0.000006006488547
2023-07-20 18:15:16+00:00,Tesla Disappoints Despite Profit Rise And Record Revenue While Worksport Completes U.S. Assembly Line,"On Wednesday after the bell, the EV King Tesla Inc (NASDAQ: TSLA) posted an all-time high quarterly revenue, but price cuts and incentives thinned its margins.",-0.996231291093864
2023-07-20 18:49:39+00:00,Tesla Tweeted: Model Y configurator now live in Malaysia,,-0.000006956619472
2023-07-21 18:16:32+00:00,"Elizabeth Warren, Elon Musk's Twitter Feud Escalates As Social Media Company Subpoenaes Democratic Senator", ,-0.000028365448088
2023-07-21 18:52:42+00:00,"""Tesla Cybertruck Orders Reach 1.9M As Musk Details 'Off The Hook' Demand"" - Teslarati",,0.993783882411662
2023-07-22 12:29:07+00:00,Cathie Wood Booked Profit On Some Tesla Holdings Ahead Of Stock's Post-Earnings 11% Plunge — Here's How Much Ark Sold This Week, ,0.995781056873966
2023-07-22 13:32:12+00:00,"Benzinga Bulls And Bears: AMC, Apple, Philip Morris, Ford, And Elon Musk's 'Demon Mode'",Benzinga examined the prospects for many investors&#39; favorite stocks over the last week — here&#39;s a look at some of our top stories.,0.000109233937110
2023-07-22 15:13:57+00:00,"Barron's Weekend Stock Picks: Barbie Bonanza, Vertex's Promising Drug And Tesla Doubts",Benzinga reviews this weekend&#39;s top stories covered by Barron&#39;s. Here are the articles investors need to read.,0.000072389651905
2023-07-23 14:18:20+00:00,"Musk's Scooby-Doo Meme, Tesla's Bitcoin Position, Black Swan Author's NFT Critique And More: This Week In Crypto","This week in the world of cryptocurrency was nothing short of eventful. From Elon Musk‘s influence on Dogecoin to the fluctuating valuation of Jack Dorsey‘s tweet NFT, the crypto landscape was buzzing with activity. ",0.000333378018695
2023-07-23 17:42:04+00:00,"Why Tesla's Cybertruck Can Become A $30 Billion Business Overnight, According To One Tech Chronicler", ,0.220191272033844
2023-07-24 17:50:22+00:00,"The Battle Of The Electric Pickups Has Began And Tesla Is Going For The Win, But Worksport's Proprietary Technology Is Coming To Help Others Compete","With Ford Motor (NYSE: F) slashing the price of its F-150 last week and Tesla Inc (NASDAQ: TSLA) cybertruck reportedly rolling off the assembly line, the battle of the electric pickups is on the horizon with many wondering if someone will even have a shot on",0.963678438507486
2023-07-24 17:53:44+00:00,"Tech Stocks Trudge, Blue Chips Set To Extend Record Winning Streak: What's Driving Markets Monday?","It’s a broadly positive session for the U.S. stock market on Monday, albeit one marked by significant sectoral differences.",0.999343926872825
2023-07-25 17:35:29+00:00,10 Consumer Discretionary Stocks Whale Activity In Today's Session, ,-0.000783515504736
2023-07-25 18:36:21+00:00,Tesla In FSD Licensing Talks: Enthusiasts Bet Ford Is The Mystery Automaker,Tesla Inc (NASDAQ: TSLA) enthusiasts are speculating Ford Motor Co (NYSE: F) might be the &#34;major OEM&#34; Tesla CEO Elon Musk ,0.000829798394989
2023-07-26 18:16:58+00:00,White House Says Automakers' Deal On EV Charging Status Is 'An Important Step Forward',,0.997918831155403
2023-07-26 18:31:28+00:00,"Austin Russell Launched Luminar As A Teen, A Decade Later His Net Worth Is $1.6 Billion","Today, Luminar Technologies Inc (NASDAQ: LAZR) boasts a $2.67 billion market cap. But it was just over a decade ago that 17-year-old Austin Russell launched the company in his parent&#39;s garage.",0.000158626578923
2023-07-27 17:02:04+00:00,"Looking For A Pure-Play Nickel ETF? Sprotts' NIKL Fund Holds 28 Miners, Including One Supplier To Tesla, GM","With the transition to clean energy running in full gear, the minerals and metals powering the EV battery supply chain are in focus.",0.000002870059689
2023-07-27 17:35:30+00:00,10 Consumer Discretionary Stocks Whale Activity In Today's Session, ,-0.000783515504736
2023-07-28 17:35:22+00:00,10 Consumer Discretionary Stocks With Whale Alerts In Today's Session, ,-0.923527528066188
2023-07-29 13:00:58+00:00,"Tesla Moves Forward With India Plans, Rivian Gets Another Price Target Boost, Chinese Startups Seek German Lifeline: Biggest EV Stories Of The Week", ,0.999342344584875
2023-07-29 15:38:14+00:00,"Benzinga Bulls And Bears: Tesla, Apple, AMC, Alibaba And Dogecoin's Global Payment Role On Musk's X Predicted",Benzinga examined the prospects for many investors&#39; favorite stocks over the last week — here&#39;s a look at some of our top stories.,0.000045731998398
2023-07-30 00:01:13+00:00,"Bitcoin ETF Potential, Musk's Dogecoin Support, RFK's Investment And More: This Week In Cryptocurrency","This week in the cryptocurrency sector was marked by significant developments, from the potential impact of a Bitcoin ETF to Elon Musk’s continued influence on Dogecoin. Here’s a look at the top stories:",0.407635691808537
2023-07-30 17:02:11+00:00,"AI Weapons, Worldcoin And Adobe's Job Concerns: A Week In Review", ,-0.000028441423638
2023-07-31 15:01:10+00:00,"AI Frenzy Result – Perma Bulls Revered And Perma Bears Reviled, Apple And Amazon Earnings Ahead","To gain an edge, this is what you need to know today.

",0.999264750455040
2023-07-31 17:47:55+00:00,"Exxon In Talks With Tesla, Ford, VW On Supplying Lithium",,0.000054413008911
2023-08-01 17:42:49+00:00,"Top 10 Trending Stocks On WallStreetBets As Of Augst 1, 2023 (Via Swaggy Stocks)",,-0.000000291889592
2023-08-01 18:56:02+00:00,84% Profit On Uber — Uber Is An Artificial Intelligence Play,"Signal(s) to enter, add, reduce, exit, hold or change.

",0.000205696902412
2023-08-02 17:17:19+00:00,"Nasdaq Plunges, VIX Spikes As US Credit Downgrade Sparks Rush To Cash: What's Driving Markets Wednesday?","Wednesday is shaping up to become one of the most negative trading sessions of the year, with a sharp spike in the VIX, the market’s fear gauge, rising by 16% as of midday New York trading, the largest daily increase since March 9 when Silicon Valley B",0.953446056693792
2023-08-02 17:35:29+00:00,10 Consumer Discretionary Stocks With Whale Alerts In Today's Session, ,-0.923527528066188
2023-08-02 17:50:39+00:00,"Exxon Mobil Top Stories: EnLink Midstream's Sustainability Report, Lithium Supply Chain Talks and Global Lubricants Market Report","In today&#39;s top stories related to Exxon Mobil Corporation (NYSE: XOM), we cover significant developments in environmental efforts, competition, ",0.000002783534001
2023-08-03 18:47:29+00:00,"For Those Owning Apple, Amazon, And Nvidia Stocks – Here Is A Diversifier You Need","Due to the artificial intelligence frenzy, the magnificent seven stocks have done extremely well in 2023. The magnificent seven stocks are Apple Inc (NASDAQ: AAPL), Amazon.com, Inc.",0.999159569124458
2023-08-04 17:35:28+00:00,10 Consumer Discretionary Stocks Whale Activity In Today's Session, ,-0.000783515504736
2023-08-04 18:52:24+00:00,"EXCLUSIVE: Top 10 Most-Searched Tickers On Benzinga Pro In July - See Where Tesla, Carvana, Rivian, Nikola And More Rank","Each trading day features hundreds of headlines and press releases on Benzinga Pro, a source for traders to see the latest news on the overall market and individual tickers.",0.000002363180101
2023-08-05 12:50:11+00:00,"Tesla China Sales Sag, Fisker Touts Cybertruck Killer, Nikola C-Suite Revolving Door And More: Biggest EV Stories Of The Week", ,0.687487320974469
2023-08-05 13:20:35+00:00,"Benzinga Bulls And Bears: Tesla, Uber, BlackRock, And Is Twitter/X Exploring Bitcoin, Dogecoin Trading?",Benzinga examined the prospects for many investors&#39; favorite stocks over the last week — here&#39;s a look at some of our top stories.,0.000039301776269
2023-08-05 21:22:14+00:00,Lucid Takes A Leaf From Tesla's Playbook? EV Startup Aggressively Cuts EV Prices Ahead Of Q2 Results, ,-0.983534518629313
2023-08-06 12:29:16+00:00,"Tesla Vehicle For Under $15,000? Not Yet, But This State Has Incentives To Get The Price Under $20,000","Electric vehicles in the United States qualify for federal credits, state credits and other credits that can knock the starting price down to make them in line with traditional automobiles.",0.000370922731236
2023-08-07 15:08:17+00:00,"Largest Ever Chinese Russian Warship Group Approached Alaska, Earnings Drop, Meme Stocks Resurgent","To gain an edge, this is what you need to know today.

",-0.995796232717112
2023-08-07 19:08:16+00:00,"Reaching The Finish Line Of The EV Race Is A Daunting Task, One That Some Won't Be Able To Accomplish","For all those who are not Tesla Inc (NASDAQ: TSLA) or one of the biggest Chinese EV makers, the EV venture is wildly risky ride that makes profitability seem like mission impossible sometimes.",-0.915385970321950
2023-08-07 19:13:55+00:00,"Musk Vs. Zuckerberg Billionaire Bout: Latest Odds Reveal Clear Favorite, Potential $100 Bet Winnings","The battle of the billionaires could be back on, according to recent comments from both Elon Musk and Mark Zuckerberg. After exchanging words on social media, the two billionaires previously agreed to settle their",0.934516382461879
2023-08-08 17:35:27+00:00,10 Consumer Discretionary Stocks With Whale Alerts In Today's Session, ,-0.923527528066188
2023-08-08 17:58:25+00:00,"Apple At Critical Junction For Entire Stock Market, Moody's Downgrades Banks Chinese Exports Fall, Raise Hedges","To gain an edge, this is what you need to know today.

",0.741066455841064
2023-08-09 17:35:28+00:00,10 Consumer Discretionary Stocks With Whale Alerts In Today's Session, ,-0.923527528066188
2023-08-09 18:09:38+00:00,"Tesla CFO Zachary Kirkhorn Sold Shares Days Before Stepping Down, New CFO Also Sold Shares Prior To Taking New Role","Zachary Kirkhorn, who recently stepped down as Chief Financial Officer of Tesla Inc (NASDAQ: TSLA), is one of several executives who have been actively selling shares of ",-0.000049672929890
2023-08-10 17:35:22+00:00,10 Consumer Discretionary Stocks With Whale Alerts In Today's Session, ,-0.923527528066188
2023-08-11 17:14:21+00:00,"US Stocks Falter On PPI Data, Nasdaq Hits 1-Month Low: What's Driving Markets Friday?","U.S. equities were unable to break free from the bears’ grip, with tech continuing to underperform the rest of the market.",-0.997783597500529
2023-08-11 17:35:22+00:00,10 Consumer Discretionary Stocks With Whale Alerts In Today's Session, ,-0.923527528066188
2023-08-12 13:30:23+00:00,"Elon Musk's 'Mind-blowing' FSD Update, GM Panned For New Escalade IQ Pricing, Rivian-Lucid Diverge In Q2 And More: Biggest EV Stories Of The Week", ,-0.938990481197834
2023-08-12 18:40:56+00:00,Cathie Wood's Back-to-Back Tesla Stock Sale This Week: Why Is Ark Going Against The Grain Of Selling Into Weakness?, ,-0.975771498866379
2023-08-14 16:32:00+00:00,Cathie Wood's Flagship Fund Has Traded Lower Every Day In August: What's Going On?,"Cathie Wood&#39;s fund, ARK Innovation ETF (ARCA:ARKK) has traded lower every day in August and is now down more than 11% month-to-date. Here&#39;s a look at what&#39;s going on. ",-0.997409440606134
2023-08-14 17:35:27+00:00,10 Consumer Discretionary Stocks Whale Activity In Today's Session, ,-0.000783515504736
2023-08-15 16:47:10+00:00,"US Stocks Resume Losses, Banks Fall on Fitch's Downgrade Concerns: What's Driving Markets Tuesday?","Sentiment remained depressed on Tuesday, with the U.S.",-0.997475317039061
2023-08-15 17:35:22+00:00,10 Consumer Discretionary Stocks With Whale Alerts In Today's Session, ,-0.923527528066188
2023-08-16 08:31:39+00:00,Musk To Livestream Tesla FSD v12 Test Drive On X: Here's When To Tune In,Tesla Inc (NASDAQ: TSLA) CEO Elon Musk said on Wednesday that he will live stream the test drive of version 12 of its full self-driving software,-0.000001289408829
2023-08-16 18:10:50+00:00,Inside ChatGPT-Selected Stock Portfolio: Adobe Overtakes Tesla For Top Spot,"It&#39;s the 15th week of our &#34;Is ChatGPT A Better Financial Advisor?&#34; series, and Tesla is no longer our portfolio&#39;s best performing holding.",0.656520400778390
2023-08-17 17:25:11+00:00,Here's Where Tesla May Find Support If The Stock Continues To Drive South,"Tesla, Inc (NASDAQ: TSLA) was struggling to trade flat on Thursday after dropping to a new 10-week low earlier in the trading session amid rising concerns that the Federal Reserve’s battle with inflation will continue with ",-0.998062471568119
2023-08-17 17:55:35+00:00,'Tesla is planning to launch a Rental Program in Texas' -Teslarati Report,,0.000019359984435
2023-08-18 16:02:37+00:00,What's Going On With Tesla Stock Today?,"Tesla, Inc. (NASDAQ: TSLA) shares are moving Friday and are down more than 11% over the last week. Shares have fallen amid weak Chinese economic data, the company&#39;s latest vehicle price cuts and recent overall market weakness.",-0.997964400041383
2023-08-18 17:35:20+00:00,10 Consumer Discretionary Stocks Whale Activity In Today's Session, ,-0.000783515504736
2023-08-19 09:27:56+00:00,Has Tesla Cautioned Employees Of Action For Taking Unauthorized Photos Of Cybertruck?, ,-0.819293837295845
2023-08-19 18:47:31+00:00,"Barron's Weekend Stock Picks: Tesla, XPeng And Drama At U.S. Steel",Benzinga reviews this weekend&#39;s top stories covered by Barron&#39;s. Here are the articles investors need to read.,-0.000018202816136
2023-08-21 17:35:24+00:00,10 Consumer Discretionary Stocks Whale Activity In Today's Session, ,-0.000783515504736
2023-08-21 19:11:55+00:00,Why Tesla Stock Is Higher Today,"Tesla, Inc. (NASDAQ: TSLA) shares are trading higher Monday after Baird Equity Research added Tesla to its &#34;best ideas&#34; list, according to Reuters.

The Details:",0.999171266856138
2023-08-22 17:35:20+00:00,10 Consumer Discretionary Stocks Whale Activity In Today's Session, ,-0.000783515504736
2023-08-22 17:48:59+00:00,Stocks Dip On Rate Worries; Nvidia Backtracks From Record: What's Driving Markets Tuesday?,"Near midday during New York’s trading session, a momentum shift rippled through all indices, offsetting Monday’s gains. S&amp;P Global Ratings downgraded five U.S.",-0.982803274877369
2023-08-23 17:48:35+00:00,"Elon Musk Tweets ""Just Drove The Production Candidate Cybertruck At Tesla Giga Texas!""",,0.000049554946600
2023-08-23 19:10:37+00:00,Anticipating Reversals By Understanding Institutional Positioning,"Summary


	Institutions establish positions and then defend them, and the levels at which their largest trades arrive can be used to establish bias and define risk. 
	Positioning precedes trend reversals. Understanding when and where institutions trade with conviction provides valuable insight.
",0.000430226544267
2023-08-24 05:34:14+00:00,Tesla Sheds Almost $200B In Market Value Amid Recession Fears And Internal Woes – One-Fifth Of Its Peak Value,"Following a significant surge in value, Elon Musk’s Tesla Inc. (NASDAQ:TSLA) has lost nearly $200 billion in market capitalization, a fifth of its peak value, Business Insider ",-0.997330343176145
2023-08-24 19:32:10+00:00,"Expect 'Sell The News' Reaction To Nvidia Earnings - Nvidia Saves The Stock Market From A Deeper Selloff,  Jackson Hole Kicks Off","To gain an edge, this is what you need to know today.

",0.998600890918169
2023-08-25 16:17:46+00:00,"'Tesla Set To Access Up To $20B In Revenues From Supercharger Deals, Dan Ives Says' - Teslarati",,0.997810319226119
2023-08-25 17:35:24+00:00,10 Consumer Discretionary Stocks Whale Activity In Today's Session, ,-0.000783515504736
2023-08-26 02:17:11+00:00,Tesla's Stock Journey: Elon Musk Confirms 'Big Swings' But Sees Upward Trajectory,"Elon Musk acknowledges Tesla&#39;s volatile stock performance over the years on X, emphasizing its upward trajectory, especially after a 90% surge in 2023 following a 65% drop in 2022.",0.999286527367076
2023-08-26 15:02:30+00:00,"Benzinga Bulls And Bears: Nvidia, Tesla, Trump's DWAC And TikToker's 2021 Shiba Inu Sale Results In $225M Miss",Benzinga examined the prospects for many investors&#39; favorite stocks over the last week — here&#39;s a look at some of our top stories.,0.000080216173956
2023-08-27 14:00:11+00:00,"Biden's Regulatory Stance, Musk's TikTok Insights And Hollywood's Copyright Showdown: Top AI Stories This Week", ,-0.000007945360267
2023-08-27 15:38:53+00:00,"Elon Musk's Live FSD V12 Drive 'Amazing,' Says Analyst But Explains Why This Doesn't Change His Thinking", ,0.507018012925982
2023-08-28 18:18:53+00:00,Elon Musk Indicates 6-Month (Or Less) Timeline For FSD Integration On New Teslas,,0.000090009940322
2023-08-28 19:11:23+00:00,Tesla Is Heading To Trial Over Two Deaths Involving Autopilot,,-0.000079728895798
2023-08-29 17:35:27+00:00,10 Consumer Discretionary Stocks With Whale Alerts In Today's Session, ,-0.923527528066188
2023-08-29 17:54:10+00:00,Tesla Gets Special Order From The National Highway Traffic Safety Administration Over Autopilot Feature,,0.000188229780179
2023-08-30 18:00:46+00:00,EXCLUSIVE: Cathie Wood Tells Benzinga Why Tesla Should Trade As A Tech Stock,"Electric vehicle leader Tesla Inc (NASDAQ: TSLA) is one of the best-performing stocks of the last five years, up over 1,000%.",0.999503575119888
2023-08-30 19:32:00+00:00,"'DOJ, SEC Investigate Tesla Over Secret Glass House Project' - Wall Street Journal",,-0.000038308557123
2023-08-31 16:07:30+00:00,Worksport And Mercedes-Benz Provide Updates On Their Ambitious Strategies,"Today, ambitious tonneau cover manufacturer who aims to reshape the North American truck bed industry, Worksport Ltd.",0.000299908166198
2023-08-31 17:35:21+00:00,10 Consumer Discretionary Stocks With Whale Alerts In Today's Session, ,-0.923527528066188
2023-09-01 17:35:20+00:00,10 Consumer Discretionary Stocks Whale Activity In Today's Session, ,-0.000783515504736
2023-09-01 17:45:37+00:00,"US Stocks Pause As Economic Engine Cools, Tesla Sells Off, Oil Rally Tests Goldilocks Scenario: What's Driving Markets Friday?","Friday saw a positive start for U.S. stocks, buoyed by relatively moderate job market data, capping off a week marked by not-too-hot and not-too-cold economic indicators, cementing expectations for the end of Fed rate hikes. ",0.999205975182122
2023-09-02 16:34:36+00:00,"Barron's Weekend Stock Picks: Globalstar Satellites, Catalent And Dell's Delightful Destiny",Benzinga reviews this weekend&#39;s top stories covered by Barron&#39;s. Here are the articles investors need to read.,0.000032947340515
2023-09-02 19:01:59+00:00,Elon Musk Reportedly Did Something Unusual After Making An Offer To Buy Twitter,"In a surprising revelation from Walter Isaacson&#39;s upcoming biography, tech mogul Elon Musk was found engrossed in a video game marathon after making a pivotal decision regarding Twitter, the social media platfo",0.009433523926418
2023-09-03 15:18:35+00:00,Warren Buffett And Elon Musk Both Share This Same Business Acumen That Has Led To Their Success,"Two titans of the business world, Warren Buffett, chairman of Berkshire Hathaway ((NYSE: BRK-A)(NYSE: BRK-B),  and Tesla Inc (NASDAQ TSLA) CEO Elon Musk, mig",0.041236224496970
2023-09-04 13:55:33+00:00,Musk Agrees 'Nobody' In The Future Will Be Using This Driving Feature,Tesla co-founder Elon Musk thinks that people will no longer shift gears manually or flip indicators in the future.,0.000648690998787
2023-09-04 17:35:24+00:00,10 Consumer Discretionary Stocks With Whale Alerts In Today's Session, ,-0.923527528066188
2023-09-05 17:57:39+00:00,"This ETF Forms Bull Flag Pattern After Cathie Wood Defends Tesla $2,000 Price Target: The Bull, Bear Case","The Cathie Wood-led Ark Innovation ETF (ARCA: ARKK) was popping up almost 0.75% higher on Tuesday, confirming its uptrend remains intact after the CEO and CIO of ARK Invest defended her $2,000 Tesla, Inc (NASDAQ: TSLA) price target during an ",0.998667136285803
2023-09-05 18:12:51+00:00,"Top 8 Trending Stocks On WallStreetBets As Of September 5, 2023 (Via Swaggy Stocks)",,-0.000002012158802
2023-09-06 17:35:21+00:00,10 Consumer Discretionary Stocks With Whale Alerts In Today's Session, ,-0.923527528066188
2023-09-06 18:27:36+00:00,Watch Tesla Model S Plaid Hit 200 Mph On The Autobahn,A recent video shows the remarkable performance capabilities of the Tesla Inc (NASDAQ: TSLA) Model S Plaid with an optional Track Package.,0.990376935485983
2023-09-07 18:31:39+00:00,"Inside Elon Musk's Secret Life: Biography Reveals AI Worries, Photo Of Twins Ignites Family Drama",American author Walter Isaacson has shadowed Tesla Inc (NASDAQ: TSLA) CEO Elon Musk over the last three years and written his biography. The book is set to be released later this month. ,-0.000076229771366
2023-09-07 19:26:38+00:00,Polestar's Uphill Battle Against Tesla And Market Conditions: Why Barclays Downgraded To Underweight,Barclays analyst Dan Levy downgraded Polestar Automotive Holding UK Limited (NASDAQ: PSNY) to ,-0.997693395649549
2023-09-08 18:31:06+00:00,"Lucid's Tech Outperforms Tesla, But Demand Lags: Analyst Initiates Sector Perform Rating",RBC Capital Markets analyst Tom Narayan initiated coverage on Lucid Group Inc (NASDAQ: LCID) at Sector Perform rating ,-0.996004249842372
2023-09-08 18:35:05+00:00,'Tesla prepares massive shipment of Model 3 Highland for export to Europe' -Teslarati Report,,0.089528826967580
2023-09-09 16:22:09+00:00,"Elon Musk Wanted Cybertruck To Be Stainless Steel, 'Cool' And Different Than Other Trucks: 'We're Not Doing A Traditional Boring Truck'",Tesla Inc (NASDAQ: TSLA) investors and fans are awaiting the release of the highly anticipated Cybertruck electric pickup truck.,0.000513049599249
2023-09-09 16:51:12+00:00,"Benzinga Bulls And Bears: Tesla, Apple, Disney And Shiba Inu's Shibarium Hits 1M Wallets In Just 2 Weeks",Benzinga examined the prospects for many investors&#39; favorite stocks over the last week — here&#39;s a look at some of our top stories.,0.000212813982216
2023-09-10 15:00:00+00:00,"Cathie Wood Banking On AI For Stock Picks, Defense Department's Autonomous Units And More: Top News This Week In AI", ,0.000001423533831
2023-09-10 15:42:35+00:00,Tesla Stock Stuck In A Range: Analyst Highlights Key Catalysts And Risks That Could Determine Future Trajectory, ,-0.994806270522531
2023-09-11 17:35:27+00:00,10 Consumer Discretionary Stocks With Whale Alerts In Today's Session, ,-0.923527528066188
2023-09-11 17:38:46+00:00,Why Avantax Shares Are Trading Higher By Over 27%? Here Are Other Stocks Moving In Monday's Mid-Day Session,"Gainers


	Crinetics Pharmaceuticals, Inc.  (NASDAQ: CRNX) jumped 76% to $28.13 after the company&#39;s once-daily oral paltusotine achieved the primary and secondary endpoints in the Phase 3 PATHFNDR-1 study in acromegaly.
",0.999418785140733
2023-09-12 17:35:30+00:00,10 Consumer Discretionary Stocks With Whale Alerts In Today's Session, ,-0.923527528066188
2023-09-12 18:48:36+00:00,"Tesla Receives A Notable Upgrade From Morgan Stanley, Catapulting The Stock By An Impressive 10% In Just A Single Day","
	Tesla&#39;s venture into the world of supercomputing with their Dojo supercomputer has led Morgan Stanley analysts to predict a massive $600 billion increase in the company&#39;s market value.
	Following this news, Tesla&#39;s stock experienced a significant boost, opening with a 6% increase and closing the day with a 10% gain.


",0.999450635412359
2023-09-13 17:35:23+00:00,10 Consumer Discretionary Stocks With Whale Alerts In Today's Session, ,-0.923527528066188
2023-09-13 18:55:51+00:00,"Tesla Already Dominates US EV Sector: What Could UAW Strike Mean For Competition, Market Share?",Factory workers at three U.S. automakers could strike as early as this week if a deal is not reached with the United Auto Workers union.,-0.038354835007340
2023-09-14 17:35:24+00:00,10 Consumer Discretionary Stocks With Whale Alerts In Today's Session, ,-0.923527528066188
2023-09-14 19:25:21+00:00,Musk's New Frontier: Tesla Electric Could Light Up A Nation's Vast Power Grid,"Known best for its electric vehicles, Tesla Inc (NASDAQ: TSLA) is also growing its Tesla Electric business powered by virtual power plants and Tesla Pow",0.998317236837465
2023-09-15 17:35:22+00:00,10 Consumer Discretionary Stocks With Whale Alerts In Today's Session, ,-0.923527528066188
2023-09-15 18:47:37+00:00,"UAW Strike Could Put Auto Suppliers, Michigan Economy In Crisis, Analysts Say",Three of the leading U.S. automotive companies face uncertainties after a contract dispute with the United Auto Workers (UAW) union was not resolved Thursday night.,-0.994855436612852
2023-09-16 13:05:20+00:00,"Tesla Big Winner Of UAW Strike, Rivian Stands Tall Among Startups, Nikola CEO Calms Nerves And More: Biggest EV Stories Of The Week",EV socks closed mostly higher this week amid the broader market strength and market leader Tesla broke out of a recent trading range.,0.998957710384275
2023-09-16 14:11:12+00:00,"Benzinga Bulls And Bears: ARM, Ford, GM And Analyst Predicts Tesla Shares Will Hit $400",Benzinga examined the prospects for many investors&#39; favorite stocks over the last week — here&#39;s a look at some of our top stories.,0.086699360457715
2023-09-17 13:00:39+00:00,Tesla's 5-Millionth-Production Milestone Draws Praise From Elon Musk: 'Congratulations ... That's A Lot Of Cars',EV giant Tesla achieved a major milestone of hitting 5 million-unit production as it leverages its global footprint.,0.999275359121384
2023-09-17 15:07:56+00:00,Elon Musk Takes A Swipe At UAW Strike: 'Is Anyone Gonna Be Around To Make The Actual Cars!?',"Amid the ongoing UAW strike, Tesla&#39;s Elon Musk weighed in on the demands placed by the union that includes 40% wage hike.",-0.000014423640096
2023-09-18 17:35:27+00:00,10 Consumer Discretionary Stocks Whale Activity In Today's Session, ,-0.000783515504736
2023-09-18 18:38:35+00:00,Investors Pay Attention: Saudi Arabia And Russia Making Fight Against Inflation Difficult,"To gain an edge, this is what you need to know today.

",0.512964457273483
2023-09-19 18:33:08+00:00,'Justice Department Probe Scrutinizes Elon Musk Perks At Tesla Going Back Years; Federal Prosecutors Also Have Sought Information About Transactions Between Tesla And Other Entities Related To The Billionaire' - WSJ,,-0.000094897026429
2023-09-19 19:38:53+00:00,"S&P 500 Companies Sidestep China, Invest In Politically Aligned Nations",A new trend is emerging by which companies are becoming more prone to making major investments — like outsourcing manufacturing — in like-minded countries.,0.087305961758830
2023-09-20 18:16:55+00:00,"Wow, ChatGPT Can Pick Stocks: Benzinga's AI Portfolio Now In 5th Place","We&#39;ve reached the 20th week of Benzinga&#39;s six-month series, &#34;Is ChatGPT A Better Financial Advisor?&#34;

With just six weeks left in our half-year adventure, the heat is on for ChatGPT. Will the artificial intelligence (AI) platform continue its upward trajectory and stake a claim amongst the elite portfolios?",0.993497682677116
2023-09-20 18:59:13+00:00,"WallStreetBets Retail Traders Take Aim At Tech With Tesla, Nvidia, Apple Among Most-Mentioned Stocks","Tesla Inc (NASDAQ: TSLA), Nvidia Corp (NASDAQ: NVDA) and Apple Inc (NASDAQ: AAPL) are seeing the most chatter on WallStree",0.000024224944355
2023-09-21 16:45:23+00:00,"Jaguar Will Also Source Adapters From Tesla And Support The Supply Of These To I-Pace Drivers, Once Available; Luxury Electric Jaguars, Launching In 2025, Will Incorporate The Nacs Connector Without The Need For An Adapter In The U.S., Canada And Mexico",,0.000010946354450
2023-09-21 17:35:21+00:00,10 Consumer Discretionary Stocks Whale Activity In Today's Session, ,-0.000783515504736
2023-09-22 17:35:20+00:00,10 Consumer Discretionary Stocks With Whale Alerts In Today's Session, ,-0.923527528066188
2023-09-22 18:34:57+00:00,'Tesla Wins Giga Mexico's Environmental Impact Permits' - Teslarati,,0.998929604640580
2023-09-23 16:52:51+00:00,"Elon Musk Cozies Up To World Leaders, Lucid's Saudi Progress, Nikola Spikes After New COO Appointment: Biggest EV Stories Of The Week",Among the news making waves in the EV space were worries concerning Tesla underperforming expectations in Q3 and Toyota&#39;s upgraded EV goals.,0.999213749018963
2023-09-23 19:22:18+00:00,Exclusive Insights: How Tech Leaders Are Finding Balance Through Microdosing Psychedelics,Psychedelics are one of the buzziest topics in tech these days.,0.000066153632361
2023-09-24 14:55:07+00:00,Cathie Wood Offloads Whopping $47M Of Tesla Last Week Amid Stock's Lean Run And Doubles Down On This AI Stock,"Cathie Wood, despite her bullishness on Tesla, has continued to offload the stock in the past week amid its pullback.",-0.997237335366663
2023-09-25 16:28:51+00:00,Tesla Doubles Order For Dojo Supercomputer Chips Amid Expansion Plans,Tesla Inc (NASDAQ: TSLA) is reportedly enhancing its collaboration with Taiwan Semiconductor Mfg. Co.,0.999355292660766
2023-09-25 17:35:25+00:00,10 Consumer Discretionary Stocks Whale Activity In Today's Session, ,-0.000783515504736
2023-09-26 17:35:23+00:00,10 Consumer Discretionary Stocks Whale Activity In Today's Session, ,-0.000783515504736
2023-09-26 17:49:59+00:00,"Stocks Tumble, VIX Spikes As Fear Over High Interest Rates Intensifies: What's Driving Markets Tuesday?","Stocks are deep in the red during midday trading on Tuesday, with September proving to be a negative month for Wall Street, as has traditionally been the case.",-0.996795915358234
2023-09-27 15:19:01+00:00,"Cathie Wood-Led ARKK Falls Under Key Bellwether, Reaches Oversold Territory: This ETF Offers A 200% Return On A Bounce",Cathie Wood-led ARKK Innovation ETF (ARCA: ARKK) was popping up slightly higher on Wednesday but trading within an inside bar pattern to consolidate.,0.999283455050318
2023-09-27 17:35:22+00:00,10 Consumer Discretionary Stocks With Whale Alerts In Today's Session, ,-0.923527528066188
2023-09-28 17:35:20+00:00,10 Consumer Discretionary Stocks Whale Activity In Today's Session, ,-0.000783515504736
2023-09-28 18:04:36+00:00,What's Going On With Tesla Stock Today,Tesla Inc (NASDAQ: TSLA) shares are trading higher by 2.1% to $245.56 Thursday afternoon amid the ongoing UAW strikes at the company&amp;#3,0.999235176903312
2023-09-29 18:20:55+00:00,"UAW Expands Strikes Against GM, Ford In What Auto Analyst Says Is 'Slow-Moving Car Crash'", ,-0.825990642420948
2023-09-29 18:49:25+00:00,Tesla Q3 EV Delivery Volumes Would Be In 440k-445k Range Amid Factory Downtimes: Analyst,"Wedbush analyst Daniel Ives expects Tesla Inc (NASDAQ: TSLA) to announce its Q3 delivery numbers on Monday or Sunday night, with the Street",-0.000102659883851
2023-09-30 13:06:05+00:00,"Benzinga Bulls And Bears: Meta's New Smart Glasses, $300 Oil Prediction And Is Tesla's Cybertruck A Failure?",Benzinga examined the prospects for many investors&#39; favorite stocks over the last week — here&#39;s a look at some of our top stories.,-0.000745241108234
2023-09-30 14:53:29+00:00,"Tesla Stares At Q3 Deliveries Miss, Rivian Not Losing Sleep Over Cybertruck, Nio's Rumored German Tie-Up And More: Biggest EV Stories Of The Week","Major news in the EV space include chatter about Tesla&#39;s potential Q3 underperformance and rumored Mercedes-Benz partnership, among others.",-0.987591003300622
2023-10-01 01:10:23+00:00,"Barron's Weekend Stock Picks: Dollar Tree, Meta And Tesla's Third-quarter Delivery Estimates",Benzinga reviews this weekend&#39;s top stories covered by Barron&#39;s. Here are the articles investors need to read.,-0.000005113855877
2023-10-01 12:03:11+00:00,"AOC Criticizes GOP Congressman, Trump's Niece Warns Of Potential Danger, Biden Urges Republicans Amid Shutdown Threat And More: This Week In Politics", ,-0.942079056403600
2023-10-02 15:54:32+00:00,Tesla 'Clearly Missed Street Estimates': Analysts Weigh In On Q3 EV Deliveries,Tesla stock traded down more than 2% Monday before rebounding after the company reported lower-than-expected vehicle production and delivery numbers for the third quarter.,-0.998170430830214
2023-10-02 18:48:28+00:00,"Cybertruck Adds Diversity To Tesla Lineup, Increasing Brand Loyalty, Says Analyst",Tesla Inc (NASDAQ: TSLA) has one of the top customer loyalty rates in the automotive sector.,0.999469624628546
2023-10-03 17:35:23+00:00,10 Consumer Discretionary Stocks Whale Activity In Today's Session, ,-0.000783515504736
2023-10-03 17:52:31+00:00,"Here's How Many Vehicles Tesla Has Delivered, Produced In Each Quarter Since 2019","Electric vehicle leader Tesla Inc (NASDAQ: TSLA) reported third-quarter delivery and production figures on Oct. 2, 2023.",-0.000008144328604
2023-10-03 19:06:42+00:00,Layoffs Are Still In The Air,"Earnings-wise, this a will be a quiet one before the next earnings season kicks off in mid-October.",-0.000163341221196
2023-10-04 14:31:36+00:00,Major Buying Opportunity In The Stock Market Ahead Only If This Market Mechanic Kicks To The Upside,"To gain an edge, this is what you need to know today.

",0.996587489178637
2023-10-05 19:27:10+00:00,"Tesla Is Considering Making New Mexico Factory Bigger Than Planned; Environmental Permits For Tesla Mexico Construction Could Be Ready In Weeks; Tesla Working To Finish Design, Architecture And Engineering Plans For Mexico Factory",,0.695822339213919
2023-10-05 19:31:34+00:00,Nuevo Leon State Is Working To Prepare Infrastructure Needed For Tesla Mexico Factory,,-0.000010127747373
2023-10-06 12:37:58+00:00,Tesla shares are trading lower after the company cut prices on its Model Y and 3 vehicles in the U.S.,,-0.997239743330283
2023-10-06 18:27:41+00:00,'EU To Loosen New Rules On EV Sales In Attempt To Defuse Row With UK' - Financial Times,,0.897302317549475
2023-10-07 16:40:54+00:00,EXCLUSIVE: Elon Musk's Twitter Acquisition Opened Up The Cannabis Floodgates, ,0.919670939620119
2023-10-07 19:34:58+00:00,Cathie Wood's Ark Sells Tesla Stock For 3rd Straight Session As Week's Disposals Total Whopping $30M,Cathie Wood&#39;s Ark sold $30 million worth of Tesla shares this year and the disposal comes against the backdrop of underwhelming Q2 sales.,-0.084247692604549
2023-10-08 16:27:38+00:00,"Tesla's Cybertruck Reportedly Auctioned Off For Eye-popping $400,000 Ahead Of Its Official Launch — Here Are The Details","Tesla&#39;s Cybetruck could launch any time before year end, and a low VIN vehicle was reportedly sold off at an auction for $400,000.",0.000177380141395
2023-10-09 17:35:22+00:00,10 Consumer Discretionary Stocks Whale Activity In Today's Session, ,-0.000783515504736
2023-10-09 17:35:31+00:00,Nio Stock Is Sliding Monday: What's Going On?,NIO Inc (NYSE: NIO) shares are trading lower Monday.,-0.995995585806668
2023-10-10 18:13:09+00:00,"EU Commissioner Thierry Breton Has Warned Elon Musk That His Platform X, Formerly Twitter, Is Spreading ""Illegal Content And Disinformation""",,-0.972559379762970
2023-10-10 18:29:35+00:00,"EU's Breton Says Following The Attacks By Hamas Against Israel, We Have Indications Of X/Twitter Being Used To Disseminate Illegal Content And Disinformation In EU; That He Has Addressed These Concerns In A Letter To Elon Musk",,-0.000109816610347
2023-10-11 18:08:44+00:00,Israel's Netanyahu Forms Wartime Cabinet As Military Readies Gaza Ground Offensive,Israel has formed a wartime cabinet as a conflict with Hamas militants in Gaza escalates for the fifth day.,0.001129530370235
2023-10-11 19:15:10+00:00,'Tesla Taps European Stainless Steel Producer For Long-Awaited Cybertruck' - Bloomberg,,-0.923260558396578
2023-10-12 17:47:15+00:00,'EU Opens Probe Into X Over Israel-Hamas War Misinformation' - Financial Times,,-0.000526160583831
2023-10-12 19:01:29+00:00,"Maximizing Profits With Three Stocks In Three Phases: A Technical Review Of GOOGL, SBUX, TSLA","One thing I have found in my time analyzing the markets is that investors love overcomplicating things. We seem to think that a process that is more complicated somehow makes it more effective!  My own technical analysis checklist starts with a very simple question. I look at the chart and ask myself, “Is this chart going up, down, or sideways?”",0.221222939260770
2023-10-13 14:30:30+00:00,Momo Buys On Iran Hinting At Second Front And Israel Issuing An Impossible Evacuation Order,"To gain an edge, this is what you need to know today.

",0.994065190985566
2023-10-13 17:35:22+00:00,10 Consumer Discretionary Stocks With Whale Alerts In Today's Session, ,-0.923527528066188
2023-10-14 08:35:43+00:00,"Tesla Fans, Want A Free Model Y? Here's How You Can Drive Home One","Tesla users with 1,000 referral credits can redeem it for a chance to win a free Model Y Long Range. The winner will be selected at random.",0.000398062926251
2023-10-14 15:42:29+00:00,Man Sentenced To 48 Months In Prison After Acquiring Five Teslas Without Ever Paying,"A man managed to outsmart Tesla Inc, acquiring five electric vehicles without settling the complete payment, ",0.680254218867049
2023-10-14 20:31:26+00:00,Elon Musk Exposes Israel-Hamas War's Impact on X's Ad Revenues,"In a recent development, Tesla, Inc. CEO Elon Musk shed light on how wars considerably ",0.000034085816878
2023-10-15 15:40:16+00:00,Cathie Wood's Ark Sold $21M Worth Of Tesla Shares Last Week As EV Maker Prepares To Report Q3 Results,Cathie Wood&#39;s Ark Invest sold about $20 million worth of Tesla shares last week even as the stock shed over 3% during the week.,-0.000468870843179
2023-10-16 18:28:38+00:00,"Stocks Advance, Dollar And Oil Retreat, While Bitcoin Skyrockets: What's Driving Markets Monday?","Wall Street started the week on a positive note, as all major U.S. indices and every sector within the S&amp;P 500 showed gains during the morning session, alleviating the concerns that arose on Friday.",0.999332507984946
2023-10-16 18:58:11+00:00,Why Cathie Wood Picks Tesla Over Nvidia As Top AI Play For Next 5 Years,"Shares of technology giant Nvidia Corporation (NASDAQ: NVDA) are up over 220% year-to-date in 2023, a move that has helped propel the company into the one-t",0.999491979950108
2023-10-17 18:26:59+00:00,BMW Of North America Expands Electric Vehicle Charging Options For Customers In The U.S. And Canada With Access To Tesla Supercharger Network,,0.825918436574284
2023-10-17 18:52:59+00:00,"Despite OEM-Tesla Agreements, Analyst Sees CHPT Gaining In North American Public Charging Market",Oppenheimer analyst Colin Rusch reiterated an ,0.999442611238919
2023-10-18 19:03:37+00:00,Trading Strategies For Tesla Stock Before And After Q3 Earnings,"Tesla, Inc (NASDAQ: TSLA) was trading lower Wednesday as the company kicks off big tech earnings season with its quarterly report after the close.",-0.997331064078026
2023-10-18 19:11:23+00:00,UAW President Says Tesla Is Not The Enemy In Auto Strikes: 'They're The UAW Members Of The Future',An ongoing battle between the United Auto Workers union and the big three Detroit automotive companies continues to trigger work stoppages and potential trouble to revenue and profits for those affected.,-0.996328699227888
2023-10-19 17:52:24+00:00,Why Nokia Shares Are Trading Lower By Over 5%? Here Are Other Stocks Moving In Thursday's Mid-Day Session,"Gainers


",-0.995880557806231
2023-10-19 18:51:39+00:00,Marc Andreessen Says Pumping The Brakes On AI Development Is 'A Form Of Murder',Venture capitalist Marc Andreessen recently ripped into those cautioning against the development of artificial intelligence (AI).,-0.060250939219259
2023-10-20 16:46:55+00:00,China Says It Will Restrict Key Material In EV Batteries: Tesla Moves Lower,"China’s Ministry of Commerce and General Administration of Customs announced Friday that it will begin restricting exports of graphite, a key component of electric vehicle batteries.",-0.988803904852830
2023-10-20 17:35:27+00:00,10 Consumer Discretionary Stocks Whale Activity In Today's Session, ,-0.000783515504736
2023-10-21 16:11:53+00:00,Elon Musk Attacks Work From Home Again: Remote Workers Are 'Detached From Reality',The world’s richest person isn’t a fan of working from home and wants everyone to know it.,-0.020758661878062
2023-10-21 17:30:08+00:00,Tesla's Mexican Rodeo: Nuevo Leon Government To Make $130M Infrastructure Investment For Gigafactory,"Tesla, Inc. (NASDAQ: TSLA) is reportedly getting traction from the government of Nuevo Leon in Mexico, which has begun preliminary work to define the location of access points to the EV maker&#39;s future Gigafactory in the country while aiming to generate ",0.348272227798589
2023-10-22 14:15:54+00:00,Tesla Investor Says Elon Musk Overplayed Macro Card As He Details Game Plan To Lift Sagging Volume,"Tesla can not reinvigorate sales growth unless the company uses a combination of price cuts and ad spending, says an analyst.",-0.995070140575990
2023-10-22 19:18:41+00:00,"Psyched: Jada Pinkett-Smith's Ayahuasca Journey, RIP Dr. Roland Griffiths, Congressional VA Hearings Halted","Jada Pinkett Smith Opens Up About Ayahuasca: It Helped Her Overcome Depression And Suicidal Thoughts

",0.023131130379625
2023-10-23 17:57:04+00:00,"Stocks Surge As Treasury Yields Dip, Bitcoin Tests 2023 Highs: What's Driving Markets Monday?","It’s a risk-on start to the week, with investors favoring riskier assets, buoyed by a significant drop in Treasury yields and a weakening U.S. dollar.



All major U.S. indices posted gains during midday trading, with every S&amp;P 500 sector showing positive movement, except for the energy sector.",0.999057621636894
2023-10-23 18:59:03+00:00,What's Going On With Tesla Stock Today?,"Tesla Inc (NASDAQ: TSLA) shares are trading higher Monday, paring losses after the stock recorded its worst week of 2023 last week on the back of weak earnings results. New reports suggest the U.S.",-0.995583732146770
2023-10-24 17:24:09+00:00,"Stocks Surge Ahead Of Microsoft, Alphabet Earnings, Bitcoin Eyes Sixth Day Of Gains: What's Driving Markets Tuesday?","Stocks enjoyed a positive midday trading session in New York, with all major indices in the green. Additionally, nine out of 11 S&amp;P 500 sectors posted gains.",0.999464075895958
2023-10-24 17:35:20+00:00,10 Consumer Discretionary Stocks Whale Activity In Today's Session, ,-0.000783515504736
2023-10-25 03:06:41+00:00,"Elon Musk And Vivek Ramaswamy Warn Of WW III In Discussion About Ukraine, Russia, China & Peace","Vivek Ramaswamy, the only major Republican presidential candidate to publicly support legalizing marijuana and moving toward regulating access to certain psychedelics, is not unlike his friend and supporter&amp;n",-0.000058819467085
2023-10-25 06:09:55+00:00,Warren Buffett-Backed Tesla Rival Wows California Governor Newsom With Luxury EV's Tank-Turn Feature: 'Next Level Leap',The tank turn feature allows a vehicle to turn 360 degrees by turning one side&#39;s wheels forward and the other side&#39;s backward.,0.981776087748585
2023-10-25 16:12:03+00:00,Microsoft In The First Inning Of Artificial Intelligence Opportunity,"Signal(s) to enter, add, reduce, exit, hold or change.",-0.000019248625904
2023-10-26 17:35:21+00:00,10 Consumer Discretionary Stocks Whale Activity In Today's Session, ,-0.000783515504736
2023-10-27 16:05:35+00:00,Chinese EV Names Jump In Hong Kong As Tesla Scraps Discount For Chinese Model Y,"Chinese EV makers leaped on news that Tesla was scrapping a Model Y discount Friday as investors hoped that the move signaled the beginning of a détente to the country’s EV price war.

Xpeng was up 4%, Li Auto was trading 3% higher and Nio rose 2% by lunch time in Hong Kong trading. BYD was up just over 1%.",0.999441874970216
2023-10-27 17:35:18+00:00,10 Consumer Discretionary Stocks With Whale Alerts In Today's Session, ,-0.923527528066188
2023-10-28 12:57:32+00:00,How Would Tesla Analysts Respond To SpaceX Going Public? Elon Musk And X Users React With Laughter To Speculations,"X (formerly Twitter) user, YouTuber and Tesla investor Warren Redlich contemplated this idea inly to elicit laughs from Elon Musk.",0.000045540189603
2023-10-28 13:55:05+00:00,"Tesla Signals Strategy Reversal, Ford To Go Slow On Electrification, Nikola's $165M Legal Windfall And More: Biggest EV Stories Of The Week", ,-0.306481391191483
2023-10-29 14:17:15+00:00,"If You Had Invested $1000 In Tesla When Elon Musk Unveiled First Factory In Fremont 13 Years Ago, Here's How Much You'd Have Now","Tesla began functioning out of its first manufacturing plant in late-2010 and since then it has added more facilities, giving it a global footprint.",0.054259065043880
2023-10-29 14:26:00+00:00,"Some Big Tech Stocks Are Still Expensive, But This Analyst Says They're Worth It. Here's Why","Despite a recent downturn in the stock market, major U.S.",-0.842347271740437
2023-10-30 17:27:39+00:00,"Make More Money Than In Apple, Tesla, And Nvidia Stocks Using The January Effect – 30% (50% In Some Years) Return In Three Months","Signal(s) to enter, add, reduce, exit, hold or change.",0.042660771607189
2023-10-30 17:52:20+00:00,BYD Beats Q3 Analyst Expectations; HSBC Cuts Price Target But Cites Continued Growth,BYD Company Limited (OTC: BYDDF) (OTC: BYDDY) reported earnings for Q3 2023 after the bell in Hong Kong that beat analyst expectations by a wide margin.,0.999255711678416
2023-10-31 17:10:24+00:00,"Stocks Lack Direction As Traders Remain Cautious Ahead Of Fed Meeting, Nvidia Falls On Export Controls: What's Driving Markets Tuesday?","Risk sentiment has encountered a setback following Monday’s rally, as stocks on Wall Street grapple with challenges in generating fresh gains. This comes as traders gear up for the Federal Open Market Committee meeting commencing Tuesday.",-0.997560892254114
2023-10-31 17:26:47+00:00,Video Shows Tesla Cybertruck's Powered Frunk,Cybertruck fans got an exciting glimpse of the Tesla Inc (NASDAQ: TSLA) Cybertruck&#39;s front trunk.,0.003979980552685
2023-10-31 17:35:18+00:00,10 Consumer Discretionary Stocks With Whale Alerts In Today's Session, ,-0.923527528066188
2023-11-01 17:35:23+00:00,10 Consumer Discretionary Stocks Whale Activity In Today's Session, ,-0.000783515504736
2023-11-01 18:02:32+00:00,Tesla Bear Asks Elon Musk If 200K-Per-Year Cybertruck Production Capacity Estimate Is 'Official Guidance Or A Slip' (UPDATED),"Tesla CEO Elon Musk told Joe Rogan that Cybertruck production at scale could be 200,000 units per year, down from 25,000 he mentioned on the earnings call.",-0.997444947832264
2023-11-02 17:14:50+00:00,Toyota Posts Impressive Quarterly Results And Worksport Gears Up For COR Battery Alpha Release,"On November 1st, Toyota Motor Corporation (NYSE: TM) lifted its full-year fiscal outlook on the back of strong hybrid demand as the Japanese automotive giant is primed to benefit from a slowdown in EV demand in the U.S. Although EV sales have slowed down, the sector continues to bring groundbreaking innovations.",0.999325882323319
2023-11-02 17:35:19+00:00,10 Consumer Discretionary Stocks Whale Activity In Today's Session, ,-0.000783515504736
2023-11-03 17:24:21+00:00,Video: Tesla Cybertruck's Frunk Has Powerful New Addition,"A low-quality video recently surfaced that showed Tesla Inc&#39;s (NASDAQ: TSLA) Cybertruck frunk opening on its own, possibly revealing it might be powered.",0.001867324841442
2023-11-03 17:35:18+00:00,10 Consumer Discretionary Stocks Whale Activity In Today's Session, ,-0.000783515504736
2023-11-04 12:57:10+00:00,"Benzinga Bulls And Bears: Tesla, Microsoft, Nvidia, Disney And Michael Saylor Says Now Is 'Ideal Entry Point' For Bitcoin",Benzinga examined the prospects for many investors&#39; favorite stocks over the last week — here&#39;s a look at some of our top stories.,0.003981242902228
2023-11-04 13:09:56+00:00,"Tesla's Unionization Threat, Rivian Hires Mercedes-Benz Veteran, Nikola's Battery Fire Returns To Haunt In Q3 And More: Biggest EV Stories Of The Week",Tesla was in news due to Cybertruck chatter and reports of the UAW eyeing at unionization at the EV giant&#39;s Fremont plant.,-0.158648166572675
2023-11-05 15:53:34+00:00,"Lucid Discounts Prices Of Air Sedan By Up To $10,000 Amid Tough Industry Environment","Lucid has discounted its EV prices further, underlining the predicament faced by the industry amid an inclement environment.",-0.991301885806024
2023-11-05 16:43:10+00:00,"Elon Musk Calls Giga Berlin 'Jewel Of Germany,' Reportedly Says €25,000 EV Will Be Made At Factory","Elon Musk said Friday he visited the Giga Berlin factory, and a separate report said the billionaire told employees €25,00 EV would be made in the factory.",0.000049132198910
2023-11-06 18:35:09+00:00,"Stocks Fight To Extend Winning Streak, Treasury Yields Rise: What's Driving Markets Monday?","The beginning of the week brought mixed performance for stocks on Wall Street, with the major indices trading close to the flatline during midday trading in New York following strong performance in the previous week.



The S&amp;P 500 index is in the midst of its fifth consecutive day of gains, while the Nasdaq 100 has already logged six consecutive days of positive returns. ",0.999132574303076
2023-11-06 19:21:59+00:00,"'Tesla Is Back': Jim Cramer Expects Stock Rally, Elon Musk To Outsmart UAW's Fain",Jim Cramer says Tesla Inc (NASDAQ: TSLA) is back after the stock fell about 16% over the last month.,-0.160071074962616
2023-11-07 16:21:48+00:00,LiveOne Announces Renewed Agreement With Tesla And Continued Paid Membership Growth,,0.999288899329258
2023-11-07 17:35:13+00:00,10 Consumer Discretionary Stocks Whale Activity In Today's Session, ,-0.000783515504736
2023-11-08 17:35:10+00:00,Leaked Pic Shows Tesla Cybertruck Outlets: How Does It Compare With Ford's F-150?,"As the Tesla Inc (NASDAQ: TSLA) Cybertruck Delivery Event approaches, fans are eager to learn every detail about the Cybertruck.",0.001109767123125
2023-11-08 17:35:14+00:00,10 Consumer Discretionary Stocks With Whale Alerts In Today's Session, ,-0.923527528066188
2023-11-09 18:13:02+00:00,"LiveOne Cuts Annual Outlook, CEO Cites Tesla Deal Extension in Forecasting Record-Breaking Fiscal 2025","LiveOne, Inc (NASDAQ: LVO) reported second-quarter FY24 revenue growth of 21% year-on-year to $28.53 million, missing the consensus of $28.84 million.",0.999350055964896
2023-11-09 19:05:41+00:00,President Biden Says Toyota Had No Choice But To Raise Wages Because Of UAW Deal With Big Three Automakers; Says I Want This Kind Of Deal For All Autoworkers,,-0.000038347381633
2023-11-10 17:40:56+00:00,"Tesla Accelerates Cybertruck Production, Eyes Road-Ready Rollout",The Tesla Inc (NASDAQ: TSLA) Giga Texas manufacturing plant has been seen ramping up the production of the  Cybertruck before its delivery event on Nov.,0.998757390640094
2023-11-10 19:02:58+00:00,Wall Street Mechanics Bring In Stock Buyers After Sell-Off On Poor Treasury Auction,"To gain an edge, this is what you need to know today.

",0.998232332232874
2023-11-11 14:04:30+00:00,"Benzinga Bulls And Bears: Tesla, Disney, Plug Power — And Crypto Analyst Predicts Dogecoin Surge To 20 Cents, But What About $1?",Benzinga examined the prospects for many investors&#39; favorite stocks over the last week — here&#39;s a look at some of our top stories.,0.998689472122351
2023-11-11 15:28:41+00:00,"Biden Backs Unionization At Tesla, Lucid's Dismal Quarter, Fisker Scouting Manufacturing Partners And More: Biggest EV Stories Of The Week",Tesla apparently has embarked on reversing the price cuts even as Lucid treads a rocky road amid difficult ramp-up and tepid demand.,0.741658747196198
2023-11-12 15:17:57+00:00,Elon Musk Mocks Buffett Over Missed Opportunity: 'Too Bad He Didn't Invest In Tesla When It Was 0.1% Of Today's Value',Elon Musk once again cribbed about Warren Buffett&#39;s failure to invest in Tesla when the stock was trading at 0.1% of the current value.,-0.987434528418817
2023-11-12 16:47:02+00:00,Tesla Threatens Cybertruck Buyers With Lawsuit And $50K In Damages If They Opt To Sell Within A Year Of Purchase, ,-0.965708148432896
2023-11-13 17:59:39+00:00,"Tesla Charges Higher, Regains Key Indicator As Support: This ETF Offers 150% Leverage To Play Upside, Downside","Tesla, Inc (NASDAQ: TSLA) was charging almost over 4% higher Monday after reports surfaced indicating India is considering implementing tax cuts on EV imports.",0.999227197171422
2023-11-13 19:12:16+00:00,Senator Manchin Urges 'Strictest Possible Standards' For U.S. Treasury Guidance On Electric Vehicle Tax Credits To Prevent Chinese Minerals From Winning Subsidies,,-0.174493176862597
2023-11-14 17:35:24+00:00,10 Consumer Discretionary Stocks Whale Activity In Today's Session, ,-0.000783515504736
2023-11-14 19:34:25+00:00,Elon Musk's Tesla's AI Licensing/Services Businesses Has Upside Depending On How Well It Executes: Goldman Sachs,Goldman Sachs analyst Mark Delaney reiterated a Neutral rating on Tesla Inc (NASDAQ: TSLA) with a ,0.992154679959640
2023-11-15 17:35:19+00:00,10 Consumer Discretionary Stocks Whale Activity In Today's Session, ,-0.000783515504736
2023-11-15 19:33:44+00:00,"Cathie Wood Praises Tesla's Robot Army, AI Data: 'Legacy Autos Are Pulling Away'",Ark Invest&#39;s Cathie Wood believes Tesla Inc (NASDAQ: TSLA) is the biggest artificial intelligence (AI) player in the worl,0.562939348048531
2023-11-16 18:19:20+00:00,XPeng Is Expecting A Brighter 2024 Despite Intensified Competition,"On Wednesday, XPeng Inc (NYSE: XPEV) delivered its third quarter results that showed aggressive promotions with which the EV maker responded to Tesla Inc (NASDAQ: TSLA), who kicked off a price war at the beginning of a year, took a toll on its bottom line",0.998917562246788
2023-11-16 18:38:41+00:00,What's Going On With Tesla Stock Today,"Tesla Inc (NASDAQ: TSLA) shares are trading lower by 3.2% to $235.06 Thursday afternoon, pulling back following recent strength. The stock gained earlier this week following softer-than-expected October ",-0.998010472772876
2023-11-17 17:35:22+00:00,10 Consumer Discretionary Stocks Whale Activity In Today's Session, ,-0.000783515504736
2023-11-17 17:48:19+00:00,'Tesla Investors Call For Changes After Musk's Antisemitic Post; Some Shareholders Say It's Time For Board To Take Action; Musk Has History Of Not Standing Up Against Hate Speech' - Bloomberg News,,-0.003535532276146
2023-11-18 15:37:08+00:00,Elon Musk Blasts Shorts As 'Gluttons For Punishment' After Sen. Tommy Tuberville Discloses  Bearish Tesla Bet,Elon Musk blasted shorts in a post on X after Alabama Senator Tommy Tuberville disclosed a series of short bets on the EV maker&#39;s stock.,-0.958554057404399
2023-11-18 17:22:16+00:00,"Benzinga Bulls And Bears: Tesla, Microsoft, Bitcoin And Why Dogecoin Appears On Verge Of Major Breakout",Benzinga examined the prospects for many investors&#39; favorite stocks over the last week — here&#39;s a look at some of our top stories.,0.000250038414379
2023-11-20 17:43:19+00:00,Microsoft Makes A New Move To Dominate Artificial Intelligence,"To gain an edge, this is what you need to know today.

",0.998145831137663
2023-11-20 19:29:15+00:00,Tesla Signage Reveals Cybertruck Details: Will It Live Up To Lofty Expectations?,"Tesla Inc&#39;s (NASDAQ: TSLA) latest advertising efforts are setting high expectations for the upcoming Cybertruck, as seen in a new advertisement at their ",0.999273563444149
2023-11-21 17:35:18+00:00,10 Consumer Discretionary Stocks With Whale Alerts In Today's Session, ,-0.923527528066188
2023-11-21 17:55:27+00:00,Magnificent 7 Take Center Stage In Hedge Fund Portfolios: Analysts Warn Of Extreme Concentration,"Hedge fund portfolios are intensifying their focus on technology stocks, with holdings in mega-cap tech reaching record levels.",0.606214217841625
2023-11-22 18:34:20+00:00,"S&P 500 Flirts With Key Resistance, VIX Drops, Nvidia In Focus: What's Driving Markets Wednesday?","Wall Street is cloaked in green in the session leading up to Thanksgiving, with the S&amp;P 500 index reaching 4,560 points, a level closely watched by analysts, at midday trading in New York. ",-0.963725034671370
2023-11-22 19:30:19+00:00,"Wall Street On AI: Less Talk, More Action — Tech Titans' Strategies Unveiled",Goldman Sachs highlighted in a note how recent earnings calls have unveiled a common narrative around artificial intelligence.,0.001403555623256
2023-11-23 17:53:11+00:00,Key AI Debates For 2024: Nvidia Competitors Threaten Semiconductor Giant's Dominance With Custom Chips,Morgan Stanley analyst Brian Nowak delved into how AI conversations will intensify in 2024 and singled out potential beneficiaries.,-0.173308014869690
2023-11-23 18:55:44+00:00,"Elon Musk Issues Cybertruck Logistics Update, Analyst Says EV Is 'Biggest People Magnet': What We Know Ahead Of Next Week's Launch",Tesla&#39;s Cybertruck launch event is a week away. Elon Musk provides update and an analyst shares price expectations for the EV. ,0.000329755712301
2023-11-24 15:31:56+00:00,Big Players' Recent Trades in TSLA Options, ,0.000007910406566
2023-11-24 15:47:22+00:00,"Traders Circulating, ""Elon Musk To Meet Netanyahu In Israel, Visit Towns Hit By Hamas: Report"" - NDTV",,-0.000117969291750
2023-11-25 07:40:29+00:00,"AI Godfathers Quarrel Over The Risk Of AI Taking Over Humanity, Again","Geoffrey Hinton and Yann LeCun have been on opposing sides on the risks posed by AI to humanity, engaging in heated debates on social media.",-0.000029153292417
2023-11-25 14:34:24+00:00,"Elon Musk Slams 'Insane' Swedish Strike, Cybertruck Launch Buzz, Rivian's RJ Scaringe Gets Into Thick Of Product Development And More: Biggest EV Stories Of The Week","EV stocks ended mostly lower, reflecting investor skepticism regarding the prospects for these companies amid economic uncertainties.",-0.996444407152012
2023-11-25 16:27:43+00:00,Tesla Vs. Toyota: Electric Dreams Clash With Hybrid Revival In Automotive Showdown,"The battle between electric vehicles and hybrids has taken a new turn reportedly, with Elon Musk of Tesla Inc. (NASDAQ: TSLA) advocating for an electric future, while Toyota Motor Corporation (NYSE: ",0.006225600707694
2023-11-26 13:59:10+00:00,Elon Musk's Vision Of A Tesla Diner And Theater Is Coming To Fruition — Here's What To Expect,Elon Musk&#39;s vision for a state-of-the-art Tesla I,0.000016366742784
2023-11-26 14:11:47+00:00,Elon Musk Reacts As Tesla's 'iPhone Moment' Plays Out With Fans Queuing Up To Catch Glimpse Of Cybertruck In Showrooms Ahead Of Launch,"Ahead of the Cybertruck launch, the EV is creating all the right noises, with people queueing up before showrooms to get a glimpse of it.",0.136933553032577
2023-11-27 18:08:19+00:00,Record Black Friday Splurge But Data From China Tempers Stock Market Bullishness,"To gain an edge, this is what you need to know today.

",0.645503208041191
2023-11-27 18:58:19+00:00,Tesla Vs. Rivian: Which EV Stock Offers More Upside?,"On a year-to-date basis, Tesla&#39;s stock price is up 117.81% while Rivian is down 5.25%, though appears to win analyst favor in terms of upside.",0.999484444706468
2023-11-28 15:58:04+00:00,Stock Market Bulls Excited But Not Asking The All Important 'Pay Later' Question,"To gain an edge, this is what you need to know today.

",0.996862635482103
2023-11-28 17:35:18+00:00,10 Consumer Discretionary Stocks With Whale Alerts In Today's Session, ,-0.923527528066188
2023-11-29 18:32:12+00:00,"Cathie Wood's ARK Innovation ETF Achieves 35% Gain In November, Its Best Month Since Inception","The ARK Innovation ETF (NYSE:ARKK), managed by renowned investor Cathie Wood, has posted remarkable gains in November, making it the fund’s best-performing month since its launch in 2014.",0.999373574770289
2023-11-29 19:07:09+00:00,"Meta Platforms, X, TikTok, Snap CEOs To Testify At Jan. 31 Senate Hearing",,-0.000018617181922
2023-11-30 17:35:20+00:00,10 Consumer Discretionary Stocks With Whale Alerts In Today's Session, ,-0.923527528066188
2023-11-30 18:42:44+00:00,Cybertruck Named 'Disruptor Of The Year' Ahead Of Delivery Event: 'Elon Musk's Stainless Steel Cyberpunk Fantasy',British automotive media company Top Gear awarded the Tesla Cybertruck with a top honor ahead of the vehicle&#39;s first deliveries.,0.998637559794588
2023-12-01 18:11:47+00:00,"Cybertruck A 'Moonshot' For Tesla? Divisive New EV Represents 5% Of Revenue, Zero Profit In 2025 For Automaker: Analysts",Concerns over pricing and demand for the Cybertruck are sized up by analysts after Tesla&#39;s launch day event.,-0.991680027509574
2023-12-01 19:36:48+00:00,"Stocks, Gold, Bonds Rally Further, Dollars Tumbles As Traders Anticipate Fed Cuts: What's Driving Markets Friday?","Kicking off the new month, Wall Street continued its strong November momentum, with major U.S. stocks rallying on Friday. ",0.999288552324288
2023-12-02 14:34:37+00:00,"Tesla Cybertruck Seen As Pricier 'Side Story,' More Ford Dealers Drop Out Of EV Program, Fisker's Production Woes And More: Biggest EV Stories Of The Week",Electric vehicle stocks had a mixed week ending Dec. 1 due to individual stock actions and the broader market&#39;s sluggish performance.,-0.997711380390683
2023-12-02 14:44:38+00:00,"Benzinga Bulls And Bears: Tesla, GameStop, Disney And Dogecoin Reaches Over 5 Million Holders","Benzinga examined the prospects for many investors&#39; favorite stocks over the last week — here&#39;s a look at some of our top stories.

This week saw the S&amp;P 500 rise by 0.77%, the Dow increase by 2.4%, and the Nasdaq grow by 0.38%.",0.999438343234942
2023-12-03 14:59:10+00:00,"Despite Trade Barriers, Chinese EVs Will Pose Major Threat To American Automakers, Say Experts: 'Picture A Modern Day Godzilla'","While Chinese electric vehicles (EVs) have been gaining popularity globally, their entry into the U.S. market has been notably restricted.",-0.995628486154601
2023-12-03 15:51:25+00:00,'Hard To Argue Against' Tesla's Cybertruck But Rivian Has An 'Incredibly Compelling' Product In RIT: Analyst,"Tesla&#39;s Cybertruck, which launched last week, is a polarizing EV, but it&#39;s hard to argue against its performance, says one analyst.",0.996178420376964
2023-12-04 17:35:18+00:00,10 Consumer Discretionary Stocks Whale Activity In Today's Session, ,-0.000783515504736
2023-12-04 18:47:18+00:00,Tesla Bull Calls Cybertruck 'Niche Product': 'Demand Will Be Limited … Until Pricing Comes Down',A leading voice on Tesla stock shares comments on the pricing range of the Cybertruck pickup truck and what it means for demand now and in the future.,-0.868794483540114
2023-12-05 18:47:56+00:00,Tesla Unveils CyberTruck and 10% Gains: What's Going On With Tesla Stock?,"Tesla Inc. (NASDAQ: TSLA) shares are trading higher Tuesday, and the stock has gained more than 10% over the past month.",0.999492663599085
2023-12-05 19:36:16+00:00,November Brought Record EV Sales And Deliveries,"On Monday, China Passenger Car Association (CPCA) released November sales and delivery figures.",0.999040057329694
2023-12-06 17:35:18+00:00,10 Consumer Discretionary Stocks With Whale Alerts In Today's Session, ,-0.923527528066188
2023-12-06 19:03:57+00:00,"Stocks Stall While Gold, Treasuries Rise; Oil Puts Pressure On Energy Stocks: What's Driving Markets Wednesday?","Major large-cap stock indices hovered around parity during early afternoon trading in New York, in a rather subdued trading session on Wall Street. ",-0.994717397727072
2023-12-07 18:17:21+00:00,The Electric Pickup Universe Continues To Evolve,"Last week, Tesla Inc (NASDAQ: TSLA) finally delivered the highly anticipated Cybertruck four years after unveiling its prototype. But Tesla only delivered a handful of units as it is still working on streamlining the production of its futuristic electric pickup.",0.000068596938945
2023-12-07 19:24:50+00:00,Tesla's Dojo Shakeup! Ganesh Venkataramanan Reportedly Exits The EV Giant's Supercomputer Project On Autonomous-Driving Software,"Tesla, Inc.&#39;s (NASDAQ: TSLA) Dojo supercomputer project lead, Ganesh Venkataramanan, ",0.015811340679647
2023-12-08 14:21:13+00:00,"Top 10 Trending Stocks On WallStreetBets As Of December 8, 2023 (Via Swaggy Stocks)",,0.000003522189218
2023-12-08 17:35:17+00:00,10 Consumer Discretionary Stocks With Whale Alerts In Today's Session, ,-0.923527528066188
2023-12-09 13:58:19+00:00,"Tesla's Swedish Union Woes Compound, Lucid Booted Off Nasdaq 100, Nio Gains On Spin-off Rumors And More: Biggest EV Stories Of The Week","Rivian and Lucid announced measures in response to the inclement environment, while Tesla continued to reel as a result of a Swedish strike.",-0.979544873349369
2023-12-09 14:03:05+00:00,"Benzinga Bulls And Bears: Alphabet, Tesla, Bitcoin And A Prediction Of A 700% Dogecoin Pump By July 2024",Benzinga examined the prospects for many investors&#39; favorite stocks over the last week — here&#39;s a look at some of our top stories.,0.000089442371973
2023-12-09 19:43:15+00:00,Elon Musk Takes A Swipe At Analyst's Short Call On Tesla Stock: 'So Strong Contra-indicator Then',"Elon Musk hit back at an analyst, who issued a short call on Tesla stock, and said the call was a strong &#34;contra-indicator.&#34;",0.997475463431329
2023-12-10 18:06:48+00:00,"C-Suite Exodus At Tesla? After Dojo Supercomputer Lead's Rumored Exit, AI Infra Head Tim Zaman Jumps Ship To Google's DeepMind","Tesla has lost two key executives in a span of two months, stirring concerns regarding potential delays to its automotive driving tech.",-0.996897606644779
2023-12-11 18:37:35+00:00,"US Stocks Show Timid Gains, While Tech Titans, Bitcoin Slip Ahead Of This Week's Crucial Events: What's Driving Markets Monday?","Wall Street is showing cautious gains as the new week begins, despite thetech  giants often referred to as the “Magnificent 7” all trading in the red: Apple Inc. (NASDAQ:AAPL), Microsoft Corp.",0.996995909605175
2023-12-11 18:48:40+00:00,5 ETFs To Watch When November Inflation Data Drops Tuesday,"Economists predict a marginal decrease in the annual CPI inflation rate from October&#39;s 3.2% to 3.1%. Core CPI rate is expected to hold steady at 4%. Sector-specific ETFs experienced notable changes with TAN, KRE, XLRE, ARKK and GDX leading the pack.",-0.997965518268757
2023-12-12 16:33:11+00:00,"CPI Disappoints Stock Market Bulls, Epic Google Loss – Risk For Apple","To gain an edge, this is what you need to know today.

",-0.988776539918035
2023-12-12 17:35:38+00:00,10 Consumer Discretionary Stocks Whale Activity In Today's Session, ,-0.000783515504736
2023-12-13 17:45:07+00:00,"Stocks Hold Steady, Yields Decline As Fed Meeting Looms: What's Driving Markets Wednesday?","Midway through the trading day on Wall Street, calm reigns supreme as investors eagerly await the Federal Reserve’s decision on interest rates. ",0.875182010349818
2023-12-13 19:17:52+00:00,"'Markey, Blumenthal Statement On Tesla's Recall Of 2M Vehicles With Autopilot System' - Senate",,-0.000029425740649
2023-12-14 16:57:54+00:00,Rivian Is Spreading Its Wings Beyond Amazon,"Rivian Automotive Inc (NASDAQ: RIVN) commited to deliver 100,000 electric vans to the e-commerce titan Amazon.com Inc (NASDAQ: AMZN).",0.996144239354180
2023-12-14 17:36:05+00:00,10 Consumer Discretionary Stocks Whale Activity In Today's Session, ,-0.000783515504736
2023-12-15 18:03:16+00:00,"Guggenheim Maintains Sell on Tesla, Raises Price Target to $132",,0.999155867379159
2023-12-15 18:38:05+00:00,"Cybertruck Not Just Bulletproof, It's Shopping Cart Proof, Too: Watch The Test Video","Tesla&#39;s Cybertruck is believed to be bulletproof thanks to a unique stainless steel frame. Shopping carts won&#39;t dent the vehicle, either.",0.000101423349406
2023-12-16 14:14:05+00:00,"Tesla Weathers Massive 2M+ Recall, Ford's Deep F-150 Lightning Production Cut, Lucid CFO Quits After Nasdaq-100 Exit And More: Biggest EV Stories Of The Week","EV stocks had a mixed week despite the broader market strength, potentially reflecting the fundamental challenges faced by companies.",-0.997384678048547
2023-12-16 18:50:48+00:00,"As GM, Ford Struggle, Tesla Analyst Has Recommendation For Jumpstarting Their Sagging Stock Price: 'Concerned Over The Future Of The US Auto Industry'",GM and Ford are suffering from execution issues with their EV strategy and extravagant R&amp;D and capital expenditures.,-0.997169809532352
2023-12-17 13:26:43+00:00,Elon Musk Has Last Laugh? Senator Tommy Tuberville's Tesla Short Bet Backfires As Stock Rallies Past $250,"Sen. Tommy Tuberville&#39;s short bet on Tesla backfired, as the stock rallied from a near-term low in late October.",-0.996964349760674
2023-12-18 17:27:22+00:00,"Young Americans Embrace 'Buy Now, Pay Later' For Holiday Spending: 5 ETFs To Watch","Bank of America&#39;s Winter Spending survey reveals the resilience of younger generations in holiday spending despite tight budgets and adoption of &#39;Buy Now, Pay Later&#39; services. Millennials and Gen Z least inclined to reduce spending, but deposit balances decreasing.",0.998118583636824
2023-12-18 17:44:25+00:00,"President Biden Wants Federal Employees To Drive Or Support Electric Vehicles: How Uber, Lyft, Hertz Could Benefit",The Joe Biden and Kamala Harris administration is increasing initiatives to help federal employees use electric vehicles and clean energy options.,0.999350720987422
2023-12-19 18:30:39+00:00,"Embarrassing Tesla Cybertruck Video Gleans Response From Forest Service, But Was It A Diss?",The Tesla Inc (NASDAQ: TSLA) Cybertruck is turning heads on and off the roads following its highly anticipated launch last month.,0.927358883258421
2023-12-19 18:55:17+00:00,"Tech Stocks Set New All-Time High, Small Caps On Fire As Wall Street Bulls Run Wild: What's Driving Markets Tuesday?","Tuesday, December 19, 2023, stands now as a remarkable day in Wall Street’s history, as the technology stocks of the Nasdaq 100 mark a significant milestone, surging to new highs after a hiatus of 758 days since their previous peak.",0.998993192071794
2023-12-20 17:56:48+00:00,"Tesla Has Been Cutting Corners For Years, Blaming Defective Part Failures On 'Driver Abuse': Report",Tesla Inc (NASDAQ: TSLA) has reportedly been blaming customers for part failures even though the EV company knew the parts were defective.,-0.513694308698177
2023-12-20 18:43:50+00:00,"If You Invested $1,000 In Bitcoin When Tesla Bought The Crypto, Here's How Much You'd Have Today","Leading cryptocurrency Bitcoin (CRYTPO: BTC) hit all-time highs in 2021, a year that saw many exciting events for the cryptocurrency.",0.999068923963932
2023-12-20 20:42:33+00:00,"Cathie Wood, Elon Musk To Talk AI, Space And More On X Spaces This Week",Ark Invest&#39;s Cathie Wood is set to join Tesla Inc (NASDAQ: TSLA) CEO Elon Musk on X Spaces later this week.,0.000006723625120
2023-12-21 18:48:22+00:00,Consumer Reports Label Tesla's Autopilot Recall Fix 'Insufficient' - Safety Concerns Linger,"As per preliminary tests, Tesla Inc&#39;s (NASDAQ: TSLA) response to the Autopilot recall of over 2 million vehicles has been deemed &#34;insufficient&#34; by Consumer Reports. ",-0.980824623315129
2023-12-22 15:14:12+00:00,Tesla's China Rival BYD Eyes New Production Base In Hungary: Report,"BYD Company (OTC: BYDDY), a Chinese electric vehicle manufacturer, reportedly plans to establish a new energy vehicle production base in Hungary.",0.341359699377790
2023-12-22 17:35:21+00:00,10 Consumer Discretionary Stocks With Whale Alerts In Today's Session, ,-0.923527528066188
2023-12-23 14:50:23+00:00,"Benzinga Bulls And Bear: Apple, Tesla, Ethereum And Analyst Details Conditions For Dogecoin's 'Gorgeous Pump' This Christmas",Benzinga examined the prospects for many investors&#39; favorite stocks over the last week — here&#39;s a look at some of our top stories.,0.011234969686484
2023-12-23 17:26:03+00:00,Here's Why Warren Buffett-backed BYD Stock Is A Better Electric-vehicle Bet Than Tesla,"BYD, a Chinese EV maker, could surpass Tesla in BEV sales, despite their market valuation differences.",0.999222466183710
2023-12-24 17:13:16+00:00,Tesla Investor Ross Gerber After Getting A New Rivian R1S: 'I'M Bored Of The Model Y',"Ross Gerber, the president and CEO of Gerber Kawasaki Wealth and Investment Management and a Tesla Inc (NASDAQ: TSLA) bull and investor, said on Sunday that he is &#39;bored&#39; of the company&#39;s Model Y SUV.",-0.068630180147011
2023-12-24 17:49:22+00:00,Tesla Hits 20K+ Registrations In Sweden As Ongoing Workers' Strike Nears 2 Months,EV giant Tesla Inc said on Sunday that over 20k of its cars have been registered in Sweden this year.,-0.047186329844408
2023-12-25 14:59:55+00:00,Elon Musk's Yuletide Grudge: Tesla CEO Still Cross With Biden For Giving 'Cold Shoulder' 2 Years Ago,"Musk expressed his frustration, emphasizing the White House&#39;s decision to exclude Tesla from a 2021 EV summit, and lauding General Motors.",-0.837599729653448
2023-12-25 17:35:18+00:00,10 Consumer Discretionary Stocks Whale Activity In Today's Session, ,-0.000783515504736
2023-12-26 17:35:20+00:00,10 Consumer Discretionary Stocks Whale Activity In Today's Session, ,-0.000783515504736
2023-12-26 18:59:49+00:00,"Monolithic Power Rides High On NVIDIA Partnership, AI Roadmap, And Pipeline Strength: Analyst","Rosenblatt Securities analyst Hans Mosesmann reiterated a Buy rating on Monolithic Power Systems, Inc. (NASDAQ: MPWR), raising the price target ",0.999374551523943
2023-12-27 17:47:44+00:00,"Toyota Is Poised To Keep Its Automotive Crown, But BYD Is Poised To Takeover Tesla's EV Throne","Global vehicle production reached all-time high last month. According to Bloomberg, Toyota Motor (NYSE: TM) is poised to keep its title as world’s best-selling automaker, beating Volkswagen AG (OTC: VWAGY) for the fourth consecutive year. ",0.999423846777063
2023-12-27 19:02:06+00:00,"US Stocks Pause, Gold Rises As Dollar, Treasury Yields Fall: What's Driving Markets Wednesday?","The U.S. stock market experienced a quiet day on Wednesday, with major indices showing minimal movement amid typical year-end low volume activity. The S&amp;P 500 hovered around 4,777 points, remaining less than one percentage point from its recent all-time highs.",-0.995250030013267
2023-12-28 17:35:20+00:00,10 Consumer Discretionary Stocks With Whale Alerts In Today's Session, ,-0.923527528066188
2023-12-28 19:09:49+00:00,"Forget The Magnificent 7: Did Anyone Back These 1,000% Gainers In 2023?","Baron Fifth Avenue Growth Fund gained nearly 60% over the year, while the Fidelity Blue Chip Growth ETF climbed 59%.",0.999528948115767
2023-12-29 15:21:05+00:00,"Market Clubhouse Morning Memo - December 29th, 2023 (Trade Strategy For SPY, QQQ, AAPL, MSFT, TSLA, GOOGL, META, And NVDA)","Good Morning Traders! In today&#39;s Market Clubhouse Morning Memo, we will discuss SPY, QQQ, AAPL, MSFT, TSLA, GOOGL, META, and NVDA.",0.000003768916940
2023-12-29 17:35:19+00:00,10 Consumer Discretionary Stocks With Whale Alerts In Today's Session, ,-0.923527528066188
2023-12-30 15:28:36+00:00,"Tesla 'Is The Only Investable' EV Play, Says Analyst, As Electric Vehicle Industry Navigates A Tough 2023: Year In Review",Tesla and other EV players were stymied in 2023 due to slowing demand and reduced affordability but things could look up in the new year.,-0.996795298880897
2023-12-30 17:23:40+00:00,"Benzinga Bulls And Bears: Tesla, Apple, Microsoft, Plug Power And Analyst Sees Precursor To Dogecoin Rally",Benzinga examined the prospects for many investors&#39; favorite stocks over the last week — here&#39;s a look at some of our top stories.,0.026917407114524
2023-12-31 14:33:27+00:00,"Elon Musk Is OK Going To Hell, Got To Stay Home From Church After Questioning Stories Of Moses, Jesus In Sunday School: Does Billionaire Believe In God?","Elon Musk has shared his thoughts on religion and philosophy in interviews and in his 2023 biography, including the role Sunday School played on his future.",-0.000000831241778
2024-01-01 16:00:22+00:00,Exploring The Competitive Space: Tesla Versus Industry Peers In Automobiles, ,0.000041300532757
2024-01-01 17:35:19+00:00,10 Consumer Discretionary Stocks With Whale Alerts In Today's Session, ,-0.923527528066188
2024-01-02 19:17:39+00:00,Crude Oil Down 2%; Tesla Deliveries Top Estimates,"U.S. stocks traded mostly lower toward the end of trading, with the Nasdaq Composite falling more than 250 points on Tuesday.

The Dow traded up 0.01% to 37,691.77 while the NASDAQ fell 1.78% to 14,743.80. The S&amp;P 500 also fell, dropping, 0.66% to 4,738.37.",-0.997529242624296
2024-01-02 19:18:15+00:00,Rivian Stock Sell-Off Overdone? Why This Fund Manager Shrugs Off Q4 Deliveries Miss,"After Rivian stock plummeted in reaction to its Q4 deliveries miss, a fund manager said he attaches more significance to the production beat.",-0.997861157695297
2024-01-03 17:35:19+00:00,10 Consumer Discretionary Stocks Whale Activity In Today's Session, ,-0.000783515504736
2024-01-03 18:23:23+00:00,"US Stocks Eye 3-Day Slump; Tech, Crypto Sell-Off Deepens, Oil, Dollar Rebound: What's Driving Markets Wednesday?","The early 2024 sell-off is intensifying on Wall Street, with all major stock averages in the red on the second trading day of 2024. ",-0.995093575271312
2024-01-04 17:35:18+00:00,10 Consumer Discretionary Stocks With Whale Alerts In Today's Session, ,-0.923527528066188
2024-01-04 18:27:50+00:00,"Tesla Model Y Is Bestselling Electric Vehicle Of All-Time, Passing A Record Previously Held By The Musk-Led Company",The Tesla Model Y is likely the bestselling electric vehicle of all time according to new data and could be one of the top selling vehicles in 2023.,0.998776412205189
2024-01-05 17:35:18+00:00,10 Consumer Discretionary Stocks Whale Activity In Today's Session, ,-0.000783515504736
2024-01-05 17:59:09+00:00,Mother Of All Reports Goes Against The Stock Market's Consensus Of Immaculate Everything,"To gain an edge, this is what you need to know today.

",0.642586249508895
2024-01-06 13:22:05+00:00,"Benzinga Bulls And Bears: Tesla, Apple, Amazon, Netflix, And Bitcoin Analysts Unleash Extreme 2024 Price Projections, Skyrocketing Up To $100,000",Benzinga examined the prospects for many investors&#39; favorite stocks over the last week — here&#39;s a look at some of our top stories.,0.999029211787274
2024-01-06 14:59:07+00:00,"Tesla Toppled As Global EV Leader, Rivian's Q4 Deliveries Disappoint, Fisker Goes The Dealer Way And More: Biggest EV Stories Of The Week","Tesla reported above-consensus Q4 deliveries, yet lost the global EV crown to China&#39;s BYD. Meanwhile, the startup ecosystem in the U.S. continues to face challenges.",-0.997428750037216
2024-01-07 13:11:00+00:00,Tesla Stock To Rally 33%? Analyst Expects EV Giant's Growth To Reaccelerate In 2024 Thanks To This 'Significant Competitive Advantage',"Tesla is on track to stage a strong rebound in the new year, helped by improving macroeconomic factors and fundamentals, says an analyst.",0.999392993166111
2024-01-07 19:08:22+00:00,Concerns Mount As Elon Musk's Illegal Drug Use Sparks Alarm At Tesla And SpaceX: WSJ,"Elon Musk&#39;s unorthodox behavior, attributed by some to his creativity, mental health, and stress-induced sleep deprivation, has led to uneasiness among his close associates over his drug use.",-0.994359089876525
2024-01-08 18:54:24+00:00,Nio Stock: Goldman Sachs Initiates Coverage Citing 'Potential Cost Tailwinds',"Goldman Sachs initiated coverage on NIO stock citing its early mover advantage, potential growth concerns due to declining market share. PT $8.40 per share.",-0.992158387089148
2024-01-08 19:22:07+00:00,'Panasonic says plans for third U.S. EV battery plant still on' -Nikkei Report,,0.000028333968658
2024-01-09 17:35:24+00:00,10 Consumer Discretionary Stocks Whale Activity In Today's Session, ,-0.000783515504736
2024-01-09 17:40:37+00:00,"Samsung Reigns In US Patents, Tesla Stays Out: How Do Apple, Qualcomm, And IBM Compare?","Samsung Electronics retained top spot in U.S. patents, with Qualcomm and TSMC following. Tech giants like Apple and Intel also feature.",0.862560434383340
2024-01-10 17:35:25+00:00,10 Consumer Discretionary Stocks With Whale Alerts In Today's Session, ,-0.923527528066188
2024-01-10 19:40:01+00:00,Tesla's Model 3 Highland Makes North American Debut: Here Are The Notable Upgrades,"Tesla Inc&#39;s (NASDAQ: TSLA) updated Model 3 Highland, already embraced in international markets, has now been introduced to North American consumers.",0.673348044161685
2024-01-11 00:56:50+00:00,"30 Psychedelics Executives, Scientists & Influencers To Watch In 2024 And Beyond","The emerging psychedelics industry is expanding rapidly across the globe. With research demonstrating promising therapeutic potential for substances like psilocybin and MDMA to treat mental health conditions, this sector has attracted growing attention and investment. ",0.999322257412132
2024-01-11 18:30:17+00:00,The Electric Pickup Concept Will Continue To Evolve In 2024,"The EV king, Tesla Inc (NASDAQ: TSLA) got its long-awaited electric pickup on the road before 2023 ended.",0.000170181923750
2024-01-12 19:06:51+00:00,"Top 10 Bestselling Electric Vehicles In U.S. 2023: Where Do Tesla, Ford, General Motors Rank?","A look at the top 10 bestselling electric vehicles in the United States in 2023, which includes brands from Tesla, GM and Ford.",0.000035728371586
2024-01-12 19:33:33+00:00,"Stocks Pause, Gold Rises, Bitcoin Sinks On Worst Day In Four Months: What's Driving Markets Friday?",U.S. stock market lacks direction on mixed earnings and producer inflation data. Bitcoin drops 6% following spot Bitcoin ETF approval. Gold rises 1%.,-0.997702766908333
2024-01-13 14:03:58+00:00,"Tesla Price Cuts In China Spooks Investors, Lucid Skids To Record Low Amid Falling Q4 Production, XPeng's Flying Car And More: Biggest EV Stories Of The Week","Electric vehicle news continued to abound, as Tesla stock took a tumble amid investor pessimism.",-0.997864441189449
2024-01-13 17:00:32+00:00,Cathie Wood Piles Into Tesla Stock For Second Straight Day After 2024's 12% Slide; Week's Purchases Total $50M,Cathie Wood&#39;s Ark Invest reposed its faith in Tesla as it bought the stock for a second straight day on Friday.,0.996778264699969
2024-01-14 16:10:06+00:00,"Tesla Earnings Around The Corner: As Stock Struggles, Analyst Highlights 3 Numbers That Matter",Tesla has been fundamentally challenged due to both economic and industry-specific issues. This has weighed down on the stock.,-0.997714944591280
2024-01-15 17:35:23+00:00,10 Consumer Discretionary Stocks With Whale Alerts In Today's Session, ,-0.923527528066188
2024-01-15 18:38:32+00:00,"Psychedelics Headlines: MDMA & Coping Skills In PTSD, LSD's Perceived Risks, Knowledge Gaps, Surveys & More",Welcome to Benzinga&#39;s weekly psychedelics headlines roundup. This is our pick of must-read news items from the second week of January 2024. ,0.000000656582415
2024-01-16 14:15:56+00:00,"Top 10 Trending Stocks On WallStreetBets As Of January 16, 2024 (Via Swaggy Stocks)",,0.000003598746844
2024-01-16 15:21:15+00:00,"Elon Musk's Tesla Ownership Remark Is 'Just More Drama' And 'Won't Bear Fruit... Musk Is Tesla And Tesla Is Musk,' Analyst Says",Tesla CEO Elon Musk would like increased ownership in the company to expand his AI initiatives. An analyst shares his take.,0.208580868318677
2024-01-17 17:35:20+00:00,10 Consumer Discretionary Stocks With Whale Alerts In Today's Session, ,-0.923527528066188
2024-01-17 18:51:37+00:00,"US Stocks Sink, Tech And Real Estate Hit Hard Amid Rate Concerns, Dollar Surge: What's Driving Markets Wednesday?","Another day of losses shook up Wednesday’s stock trading session on Wall Street.



All major U.S. stock indices in the red, as investors expressed concerns that the Federal Reserve is not in a rush to reduce interest rates early this year.",-0.997337457316462
2024-01-18 18:04:48+00:00,Deputy Press Secretary Dalton Says Looking Into Incidents Of EVs Not Charging In The Cold,,-0.000046426754125
2024-01-18 19:22:26+00:00,"AI Drives Tech Rebound, Oil Soars, Bitcoin Tumbles: What's Driving Markets Thursday?","During midday Thursday trading in New York, U.S. stocks displayed mixed performance, with the technology sector outperforming others as investors maintained a bullish outlook on artificial intelligence, temporarily setting aside concerns about interest rates. ",0.998486493015662
2024-01-19 17:35:21+00:00,10 Consumer Discretionary Stocks Whale Activity In Today's Session, ,-0.000783515504736
2024-01-19 19:12:15+00:00,"S&P 500 Index Reaches All-Time Highs: AI, Rate Cut Hopes Cement The Milestone","The S&amp;P 500 Index recorded a new all-time-high, spurred by Fed Chair Jerome Powell&#39;s verdict at the FOMC, cooling inflation, and tech stocks&#39; performance.",0.999292296008207
2024-01-20 14:26:30+00:00,Benzinga Bulls And Bears: Tesla And Uber Team Up; PayPal's 'Transition Year'; Analyst Predicts Dogecoin Will Soar To $5,Benzinga examined the prospects for many investors&#39; favorite stocks over the last week — here&#39;s a look at some of our top stories.,0.996546863403637
2024-01-20 19:09:07+00:00,"'Not Clear,' Quips Elon Musk As Tesla Enthusiast Questions Meta's Plan To Buy Nvidia's AI Chips Equivalent To 8 Times Tesla's Computing Needs",Tesla CEO Elon Musk was left puzzled by Meta&#39;s quest to add massive computing power to drive AI initiatives at the company.,-0.923085901187733
2024-01-21 09:51:13+00:00,From $200 Device Replacing iPhone To Mark Zuckerberg's AI Chips Treasure: Here's Your AI Weekly Roundup,"The past week saw a flurry of activity in the world of artificial intelligence, with groundbreaking gadgets unveiled at CES 2024.",0.000425137783168
2024-01-21 18:46:21+00:00,"Ahead Of Tesla's Q4 Earnings, Analyst Positive Despite Muted Outlook For Margin, New Product Ramp-up","A Tesla bull concedes that near-term is a cause of worry, although he remains positive regarding the long-term fundamentals.",0.998756639601197
2024-01-22 17:37:48+00:00,Will Elon Musk's xAI Be The Downfall Of OpenAI After Sam Altman's Betrayal and Ousting?, ,-0.972619601001497
2024-01-22 18:34:49+00:00,"S&P 500, Nasdaq, Dow Jones Strike All-Time Highs Ahead Of Key Earnings This Week: What's Driving Markets Monday?","US stocks rise to record highs on strong earnings reports, with small caps outperforming. Dollar steady, gold down, oil up. Bitcoin tumbles. AMD, TSLA, ADM, GILD, WDC top movers. GE, AAPL, FB, AMZN, GOOGL, MSFT, JPM, TSLA, BA, TSM report this week.",0.999304922297597
2024-01-23 17:35:21+00:00,10 Consumer Discretionary Stocks Whale Activity In Today's Session, ,-0.000783515504736
2024-01-23 18:40:01+00:00,"Tesla To Open First Store In Chile's Capital, Marking Debut In South America's Thriving Electric Vehicle Market: Report","Tesla is set to open its first store in Chile&#39;s capital Santiago, marking its debut in South America amidst a growing electric vehicle market, with Chile&#39;s car association reporting that EV sales comprised only 2.5% of total vehicle sales in the country in the first nine months of the year.",0.001842708981712
2024-01-24 19:36:56+00:00,Trading Strategies For Tesla Stock Before And After Q4 Earnings,"Tesla, Inc (NASDAQ: TSLA) was trading mostly flat Wednesday as the company kicks off big tech earnings season with its quarterly report after the close.",-0.995388431154424
2024-01-24 19:38:31+00:00,"Stock Market Extends Record Highs, S&P 500 Hits 4,900 On Tech Rally, Microsoft's $3 Trillion Mark: What's Driving Markets Wednesday?","It’s a bullish day on Wall Street, with major U.S. large-cap indices reaching record highs, driven by broad-based rallies in tech-related stocks as investors continue to embrace the AI trade.",0.999239441982354
2024-01-25 18:08:22+00:00,Crude Oil Rises 2%; Tesla Shares Plunge After Downbeat Results,"U.S. stocks traded slightly higher midway through trading, with the Nasdaq Composite gaining around 0.2% on Thursday.

The Dow traded up 0.06% to 37,829.32 while the NASDAQ rose 0.22% to 15,515.62. The S&amp;P 500 also rose, gaining, 0.26% to 4,881.28.",0.999498502453207
2024-01-25 19:38:27+00:00,"UBS Maintains Neutral on Tesla, Lowers Price Target to $225",,-0.389855831861496
2024-01-26 17:09:30+00:00,2024 Promises An EV Evolution With New Clean Energy Solutions,"The EV king, Tesla Inc (NASDAQ: TSLA) had a blockbuster year, but that performance stayed in 2023. 2024 kicked off on a different note, with Tesla losing more than $94 billion in market valuation over the first two weeks of the year, marking its worse start to any year.",-0.959309520199895
2024-01-26 18:15:14+00:00,"Tesla Stock Rescue Plan: Analyst Lays Out 10 Items For Musk To Consider Including AI, Buyback, Acquisitions",Daniel Ives shares 10 ideas Tesla should explore to help boost its share price and power the company into the next growth phase.,0.992846756591462
2024-01-27 13:00:00+00:00,"Tesla Alienates Investors With Sketchy Near-term Outlook, Rivian's Rumored R2 Global Premiere, Canoo On A Roll: Biggest EV Stories Of The Week",Tesla&#39;s earnings and rumors of a launch date for Rivian&#39;s R2 EV were among the key news from the EV industry this week.,0.866395446937531
2024-01-27 19:23:12+00:00,"Cathie Wood Reinforces Faith In Tesla Despite Stock's Slump Following Q4 Double Miss, Ark Buys Whopping $66M Worth Of EV Maker's Shares","Tesla is a major portfolio holding of Cathie Wood&#39;s Ark Invest, and the firm stood by the stock despite the week&#39;s slump.",0.989524097181857
2024-01-28 00:36:59+00:00,"Barron's Weekend Stock Picks: Intel, Coinbase And Spirit Airlines' Stock Is Slipping",Benzinga reviews this weekend&#39;s top stories covered by Barron&#39;s. Here are the articles investors need to read.,-0.982638060173485
2024-01-28 12:27:57+00:00,"Musk Refuting xAI Funding Reports, Biden's AI Project, Apple's New Assistant, Deepfake Threats And More: This Week In AI","The week gone by was chock-full of significant developments in the realm of artificial intelligence (AI). From Elon Musk dispelling rumors about his AI start-up raising capital, to tech giants joining President Biden&#39;s AI research project.",0.000940054786042
2024-01-29 19:27:18+00:00,"Semiconductor Earnings Are Mixed Bag, Analysts Say: 6 Companies In Spotlight, Including: Skyworks, AMD, Qualcomm",Semiconductor industry sees mixed results and forecasts in Q4 earnings season. KeyBanc analysts chime in on Genoa demand.,-0.785632816608995
2024-01-29 19:29:24+00:00,Tesla Chair Robyn Denholm Prepares To Sell Up To $50 Million Of Stock,"Robyn Denholm, the chair of Tesla Inc (NASDAQ: TSLA) and a prominent Australian businesswoman, is preparing to sell a portion of her Tesla stock valued at up to $50 million. ",0.000002694170689
2024-01-30 18:31:44+00:00,How Much Is A Cybertruck Worth To Used Car Buyer CarMax? YouTuber Shares Surprising Results,"Given the huge demand for the Cybertruck early models, a YouTuber tested how much the vehicle would sell for with CarMax.",0.998511703626718
2024-01-30 18:57:04+00:00,"Baird Reiterates Outperform on Tesla, Maintains $300 Price Target",,0.999232782749459
2024-01-31 17:35:20+00:00,10 Consumer Discretionary Stocks Whale Activity In Today's Session, ,-0.000783515504736
2024-01-31 18:51:38+00:00,"Ford Revs Up EV Convenience: Offers Free Tesla Charger Adapters For Eligible Mustang MachE, F150 Lightning Owners","Ford CEO announces a partnership with Tesla, allowing eligible Ford EV owners to reserve free Supercharger adapters for added charging convenience.",0.999322793722968
2024-02-01 17:35:29+00:00,10 Consumer Discretionary Stocks With Whale Alerts In Today's Session, ,-0.923527528066188
2024-02-01 18:26:21+00:00,Fidelity Raises X Valuation: Here's How Much It's Fallen From Elon Musk's Twitter Purchase Price,"Fidelity holds a stake in social media platform Twitter. The company has lowered the value since Musk&#39;s $44 billion purchase, but recently marked the value higher for the month of December.",-0.995995998498984
2024-02-02 17:44:38+00:00,Tesla Stock Just Made A Death Cross As Market Sentiments Shift,"A death cross is interpreted as a sign of weakening momentum. In other words, it&#39;s a signal that the Tesla upward trend may be reversing.",0.615469083189964
2024-02-02 19:09:48+00:00,"Analyst Says Tesla Could Incorporate In Texas After Judge's Ruling On Musk Compensation: 'They Started It, We Will Finish It'",A leading Tesla analyst said the company will likely change its incorporation from Delaware to Texas and has an opportunity to increase Musk&#39;s ownership stake.,0.883082152606221
2024-02-03 13:42:42+00:00,"Benzinga Bulls And Bears: Meta, Tesla, AMD And Crypto Analyst Predicts That 'DOGE Is Gonna Pop'",Benzinga examined the prospects for many investors&#39; favorite stocks over the last week — here&#39;s a look at some of our top stories.,0.006277681153733
2024-02-03 14:00:57+00:00,"Musk Vs. Zuckerberg: Though Billionaires Didn't Fight In Cage, Rivalry Heats Up As Meta Is Now Worth Twice As Much As Tesla",Mark Zuckerberg has gained more in wealth than Elon Musk since the proposal of their cage fight. Zuckerberg&#39;s company is also now worth double Tesla&#39;s.,0.999406145827379
2024-02-03 22:09:46+00:00,"Barron's Weekend Stock Picks: GE, Meta And Turmoil At Tesla",Benzinga reviews this weekend&#39;s top stories covered by Barron&#39;s. Here are the articles investors need to read.,-0.000075644031313
2024-02-04 17:52:18+00:00,"Elon Musk Fostered Culture Of Drug Use Among Senior Leaders At Tesla And SpaceX, Report Says",Tesla Inc. (NASDAQ: TSLA) and SpaceX CEO Elon Musk has reportedly created an environment where drug use is seemingly normalized,0.417742556368466
2024-02-05 17:56:50+00:00,Why Air Products and Chemicals Shares Are Trading Lower By Around 15%? Here Are Other Stocks Moving In Monday's Mid-Day Session,"Shares of Air Products and Chemicals, Inc. (NYSE: APD) fell sharply during Monday’s session after the company reported worse-than-expected first-quarter financial results and lowered FY24 adjusted EPS guidance below estimates.",-0.998174713575281
2024-02-05 18:56:16+00:00,"Piper Sandler Maintains Overweight on Tesla, Lowers Price Target to $225",,-0.868896707892418
2024-02-06 16:42:17+00:00,"Market Clubhouse Morning Memo - February 6th, 2024 (Trade Strategy For SPY, QQQ, AAPL, MSFT, NVDA, GOOGL, META, And TSLA)","Good Morning Traders! In today&#39;s Market Clubhouse Morning Memo, we will discuss SPY, QQQ, AAPL, MSFT, NVDA, GOOGL, META, and TSLA.",0.000007562754035
2024-02-06 17:35:19+00:00,10 Consumer Discretionary Stocks With Whale Alerts In Today's Session, ,-0.923527528066188
2024-02-07 17:35:21+00:00,10 Consumer Discretionary Stocks Whale Activity In Today's Session, ,-0.000783515504736
2024-02-07 18:40:42+00:00,"S&P 500 Flirts With 5,000 As Magnificent 7 Tops $13 Trillion, NYCB Sinks: What's Driving Markets Wednesday?","Wednesday is a bullish day on Wall Street, with major large-cap indices extending record highs, aided by robust corporate earnings. Despite the overall market optimism, concerns linger within segments such as regional banks, highlighting investor caution.",0.999105196562596
2024-02-08 17:50:28+00:00,"Here Is What Is Likely To Happen After S&P Crosses $5000, Prices Drop At Fastest Rate Since 2009 In China","To gain an edge, this is what you need to know today.

",-0.508374050259590
2024-02-08 18:52:05+00:00,"Tesla Drives To Chicago Auto Show For First Time, Brings Cybertruck For Public Viewing: Why It's Important","Tesla is taking part in the Chicago Auto Show for the first time and bringing several vehicle models, including the Cybertruck.",0.000051863109547
2024-02-09 15:35:54+00:00,Tesla's Tumultuous Turn - How A $80 Billion Vanishing Act And A Stubborn $200 Barrier Are Redefining Investor Confidence In 2024,"
	In January 2024, Tesla&#39;s shares experienced a sharp 24% decline.
	The discrepancy in Tesla&#39;s Q4 earnings led to a loss of investor confidence, causing an 8% drop.


",-0.997928836208303
2024-02-09 17:35:31+00:00,10 Consumer Discretionary Stocks Whale Activity In Today's Session, ,-0.000783515504736
2024-02-10 13:00:00+00:00,"Tesla Layoff Rumors, Rivian Drops Entry-level Pricing, Lucid's Unusual Partnership And More: Biggest EV Stories Of The Week","Tesla stock recovered after pulling back early in the week, even as analysts remain concerned about the company&#39;s near-term outlook.",-0.983357335906476
2024-02-10 13:39:10+00:00,"Benzinga Bulls And Bears: Tesla, Palantir, Disney, PayPal And, Sorry, Dogecoin, Analyst Picks Alternative Dog Coin For Crypto Bull Run",Benzinga examined the prospects for many investors&#39; favorite stocks over the last week — here&#39;s a look at some of our top stories.,0.000063183972088
2024-02-11 16:17:32+00:00,"Bloomberg Reported Earlier: Elon Musk Must Testify in SEC Twitter Probe, Court Rules",,-0.000016722267901
2024-02-11 17:12:58+00:00,"Tesla Model Y Price Cut Alert: EV Giant Temporarily Trims Prices Of Its Bestseller, Reportedly Quashes Refresh Rumors","Tesla continues to bet on price reductions to boost sales, even though the strategy has proven to be ineffective.",-0.155472666025162
2024-02-12 17:34:09+00:00,January Inflation Expected To Fall To 3-Year Low: How Will Markets React?,"Investors await January&#39;s inflation data with optimism, as economists forecast a significant dip in the inflation rate, potentially signaling a shift in interest rate trajectories. Here&#39;s what to expect from the upcoming report and how it could sway the markets.",-0.907566726207733
2024-02-12 17:35:19+00:00,10 Consumer Discretionary Stocks Whale Activity In Today's Session, ,-0.000783515504736
2024-02-13 17:35:25+00:00,10 Consumer Discretionary Stocks Whale Activity In Today's Session, ,-0.000783515504736
2024-02-13 19:11:04+00:00,Tesla Full-Self Driving Fatal Crash In Spotlight: Musk 'Sold False Sense Of Security',A fatal Tesla accident is under attention with the potential use of full self-driving used before the crash.,-0.114309775177389
2024-02-14 17:36:28+00:00,Budget-Friendly Tesla Slayer? Sony & Honda Reportedly Join Hands For Affordable EVs,"Sony Honda Mobility, a joint venture between Honda and Sony, reportedly plans to launch three electric vehicle models by late 2020s to compete with Tesla.",0.032841069376445
2024-02-14 17:49:15+00:00,Nearly Half Of S&P 500 Stocks Trade Below 50-Day Moving Average: Which One Is The Cheapest?,"Nearly half of S&amp;P 500 stocks are below 50-day moving average, indicating poor market breadth. Only top 5 companies shielded from bearish pressures.",-0.994112796906848
2024-02-15 18:07:25+00:00,Elon Musk Set To Appeal Tesla Compensation Ruling: Title Of World's Richest Person At Stake,A judge ruled against a $56 billion compensation package for Tesla CEO Elon Musk. A new report indicates an appeal from Musk is coming soon.,0.072313357144594
2024-02-15 19:12:44+00:00,"S&P Reclaims 5,000 As Disappointing Retail Sales Put Fed Cuts Back On Track, Small Caps Shine: What's Driving Markets Thursday?","US stocks surge on strong earnings and speculation of Fed rate cuts. S&amp;P 500 rebounds past 5000, Nasdaq 100 pauses. Small caps outperform. Tesla, Wells Fargo, and CBRE rally on positive news while Deer &amp; Antero Resources shares drop. Other companies react to earnings.",0.999062573158881
2024-02-15 20:09:22+00:00,"Best Performing AI Fund Of 2024? Spear Alpha ETF Tops The List, Betting Big On Nvidia","As 2022 drew to a close, AI pioneer OpenAI released ChatGPT to the public. Before two months had passed, the revolutionary LLM - or Large Language Model - had surpassed 100 million active users, by far the fastest adoption of a new technology in history",0.998369360138895
2024-02-16 18:37:41+00:00,"Tesla Drops After Missed Earnings, Why Is Cathie Wood Gobbling Up Shares?", ,-0.995109133422375
2024-02-17 13:17:00+00:00,"Tesla Persists With Price Nudges, Rivian's R2 Teaser, Lucid CEO's Cash Bonus Raises Eyebrows And More: Biggest EV Stories Of The Week",The week&#39;s EV news highlights legacy automakers planning to compete with struggling pure-play EV startups.,0.998778308072360
2024-02-17 14:22:32+00:00,"Benzinga Bulls And Bears: Tesla, Nvidia, Disney, Bitcoin And Analyst Sees Dogecoin Hitting 10 Cents By May",Benzinga examined the prospects for many investors&#39; favorite stocks over the last week — here&#39;s a look at some of our top stories.,0.000131827466248
2024-02-18 08:08:58+00:00,"Elon Musk Taunts OpenAI, Apple's Animation, Nvidia's Triumph, Ark's Strategy Revamp And More: This Week In AI","As the week draws to a close, let&#39;s look back at some of the top stories that shaped the world of artificial intelligence (AI).",0.000122170204122
2024-02-19 17:35:13+00:00,10 Consumer Discretionary Stocks Whale Activity In Today's Session, ,-0.000783515504736
2024-02-19 18:20:15+00:00,"Tesla Convenes High-Level Safety Forum With Government And Nonprofit Leaders, Executive Reveals",Tesla held a safety research day with government and organization leaders to showcase their advancements and commitment to safety. No FSD in accident.,0.000128982195747
2024-02-20 17:35:16+00:00,6 Consumer Discretionary Stocks With Whale Alerts In Today's Session, ,-0.955795360845514
2024-02-20 18:29:14+00:00,Chinese Stocks Decline Despite Aggressive Banking Move To Revitalize Troubled Property Sector,"Chinese stocks drop despite interest rate cut, as market remains pessimistic amid broader tech downturn and uncertain Fed policies.",-0.997679274063557
2024-02-21 17:49:38+00:00,Nearly $1 Billion In Bitcoin Withdrawn Leaving Coinbase With Lowest Reserve Since 2015, ,-0.619184430688620
2024-02-21 19:20:28+00:00,"Extreme Positioning In NVIDIA Takes A Hit, Fed Minutes Ahead","To gain an edge, this is what you need to know today.

",0.997481377038639
2024-02-22 17:42:04+00:00,"Great AI Inference Suprise, NVIDIA Declares AI Tipping Point, Japan's Nikkei Crosses 34 Year High","To gain an edge, this is what you need to know today.

",0.999249658823828
2024-02-22 18:17:34+00:00,'The GOAT': Jim Cramer Says Nvidia's Jensen Huang Is A Bigger Visionary Than Tesla's Elon Musk,"Jim Cramer recently referred to Tesla CEO Elon Musk as one of the greatest minds of all time. Following Nvidia&#39;s blowout earnings report this week, Cramer put CEO Jensen Huang on an even higher pedestal.",0.824326551926788
2024-02-23 17:36:13+00:00,"Tesla Stalls, Dramatically Lags Magnificent Seven Peers But Divergence Has Developed: A Technical Analysis","Tesla, Inc (NASDAQ: TSLA) was trading mostly flat Friday, continuing to trade mostly sideways within a triangle formation on the daily chart.",-0.994015886215493
2024-02-23 18:36:15+00:00,Renewed AI Frenzy Leads Market To New High Overshadowing Negatives,"To gain an edge, this is what you need to know today.

",0.999299666174920
2024-02-24 14:17:00+00:00,"Bearish Sentiment Engulfs Tesla, Rivian Stock Craters On Production Woes, Ford Pauses F-150 Lightning Shipments And More: Biggest EV Stories Of The Week","EV stocks underperformed the broader market as tidings from startups Rivian, Lucid and Nikola weighed down on sentiment.",-0.997667488118168
2024-02-24 18:40:41+00:00,Elon Musk Is Still Attempting To Defend Hateful Speech Amid X's Growing Pains And Public Backlash: Report,"After acquiring X, formerly Twitter, Elon Musk is on a mission to redefine the boundaries of free speech on the digital platform.",-0.000848790805321
2024-02-26 18:15:28+00:00,Biden Calls In Budget Big Guns: But What Happens If Government Shutdown Can't Be Avoided?,Transportation and supply chain stocks could be affected if government shuts down,-0.874713593453635
2024-02-26 18:44:08+00:00,BYD Is Going After The Luxury Market As It Sets Its Eyes On Expanding To Europe,Tesla Inc (NASDAQ: TSLA) enjoyed the non-existent EV competitive landscape for quite a while as legacy automakers such as General Motors (NYSE: GM) and Ford Motor (NYSE: F) struggled to evol,-0.598974838852882
2024-02-27 17:30:25+00:00,"A Rumor Helps Bitcoin Break Out, New Data Shows Weakening Business Spending","To gain an edge, this is what you need to know today.

",0.999133200995857
2024-02-27 17:35:22+00:00,10 Consumer Discretionary Stocks Whale Activity In Today's Session, ,-0.000783515504736
2024-02-28 18:02:38+00:00,Why Are ARKK Investors Jumping Ship? Cathie Wood's Poor Picks Lag Behind The Competition,"As head of ARK Invest, Cathie Wood is one of the few celebrities in the financial world.",-0.940284423530102
2024-02-28 18:30:24+00:00,"Li Auto, Rivian and Lucid Told Very Different EV Stories With Their Latest Reports","Last week, Rivian Automotive Inc (NASDAQ: RIVN) and Lucid Group Inc (NASDAQ: LCID) reported stagnant production in their fourth-quarter earnings, causing their shares to take a dive.",-0.998073078168090
2024-02-29 17:43:35+00:00,"Apple's Abandoned EV Project Almost Used Siri As The Steering Wheel, Began After Reported Deal With Tesla Fell Through",News of Apple abandoning its electric vehicle project has brought new details of its original plans to light and resurfaced reports of a buyout of Tesla.,0.032945469021797
2024-02-29 18:36:24+00:00,EXCLUSIVE: Magnificent 7 Takes Center Stage In Roundhill's Expanded ETF Lineup With Inverse And Leveraged Options,Roundhill Investments has launched new ETFs that provide inverse and leveraged exposure to the Magnificent Seven stocks.,0.064099609357072
2024-03-01 17:34:02+00:00,"Gamma Squeeze In AMD, Musk Sues OpenAI, Unthinkable Move On Apple","To gain an edge, this is what you need to know today.

",0.998712018335937
2024-03-01 17:35:21+00:00,10 Consumer Discretionary Stocks With Whale Alerts In Today's Session, ,-0.923527528066188
2024-03-02 13:21:00+00:00,"Elon Musk Teases Amped-up Roadster, Apple's Self-Driving Car Debacle, Fisker's 'Going Concern' Warning And More: Biggest EV Stories Of The Week","EV manufacturing has proved to be a tough ask for many, and more evidence of the startup struggles emerged this week.",-0.992466636991594
2024-03-02 15:24:00+00:00,"Rivian Getting Major Catalyst With Leasing? New Q4 Data, Leasing Growth For EVs Say Yes",Rivian saw a strong market share of U.S. EV sales in the fourth quarter. Here&#39;s why the company could gain a larger share in 2024.,0.999455195546034
2024-03-03 17:24:00+00:00,"Tesla's Quarterly Deliveries At Risk? 'There Are Massive Challenges With Q1 Sales,' Says A Numbers Tracker","Tesla may not be out of the woods yet, with a numbers tracker flagging a sequential decline in first-quarter deliveries.",-0.997982362925541
2024-03-04 18:36:04+00:00,"Stocks Stall, Magnificent 7 Crack As Apple, Tesla And Google Face Headwinds; Bitcoin, Gold Eye Record Highs: What's Driving Markets Monday?","It’s a quiet start to the week on Wall Street, with major stock indices hovering around the flatline as of midday in New York.",-0.977740077301860
2024-03-04 19:36:37+00:00,Tesla's LA Supercharger Installs First Movie Screen For Drive-In: Will Doge Payments Be Accepted?,"Electric vehicle leader Tesla Inc (NASDAQ:TSLA) has changed the charging game with a vast network of charging stations around the world, including many that are now being opened up to",0.046080741944024
2024-03-05 17:49:35+00:00,EV Deliveries Continue To Fall In China As The Competitive Battle Rages On,"On Monday afternoon, the China Passenger Car Association released February delivery figures. Upon the release of the data, shares of Nio Inc (NYSE: NIO) and XPeng Inc (NYSE: XPEV) were down about 8.3%.",-0.997674746671692
2024-03-05 19:01:09+00:00,Bears Prowl Wall Street As Magnificent 7 Tumble; Bitcoin Sinks After Record High: What's Driving Markets Tuesday?,"Wall Street indices in the red as tech stocks plunge. Tesla down 4%, Apple down 2.7%. ISM Services PMI lower than expected. Bitcoin hits record high before dropping 6%. Treasury yields down, gold up. NYCB up 17%, Target up 12%, Albemarle down 11%, GitLab down 22.4%, and SoFi down.",-0.997531135013560
2024-03-06 17:35:18+00:00,10 Consumer Discretionary Stocks Whale Activity In Today's Session, ,-0.000783515504736
2024-03-06 18:52:48+00:00,Tesla German Plant To Remain Without Electricity Until The End Of Next Week,,-0.000917406308872
2024-03-07 17:51:12+00:00,Electric Pickups Are Getting Solar-Powered Accessories This Summer,"This week, Ford Motor (NYSE: F) delivered some much-needed good news on the EV front after beginning the year by announcing it is scaling down its EV ambitions. Ford reported that its EV sales expanded across the board in February with sales of its electric F-150 pickup, the Lightning, almost doubling.",0.999502106205910
2024-03-07 18:32:36+00:00,"S&P 500 Reclaims All-Time Highs As Powell Hints At Rate Cuts, Nvidia Breaks $900, Bitcoin Nears Record Levels: What's Driving Market Thursday?","The S&amp;P 500 soared past the 5,150-point mark during midday trading in New York, reclaiming its record-high territory set earlier in the week.",0.999155957048060
2024-03-08 17:35:24+00:00,10 Consumer Discretionary Stocks With Whale Alerts In Today's Session, ,-0.923527528066188
2024-03-08 18:08:50+00:00,Why This Analyst Halves Lucid Group's Price Forecast Despite 12%-23% Higher Tech Efficiency Than Tesla,"Despite citing Lucid&#39;s superior tech efficiency over Tesla, RBC analyst Tom Narayan halves price forecast to $3 from $6, citing concerns over licensing discussions and sedan demand woes.",-0.996761548216455
2024-03-09 13:15:00+00:00,"Tesla Q1 Deliveries Worries Mount, Rivian's New R2 Pre-Orders Surge, Nio Readying Model Y Rival And More: Biggest EV Stories Of The Week","Electric vehicle stocks defied the broader market optimism and ended mostly lower in the week that ended on March 8, led by Tesla, Inc. (NASDAQ:",-0.994348448701203
2024-03-09 13:27:21+00:00,"Benzinga Bulls And Bears: Bitcoin, Nvidia, Tesla, Apple And Why Crypto Analyst Expects Dogecoin To Hit 67 Cents",Benzinga examined the prospects for many investors&#39; favorite stocks over the last week — here&#39;s a look at some of our top stories.,0.033557017333806
2024-03-10 01:00:14+00:00,"Barron's Weekend Stock Picks: Nvidia, Tesla And A Mixed Outlook On Apple","Benzinga reviews this weekend&#39;s top stories covered by Barron&#39;s. Here are the articles investors need to read.
",0.000022650630854
2024-03-11 18:42:08+00:00,Apple And 4 More Stocks On The Rise: Prime Reddit Picks,"Investors seek undervalued stocks in current market. Redditors share value picks, including Apple, Alphabet, Crocs, Starbucks, and Pfizer.",0.000228523800615
2024-03-11 19:27:10+00:00,"Prominent Finance Professor Buys Tesla At $180, Skeptical Redditor Says 'Everything Above $100 Is Overvalued'","Aswath Damodaran bought Tesla stock at $180, sparking discussions among investors. Redditors share mixed thoughts on whether it&#39;s a good buy at current price.",0.992890921072103
2024-03-12 17:48:02+00:00,"Rivian Designs 'Beautiful Products' But Needs To Prove It Can Produce Vehicles Profitably, Analyst Says","Rivian plans to shift production of the R2 to its Normal, Illinois facility — where the R1 is produced — instead of using its Georgia facility.",0.392425746540539
2024-03-12 19:34:23+00:00,AXS 2X Innovation ETF (TARK) Looks To Break Up From Technical Pattern As Coinbase Continues To Surge Higher,"AXS 2X Innovation ETF (NASDAQ: TARK) was trading slightly lower Tuesday, working its way mostly sideways within a large symmetrical triangle pattern.",-0.959120824933052
2024-03-13 17:35:23+00:00,10 Consumer Discretionary Stocks With Whale Alerts In Today's Session, ,-0.923527528066188
2024-03-13 17:55:37+00:00,"Tech Stocks Ease As Treasury Yields Rise, Commodity Rally Fuels Sector Rotation: What's Driving Markets Wednesday?","Wednesday&#39;s session sees sectoral rotation, with tech sector losing ground while energy and materials sectors advance due to rise in commodities prices.",0.648011937737465
2024-03-14 18:06:10+00:00,Embracing Emerging Technologies To Bring The Automotive Industry To The Next Level,"The EV revolution forced the automotive industry to evolve. But even the EV king, Tesla Inc (NASDAQ: TSLA) has woken up to a harsh reality of a cooling EV market, a problem that can’t be fixed by lowering prices.",0.993326905532740
2024-03-14 18:23:54+00:00,"Stocks Fall As Hot Inflation Data Derails Fed Cut Bets, Bonds Tumble, VIX Rallies, Oil Tops $80: What's Driving Markets Thursday? (CORRECTED)","Traders disappointed as hopes for rate cut dashed by higher inflation, leading to negative trading in US equity indices and rising Treasury yields.",-0.997758741199505
2024-03-15 17:35:24+00:00,10 Consumer Discretionary Stocks With Whale Alerts In Today's Session, ,-0.923527528066188
2024-03-15 19:32:22+00:00,QQQI: The Undiscovered Nasdaq-100 Covered Call ETF You've Been Looking For (14.4% Distribution Yield),"A few months ago, I analyzed the total performance of the three most popular S&amp;P 500 covered call ETFs in 2023: the JPMorgan Equity Premium Income ETF (ARCA: JEPI), the GlobalX S&amp;P500 Covered Call ETF (ARCA: XYLD), and the NEOS S&amp;P 500 High Income ETF (BATS: SPYI). ",-0.000006544734788
2024-03-16 03:23:06+00:00,Tesla Warns Of Price Hike: All Model Y Trims Set To Increase By $1000 Starting April 1,"On Friday, Elon Musk&#39;s EV giant Tesla Inc said that the company will increase the starting prices on all of its Model Y variants starting next month.",0.995319195295451
2024-03-16 14:42:17+00:00,"Tesla's India Entry Hurdle Lifts, Fisker Hurtling Toward Bankruptcy, Rivian Gets Wall Street's Love And More: Biggest EV Stories Of The Week","Tesla shares decline amid concerns over weak first-quarter deliveries, while Rivian impresses Wall Street with new product announcements.",-0.997331876016688
2024-03-17 12:16:11+00:00,"Elon Musk's Response To Russia's Nuclear Threat, Trump Vs. Biden Polls And More: Top Political Updates This Week","With Donald Trump and Joe Biden possibly gearing up for a 2024 showdown, Elon Musk chiming in on global tensions, and Biden&#39;s approval ratings showing resilience, the stage is set for an interesting year. ",0.954892724810634
2024-03-17 13:00:11+00:00,"Edward Snowden Targets Jamie Dimon Over Bitcoin Stance, Elon Musk Breaks Silence On Tesla Accepting Dogecoin And Memecoins Make Waves: Weekend Crypto Round-Up", ,-0.000179418653715
2024-03-18 17:35:18+00:00,10 Consumer Discretionary Stocks With Whale Alerts In Today's Session, ,-0.923527528066188
2024-03-18 18:01:55+00:00,"Stocks Rally With Google, Tesla At The Helm, But Rising Oil Prices Spark Inflation Fears: What's Driving Markets Monday?","Wall Street started the new week on a strong footing, as all major U.S. indices displayed gains during midday trading on Monday, highlighting investor confidence in the continued growth of AI-driven stocks.",0.999354261643020
2024-03-19 17:52:37+00:00,XPeng's Margins Turned Positive As A Result Of Cost Cuts,XPeng Inc (NYSE: XPEV) delivered a less-than-feared fourth quarter loss due to cost cuts that brought margin improvements.,0.999221355537884
2024-03-19 19:01:18+00:00,Jim Cramer Calls The Bottom In Tesla Stock: Why He Says 'Right Now' Is The Time To Buy,"Jim Cramer has called the bottom in Tesla stock with shares down more than 30% for the year. Tuesday on CNBC&#39;s &#34;Squawk On The Street,&#34; Cramer told viewers he believes Tesla shares have fallen too far.",-0.997870034218067
2024-03-20 17:35:19+00:00,10 Consumer Discretionary Stocks With Whale Alerts In Today's Session, ,-0.923527528066188
2024-03-20 19:00:33+00:00,"Cathie Wood's ARKK Still Leaking, Loses Over 3% In Value And 2% Of Net Assets In A Week","Investors are continuing to abandon Cathie Wood&#39;s flagship fund, ARK Innovation ETF (NYSE:ARKK). Over the past week, ARKK lost $151.2 million in AUM, representing about 2% of the fund.",-0.997530131862732
2024-03-21 17:35:18+00:00,10 Consumer Discretionary Stocks Whale Activity In Today's Session, ,-0.000783515504736
2024-03-21 18:02:13+00:00,"AI Memory Sold Out – Blowout Micron Earnings, Gold Over $2200 For First time Ever, Apple In Trouble","To gain an edge, this is what you need to know today.

",0.995875763881486
2024-03-22 17:35:18+00:00,10 Consumer Discretionary Stocks Whale Activity In Today's Session, ,-0.000783515504736
2024-03-22 18:45:14+00:00,EV Makers Cheer Biden's Electrifying Plan: UAW Demands Jobs Be Protected,Two-thirds of all cars sold in the U.S. must be electric vehicles by 2032. EV makers welcome new emissions rules.,0.934165346377995
2024-03-23 02:42:50+00:00,Elon Musk Not Spending Enough Time At Tesla? Venture Capitalist Slams Critics: 'They Weren't Saying That When The Stock Was Going Up',"Venture capitalist David Sacks counters criticism of Elon Musk&#39;s involvement in Tesla, highlighting market challenges rather than leadership focus as the reason for the company&#39;s recent stock performance downturn.",-0.958114585839212
2024-03-23 13:12:13+00:00,"Tesla's China Demand Woes, Ford Plans 'Electric' India Reentry, Canoo's Shot At Improving Profit And More: Biggest EV Stories Of The Week",The underperformance of EV stocks continues as the industry faces an uncertain near-term amid floundering fundamentals.,-0.780448220670223
2024-03-23 20:12:37+00:00,"Benzinga Bulls And Bears: Tesla, Nvidia, Bitcoin And A Sudden Spike In Google Searches For Shiba Inu",Benzinga examined the prospects for many investors’ favorite stocks over the last week — here’s a look at some of our top stories.,0.997614205087302
2024-03-25 17:45:51+00:00,Tesla Bear? Nvidia Bull? Leveraged And Inverse Single Stock ETFs Can Help You Maximize Your View, ,0.777381575782783
2024-03-25 19:35:03+00:00,"""Tesla Must Give Driver-Assist Demonstration With Every U.S. Sale; New Requirement Will Slow Delivery Process, Musk Says In Memo; Full Self-Driving, Other Features Have Generated Controversy"" - Bloomberg News",,-0.986862269113772
2024-03-26 17:45:27+00:00,Why Westport Fuel Systems Shares Are Trading Lower By Around 10%? Here Are Other Stocks Moving In Tuesday's Mid-Day Session,"Shares of  Westport Fuel Systems Inc. (NASDAQ: WPRT) fell sharply during Tuesday’s session after posting a wider-than-expected fourth-quarter loss.

Westport Fuel Systems posted a quarter loss of 81 cents per share, compared to market expectations for a loss of 51 cents per share.",-0.997859874623828
2024-03-26 18:08:19+00:00,"Stocks Inch Higher, Tesla Rebounds, Bitcoin Holds Below $70,000: What's Driving Markets Tuesday?","Wall Street is set to break a two-day losing streak on Tuesday, as major indices trended positively during midday trading in New York. The S&amp;P 500 saw a modest uptick of 0.3% for the day, with the Dow Jones Industrial Average, the Nasdaq 100 and the Russell 2000 experiencing a 0.2% surge. ",0.999251436704071
2024-03-27 17:15:28+00:00,"RBC Capital Reiterates Outperform on Tesla, Maintains $298 Price Target",,0.999104331276612
2024-03-27 17:35:24+00:00,10 Consumer Discretionary Stocks With Whale Alerts In Today's Session, ,-0.923527528066188
2024-03-28 18:27:59+00:00,"Deutsche Bank Maintains Buy on Tesla, Lowers Price Target to $200",,0.998627492313972
2024-03-28 19:35:48+00:00,Elon Musk Might Not Like This Tune: Lucid Air Takes Center Stage Over Cybertruck In Music Video Hit,The Lucid Air electric vehicle is featured in a music video from two well-known musicians and currently trending on YouTube.,-0.000006030008080
2024-03-29 14:44:06+00:00,"Tesla Q1 Deliveries Preview: Analysts Cut Targets, 'Nightmare Quarter For Tesla'",Analysts are cutting their estimates for Tesla&#39;s first quarter deliveries. A look at key estimates and what it means.,-0.986942626477685
2024-03-29 16:43:17+00:00,"Psyched: 5-MeO-DMT For Depression, Utah Hospitals Providing Therapy, Elon Musk And Meta's Influence", ,-0.000005985195457
2024-03-29 17:35:19+00:00,10 Consumer Discretionary Stocks With Whale Alerts In Today's Session, ,-0.923527528066188
2024-03-30 12:32:10+00:00,"Benzinga Bulls And Bears: Apple, Tesla, Trump Media And Dogecoin Wags Its Way To Doge Day",Benzinga examined the prospects for many investors’ favorite stocks over the last week — here’s a look at some of our top stories.,0.001308995910222
2024-03-31 05:16:44+00:00,"Elon Musk Gears Up For Grok 2, Zuckerberg Reportedly Woos AI Talent From Google's DeepMind, Tesla Hiring For Optimus Humanoid Robot And More: This Week In AI", ,0.975406780227786
2024-03-31 15:25:09+00:00,"'Congrats Tesla Team,' Says Elon Musk As EV Giant Hits 6M Production Milestone: What Does It Mean For Q1 Deliveries?","Despite Tesla flaunting a major production milestone last week, most number crunchers and analysts predict a year-over-year decline in Q1 deliveries.",-0.996714544249699
2024-04-01 17:10:43+00:00,"Tesla May Be Staring At Big Q1 Sales Miss, But Could Still Reclaim EV Crown From Buffett-Supported Chinese Competitor BYD","EV market slowdown is beginning to show up in the numbers of the frontrunners in the industry, with China&#39;s BYD seeing a sharp Q-o-Q plunge in deliveries.",-0.995843640994281
2024-04-01 17:35:18+00:00,10 Consumer Discretionary Stocks Whale Activity In Today's Session, ,-0.000783515504736
2024-04-02 17:55:46+00:00,"Better Performer Than Nvidia – Copper Stock Freeport On China Optimism, Front Running Blind Money Fizzles","

To gain an edge, this is what you need to know today.",0.996131650637835
2024-04-02 19:23:25+00:00,"Tesla Deliveries Slip, Technical Indicators Add To Stock's Downward Momentum","Tesla&#39;s Q1 deliveries and production decline, affecting stock performance. CEO&#39;s plan to boost earnings not enough to overcome market challenges.",-0.998105807229877
2024-04-03 18:19:48+00:00,"Tesla Struggles with Delivery Goals and AI Tech Expectations, Analysts Adjust Financial Forecasts","Truist Securities analyst reiterates Tesla (TSLA) as Hold, lowers price target from $193 to $176. Lowered estimates for deliveries, revenue, &amp; EPS in 2024 &amp; 2025 due to production and demand concerns. Next catalysts: next-gen vehicle unveiling &amp; sale. HSBC analyst also lowers price target.",-0.997858897026163
2024-04-03 19:03:21+00:00,"Cathie Wood Says Tesla Is 'Biggest AI Project' In World, Sees Convergence Of 3 Key Technologies Driving Stock To $2,000","Ark Invest most recently bought a total of 234,998 shares of Tesla across three of its exchange-traded funds.",0.010255733635859
2024-04-04 17:35:24+00:00,"Market Clubhouse Morning Memo - April 4th, 2024 (Trade Strategy For SPY, QQQ, AAPL, MSFT, NVDA, GOOGL, META, and TSLA)","Good Morning Traders! In today&#39;s Market Clubhouse Morning Memo, we will discuss SPY, QQQ, AAPL, MSFT, NVDA, GOOGL, META, and TSLA.",0.000006004273018
2024-04-04 18:56:26+00:00,Stellantis Emphasized The Need For Scientific Breakthroughs On The EV Front,"After an already weak year, Stellantis N.V. (NYSE: STLA) reported its sales continued to decline during the first three months of 2024.",-0.998068833723664
2024-04-05 18:19:46+00:00,Tesla Offering $7K Discount On Model Y? Investor Says 'Nothing Has Recently Changed',"In a bid to clear its largest-ever stockpile, Tesla has rolled out significant price cuts for its Model Y sport utility vehicle (SUV.)",0.998356296156999
2024-04-05 18:26:32+00:00,"Jobs Rocket Past Estimates, Be Careful Listening To Stock Market Permabulls","To gain an edge, this is what you need to know today.",0.997063943112153
2024-04-06 13:17:46+00:00,"Tesla Alienates Bears And Bulls Alike, Nikola On The Mend, Canoo's Struggles And More: Biggest EV Stories Of The Week","Tesla, a leading EV player, closed the week down over 6%, hit by weak Q1 deliveries and rumors of shelving low-cost vehicle plans.",-0.997431653144304
2024-04-06 18:59:27+00:00,"This Penny Stock EV Leaves Big Boys Tesla, Rivian And Lucid In The Dust With 14% YTD Gain (CORRECTED)","Tesla shares are down 31.1% year-to-date, while Rivian and Lucid have slumped 52% and 36.1% respectively.",-0.997806440398563
2024-04-07 12:21:47+00:00,"Sundar Pichai's Google Grapples With AI Mishaps Amid Worker Criticism, Yet Holds Title Of America's Most Innovative Company","Alphabet Inc. retains its title as &#34;America&#39;s Most Innovative Company 2024&#34; amid internal criticism and AI challenges, with Sundar Pichai addressing inaccuracies in the Gemini AI chatbot and facing calls for leadership changes.",-0.426330775022507
2024-04-07 16:47:10+00:00,Tech Titans Clash: Mark Zuckerberg Rises As Elon Musk Falters In Billionaire Rankings,"Meta&#39;s CEO Mark Zuckerberg has overtaken Elon Musk, CEO of Tesla Inc. (NASDAQ: TSLA), in the Bloomberg Billionaires Index.",0.992620916280430
2024-04-08 17:35:27+00:00,10 Consumer Discretionary Stocks With Whale Alerts In Today's Session, ,-0.923527528066188
2024-04-08 17:49:06+00:00,"Stocks Falter Ahead Of Data-Rich Week, Tesla Rallies On 'Robotaxi' Push, Bitcoin Reclaims $71,500: What's Driving Markets Monday?","It’s a lackluster trading session on Wall Street, with the main indices experiencing slight declines as traders adopt a cautious stance ahead of a data-heavy week.",-0.997181932849344
2024-04-09 19:03:53+00:00,"If Tesla Hits Brakes On $25K EV, It 'Would Be A Meaningful Negative For The Stock': Goldman Sachs",Tesla stock is sized up by an analyst after disappointing q1 delivery figures and reports of a delay in its low-cost vehicle model.,-0.996588485664688
2024-04-09 19:22:02+00:00,What's Going On With Chinese EV Stocks Nio And XPeng?,"Nio and XPeng shares are trading higher Tuesday amid strength in Chinese EV stocks that may be impacted by the U.S. Treasury Secretary Janet Yellen&#39;s China trip and upcoming inflation data. Treasury Secretary Janet Yellen met with government officials in China to discuss trade policies and industrial practices. Yellen reported that initial talks were productive and both parties agreed to ongoing, intensive discussions on the matter.",0.999264243320795
2024-04-10 17:47:22+00:00,Elon Musk Says Looking Forward To Meeting With Prime Minister Narendra Modi In India,,0.010273946973030
2024-04-10 18:07:05+00:00,Why Ascent Solar Technologies Shares Are Trading Lower By Around 50%? Here Are Other Stocks Moving In Wednesday's Mid-Day Session,"Shares of  Ascent Solar Technologies, Inc. (NASDAQ: ASTI) fell sharply during Wednesday’s session after the company announced pricing of a $6 million public offering of shares at $0.14 per share.",-0.997777106182184
2024-04-11 16:45:56+00:00,"This Dividend-Paying Cannabis Stock Had Higher 1-Year Return Than Tesla, Citigroup, Apple And Zillow","If you added cannabis-focused real estate investment trust – Innovative Industrial Properties (NYSE:IIPR) about a year ago, you’d be enjoying solid returns.",0.999478796831681
2024-04-11 17:35:27+00:00,10 Consumer Discretionary Stocks Whale Activity In Today's Session, ,-0.000783515504736
2024-04-12 15:31:22+00:00,The Expansion Of China's EV Makers Could Threaten The Legacy Of European Automakers,"The Italian government stated that it is talks with Tesla Inc (NASDAQ: TSLA), as well as with Chinese automakers, in attempt to get them to bring their manufacturing to the country and boost the national output after years of decline on the automotive front.",0.093485653400421
2024-04-12 19:14:18+00:00,"Elon Musk Meets Javier Milei: Chat About Cutting Red Tape, Boosting Birth Rates And More","Argentine President Javier Milei and Tesla Inc. (NASDAQ: TSLA) CEO Elon Musk held a meeting to discuss the importance of free markets, technological development, ",0.884531489806250
2024-04-13 13:39:47+00:00,"Elon Musk's India Visit, Tesla's FSD Subscription Price Slashed By 50%, Nikola Plunges Amid Proxy Filing And More: Biggest EV Stories Of The Week","As Tesla&#39;s fundamentals get murkier, the company is now focusing on its FSD, which is expected to fetch a recurring, high-margin revenue stream.",-0.993347225943580
2024-04-13 17:20:10+00:00,"Elon Musk Is 'Epitome Of Everything That's Wrong With This World,' Says UAW Chief Shawn Fain While Discussing Labor Movement Resurgence Amid Political Divide","UAW President Shawn Fain criticizes Elon Musk while discussing the labor resurgence amid political tensions, highlighting worker frustrations and challenges ahead.",-0.147468377603218
2024-04-14 05:57:12+00:00,"Elon Musk Reacts To Old Clip Of Steve Jobs, Tesla Seeks Apple's Aid And Small Browsers Challenge Tech Giants: This Week In Appleverse","From Elon Musk aligning with Steve Jobs&#39; philosophy to Tesla seeking assistance from Apple, it&#39;s been a riveting few days.",0.012449984933482
2024-04-15 17:53:13+00:00,What's Going On With Rivian Automotive Stock?,"Earlier in April, Ford reduced prices on some of its F-150 Lightning models by as much as $5,500 to increase sales of its electric vehicles (EVs). The move may be helping push Rivian&#39;s stock lower as the Lightning is one of the only direct-competitors to Rivian&#39;s electric trucks. Reports surfaced on Monday that Tesla will be laying off 10% of its workforce which could also be weighing on Rivian shares as the broader EV market stumbles.",-0.996170724160038
2024-04-15 18:14:46+00:00,"Tesla Slides 4% Amid Plans For Layoffs, Pre-Earnings Jitters: Stock Chart Reveals Strong Bearish Trend","Tesla&#39;s stock faces challenges amid layoffs and uncertainty about upcoming earnings. Technical signals suggest a strongly bearish trend, investors should monitor closely.",-0.997355969797354
2024-04-16 17:53:59+00:00,Honda Continues Its EV Push With Attempt To Rejuvenate Its Positioning In China,"Honda Motor Co Ltd (NYSE: HM) has lagged its European, U.S. and even Chinese competitors in ramping up its EV efforts in attempt to join Tesla Inc (NASDAQ: TSLA) and BYD Company Limited (OTC: ",-0.997379301115870
2024-04-16 19:09:00+00:00,Tesla Stock Falls As Cybertruck Faces Unexpected Delays,Tesla shares are trading at their lowest levels in nearly a year Tuesday amid multiple developments. New reports indicate the EV maker has delayed Cybertruck deliveries,-0.997782598977210
2024-04-17 17:35:18+00:00,10 Consumer Discretionary Stocks Whale Activity In Today's Session, ,-0.000783515504736
2024-04-17 19:39:55+00:00,Tesla To Layoff 285 Workers; Layoffs Expected To Be Effective Beginning July 15,,-0.125836096412968
2024-04-18 17:35:24+00:00,10 Consumer Discretionary Stocks With Whale Alerts In Today's Session, ,-0.923527528066188
2024-04-18 18:29:09+00:00,To The Moon! A Look Inside An ETF Focused On Companies At The Cutting Edge Of Innovation, ,0.000014523473510
2024-04-19 18:37:45+00:00,"S&P 500 Nears 6-Day Slide, Nasdaq 100 Faces Worst Week Since Late 2022: What's Driving Markets Friday?","U.S. stocks are experiencing declines this Friday, on track of ending another week of negative performance. ",-0.998176725755911
2024-04-19 19:10:16+00:00,"PepsiCo Executive Says Put 36 Tesla Semis On The Road To Haul Chips And Soda, Had Planned To Have 100 In Use By 2023; Spokesperson Says Tesla Semi Plans Can Shift When Technology And The Need To Establish Infrastructure Is Involved",,0.000191902065126
2024-04-20 13:33:14+00:00,"Tesla's Horror Week Ends With Another Price Cut, Rivian's Second Round Of Layoffs, Lucid Touts Longest-Range Domestic EV And More: Biggest EV Stories Of The Week","The decline in EV adoption has also affected industry leader Tesla, leaving the future uncertain for other startups in the sector.",-0.997170193761121
2024-04-20 13:42:25+00:00,"Benzinga Bulls And Bears: Tesla, DraftKings, Broadcom And Trader Says Buy Dogecoin In High 10 Cents If You Get A Chance",Benzinga examined the prospects for many investors’ favorite stocks over the last week — here’s a look at some of our top stories.,0.000280251304503
2024-04-21 12:43:59+00:00,"Cathie Wood's Ark Buys More Of Its In-House Spot Bitcoin ETF Ahead Of Halving, Pauses Tesla Buying","On Friday, Cathie Wood’s Ark Invest did a pair trade in cryptocurrency exchange-traded funds.",0.011039147138945
2024-04-21 14:47:28+00:00,"Several Companies Under Elon Musk Billed Each Other Approximately $9 Million In Expenses, Raising Serious Questions About Corporate Governance","In a recent series of disclosures, Tesla Inc. (NASDAQ: TSLA) offered a glimpse into the financial relationships between Elon Musk&#39;s various enterprises, revealing a ",-0.001556190873089
2024-04-22 18:26:43+00:00,"Tesla Tops Consumer Reports For Lowest Maintenance, Repair Costs","Tesla Inc (NASDAQ: TSLA) has the lowest maintenance and repair costs of any automotive brand, according to new data from Consumer Reports&#39; 2",0.999141823820537
2024-04-22 18:31:54+00:00,"After UAW Wins Big In Tennessee, $40M Campaign Continues: 35 Car Plants Are Next",Auto union leader Shawn Fain said pundits all bet that the union would lose at the VW plant in Tennessee. They were wrong.,0.996776901418343
2024-04-23 18:51:22+00:00,Strategies To Use For Tesla Earnings Season: Using Debit Spreads To Capitalize On Earnings Reports,"On 4-19-24, Sandra with Trading Made Simple LLC was on Benzinga Live with Zunaid Suleman discussing trade ideas for earnings season. ",0.000009174073057
2024-04-23 19:08:44+00:00,Here's How Much Warren Buffett Could Have Made Investing In Tesla,Berkshire Hathaway passed on investing in Tesla in 2009. That investment could have turned into a sizable return for the Warren Buffett led company.,0.999205482425168
2024-04-24 18:29:16+00:00,"HSBC Maintains Reduce on Tesla, Lowers Price Target to $120",,0.994874123600312
2024-04-24 18:38:58+00:00,AI Server Market Is Expanding Rapidly - Analysts Highlight Super Micro Computer's Importance In The Game,KeyBanc analyst Thomas Blakey initiated coverage on Super Micro Computer Inc (NASDAQ:SMCI) with a Sector Weight rating.,0.996281374536920
2024-04-25 17:39:45+00:00,Tesla And Worksport Show Innovation Could Be The Salvation The EV Industry Needs Right Now,"The EV king, Tesla Inc (NASDAQ: TSLA) steered back towards making more affordable EVs in attempt to reassure the world that it is past its prime.",0.882605895865709
2024-04-25 18:46:39+00:00,"Billionaire Ron Baron Calls The Bottom In Tesla Stock, Says Shares Will 'Go Up Huge' From Here: 'It's Like A Rubber Band'",Billionaire Ron Baron believes Tesla stock has fallen far enough and is now getting ready to rip higher from current levels.,0.986873524729162
2024-04-26 17:25:45+00:00,Two U.S. Senators Say NHTSA Should Require Tesla To Restrict Autopilot Use To Certain Roads,,-0.000144276607898
2024-04-26 17:35:18+00:00,10 Consumer Discretionary Stocks With Whale Alerts In Today's Session, ,-0.923527528066188
2024-04-27 13:19:30+00:00,Facebook Co-Founder Brings Back Old Memories As He Alleges Elon Musk's Tesla Will Be The Next 'Enron' — Here's What You Should Know About The Company That Is Etched In History Books For Corporate Fraud,"As Moskovitz compares Tesla to Enron, here&#39;s what you should know about the commodities firm, which was repeatedly hailed as America&#39;s &#34;most innovative&#34; and became an enduring symbol of corporate fraud later.",0.000317402897053
2024-04-27 18:03:22+00:00,"Benzinga Bulls And Bears: Tesla, Microsoft, Trump Media, Palantir, And Trader Predicts 4 Meme Coins To Echo Dogecoin, Shiba Inu","Benzinga examined the prospects for many investors’ favorite stocks over the last week — here’s a look at some of our top stories.



The S&amp;P 500 and Nasdaq just had their best week since November, rising 2.7% and 4.2% respectively, ending their recent streaks of losses. The Dow also increased slightly by 0.7%. ",0.999444176632096
2024-04-27 20:16:13+00:00,"Elon Musk Takes Fight For Free Speech Abroad, Feuds With Australia And Brazil Over Content Restriction","Elon Musk&#39;s acquisition of X sparks global debate as clashes with Brazil and Australia over free speech restrictions intensify.Elon Musk, the CEO of X, Tesla, Inc. (NASDAQ:TSLA) and SpaceX who i",-0.958987249061465
2024-04-28 18:09:06+00:00,"'Watershed Moment,' Says Tesla Analyst As Elon Musk Makes Surprise China Visit To Reportedly Discuss FSD Rollout And Data Transfer Overseas","Tesla&#39;s Elon Musk landed in China and met with key officials, including the second-in-command, Premier Li Qiang.",0.005078808666440
2024-04-29 18:14:53+00:00,"US Stocks Kick Off The Week In The Green, Tesla Rockets On China's FSD Approval, Yen Rallies: What's Driving Markets Monday?","U.S. stocks kicked off the week on a positive note, with all major averages edging higher in anticipation of significant events including earnings reports from tech giants like Amazon.com Inc. (NASDAQ:AMZN) on Tuesday and Apple Inc.",0.999361676193075
2024-04-29 18:58:19+00:00,Tesla's Robotaxi Plans: Potential Threat Or Future Partner For Uber?,"Post from BofA reiterates Buy rating on Uber with $91 price target. Expecting strong Q1 results, potential partnership with Tesla in long term.",0.999154531367822
2024-04-30 17:35:19+00:00,10 Consumer Discretionary Stocks With Whale Alerts In Today's Session, ,-0.923527528066188
2024-04-30 19:09:27+00:00,"Tesla Set to Boost Revenue and Margins with China Breakthrough, Analyst Predicts","BofA analyst reiterates Buy rating on Tesla, citing near-term catalysts like China breakthrough, Robotaxi event, new product launch, and FSD licensing. Potential for significant earnings benefit and competitive advantage.",0.999369865137851
2024-05-01 15:28:21+00:00,"Tesla Retreats From Next-generation 'Gigacasting' Manufacturing Process, Sources Say",,-0.001472572330385
2024-05-01 17:35:18+00:00,10 Consumer Discretionary Stocks With Whale Alerts In Today's Session, ,-0.923527528066188
2024-05-02 17:35:19+00:00,10 Consumer Discretionary Stocks With Whale Alerts In Today's Session, ,-0.923527528066188
2024-05-02 19:26:07+00:00,What's Going On With XPeng Stock?,"XPeng delivered 9,393 EVs in April, representing a 33% increase year-over-year, up 4% over the prior month. The company highlighted 1,959 X9 vehicles in April, with cumulative deliveries nearing 10,000 units since its launch. Year-to-date, XPeng has delivered 31,214 EVs, a 23% increase year-over-year.",0.999496171803912
2024-05-03 17:44:19+00:00,"U.S. DoT Releases Final Rules To Lower Consumer Costs, Continue U.S. Manufacturing Boom In Batteries And Clean Vehicles, Strengthen Energy Security; Secretary Yellen Says ""The Inflation Reduction Act's Clean Vehicle Credits Save Consumers Up To $7,500 On A New Vehicle, And Hundreds Of Dollars Per Year On Gas, While Creating Good-Paying Jobs And Strengthening Our Energy Security""",,0.999358160683187
2024-05-03 18:09:37+00:00,"Cinco De ""Ut Oh"": Mexico Investors Face ""Dead Money"" Scenario As Economy Slows, And Rate Cuts Less Likely","
	Banxico’s survey of economists on May  2 has GDP falling to 2.26%, and inflation rising to 4.16%, meaning interest rate cuts likely on hold.
",-0.997704535548110
2024-05-04 17:21:40+00:00,Tesla's Board Chair Pleads For Reapproval Of Elon Musk's Controversial $47 Billion Compensation: 'Incredibly Important For The Future Of The Company',"Robyn Denholm, the chair of Tesla Inc. (NASDAQ: TSLA)&#39;s board of directors, pleaded with shareholders on Friday to reapprove CEO Elon Musk&#39;s $47 billion pay package, ",0.694175497861579
2024-05-04 17:46:20+00:00,"Tesla's Dogecoin Adoption Sends Crypto Market Into Frenzy, Meme Coin Surges By Over 21%",Elon Musk&#39;s Tesla Inc. (NASDAQ: TSLA) has officially incorporated Dogecoin (CRYPTO: DOGE) as a ,0.998366127896588
2024-05-05 11:00:10+00:00,"Elon Musk, Mark Zuckerberg Missing From AI Safety Board, MKBHD Reviews Rabbit R1 And More: This Week In AI News","This week was full of news from the tech and investment world, including Musk&#39;s thoughts on AI, Wood&#39;s significant trades, Intel&#39;s popularity on Reddit, and MKBHD&#39;s review of a new AI device.",-0.000031911498809
2024-05-05 13:30:14+00:00,"Russian Troops Enter US Military Base In Niger, Trump's Views On Presidential Immunity And More: Top Political Updates", ,0.000007335962437
2024-05-06 17:35:20+00:00,10 Consumer Discretionary Stocks With Whale Alerts In Today's Session, ,-0.923527528066188
2024-05-06 18:59:43+00:00,"Thanks To Apple, This Analyst Is Optimistic On ARM, Microchip Technology And More Ahead Of Earnings","Key Insights from KeyBanc: Semiconductor Sector Shows Signs of Stabilization Amid Global Tech Shifts. John Vinh reports on trends in AI data centers and automotive corrections, highlighting robust high-end Android demand and gradual traditional demand recovery.",0.999127291259356
2024-05-07 18:11:04+00:00,What's Going On With Tesla Shares Tuesday?,"Tesla shares decline as CEO Musk explores FSD taxi testing in China amidst collaboration rumors with Baidu, alongside Grünheide production halt due to protests.",-0.996992524596862
2024-05-07 19:20:23+00:00,Tesla Will Temporarily Stop Production At German Gigafactory: Here's Why,Tesla&#39;s German gigafactory is shutting down production for a limited time. The timing and reason are sparking confusion.,-0.849977240432054
2024-05-08 16:28:08+00:00,"Tesla Surprisingly Becomes Luminar's Largest Lidar Customer, Contradicting Musk's Past Criticism","Tesla CEO Elon Musk has criticized lidar technology, but Tesla is now Luminar&#39;s largest customer. Luminar&#39;s Q1 revenue was boosted by Tesla&#39;s 10% contribution.",0.999504361723666
2024-05-08 17:35:17+00:00,10 Consumer Discretionary Stocks With Whale Alerts In Today's Session, ,-0.923527528066188
2024-05-09 17:35:18+00:00,10 Consumer Discretionary Stocks Whale Activity In Today's Session, ,-0.000783515504736
2024-05-09 17:38:02+00:00,"""BP Keen To Buy Tesla Supercharging Sites For US Expansion; Company's EV Arm Plans To Spend $1B To Grow Its Network And Wants Fired Tesla Workers, Too."" - Bloomberg News",,0.052762484177947
2024-05-10 17:35:18+00:00,10 Consumer Discretionary Stocks With Whale Alerts In Today's Session, ,-0.923527528066188
2024-05-10 17:51:41+00:00,Blink Charging Has Upside Potential Despite Slowed Bookings: Analyst,"Needham analyst cuts BLNK price target to $6, maintains Buy rating. Company beats earnings and sales estimates, maintains revenue and EBITDA targets.",-0.992322023026645
2024-05-11 13:37:29+00:00,"Tesla's Ongoing Austerity Measures, Rivian-Apple Partnership Buzz, Biden Administration's Clampdown: Biggest EV Stories Of The Week","Teething trouble, demand slowdown, competition and profitability issues all continue to weigh down on the EV industry.",-0.997404633439146
2024-05-11 15:24:44+00:00,Tesla CEO Elon Musk Draws Parallel Between Netflix's Decision To Focus On Streaming Over Renting DVDs To EV Maker Doubling Down On Vehicle Autonomy,Tesla is currently faced with dropping share value after it decided to focus all its efforts and resources on vehicle autonomy.,-0.997070501762209
2024-05-12 15:04:26+00:00,"If You Bought Your Mom $100 In Apple, Microsoft And Tesla Stock For Mother's Day Last Year, Here's How Much She'd Have Now","A look back at buying shares of Apple, Microsoft and Tesla for mom last Mother&#39;s Day and their one-year return.",0.000046729765018
2024-05-13 17:38:04+00:00,The Magnificent Seven: Here's How You Can Profit From Their Dividend Programs,"The Magnificent Seven issue dividends to shareholders, despite being considered growth stocks.",0.000020419505745
2024-05-13 19:05:05+00:00,Tesla Defies Auto Industry Trends With 0.99% APR Model Y Financing Offer,Financing a new Model Y vehicle from Tesla could come with a 0.99% offer for a limited time.,0.779787202889565
2024-05-14 17:40:29+00:00,Tesla Versus Swedish Union Sparks Showdown Over Collective Bargaining,"Tesla faces heated tensions as Swedish union sparks showdown over collective bargaining, escalating labor disputes, while TSLA shares rise.",0.982068211771548
2024-05-14 18:28:26+00:00,Tesla Sued In California For Environmental Violations,"Tesla Inc (NASDAQ:TSLA) faces mounting legal woes as an environmental nonprofit, the Environmental Democracy Project, files a lawsuit alleging violations of the Clean Air Act. The suit accuses Tesla&#39;s Fremont plant of emitting harmful pollutants, endangering residents and workers. With potential fines of up to $121,275 per day per violation, Tesla&#39;s regulatory challenges escalate amid increased scrutiny over its environmental practices.",-0.980805386789143
2024-05-15 17:35:17+00:00,10 Consumer Discretionary Stocks Whale Activity In Today's Session, ,-0.000783515504736
2024-05-15 17:36:36+00:00,"Wall Street Jumps To All-Time Highs On Soft Inflation, Bond Yields Tumble, Bitcoin Soars, Meme Stocks Face Carnage: What's Driving Markets Wednesday?","The S&amp;P 500 and the Nasdaq 100 indices rose to fresh record highs during morning trading on Wednesday following a broadly in-line inflation report and cooler-than-expected retail sales data for April, as traders increased their rate cut bets.",0.998990971827880
2024-05-16 16:14:33+00:00,"'Big Short' Investor Michael Burry Bets Heavy On Gold, Renewable Energy Stocks, Exits Amazon, Alphabet","Michael Burry, famous for predicting 2008 crisis, made headlines with his latest 13F filing. He shifted towards commodities &amp; renewable energy and decreased holdings in tech giants.",-0.045834286720492
2024-05-16 16:24:39+00:00,"Musk Goes All In For Mega-Payday As Tesla Targets Growing Retail Investor Army With Dedicated Website, Strategic Advisor (CORRECTED)","A dedicated &#34;Vote Tesla&#34; website targets retail investors, who hold an estimated 42% of Tesla&#39;s shares. ",0.000362488004612
2024-05-17 15:58:50+00:00,'Tesla Cuts 600 Jobs In California Amid Mass Layoffs' - Forbes,,-0.996116228518076
2024-05-17 17:35:18+00:00,10 Consumer Discretionary Stocks With Whale Alerts In Today's Session, ,-0.923527528066188
2024-05-18 12:45:28+00:00,"Benzinga Bulls And Bears: Tesla, GameStop, Tilray And Crypto Trader Says Shiba Inu Could 4X","Benzinga examined the prospects for many investors’ favorite stocks over the last week — here’s a look at some of our top stories.



The Dow Jones Industrial Average made history on Friday by closing above the significant 40,000 mark for the first time, following a breakthrough in the previous trading session.",0.997660965484101
2024-05-18 12:59:35+00:00,"Tesla Sweats Over Approval Of Elon Musk's Pay Plan, Ford's Distress Call To Suppliers, Faraday Future's Mouthwatering Rally And More: Biggest EV Stories Of The Week",Tesla faces serious competition in China amidst a significant sales decline.,-0.996339824516326
2024-05-18 21:01:47+00:00,Tesla's Board Is Desperately Trying To Focus Elon Musk's Attention On The Company,The board of Tesla Inc. (NASDAQ: TSLA) is struggling to maintain CEO Elon Musk&#39;s total commitment while he manages multiple ventures.,-0.976154620759189
2024-05-20 18:06:34+00:00,Tesla Starts Releasing Self-Driving Update That Allows Drivers To Keep Hands Off Wheel,"Tesla Inc (NASDAQ: TSLA) has begun rolling out its latest Full Self-Driving (FSD) v12.4 update to employees, which notably removes the ",0.000395886054321
2024-05-20 18:38:05+00:00,"SOC Investment Group Urges Tesla Shareholders To Vote Against Reelection Of Directors Kimbal Musk, James Murdoch; To Vote Against Ratification Of CEO Elon Musk's 2018 Option Award At AGM On June 13th",,0.000124371610582
2024-05-21 17:51:16+00:00,Tesla Stock Is Rallying Tuesday: What's Going On?,"Tesla has increased its 72 month loan rate (APR) in the U.S. from 0.99% to 1.99%, according to Benzinga Pro. The loan rates for 36, 48 and 60 month loan terms are still set at 0.99%. ",0.999497524317121
2024-05-21 18:30:48+00:00,"""China Considering Car Tariffs To Retaliate Against U.S. And EU Moves; China Chamber Of Commerce To The EU Says 'China May Consider Increasing Temporary Tariff Rates On Imported Cars Equipped With Large-Displacement Engines'"" - SCMP",,-0.035365853458643
2024-05-22 17:35:17+00:00,10 Consumer Discretionary Stocks With Whale Alerts In Today's Session, ,-0.923527528066188
2024-05-22 17:54:40+00:00,Tesla's AI Investments and Upcoming Shareholder Vote Would Determine Future Growth: Morgan Stanley Analyst,Morgan Stanley analyst reiterates Overweight rating on Tesla with $310 target. AI investments crucial for Musk&#39;s broader businesses.,0.997671120974701
2024-05-23 17:35:15+00:00,10 Consumer Discretionary Stocks Whale Activity In Today's Session, ,-0.000783515504736
2024-05-23 17:57:15+00:00,Has Tesla Re-prioritized Its EV Goal? A Change In Current Report Says So,"Tesla Inc. (NASDAQ: TSLA) has shifted focus from selling 20 million vehicles annually to emphasizing autonomy. The 2023 impact report highlights Tesla&#39;s goal to displace fossil fuels without the numerical target. In 2023, Tesla sold 1.8 million vehicles, with a slower growth rate expected this year. CEO Elon Musk aims to unveil a fully driverless car by August 8, 2024, marking a pivotal shift in Tesla&#39;s strategy.",0.985967197484570
2024-05-24 17:35:19+00:00,10 Consumer Discretionary Stocks Whale Activity In Today's Session, ,-0.000783515504736
2024-05-24 18:02:40+00:00,California Loses The Solar Crown: Who's America's New Energy Star?,"Texas has surpassed California as the largest domestic solar energy producer, highlighting a shift towards green energy adoption and manufacturing in the state.",0.999313025618903
2024-05-24 20:29:25+00:00,"Nvidia, Tech Stocks Propel Nasdaq 100 To Record High; Solar Sector Shines, Meme Stock Bubble Bursts: This Week In The Market","Tech stocks in the Nasdaq 100, as tracked by the Invesco QQQ Trust (NASDAQ:QQQ), soared to record highs during the week, marking their fifth consecutive week of gains — the longest streak since January — driven by Nvidia Corp.‘s (NASDAQ:",0.999390936325653
2024-05-25 13:24:28+00:00,"Benzinga Bulls And Bears: Nvidia, GameStop, Ethereum And Crypto Analyst Predicts Dogecoin Will Hit 22 Cents In Days",Benzinga examined the prospects for many investors’ favorite stocks over the last week — here’s a look at some of our top stories.,0.001632276849705
2024-05-27 15:00:35+00:00,Competitor Analysis: Evaluating Tesla And Competitors In Automobiles Industry, ,-0.000005063084245
2024-05-27 17:35:19+00:00,10 Consumer Discretionary Stocks Whale Activity In Today's Session, ,-0.000783515504736
2024-05-28 15:00:42+00:00,"Market Clubhouse Morning Memo - May 28th, 2024 (Trade Strategy For SPY, QQQ, AAPL, MSFT, NVDA, GOOGL, META And TSLA)","Good Morning Traders! In today&#39;s Market Clubhouse Morning Memo, we will discuss SPY, QQQ, AAPL, MSFT, NVDA, GOOGL, META, and TSLA.",0.000010030533304
2024-05-28 17:35:16+00:00,10 Consumer Discretionary Stocks Whale Activity In Today's Session, ,-0.000783515504736
2024-05-29 17:35:18+00:00,10 Consumer Discretionary Stocks Whale Activity In Today's Session, ,-0.000783515504736
2024-05-29 17:36:35+00:00,Elon Musk In The White House? Tesla CEO Could Land Advisory Role For Donald Trump: Report,Elon Musk could be an advisor to Donald Trump in a new role if the former president wins the 2024 election.,0.000022395463020
2024-05-30 17:51:41+00:00,Is China Getting Full Self-Driving Cars? Tesla Seeking Final Go Ahead From Government, ,0.000074870466051
2024-05-30 17:53:22+00:00,"Elon Musk Says, 'There have not been any discussions of a role for me in a potential Trump Presidency' In A Post On X",,-0.000043497402658
2024-05-31 14:41:28+00:00,"Market Clubhouse Morning Memo - May 31st, 2024 (Trade Strategy For SPY, QQQ, AAPL, MSFT, NVDA, GOOGL, META And TSLA)","Good Morning Traders! In today&#39;s Market Clubhouse Morning Memo, we will discuss SPY, QQQ, AAPL, MSFT, NVDA, GOOGL, META, and TSLA.",0.000009080169548
2024-05-31 17:35:16+00:00,10 Consumer Discretionary Stocks With Whale Alerts In Today's Session, ,-0.923527528066188
2024-06-01 06:01:11+00:00,"Elon Musk Reveals Tesla's FSD Will Have Three Modes For Drivers To Choose From: 'Chill, Standard And Hurry'","Tesla CEO Elon Musk on Friday said that its full self-driving (FSD) driver assistance software will have three modes in the future, namely &#39;chill,&#39; &#39;standard,&#39; and &#39;hurry.&#39;",0.000010497707990
2024-06-01 07:46:20+00:00,57% Of Investors Expect Elon Musk's $56B Pay Package To Be Approved As Tesla Inches Closer To Vote: Poll,Survey finds investors expect Tesla CEO Elon Musk&#39;s 2018 pay package to be reinstated by shareholder vote.,0.986578480224125
2024-06-03 16:43:58+00:00,"India Stocks Hit High On Modi Landslide, Mexican Peso Slips On Election, AI Advancements","To gain an edge, this is what you need to know today.

",0.596820369362831
2024-06-03 17:35:17+00:00,10 Consumer Discretionary Stocks With Whale Alerts In Today's Session, ,-0.923527528066188
2024-06-04 17:35:17+00:00,10 Consumer Discretionary Stocks Whale Activity In Today's Session, ,-0.000783515504736
2024-06-04 18:17:42+00:00,"Elon Musk Says, 'Of the roughly $10B in AI-related expenditures I said Tesla would make this year, about half is internal, primarily the Tesla-designed AI inference computer and sensors present in all of our cars, plus Dojo. For building the AI training superclusters, NVidia hardware is about 2/3 of the cost. My current best guess for Nvidia purchases by Tesla are $3B to $4B this year.' In A Post On X",,0.000008920746041
2024-06-05 18:33:08+00:00,GM And Ford Show Electric Pickups And SUVs Refute The EV Slowdown,"General Motors (NYSE: GM) CEO Mary Barra assured investors that electrification is well underway with May being GM’s best ever EV sales month, defying the slowdown even the EV king, Tesla Inc (NASDAQ: TSLA), is struggling with.",0.997261140844785
2024-06-05 19:16:21+00:00,Tesla's FSD Subscribers Halt Subscriptions Over Lack of New Software Features,"Tesla&#39;s (NASDAQ: TSLA) latest Full Self-Driving (FSD) updates, V12.3 and V12.4, have left some subscribers frustrated.",-0.996731251187157
2024-06-06 17:35:16+00:00,10 Consumer Discretionary Stocks With Whale Alerts In Today's Session, ,-0.923527528066188
2024-06-06 17:42:17+00:00,"Tesla Rival Rivian Rolls Out Next-Gen R1S And R1T: Enhanced Performance, Design, And Tech Start At $69,900","Rivian debuts upgraded R1S SUV and R1T pickup, boasting advanced performance and design, priced from $69,900, challenging Tesla&#39;s dominance.",0.994802854809677
2024-06-07 17:35:16+00:00,10 Consumer Discretionary Stocks Whale Activity In Today's Session, ,-0.000783515504736
2024-06-07 18:03:05+00:00,"U.S. NHTSA Is Finalizing Vehicle Fuel Economy Rules Through 2031 That Are Less Stringent Than What Biden Administration Originally Proposed; NHTSA Says Final Fuel Economy Rule Projected To Cost Auto Industry Up To $1.8B In Fines Through 2031, Down From Over $10B",,-0.995132830459625
2024-06-08 13:36:49+00:00,"Tesla Chair's Ultimatum On June 13, Rivian Refreshes R1 Lineups, Nikola Gets Green Light For Reverse Split And More: Biggest EV Stories Of The Week",EV makers continue to nurse the wounds inflicted by an inclement economy and are plotting strategies to navigate the storm.,0.001499001053162
2024-06-08 14:15:19+00:00,Tesla Tequila Is Back: Here's How Much Latest Collectible Will Cost You,Tesla has reintroduced tequila in collectible lightning-shaped bottles. Here&#39;s how you can get one and how much it will cost you.,0.000159696886840
2024-06-09 15:58:42+00:00,"Musk Urges Tesla Shareholders To Vote, Says Too Much Of The Stock Market Is Controlled by ISS And Glass Lewis: 'Zero Economic Alignment With Actual Shareholders'",Tesla Inc (NASDAQ: TSLA) CEO Elon Musk is urging shareholders to cast their votes on their shares by offering them an opportunity to win a personal tour of the company&#39;s Texas facility.,0.000123908735986
2024-06-09 19:21:12+00:00,Musk Puts Brakes On Anticipated Tesla Model Y Refresh: 'No Model Y 'Refresh' Is Coming Out This Year',Tesla CEO Elon Musk has confirmed that the company will not be launching a refreshed Model Y this year.,-0.002066380606266
2024-06-10 17:35:22+00:00,10 Consumer Discretionary Stocks With Whale Alerts In Today's Session, ,-0.923527528066188
2024-06-10 19:23:16+00:00,California DMV's False Autopilot Marketing Case Against Tesla Moves Forward,,0.000581416970817
2024-06-11 18:19:59+00:00,"AI Will Save Time, Revolutionize Advertising, Says Cathie Wood's ARK Invest Report","Enthusiasm over AI has boosted Invesco QQQ ETF&#39;s returns. ARK Invest&#39;s report predicts faster consumer AI adoption, $9 trillion in consumption, and advertising opportunities.",0.999452667019796
2024-06-11 18:57:27+00:00,Tesla Stock Is Sliding Tuesday: What's Going On?,"Tesla Inc (NASDAQ:TSLA) shares are trading lower ahead of the company&#39;s annual shareholder meeting this week, which includes a proposal regarding CEO Elon Musk&#39;s 2018 pay package.",-0.996054427727358
2024-06-12 17:35:16+00:00,10 Consumer Discretionary Stocks Whale Activity In Today's Session, ,-0.000783515504736
2024-06-12 18:38:28+00:00,Oracle's Cloud Efforts Receive A Much-Needed Validation,"On Tuesday, Oracle Corporation (NYSE: ORCL) posted its fiscal fourth-quarter earnings that were below estimates. But, known for its database software, Oracle went all in to expand its cloud infrastructure unit to compete with Amazon.com Inc (NASDAQ: ",-0.986331288237125
2024-06-13 17:51:25+00:00,Nancy Tengler CIO Of Laffer Tengler Investments Says Voted For Musk Pay Package,,0.000164352255524
2024-06-13 18:07:39+00:00,Why Signet Jewelers Shares Are Trading Lower By Over 12%? Here Are Other Stocks Moving In Thursday's Mid-Day Session, ,-0.996777838736307
2024-06-14 18:36:36+00:00,Tech Innovation To Solve EV Challenges,"Tesla Inc (NASDAQ: TSLA) got the lead on the EV front as a pioneer with Elon Musk’s visionary leadership. But regulatory challenges, competition and an unfavorable macroeconomic environment made the ambitious Tesla focus on making an affordable vehicle while autonomous driving remains work in progress.",0.994110125117004
2024-06-14 18:41:44+00:00,Tesla's Top Rival BYD Unveils Latest EV Model Under Fang Cheng Bao Lineup: Report,"BYD&#39;s Fang Cheng Bao debuts Bao 3, labeled as the production version of the Super 3 concept, featuring nine images showcasing its electric prowess.",0.000014468270820
2024-06-15 13:21:24+00:00,"Benzinga Bulls And Bears: GameStop, Apple, Tesla, Bitcoin And Raoul Pal's Dogecoin ETF Prediction",Benzinga examined the prospects for many investors’ favorite stocks over the last week — here’s a look at some of our top stories.,-0.000003736480721
2024-06-15 14:53:23+00:00,"Elon Musk's 'Super Difficult' Tesla Goal, Fisker's Troubles Just Got Worse, Faraday Future Eyes Affordable Segment And More: Biggest EV Stories Of The Week",The precarious state of the EV market was highlighted once again as Arrival plc announced its filing for bankruptcy in a Luxembourg court.,-0.990564166917466
2024-06-16 09:21:10+00:00,"Apple's AI Endeavors, iOS 18, And A Spat With Elon Musk: This Week In Appleverse","Tech news: Apple&#39;s AI-powered features, iOS 18 update, OpenAI partnership and Steve Wozniak&#39;s take on AI. Elon Musk criticizes partnership.",-0.000380340497941
2024-06-16 12:30:16+00:00,"Apple's AI Privacy Measures, Elon Musk's Robot Prediction, And More: This Week In Artificial Intelligence",Apple and Tesla dominate tech news with new AI privacy measures and predictions of a robot population boom. OpenAI accused of hindering AI progress.,0.009237358346581
2024-06-17 19:25:58+00:00,Tesla's Boardroom Dynamics Could Impact Its Stock Performance Amidst CEO Elon Musk's Record-Breaking $44bn Compensation Package,"
	Tesla shareholders have approved a $44 billion pay package for CEO Elon Musk.
	Tesla&#39;s stock has dropped 28% year-to-date and 55% from its 2021 all-time high.


",-0.996780767221935
2024-06-17 19:39:40+00:00,"Watching Shares Of Tesla, Elon Musk Post On X, ""Working on the Tesla Master Plan 4. It will be epic.""",,0.000478658090287
2024-06-18 16:18:51+00:00,"GLJ Research Reiterates Sell on Tesla, Maintains $22.86 Price Target",,0.999008076440077
2024-06-18 17:35:15+00:00,10 Consumer Discretionary Stocks Whale Activity In Today's Session, ,-0.000783515504736
2024-06-19 12:20:00+00:00,Is Elon Musk Poaching Talent From His Own Companies? xAI Reportedly Sees Influx Of Former Tesla Employees,"Elon Musk&#39;s artificial intelligence startup, xAI, has recently seen an influx of former Tesla Inc employees. This move has sparked controversy, with some accusing Musk of using Tesla as a talent pool for his other ventures.",0.994870331196580
2024-06-19 17:35:20+00:00,10 Consumer Discretionary Stocks With Whale Alerts In Today's Session, ,-0.923527528066188
2024-06-20 17:50:48+00:00,EV Slowdown Might Be Undebatable But EV Innovation Is Unstoppable,"At the beginning of June, Rivian Automotive Inc (NASDAQ: RIVN) announced the redesign of its its all-electric R1 pickup and SUV models.",-0.977832476841286
2024-06-20 17:54:28+00:00,"Tesla Analysts See Robotaxi Day Igniting Interest In Other Autonomous Vehicle Players, Service Providers","RBC Capital Markets lowered its price target on Tesla, Inc. (NASDAQ:TSLA) from $293 to $227 Thursday, based on a lower robotaxi segment valuation. Another analyst sees Tesla&#39;s upcoming Robotaxi day boosting a competitor. ",-0.977825928479433
2024-06-21 17:35:17+00:00,10 Consumer Discretionary Stocks With Whale Alerts In Today's Session, ,-0.923527528066188
2024-06-21 19:22:09+00:00,'Tesla has downsized by at least 14% this year after Elon Musk said layoffs would exceed 10%' - CNBC,,-0.997864259290509
2024-06-22 12:55:26+00:00,"Benzinga Bulls And Bears: Nvidia, Trump Media, GameStop, Apple And Dogecoin Faces 'Decision Time'",Benzinga examined the prospects for many investors’ favorite stocks over the last week — here’s a look at some of our top stories.,-0.000064824358560
2024-06-22 13:15:47+00:00,"Tesla Analysts Temper Expectations, Fisker Shuts Down Shop, Nikola's 30-for-1 Reverse Split And More: Biggest EV Stories Of The Week","Standing as a testament to the challenges faced by EV startups, another upstart has gone bankrupt, and those remaining in the industry are also finding the going tough.",-0.995529092906509
2024-06-23 12:06:11+00:00,"Michael Dell On AI's Rapid Rise, Nvidia's AI Party Just Getting Started And More: Top Artificial Intelligence Updates This Week", ,0.559524141659494
2024-06-23 15:50:53+00:00,"What's New In the Consumer Tech World Last Week? News That You Should Know (June 16-June 21, 2024)", ,0.000034798678826
2024-06-24 18:28:32+00:00,"Cantor Fitzgerald Reiterates Overweight on Tesla, Maintains $230 Price Target",,0.995119157014415
2024-06-24 19:05:49+00:00,"While Tesla Slashes Jobs, Apple, Alphabet Raises Executive Salaries By Millions",2024 saw Tesla cutting jobs while Apple and Alphabet gave hefty raises to top executives. Other companies like Dell and Cisco also trimmed their workforce.,0.354490935802460
2024-06-25 17:47:16+00:00,'CDK tells dealers DMS outage won't be resolved before June 30' - Automotive News,,-0.040306985785719
2024-06-25 18:35:33+00:00,"Nvidia Bounces After Touching Mini Support, Wait For Micron Earnings, Airbus Falters","To gain an edge, this is what you need to know today.

",0.999221115838736
2024-06-26 17:51:42+00:00,"Quarter End Window Dressing And Fed's Favorite Inflation Gauge Ahead, Hopes Of Two Rate Cuts In Europe","To gain an edge, this is what you need to know today.

",0.998374680319102
2024-06-26 18:14:59+00:00,"Wall Street Wavers, Nvidia Resumes Losses, Tesla Eyes 4-Month High Close, Amazon Hits $2 Trillion Value: What's Driving Markets Wednesday?","Wall Street experienced a mixed session on Wednesday, as investors adopted a cautious stance following Tuesday’s gains while awaiting key economic data releases later this week, including the Fed’s preferred inflation report due on Friday.",-0.057436525821686
2024-06-27 16:39:01+00:00,Volkswagen Puts Our Rivian Bet In The Black: The Pros And Cons Of Trading Options Versus Stocks,"Novo Nordisk, Carvana, And Now Rivian 

We&#39;ve had bullish moves in three stocks we had bullish bets on this week, and since one is a stock trade and two are different kinds of options trades, this gives us an opportunity to examine the pros and cons of each approach. ",0.993683956534369
2024-06-27 17:35:18+00:00,10 Consumer Discretionary Stocks With Whale Alerts In Today's Session, ,-0.923527528066188
2024-06-28 15:08:46+00:00,"Huge Post Debate Uncertainty For Investors, New Data On Fed's Favorite Inflation Gauge And Personal Spending","To gain an edge, this is what you need to know today.

",0.996631217713002
2024-06-28 17:35:19+00:00,10 Consumer Discretionary Stocks Whale Activity In Today's Session, ,-0.000783515504736
2024-06-29 13:40:50+00:00,"Benzinga Bulls And Bears: Nvidia, Tesla, Microsoft, Microsoft, Dogecoin And Elon Musk Calls Out Boeing's CEO",Benzinga examined the prospects for many investors’ favorite stocks over the last week — here’s a look at some of our top stories.,-0.000044633561629
2024-06-29 13:48:32+00:00,"Tesla Rises Ahead Of Crucial Q2 Deliveries, Rivian Affirms Goal After Volkswagen Deal, Nikola Ropes In Key Customer And More: Biggest EV Stories Of The Week","Rivian received a much-needed cash infusion, which will help the company move forward with next-gen platform plans.",0.999354388055508
2024-07-01 16:24:09+00:00,"Cantor Fitzgerald Reiterates Overweight on Tesla, Maintains $230 Price Target",,0.995119157014415
2024-07-01 17:35:17+00:00,10 Consumer Discretionary Stocks With Whale Alerts In Today's Session, ,-0.923527528066188
2024-07-02 18:18:50+00:00,"Tesla Reports Q2 Deliveries, Joins Rivian Automotive, Archer Aviation And Other Big Stocks Moving Higher On Tuesday", ,0.998764041301911
2024-07-02 19:27:05+00:00,What's Going On With BYD Shares Tuesday?,BYD Company (OTC: BYDDY) shares are trading higher Tuesday afternoon. Here&#39;s what you need to know.,0.974065783288097
2024-07-03 17:35:29+00:00,10 Consumer Discretionary Stocks Whale Activity In Today's Session, ,-0.000783515504736
2024-07-03 18:16:14+00:00,"Tesla Energy Draws Attention, Praise From Analysts, With Potential AI Boom: 'Gaining Market Share Or The Entire Market Is Growing Dramatically In 2024'",Tesla is known best for its electric vehicles. Analysts may be shifting attention to the company&#39;s energy storage business after a record Q2.,0.999361825146480
2024-07-04 17:35:19+00:00,10 Consumer Discretionary Stocks Whale Activity In Today's Session, ,-0.000783515504736
2024-07-04 19:18:13+00:00,"AI Has 'The Hallmarks Of An Inflating Bubble,' Warns Veteran Wall Street Investor","Word to the wise: Ed Yardeni, in a July 4 note, warns his clients: &#34;Too much capital can end even the best of parties.&#34;",-0.989570235949941
2024-07-05 17:35:17+00:00,10 Consumer Discretionary Stocks Whale Activity In Today's Session, ,-0.000783515504736
2024-07-05 17:45:59+00:00,"Elon Musk Argues Mistake, Not Fraud, In Twitter Stake Disclosure Lawsuit","Elon Musk seeks to dismiss a lawsuit from former Twitter shareholders, arguing the delay in disclosing his 9.2% stake was unintentional. Shareholders claim Musk violated SEC rules, buying more shares at lower prices.",-0.412252594716847
2024-07-06 13:27:41+00:00,"Benzinga Bulls And Bears: Tesla, Nvidia, Palantir And Trader Predicts 'Huge Rebound' For Dogecoin",Benzinga examined the prospects for many investors’ favorite stocks over the last week — here’s a look at some of our top stories.,0.999068797653308
2024-07-06 15:13:04+00:00,"Tesla Stock At 6-Month High, Orders Trickle In For Canoo, Nio CFO Departs And More: Biggest EV Stories Of The Week","The EV makers are not out of the woods yet, but green shoots of recovery are evident among major players following an industry shakeout.",0.998123514349572
2024-07-07 13:30:50+00:00,"Nvidia's Dominance, AI Investments, And A Predicted Market Crash: This Week In Artificial Intelligence","Nvidia&#39;s Impressive Performance, Elon Musk&#39;s Massive Investment in AI, and more. Vistra Corp. tops list of best-performing S&amp;P 500 stocks.",0.960419571027160
2024-07-07 17:43:54+00:00,Tesla And Reddit Were Among 12 Large Cap Stocks With Strongest Performance In The Last Week (June 30-July 6): Details,"Top performing stocks last week: SIRI, TSLA, PARAA, RDDT, LI, IOT, KB, SHG, MDB, SCCO, ZS, NIO. Did you have them in your portfolio?",0.999042282594019
2024-07-08 17:35:18+00:00,10 Consumer Discretionary Stocks Whale Activity In Today's Session, ,-0.000783515504736
2024-07-08 18:00:46+00:00,"'He Floats Like A Butterfly': Jim Cramer Compares Elon Musk To Muhammad Ali, Explains Recent Rally In Tesla Stock","Even when Tesla is down, you can&#39;t count the company out, according to Jim Cramer, who suggested Monday that CEO Elon Musk is to business what legendary heavyweight Muhammad Ali is to boxing.",0.000063850806328
2024-07-09 18:21:40+00:00,Stock Markets Keep Hitting Record Highs: What's Driving The Action?,"Stock markets continue to reach record highs, driven by financial, consumer discretionary, and utilities sectors.",0.998540683765896
2024-07-09 18:48:00+00:00,"Reported Earlier, 'Tesla's Share of U.S. Electric Car Market Falls Below 50%' - NYT",,-0.997162816522177
2024-07-10 17:35:19+00:00,10 Consumer Discretionary Stocks Whale Activity In Today's Session, ,-0.000783515504736
2024-07-10 19:31:20+00:00,"'Warren Buffett Indicator' Sounds Alarm: Stock Market Levels Now Surpass Dot-Com Bubble, Great Financial Crisis",Berkshire Hathaway CEO Warren Buffett has a tried and true method for determining if stocks are overvalued - the &#39;Warren Buffett Indicator&#39;.,-0.367816150188446
2024-07-11 17:35:18+00:00,10 Consumer Discretionary Stocks With Whale Alerts In Today's Session, ,-0.923527528066188
2024-07-11 18:19:44+00:00,"Uber, Lyft Shares Rally As Tesla Stock Tumbles: What's Going On?",Uber Technologies Inc (NYSE:UBER) and Lyft Inc (NASDAQ:LYFT) shares are racing higher Thursday following a report suggesting Tesla Inc (NASDAQ:TSLA) will delay its robotaxi unveiling.,0.998797949054278
2024-07-12 19:04:43+00:00,Ford Motor Shares Are Trading Higher: Here's What You Need To Know,"Shares of Ford Motor Company (NYSE: F) are moving higher on Friday, potentially driven by several positive developments announced during the week.",0.999354300845880
2024-07-12 19:39:49+00:00,"AI Super Bulls Pay Attention To The Biggest Divergence Since 2001, TSLA Call Buyers Crushed","To gain an edge, this is what you need to know today.

",0.934608265757561
2024-07-13 13:34:10+00:00,"Benzinga Bulls And Bears: Apple, Nvidia, Palantir, MicroStrategy And Shiba Inu's Ambitious Trillion-Dollar Vision","Benzinga examined the prospects for many investors’ favorite stocks over the last week — here’s a look at some of our top stories.



The Dow led the market with a 1.6% weekly gain, while a sharp sell-off in tech stocks limited the Nasdaq’s increase to 0.2%, and the S&amp;P 500 rose by 0.9%. ",0.999267056293320
2024-07-13 15:16:13+00:00,"Tesla Q2 EPS Estimate Bumped Up, Rivian's Cold Shoulder To Union, Lucid's 70% Sales Jump And More: Biggest EV Stories Of The Week",EV fundamentals continue to bounce around the bottom with companies awaiting an inflection in demand and a respite from price cuts.,0.999172329611611
2024-07-14 13:19:12+00:00,"Elon Musk Beats Buffett, Bezos And Gates As Top Pick For Lunch By 56% of Benzinga Followers – But EV Talk Isn't On The Menu","A Benzinga poll found that investors favored a potential lunch with Elon Musk over one with Jeff Bezos, Bill Gates or Warren Buffett.",0.966247244738042
2024-07-14 19:00:52+00:00,"Tim Cook, Mark Cuban, Elon Musk, Jeff Bezos And Other Tech Leaders Respond To Trump Rally Shooting","In the wake of a shooting at former President Donald Trump&#39;s recent rally, numerous tech industry leaders and billionaires have come forward to voice their reactions.",-0.000110232809675
2024-07-15 17:35:18+00:00,10 Consumer Discretionary Stocks With Whale Alerts In Today's Session, ,-0.923527528066188
2024-07-15 18:04:12+00:00,"Tesla Threat Reduced For Uber And Lyft , Stocks Also Benefit from Higher Prices and Shorter Wait Times: Analyst","Analyst reiterates Buy for Uber, with $90 price target. Notes strong pricing trends, competition fears lowered, and profit growth potential.",0.998682802310213
2024-07-16 17:35:17+00:00,10 Consumer Discretionary Stocks Whale Activity In Today's Session, ,-0.000783515504736
2024-07-16 19:16:10+00:00,"Elon Musk Post On X, ""Because of this law and the many others that preceded it, attacking both families and companies, SpaceX will now move its HQ from Hawthorne, California, to Starbase, Texas.""",,-0.000238634733250
2024-07-17 02:00:30+00:00,"Bernie Sanders Slams Elon Musk's Reported $45M Donations To Trump Campaign: 'We Need A Government That Represents All, Not Just Billionaires'", ,-0.010996807366610
2024-07-17 17:35:17+00:00,10 Consumer Discretionary Stocks With Whale Alerts In Today's Session, ,-0.923527528066188
2024-07-18 18:58:09+00:00,"California EV Subsidies Made Tesla What It Is, But Elon Musk Is Ready To Cut Them Off: 'Remove Subsidies From All Industries'",Tesla and California Gov. Gavin Newsom are in a public dispute after Musk announced he&#39;s moving SpaceX and X headquarters to Texas.,-0.005816366872750
2024-07-18 19:14:10+00:00,"Morgan Stanley Reiterates Overweight on Tesla, Maintains $310 Price Target",,0.997780742356554
2024-07-19 18:15:49+00:00,What's Going On With Rivian Stock?,Rivian Automotive shares are trading lower with the broader market Friday. The stock remains up by nearly 50% over the past month. Here&#39;s a look at what&#39;s going on:,0.999254573136568
2024-07-19 18:42:29+00:00,"Tesla Increases Price Of Model X Plaid To $94,990 From $92,990; Increases Price Of Model X All Wheel Drive To $79,990 From $77,990; Increases Price Of Model S All Wheel Drive To $74,990 From $72,990; Tesla Increases Price Of Model S Plaid To $89,990 From $87,990",,0.997110751137370
2024-07-20 15:22:08+00:00,"Trump Pours Cold Water On Industry, Tesla Falls Ahead Of Earnings Week, Ford's Step-back In EV Plans And More: Biggest EV Stories Of The Week","Even as EV companies struggle to find a footing, they could be in for more trouble amid the developments on the geopolitical front.",-0.996292663388886
2024-07-20 19:26:16+00:00,"Tesla's Elon Musk Recently Pledged A Huge Donation To Donald Trump, And The Ex-President Returned The Favor By Criticizing EVs At The RNC","Former President Donald Trump has been accused of betraying Tesla CEO Elon Musk, despite receiving a $180 million donation from Musk for his campaign.",0.997302909905557
2024-07-21 08:03:14+00:00,"Nvidia's Potential $50 Trillion Valuation, Tesla And xAI's AI Expansion Plans, And Microsoft's Trillion-Dollar Tech: This Week In Artificial Intelligence","The week saw major tech developments, from Nvidia&#39;s potential $50 trillion market cap to calls for data center overhaul and Microsoft&#39;s iPhone moment.",0.049453713843832
2024-07-22 18:08:09+00:00,"Cantor Fitzgerald Reiterates Overweight on Tesla, Maintains $230 Price Target",,0.995119157014415
2024-07-22 19:25:03+00:00,"Tesla Q2 Earnings Preview: Analyst Estimates, Key Items To Watch, Can 'Major Turning Point' In Bull Case Continue?",Tesla has missed revenue and earnings per share estimates from analysts in three straight quarters. Could the Q2 report show a turnaround in play?,-0.947200687602162
2024-07-23 18:29:07+00:00,"Mark Zuckerberg Takes Aim At Elon Musk, Sam Altman With Big AI Aspirations Through Meta's Latest Llama Model","Mark Zuckerberg&#39;s Meta Platforms is training Llama model with user posts, says collaboration among American tech companies important for AI innovation.",0.000054731808632
2024-07-23 18:51:14+00:00,Tesla's Shifts Gears With A Solid Recovery Of 27% In July As Q2 Earnings Approach,"
	Tesla is scheduled to announce its second-quarter earnings this Tuesday after market close, following a challenging first quarter.
	Tesla&#39;s stock has recently shown signs of recovery, increasing 27% in July after a 10% rise in June.


",0.999367532815086
2024-07-24 18:53:31+00:00,"Tesla Gets Green Light From Canadian Government To Deploy Steer-By-Wire System, Clearing Path For Cybertruck Sales (CORRECTED)",EV giant Tesla Inc has crossed an important milestone on the way to rolling out its stainless steel Cybertruck in the neighboring country of Canada.,0.999161393207032
2024-07-24 19:19:54+00:00,"Guggenheim Reiterates Sell on Tesla, Maintains $134 Price Target",,0.998767154960660
2024-07-25 17:35:18+00:00,10 Consumer Discretionary Stocks Whale Activity In Today's Session, ,-0.000783515504736
2024-07-25 17:48:05+00:00,Tesla Issues Warning Against Using Wet Towels To Speed Up Supercharging,Tesla has issued a cautionary statement regarding a trending practice of placing wet towels around Supercharger connectors to accelerate the charging process.,-0.979043181752786
2024-07-26 18:22:04+00:00,Why XPeng Shares Are Gaining Today,XPeng CEO Xiaopeng He revealed plans for a competitive Robotaxi launch in 2026. The company&#39;s stock is up over 4%.,0.999543190904660
2024-07-26 19:23:03+00:00,"Argus Research Reiterates Buy on Tesla, Maintains $286 Price Target",,0.999256622249959
2024-07-27 15:59:17+00:00,"Benzinga Bulls And Bears: Tesla, AMC, Meta And Crypto Analyst Predicts Dogecoin Will Follow Historical Pattern",Benzinga examined the prospects for many investors’ favorite stocks over the last week. Here’s a look at some of our top stories.,0.000048899673857
2024-07-27 18:40:19+00:00,What A Second Trump Presidency Would Mean For Elon Musk And His Many Ventures,"The future of Elon Musk&#39;s business endeavors, including Tesla, SpaceX, and X (formerly Twitter), could rest on the outcome of the 2024 presidential election.",-0.000015792014892
2024-07-28 09:28:14+00:00,"Elon Musk's AI Ambitions, Mark Zuckerberg's Apple Critique, And Taiwan's $100B Economic Reform: This Week In AI","Exciting developments in tech world: Musk&#39;s AI plans, Zuckerberg&#39;s dig at Apple, Taiwan&#39;s economic reform. Musk&#39;s xAI and Nvidia launch powerful AI cluster.",0.000168970298546
2024-07-29 15:03:13+00:00,"Benzinga Market Summary: Bitcoin Rises On Trump Backing, McDonald's Reverses Course After Earnings Miss, Morgan Stanley Reiterates Bull Rating On Tesla",,0.998721776239108
2024-07-29 19:03:57+00:00,Big Tech Stocks Poised For 'Gold Medals' As They Ride AI Wave Into Earnings,"Big Tech earnings this week seen as a major positive catalyst for the sector, with potential for 15%-20% stock growth in 2021-2025 due to AI investments.",0.999393363308627
2024-07-30 17:58:15+00:00,Cooper-Standard Set for Significant Growth Amid Auto Industry Recovery,"Thesis: Cooper-Standard (NYSE: CPS) is an auto parts supplier focused on sealing systems, fuel/brake delivery, and fluid transfer systems.",0.999199992598733
2024-07-30 18:25:15+00:00,"Dell, Nvidia, AMD Stocks Tumble As Semiconductor Rally Stalls","In 2024, computer and semiconductor companies like Dell, Nvidia, and AMD saw a surge due to AI hype but have since dropped by 5%. Possible reasons include overvaluation and doubts about AI&#39;s benefits.",-0.992706393124536
2024-07-31 17:35:17+00:00,10 Consumer Discretionary Stocks With Whale Alerts In Today's Session, ,-0.923527528066188
2024-07-31 19:15:54+00:00,What's In Store For Uber In Q2? Analyst Sees 21% Bookings Growth,"Uber aims to boost sentiment by highlighting Tesla&#39;s robotaxi delay, its Costco delivery partnership, and recent favorable legal outcomes.",0.999409256328363
2024-08-01 17:35:18+00:00,10 Consumer Discretionary Stocks With Whale Alerts In Today's Session, ,-0.923527528066188
2024-08-01 19:36:40+00:00,Wall Street Analyst Predicts End To Tech Rout: 'Much Of The Selloff May Be In The Rearview Mirror',Jerome Powell&#39;s hint of a rate cut in September led to a tech sell-off on disappointing data and earnings. Some still see buying opportunities.,-0.993818945484236
2024-08-02 14:30:48+00:00,"Market Clubhouse Morning Memo - August 2nd, 2024 (Trade Strategy For SPY, QQQ, AAPL, MSFT, NVDA, GOOGL, META And TSLA)","Good Morning Traders! In today&#39;s Market Clubhouse Morning Memo, we will discuss SPY, QQQ, AAPL, MSFT, NVDA, GOOGL, META, and TSLA.",0.000010383104382
2024-08-02 17:35:21+00:00,10 Consumer Discretionary Stocks With Whale Alerts In Today's Session, ,-0.923527528066188
2024-08-03 12:57:34+00:00,"Benzinga Bulls And Bears: Tesla, Microsoft, Intel, CrowdStrike And Crypto Trader Says Dogecoin's Bull Run Has 'Not Even Begun Yet'",Benzinga examined the prospects for many investors’ favorite stocks over the last week — here’s a look at some of our top stories.,0.008686666842550
2024-08-03 17:30:11+00:00,"Elon Musk's FSD Update, Uber Ties Up With Tesla Rival, Lucid Readying For Gravity Launch And More: Biggest EV Stories Of The Week",Electric-vehicle stocks came under selling pressure in the week ended Aug. 2 amid the broader market meltdown.,-0.994584071915597
2024-08-04 15:33:40+00:00,Chevron Uproots From California To Texas In Sign Of Rising Trend Among Corporations,"Chevron, a stalwart of California since 1879, is the latest major corporation to plan a move to Texas.",0.997244405123638
2024-08-05 18:43:25+00:00,"Cantor Fitzgerald Reiterates Neutral on Tesla, Maintains $245 Price Target",,0.997061540925642
2024-08-05 18:53:36+00:00,"Nvidia, Microsoft, Apple, Amazon Erase $1.1 Trillion In Monday Sell-Off: Bubble Burst Or Market Correction?",Battered tech sector suffers as global sell-off pulls markets towards bear territory. US unemployment uptick reignites recession fears. Nasdaq Composite worst hit.,-0.997718980011996
2024-08-06 17:35:16+00:00,10 Consumer Discretionary Stocks With Whale Alerts In Today's Session, ,-0.923527528066188
2024-08-06 18:49:43+00:00,Uber Surpasses Estimates And Shares Autonomous Vehicle Optimism,"On Tuesday, Uber Technologies (NYSE: UBER) reported its second quarter results that surpassed Wall Street estimates. In addition, Uber recorded a sixfold increase in autonomous rides through its collaborations with 10 partners that span across different segments. ",0.999441699372255
2024-08-07 13:29:23+00:00,What's Going On With Sunrun Stock Wednesday?,Sunrun Inc (NASDAQ:RUN) shares are surging Wednesday after the company reported better-than-expected financial results for the second quarter and announced a partnership with Tesla Inc (NASDAQ:TSLA) to support Texas&#39;s power grid.,0.999428226496093
2024-08-07 17:35:18+00:00,10 Consumer Discretionary Stocks Whale Activity In Today's Session, ,-0.000783515504736
2024-08-08 17:35:24+00:00,10 Consumer Discretionary Stocks With Whale Alerts In Today's Session, ,-0.923527528066188
2024-08-08 19:32:18+00:00,Rivian And Lucid Show That Wealthy Backers Are The Only Chance For Survival Of EV-Only Companies,"The latest earnings reports from Rivian Automotive (NASDAQ: RIVN) and Lucid Group Inc (NASDAQ: LCID) made two things clear. The first is that pure play EV makers are continuing to struggle, burning a ton of cash along the way.",-0.994212177058216
2024-08-09 16:01:29+00:00,Power Of Oversold Bounce Overcomes Another Weak Treasury Auction,"



To gain an edge, this is what you need to know today.",0.996305355103686
2024-08-09 17:35:20+00:00,10 Consumer Discretionary Stocks Whale Activity In Today's Session, ,-0.000783515504736
2024-08-10 13:00:24+00:00,"Benzinga Bulls And Bears: Palantir, Nvidia, Tesla, Alphabet And Crypto Trader Says This 'Should Be The Bottom' For Dogecoin","Benzinga&#39;s top stories last week include bullish and bearish posts on popular stocks, such as Palantir, Dogecoin, Robinhood, and Nvidia.",-0.615711132064462
2024-08-10 13:30:18+00:00,"Elizabeth Warren Rips Tesla Board Over Elon Musk, Lucid Gets Massive Cash Infusion, Rivian Reaps Cost Cut Benefits And More: Biggest EV Stories Of The Week","EV market fundamentals are stabilizing, but the sector did not sidestep this week&#39;s market sell-off.",0.999067465483677
2024-08-12 17:35:16+00:00,10 Consumer Discretionary Stocks Whale Activity In Today's Session, ,-0.000783515504736
2024-08-12 18:33:31+00:00,"Tesla Rides Holiday Wave, Incentives In China: Will Q3 Deliveries Spike?",Tesla could have a strong month for deliveries in China thanks to a holiday and financing incentives.,0.999470358714461
2024-08-13 17:35:18+00:00,10 Consumer Discretionary Stocks With Whale Alerts In Today's Session, ,-0.923527528066188
2024-08-13 19:17:15+00:00,"Musk, Trump Hit With UAW Labor Charges Following Union-Busting Remarks: Tesla CEO Suggests UAW President Could Land In Prison",Tesla CEO Elon Musk could be in trouble for comments he made about busting unions during an interview with Donald Trump.,-0.985945770516992
2024-08-14 17:35:12+00:00,10 Consumer Discretionary Stocks Whale Activity In Today's Session, ,-0.000783515504736
2024-08-14 19:17:56+00:00,The Final Countdown For Tesla, ,-0.000017741622287
2024-08-15 18:54:08+00:00,There's More To The EV Story Than The Slowdown,The EV slowdown has been in the air since the year began.,-0.033209032786544
2024-08-15 19:32:10+00:00,Three New Pieces Of Data Trigger Aggressive Buying In Nvidia And AI Stocks,"



To gain an edge, this is what you need to know today.",0.998226219380740
2024-08-16 13:48:04+00:00,Behind the Scenes of Tesla's Latest Options Trends, ,-0.000001884785888
2024-08-16 17:35:19+00:00,10 Consumer Discretionary Stocks With Whale Alerts In Today's Session, ,-0.923527528066188
2024-08-17 13:00:24+00:00,"Benzinga Bulls And Bears: Nvidia, Tesla, Google, Chipotle — And Chuck Schumer Assures Mark Cuban Of Crypto Regulation","Benzinga examined the prospects for many investors’ favorite stocks over the last week. Here’s a look at some of our top stories.



The S&amp;P 500 gained nearly 3.9% this week, marking its best performance since November 2023, while the Nasdaq rose 5.2%, and the Dow advanced 2.9%. ",0.999474783602636
2024-08-17 19:15:17+00:00,Elon Musk's Controversial Civil War Prophecy: Is Europe On The Edge?,Elon Musk has been stirring controversy with his repeated predictions of a civil war in Europe.,-0.865654642228037
2024-08-18 17:30:23+00:00,"Consumer Tech News (Aug 11-Aug 17): Research Says TikTok Favors Chinese Government, Apple Plans Thinner Version Of iPhone 17 & More",A study  suggests that ByteDance-owned social media platform TikTok&#39;s algorithm promotes content favoring the Chinese government.,0.101870222191792
2024-08-18 19:15:36+00:00,"Putin Ally Unveils Tesla Cybertruck With Machine Gun, Invites Musk To Russia","Ramzan Kadyrov, the leader of Chechnya and a close ally of Vladimir Putin, has unveiled a Tesla Cybertruck equipped with what appears to be a machine gun.",0.002006710143178
2024-08-19 18:07:47+00:00,"Cantor Fitzgerald Reiterates Neutral on Tesla, Maintains $245 Price Target",,0.997061540925642
2024-08-19 19:28:08+00:00,"Auto Stocks, Abortion, Health Care In Spotlight At DNC: Joe Biden, UAW President, Women Affected By Roe V. Wade Decision Headline Night 1",The first night of the Democratic National Convention (DNC) could have investors eyeing sectors like healthcare and automotive after key speeches.,0.005205968715018
2024-08-20 18:10:08+00:00,Uber Hires Tesla Veteran Who Was Previously Laid Off By Elon Musk: Report,Uber stock dips as the company hires former Tesla executive Rebecca Tinucci to lead its transition to a zero-emissions platform.,-0.997357387968805
2024-08-20 18:31:21+00:00,"Toyota To Test Tesla-Style EV Gigacasting Machine At Japan Plant This Year, Starting With Lexus LF-ZC EV Launch In 2026; Gigacasting Machine To Deliver 9,000 Tonnes Of Clamping Pressure",,0.000007841168554
2024-08-21 15:46:52+00:00,"Nvidia Fever Stops Rising, Target Shows Consumer Resilient, Annual Jobs Revision May Move Markets","To gain an edge, this is what you need to know today.",0.999300781433703
2024-08-21 17:28:48+00:00,Tesla's Strategic Moves Amid EU Tariff Decisions Propel Its Stock Performance Up 22%,"
	Tesla faces a 9% tariff for its cars produced in China.
	The tariffs are aimed at countering unfair competitive advantages conferred by Chinese state subsidies.
	Tesla&#39;s stock has bounced back, with a noticeable rise in share price, indicating investor confidence.


",0.999410291202366
2024-08-22 19:20:21+00:00,"2 Railway Strikes, 3 US Sectors In Trouble: $277B In Goods At Stake As Canadian Unions Call For New Contracts","Railway strike could impact sectors relying on goods from CNR and CP. Auto, timber, and grain companies in jeopardy?",-0.993908211879898
2024-08-22 19:38:32+00:00,Tesla Shares Are Trading Lower: What You Need To Know,"Tesla, Inc. (NASDAQ: TSLA) shares fell Thursday a mix of broader industry developments and company-specific issues weighed on investor sentiment. Here&#39;s what you need to know.",-0.997034428117331
2024-08-23 17:08:33+00:00,Uber's Partnership With GM's Cruise Shines Light On Future Business Model For Autonomous Car Makers,"Uber partners with Cruise, a GM-owned AV operator, to expand its autonomous ride-hailing business. More partnerships expected in the near future.",0.997618837966002
2024-08-23 17:35:20+00:00,10 Consumer Discretionary Stocks Whale Activity In Today's Session, ,-0.000783515504736
2024-08-24 14:00:30+00:00,"Tesla Gets Relief In Europe, Ford's Electrification Struggles, Lucid Boasts Of Tech Leadership And More: Biggest EV Stories Of The Week","The struggles of the EV industry is evident from developments in the space, with a tech analysts stating that we are in the &#34;dead of an EV winter.&#34;",-0.980890374630690
2024-08-24 18:15:20+00:00,Royal Society May Consider Expelling Elon Musk: Has He Gone Too Far?,The Royal Society is reportedly under pressure to expel Elon Musk from its fellowship amid concerns over his controversial statements and potential impact on the institution&#39;s reputation.,-0.984044795273803
2024-08-25 13:00:22+00:00,"Boston Dynamics' Atlas, Tesla's AI Edge, Amazon's Q AI Assistant, And More: This Week In Artificial Intelligence","From Boston Dynamics&#39; humanoid robot, Atlas, showing off its warm-up routine to Tesla&#39;s AI prowess being hailed by Elon Musk&#39;s biographer, there&#39;s plenty to catch up on.",0.000171743904502
2024-08-26 17:35:17+00:00,10 Consumer Discretionary Stocks With Whale Alerts In Today's Session, ,-0.923527528066188
2024-08-26 17:36:33+00:00,"Pay Attention To Protecting Your Wealth, Trouble In Libya Impacts The U.S.","To gain an edge, this is what you need to know today.",0.995895182684762
2024-08-27 18:54:12+00:00,Tesla Energy Highlights Texas Battery Power Milestone: Could Powerwall Have Moment In Spotlight?,Tesla Energy is helping Texas set new milestones for energy storage. Here&#39;s how Tesla&#39;s Powerwall could be its underappreciated growth driver.,0.998560416584951
2024-08-27 19:36:44+00:00,Tesla Shares Are Trading Lower Today: What You Need To Know,"Tesla Inc. (NASDAQ: TSLA) shares are trading lower Tuesday. The decline follows an announcement by Canadian Prime Minister Justin Trudeau regarding a 100% tariff on electric vehicles (EVs) imported from China. This tariff impacts Tesla, as vehicle identification codes reveal that Model 3 sedans and Model Y crossovers have been exported from Tesla&#39;s Shanghai factory to Canada.",-0.996724872558843
2024-08-28 18:02:04+00:00,Tesla's LiDAR Mystery! Is a Model X Sporting Lidar Technology Despite Its Denouncement?,"Tesla&#39;s LiDAR Mystery!  Is a Model X Sporting the Technology Despite Its Denouncement?
A Tesla, Inc. (NASDAQ: TSLA) Model X testing mule, spotted in Northern California ahead of the company&#39;s Robotaxi event on October 10, was equipped with a LiDAR rig, despite Tesla&#39;s stance that LiDAR is not needed for Full Self-Driving.
Tesla has adopted a Vision-based approach for its electric vehicles, eliminating LiDAR and even ultrasonic sensors, reported Teslarati. 
The company relies solely on exterior cameras for its Full Self-Driving suite, with CEO Elon Musk emphasizing that no additional technology is needed for success in this area.
Also Read: Xpeng Follows Tesla&#39;s Lead? Reportedly Ditches LiDAR In New Model F57 For Pure Vision Driving
At Tesla Autonomy Day in 2019, Musk said, &#34;LiDAR is a fool&#39;s errand. And anyone relying on LiDAR is doomed,&#34; Teslarati added.
Earlier this year, Musk stated that Tesla no longer requires LiDAR for ground truth data.
It seems Tesla is still using LiDAR for data collection or possibly for vision validation. Images show a Model X Engineering Vehicle equipped with LiDAR spotted in Northern California, Teslarati noted.
Earlier, this LiDAR rig had been observed on various Tesla vehicles, including a Model Y in Palm Beach in 2021.
Tesla is scheduled to reveal its Robotaxi on October 10, following a delay from August 8. The postponement was due to necessary revisions, including changes to the front-end design and additional time to showcase other features.
Price Action: TSLA shares are trading lower by 1.8% to $205.41 at last check Wednesday.
Read Next:
Warren Buffett&#39;s Berkshire Hathaway Breaks $1 Trillion: Poll Suggests Big Pharma, Not Tech, Is Next Contender
















",-0.027183749945834
2024-08-28 19:18:42+00:00,"""Elon Musk, Eyeing 2024 Edge, Hires Republican Political Adviser; The Move Suggests That Mr. Musk, The World's Richest Person, Is Preparing To Become Even More Involved In The Presidential Campaign And Beyond"" - NYT",,0.539102332084440
2024-08-29 16:18:52+00:00,William Blair Initiates Coverage On Tesla with Outperform Rating,,-0.000005579102435
2024-08-29 17:35:20+00:00,10 Consumer Discretionary Stocks With Whale Alerts In Today's Session, ,-0.923527528066188
2024-08-30 18:50:46+00:00,"Electric Vehicle Interest Hits Record In New US Study Thanks To Discounts, 28% Say Next Car Will Be EV",A new JD Power survey shows a new high in interest for electric vehicles among U.S. consumers.,0.999405243477668
2024-08-30 19:29:22+00:00,Tesla Plans To Unveil Robotaxi At Warner Bros Lot In California,,0.000042106541514
2024-08-31 13:04:47+00:00,"Benzinga Bulls And Bears: Tesla, Meta, Lucid, Super Micro — Plus, Analyst Predicts Dogecoin Bull Run Starting In Early September",Benzinga examined the prospects for many investors’ favorite stocks over the last week — here’s a look at some of our top stories.,0.000023849133868
2024-08-31 13:33:02+00:00,"Fire At Rivian Campus, Tesla Analyst Hints At Q3 'Horror Show,' XPeng's Model 3 Killer Sizzles And More: Biggest EV Stories Of The Week",Tesla and other EV makers may not be out of the woods yet as demand continues to remain soft.,-0.938765284372494
2024-09-01 19:18:21+00:00,Tesla's China Rivals Report Steady August Sales Performance Amid Intense Price Competition: What Investors Should Know,The Chinese EV makers continue to make headway despite the inclement macroeconomic conditions and price competition.,0.998910540714860
2024-09-02 15:00:25+00:00,Industry Comparison: Evaluating Tesla Against Competitors In Automobiles Industry, ,0.000019627805159
2024-09-02 17:35:17+00:00,10 Consumer Discretionary Stocks Whale Activity In Today's Session, ,-0.000783515504736
2024-09-03 18:06:02+00:00,BYD Americas Head Says Firm Has Not Postponed Any Decision About Mexico Plant,,-0.000012789889297
2024-09-03 18:06:02+00:00,"Apple, Nvidia Will Lead 3-To-5-Year Tech Bull Run, Analyst Says: 'I Am A Buyer Here'","Deepwater Asset Management&#39;s Gene Munster was asked Tuesday morning if he would buy, sell or hold big tech stocks at current levels. He emphatically recommended buying the Magnificent Seven, specifically highlighting Apple and NVIDIA as being positioned for significant upside over the coming years.",0.895714160404168
2024-09-04 18:41:47+00:00,Things Are Beginning To Look Up For Tesla But Competition In China Is Daunting,"Tesla Inc (NASDAQ: TSLA) had its best month of 2024, with surging EV sales in China during August. But, competition is going strong, with BYD Company Limited (OTC: BYDDY) posting new records.",0.999449549228302
2024-09-04 18:56:42+00:00,Tesla Shares Are Trading Higher Today: What's Going On,Tesla Inc. (NASDAQ: TSLA) shares are seeing movement Wednesday. Here&#39;s what you need to know.,0.990966417448362
2024-09-05 18:28:16+00:00,Wolfe Research Assumes Tesla at Peer Perform,,-0.000014103843569
2024-09-05 19:11:05+00:00,"Trump Plans To Appoint Elon Musk To Government Efficiency Commission If Elected, Tesla CEO Says He'll Do It For Free",Trump plans to create a government efficiency commission led by Elon Musk if he wins presidency. Musk has expressed interest in serving on the body.,0.000121238314023
2024-09-06 19:17:23+00:00,"Volkswagen Slashes Production At EV Battery Plant, Employees Fear Broader Cost-Saving Plan","VW&#39;s subsidiary PowerCo cuts production due to financial strain, facing weak EV sales and possible plant closures amid emissions scandal.",-0.997631350532174
2024-09-06 19:18:46+00:00,"For Better Or Worse, Tesla Carved Its Own Electric Pickup Category","With the eagerly anticipated Cybertruck, Tesla Inc (NASDAQ: TSLA) did more than just enter a lucrative segment that Ford Motor (NYSE: F) used to dominate when it comes to the internal-combustion engine version of the pickup universe.",0.998280841769883
2024-09-07 18:51:29+00:00,"Tesla's Ambitious FSD Roadmap, Nio Accelerates With Strong Guidance, Faraday Future Gets Lifeline And More: Biggest EV Stories Of The Week",The EV industry&#39;s struggles have forced companies to either trim goals or look elsewhere for offsetting impact.,0.999062858492834
2024-09-07 19:38:19+00:00,Could Elon Musk Lead 'DOGE' If Donald Trump Returns To The White House?,Former President Donald Trump has expressed his intention to appoint Elon Musk to lead a new agency dedicated to enhancing government efficiency if he wins the November election.,0.000410161723266
2024-09-08 13:08:28+00:00,"AI Sector Bubble Concerns, Nvidia's One-Stop Shop Ambition, And More: This Week In AI","From Goldman Sachs&#39; take on the AI tech sector&#39;s growth to Nvidia&#39;s ambitious plans, the week was filled with intriguing stories.",0.963033341802657
2024-09-08 15:47:17+00:00,"Consumer Tech News (Sep 1-Sep 7): Elon Musk Launches Beta Version Of X TV, Alibaba Launches AI To Help American Buyers & More","Donald Trump misunderstood Taiwan&#39;s role in the semiconductor industry, according to Taiwan&#39;s Economy Minister.",0.000686688006681
2024-09-09 18:42:22+00:00,Nio's Substantial Growth Shows Its Aggressive Expansion Is On Track,"Last week, Nio Inc (NYSE: NIO) reported its second quarter results as it continues its aggressive expansion. But despite both quarterly and annual improvements, Nio still posted a loss and missed Wall Street revenue estimates.",0.997803081059828
2024-09-09 18:57:09+00:00,"Investors Pin Hope On Apple Intelligence, Short Squeeze And Weaker Yen Drive Stock Market Higher","To gain an edge, this is what you need to know today.",0.999290000952897
2024-09-10 15:46:42+00:00,'Tesla integrates Uber driver navigation directly into its vehicles' - electrek,,0.000010947544069
2024-09-10 17:35:17+00:00,10 Consumer Discretionary Stocks Whale Activity In Today's Session, ,-0.000783515504736
2024-09-11 15:48:28+00:00,Lucid Not Ready To Take On Tesla Cybertruck: CEO Says 'Tough To Make An Electric Pickup Truck Work Today',Lucid CEO Peter Rawlinson has ruled out an electric pickup truck from the company until battery range and costs can improve.,0.989791777217761
2024-09-11 18:43:30+00:00,"Tesla To 'Reshape Multiple Industries': Analyst Praises Auto, Energy Storage, Optimus, Robotaxi Efforts",Deutsche Bank resumes coverage on Tesla and has one of the highest price targets on market with high praise for robotaxis and humanoid robots.,0.998997056158260
2024-09-12 17:35:18+00:00,10 Consumer Discretionary Stocks Whale Activity In Today's Session, ,-0.000783515504736
2024-09-12 18:46:41+00:00,Tesla Continues To Lead The EV Way When It Comes To Greener Transport Solutions,"This week, Tesla Inc (NASDAQ: TSLA) debuted its highly anticipated &#34;Giga Train,&#34; its first all-electric battery-powered train, in Germany.",0.701218230649829
2024-09-13 18:08:53+00:00,Tesla Analyst Says 'Business Before Pleasure' With Third Quarter Deliveries Report Ahead Of Robotaxi Day,"Tesla could have a busy October with its Robotaxi Day, third-quarter deliveries and most likely its third-quarter financial results.",0.002296008984558
2024-09-13 18:13:42+00:00,"Canaccord Genuity Maintains Buy on Tesla, Maintains $254 Price Target",,0.137636164319701
2024-09-14 13:40:46+00:00,"Benzinga Bulls And Bears: Nvidia, Apple, Lucid And — Dogecoin Surges On Elon Musk's Joke","Benzinga examined the prospects for many investors’ favorite stocks over the last week — here’s a look at some of our top stories.



Stocks climbed on Friday, with the S&amp;P 500 and Nasdaq Composite marking their best weekly gains of 2024 ahead of the Federal Reserve meeting. ",0.999385024930234
2024-09-14 16:00:00+00:00,"Tesla China Shines, Lucid Gives Peek Into Model Y Rival, Ford Eyes 'Electric' Restart In India And More: Biggest EV Stories Of The Week",Canoo&#39;s suspension of guidance and negative preannouncement underscore the travails faced by EV startups amid a tough industry environment.,-0.982577224262059
2024-09-14 20:31:16+00:00,Big Tech's Security Spending Spree: Zuckerberg Leads In Lavish Security Measures,"According to a report, leading tech companies are shelling out millions each year to safeguard their CEOs, with some companies paying more than others.",-0.077565804589540
2024-09-15 01:41:09+00:00,"Elon Musk Reacts As Tesla Makes 100 Millionth 4680 Cells, Enough To Produce Over 73,500 Cybertrucks","EV giant Tesla Inc has made its 100 millionth 4680 cell to be used inside its Cybertruck vehicle, the company said on Saturday.",0.971595202659955
2024-09-16 17:35:19+00:00,10 Consumer Discretionary Stocks Whale Activity In Today's Session, ,-0.000783515504736
2024-09-16 17:46:02+00:00,"Cantor Fitzgerald Reiterates Neutral on Tesla, Maintains $245 Price Target",,0.997061540925642
2024-09-17 17:35:18+00:00,10 Consumer Discretionary Stocks Whale Activity In Today's Session, ,-0.000783515504736
2024-09-17 17:40:02+00:00,"Elon Musk Post On X, ""SpaceX will be filing suit against the FAA for regulatory overreach""",,-0.023249663528986
2024-09-18 18:27:22+00:00,Kim Kardashian Debuts Custom Metallic Silver Cybertruck: Will Elon Musk Approve The Celebrity Makeover?,Kim Kardashian is among the celebrity owners of a Cybertruck. Kardashian recently customized her Cybertruck with a unique paint color.,0.000364776191418
2024-09-18 19:30:01+00:00,Tesla Shares Surge Amid Fed Rate Cut And Cybertruck Developments,"Tesla Inc. shares (NASDAQ: TSLA) are trading higher Wednesday likely due to the broader market reaction to the Federal Reserve&#39;s recent policy decision to cut interest rates by 50 basis points. This marks the first rate cut in over four years and deviates significantly from Wall Street analysts&#39; expectations, who had largely anticipated a more modest 25 basis point reduction.",0.998764008225407
2024-09-19 19:13:15+00:00,China's NIO Says 40% Of Its Store Managers Are Ex-Tesla,"NIO&#39;s Onvo reveals that 40% of its store managers come from Tesla, intensifying the competition as it prepares to launch the L60.

",0.000153492856043
2024-09-19 19:13:59+00:00,"Mercedes-Benz Group Lowers 2024 FY Guidance: Adjusted Return On Sales For Mercedes-Benz Cars Now 7.5%-8.5%, FY EBIT And Free Cash Flow Expected To Be Significantly Below Prior Year Levels; Mercedes-Benz Vans Guidance Unchanged At 14%-15% Return On Sales",,-0.979539135470986
2024-09-20 15:23:21+00:00,Tradepulse Power Inflow Alert: Tesla Inc. Rises Over 5 Points After Power Inflow Alert, ,-0.646056920289993
2024-09-20 19:20:47+00:00,What's Going On With Tesla Stock Today,"Shares of Tesla are down 2.6% Friday afternoon, reversing following Thursday&#39;s strength. The decline reflects growing concerns about economic growth and demand pressures affecting the EV maker&#39;s outlook.",-0.998134157503955
2024-09-21 14:14:27+00:00,"Tesla A Tale Of 2 Regions, Rivian Unleashes More Powerful R1 Variants, Nio Aims Sales Surge With Low-End Model And More: Biggest EV Stories Of The Week","The Fed rate cuts could bring some relief to the struggling EV industry, which is stymied by demand decline and severe cash crunch.",0.999310844432330
2024-09-21 18:15:20+00:00,"Mark Cuban Embraces Elon Musk's Humor: 'I Have No Problem Throwing Elon Under The Bus, But I'll Save It For When It's Truly Deserved'","In the wake of a recent Secret Service probe into Elon Musk&#39;s online remarks, billionaire entrepreneur Mark Cuban has come to the defense of the Tesla Inc. CEO&#39;s contentious social media conduct.",0.000068984918471
2024-09-22 19:15:23+00:00,Putin Ally Who Unveiled Tesla Cybertruck With Machine Gun Last Month Now Says Elon Musk 'Remotely Disabled' The Militarized EV,"Chechen warlord Ramzan Kadyrov has leveled accusations against Tesla owner Elon Musk, claiming that his Cybertruck was remotely disabled by Musk.",-0.248735868372023
2024-09-23 17:19:58+00:00,"US Stocks Stall, Gold Updates Record Highs, Tesla Rallies: What's Driving Markets Monday?","Wall Street kicked off the week on a cautious note, with major indexes trading relatively flat as investors seek more clarity on the economic and political landscape.",-0.932246303185821
2024-09-23 17:35:18+00:00,10 Consumer Discretionary Stocks Whale Activity In Today's Session, ,-0.000783515504736
2024-09-24 17:35:18+00:00,10 Consumer Discretionary Stocks With Whale Alerts In Today's Session, ,-0.923527528066188
2024-09-24 18:19:47+00:00,Musk Eyes Argentina's EV Space - 'Looking For Ways To Invest In And Support Argentina',"Elon Musk announced plans for significant investment in Argentina&#39;s electric vehicle market, highlighting the country&#39;s lithium resources and growth potential.
",0.998730287479702
2024-09-25 17:35:18+00:00,10 Consumer Discretionary Stocks With Whale Alerts In Today's Session, ,-0.923527528066188
2024-09-25 18:12:24+00:00,Sam Altman's Psychedelic Breakthrough: How The OpenAI Visionary Plans To Transform Mental Health Care With MDMA,"Sam Altman, co-founder of OpenAI, is backing psychedelic treatments like MDMA through Journey Colab to revolutionize mental health care after his own transformative experiences",0.004224704563967
2024-09-26 16:17:37+00:00,"China Bazooka Brings Optimism To U.S. Stocks, Micron Earnings Show The Value Of Knowing Positioning","To gain an edge, this is what you need to know today.",0.999309438571800
2024-09-26 17:35:25+00:00,10 Consumer Discretionary Stocks Whale Activity In Today's Session, ,-0.000783515504736
2024-09-27 17:02:27+00:00,"Tesla 'Mojo Is Back,' Tech Analyst Dan Ives Says Ahead Of Q3 Deliveries",Wedbush tech analyst Dan Ives said Friday he expects the Tesla&#39;s upcoming delivery figures to beat the Street&#39;s expectations.,0.999246192222927
2024-09-27 17:35:22+00:00,10 Consumer Discretionary Stocks With Whale Alerts In Today's Session, ,-0.923527528066188
2024-09-28 12:42:48+00:00,"Benzinga Bulls And Bears: Apple, Tesla, Novo Nordisk, Bitcoin — And Shiba Inu's Major Stablecoin Tease","Benzinga examined the prospects for many investors’ favorite stocks over the last week — here’s a look at some of our top stories.



The Dow Jones Industrial Average hit a record high Friday as investors analyzed data showing continued progress in lowering inflation. Wall Street posted its third straight week of gains.",0.999324022355722
2024-09-28 14:35:28+00:00,"Tesla Analysts Brace For Q3 Sales Beat, Rivian Loses A Bull, Canoo Drives Across The Atlantic And More: Biggest EV Stories Of The Week","Tesla stock&#39;s resurgence and China stimulus that perked up startups from the country, added to the buoyancy imparted by the broader market strength.",0.999361311187386
2024-09-29 18:15:21+00:00,Tesla Could Report Slight Q3 Deliveries Miss Amid Musk's Political Controversies – Munster Explains Why It Won't Hurt The Stock,Tesla is staring at a trio of catalysts that could have a bearing on the stock recovery that is underway and one of them materializes as early as early next week.,0.807752411812544
2024-09-30 18:00:50+00:00,Republican Presidential Nominee Donald Trump Says He Spoke To Elon Musk About Getting Starlink To Georgia After Hurricane Impact,,0.000032136093068
2024-09-30 18:18:00+00:00,"Tesla EV Fire In Garage Goes Viral During Hurricane Helene, While Cybertruck Owners Engage Wade Mode",Tesla and other electric vehicles can catch fire during hurricanes if submerged in water. A look at the why and warnings owners were given ahead of Hurricane Helene.,-0.001783946405340
2024-10-01 17:35:17+00:00,10 Consumer Discretionary Stocks With Whale Alerts In Today's Session, ,-0.923527528066188
2024-10-01 18:32:57+00:00,"Auto Industry Group Warns Protracted U.S. Ports Strike ""Will Be Debilitating To The Auto Supply Chain And Set Off Economic And National Security Ripples Across The Country""",,-0.993660922511481
2024-10-02 16:21:28+00:00,Tesla Q3 Deliveries 'Step In The Right Direction': Analyst Says More 'Heavy Lifting' Needed From Elon Musk To Turn Growth Story Around,Tesla stock is falling after third-quarter deliveries were reported. Analysts see the data point being a small part of Tesla&#39;s October catalysts.,-0.997610817663372
2024-10-02 17:35:17+00:00,10 Consumer Discretionary Stocks With Whale Alerts In Today's Session, ,-0.923527528066188
2024-10-03 18:16:25+00:00,'Tesla Plans $783 Million Debt Sale Backed by Prime Leases' - Bloomberg,,0.000160618175869
2024-10-03 19:21:48+00:00,Tesla Uses Auto Leases To Back $783M Debt Sale: Report,Tesla could raise $783 million in a debt sale according to a new report. The report comes ahead of the company&#39;s highly anticipated Robotaxi Day.,0.996623118815478
2024-10-04 17:07:35+00:00,"Tesla CIO Quits Before Major Robotaxi Event, Exec Departures Continue in 2024","Tesla&#39;s CIO Nagesh Saldi departs ahead of Robotaxi event on Oct 10, joins list of executive departures in 2021. Stock down 8% in last 12 months due to competition from other EV companies. ",-0.996615653333720
2024-10-04 17:35:15+00:00,10 Consumer Discretionary Stocks Whale Activity In Today's Session, ,-0.000783515504736
2024-10-05 17:00:34+00:00,"Musk vs. Buffett: Which Investor Do Benzinga Readers Trust To Turn $1,000 Into $100,000 Faster?","Benzinga readers were asked if they thought Elon Musk or Warren Buffett could turn $1,000 into $100,000 the fastest.",0.002393616523477
2024-10-05 17:13:08+00:00,"Tesla Robotaxi Buzz Soars Ahead Of Thursday Event, Rivian Seeks DOE Loan For Georgia Plant, Nikola Thumps Estimates And More: Biggest EV Stories Of The Week","While Tesla barely got past estimates, smaller peer Rivian&#39;s sales missed expectations, reflecting the ongoing struggles of the EV industry.",-0.991965149063617
2024-10-06 14:52:05+00:00,"Trump Returns To Site Of Assassination Attempt, Urges Voters To Vote: 'Our Movement To Make America Great Again Stands Stronger'","Former President Donald Trump returned to Butler, Pa., on Saturday, the site of a previous assassination attempt. He rallied with supporters and paid tribute to a victim of the incident.",0.129344433546066
2024-10-06 19:40:10+00:00,"Tesla's 'We, Robot' Event Will Likely Feature Robotaxi, $25K EV And Optimus Updates, Says Munster: Will Elon Musk Spring A Surprise With This Product Announcement?","Tesla&#39;s next-market moving catalyst is round the corner, and the analyst as well as the company&#39;s ardent fans are waiting with bated breath. ",0.001077009997971
2024-10-07 17:35:17+00:00,10 Consumer Discretionary Stocks With Whale Alerts In Today's Session, ,-0.923527528066188
2024-10-07 17:44:43+00:00,"What A Trump Win Could Mean For Financial, Energy Stocks: Lessons From 2016","Market observers analyze 2016 election to predict 2024 outcome. Trump&#39;s win had positive impact on banks, oil/coal industries, and foreign indexes.",0.999252687004628
2024-10-08 17:52:30+00:00,"Stocks Rally As Oil Prices Tumble; Tech, Chipmakers Lead As Traders Focus On AI Winners Before Earnings Season: What's Driving Markets Tuesday?","After starting the week with a negative session, U.S. markets rebounded on Tuesday, driven by falling oil prices, which helped alleviate concerns about a potential resurgence in inflation.",0.998928200075170
2024-10-08 19:33:33+00:00,Tesla Robotaxi Ambitions Come As Most Americans Grow Wary Of Autonomous Tech,"Tesla is set to unveil its robotaxi network, but public trust in driverless tech remains low. Will Tesla&#39;s entry disrupt the market and end ride-sharing?",-0.997176996199414
2024-10-09 17:48:44+00:00,Tesla's Robotaxi Event: Could Investor Hopes Be Premature? Analyst Predicts Mass Production Not Until 2027,Tesla&#39;s Robotaxi event may disappoint investors expecting mass production soon. Analyst predicts 2027 timeline due to potential regulatory hurdles.,-0.991413875657599
2024-10-09 19:33:35+00:00,Rivian's Misstep Might Have Hampered Its Full Year Output But Its EV Adventure Continues,"Last week, Rivian Automotive (NASDAQ: RIVN) drastically slashed its 2024 outpout goal over yet another supply chain disrution. Bloomberg reported that a communication blunder left the EV maker without critical supplies.",-0.997897260764148
2024-10-10 16:12:02+00:00,Hotter Inflation But Jobless Claims Cushion The Blow – Selling In Nvidia And AI Stocks,"To gain an edge, this is what you need to know today.",0.970034314319491
2024-10-10 17:35:23+00:00,10 Consumer Discretionary Stocks Whale Activity In Today's Session, ,-0.000783515504736
2024-10-10 19:10:30+00:00,"Elon Musk May Unveil Tesla's Robotaxi, But Consumers Respond With 'Ehhh,' New Study Reveals Skepticism, Need For Trust-Building",Consumer support for robotaxis is low for people who have not been inside a self-driving vehicle or live in a city where the vehicles operate.,-0.996845744200982
2024-10-11 18:58:56+00:00,S&P 500 Moves Higher; BlackRock Reports Upbeat Results, ,0.999372406455223
2024-10-12 13:00:00+00:00,"Elon Musk To End Year As Richest Man In The World? Prediction Market Says Yes, Higher Chance Than Larry Ellison Or Jensen Huang",Kalshi offers a prediction market on who will end 2024 as the richest man in the world. Here are the odds for Elon Musk and others.,0.009287164823036
2024-10-12 18:30:18+00:00,Tesla Stock Tumbles After Underwhelming Robotaxi Presentation,Tesla Inc. (NASDAQ: TSLA) stock fell by 10% after a less-than-stellar robotaxi reveal event on Friday that failed to wow Wall Street.,-0.998235420789570
2024-10-13 14:51:44+00:00,"US Listed Chinese Stocks Give Up Gains - Li Auto, Tesla And Nio Are Among Top 11 Large Cap Losers Last Week (Oct 7-Oct 11): Are The Others In Your Portfolio?","11 large-cap stocks fell last week, including NetEase, Futu Holdings, and Tesla, amid concerns over China&#39;s stimulus measures. Are they in your portfolio?",-0.997435746190604
2024-10-13 16:00:43+00:00,Elon Musk On Track To Become World's First Trillionaire Within Three Years,Elon Musk is on a trajectory that could see him crowned as the world&#39;s first trillionaire by 2027.,0.137372377474094
2024-10-14 15:34:11+00:00,"Bonds Defy Expectations, Earnings Season Will Be A Tell For AI","To gain an edge, this is what you need to know today.",0.998605958768167
2024-10-14 17:35:24+00:00,10 Consumer Discretionary Stocks With Whale Alerts In Today's Session, ,-0.923527528066188
2024-10-15 19:07:43+00:00,Cybercab Or Robotaxi? Robovan Or Robobus? Tesla Trademark Filings Might Reveal Elon Musk's Preferred Name For New Vehicles,Tesla trademark filings show a name not used by Elon Musk and the company during Robotaxi Day for one of the new vehicles.,0.000020152700017
2024-10-15 19:08:24+00:00,Tesla Fails To Justify The Robotaxi Hype With Concrete Figures,"Last week, Tesla Inc (NASDAQ: TSLA) unveiled its long-awaited robotaxi, the star of its next chapter. The Cybercab was revealed at the massive Warner Bros Studios in Burbank, California, known as Hollywood.",0.000217062253796
2024-10-16 15:04:00+00:00,"Elon Musk's Starlink: From Rwanda's Clinics To Hurricane Zones, Internet To The Rescue","Elon Musk&#39;s Starlink is connecting rural healthcare in Rwanda and aiding disaster recovery in the U.S., with plans to expand to India.",0.000052332808991
2024-10-16 17:35:18+00:00,10 Consumer Discretionary Stocks With Whale Alerts In Today's Session, ,-0.923527528066188
2024-10-17 17:35:18+00:00,10 Consumer Discretionary Stocks Whale Activity In Today's Session, ,-0.000783515504736
2024-10-17 18:57:23+00:00,"Musk, Cuban, Or Saylor: Who's The Biggest Crypto Influencer? Benzinga Readers Have An Overwhelming Favorite","Billionaire and cryptocurrency founders are among the key influencers who with a single tweet or public comment can significantly move the price of several cryptocurrencies.



A recent Benzinga poll highlights which figures have the most influence when it comes to moving cryptocurrency prices.",0.000092232708994
2024-10-18 17:31:35+00:00,"Market Clubhouse Morning Memo - October 18th, 2024 (Trade Strategy For SPY, QQQ, AAPL, MSFT, NVDA, GOOGL, META And TSLA)","Good Morning Traders! In today&#39;s Market Clubhouse Morning Memo, we will discuss SPY, QQQ, AAPL, MSFT, NVDA, GOOGL, META, and TSLA.",0.000009360053809
2024-10-18 18:57:50+00:00,'U.S. Probes Tesla Self-Driving Software Following Fatal Crash' - The Information,,-0.454464247450233
2024-10-19 12:01:05+00:00,"Lucid CEO Peter Rawlinson Talks Saudi Investment, Elon Musk's Political Views And Taking Business From Tesla","Peter Rawlinson, CEO of Lucid Group, discussed the company&#39;s relationship with the Public Investment Fund (PIF) of Saudi Arabia, Lucid&#39;s rivalry with Tesla and Elon Musk&#39;s political views. ",0.000017546364688
2024-10-19 13:00:23+00:00,"Benzinga Bulls And Bears: Apple, Tesla, Netflix, Oklo — And Dogecoin, Meme Coins Outpace Corporate Giants",Benzinga examined the prospects for many investors’ favorite stocks over the last week — here’s a look at some of our top stories.,-0.000005714777217
2024-10-20 02:08:57+00:00,"Elon Musk, Tesla Refute Inefficiency Concerns With Wireless Charging On Cybercab: 'There Is No Meaningful Efficiency Difference…'","EV giant Tesla Inc said on Saturday that its inductive charging technology for its Cybercab product would be over 90% efficient, refuting concerns.",0.998465457349084
2024-10-20 13:01:13+00:00,"AI Power Demand Skyrockets, Nvidia CEO Lauds OpenAI, And Tesla's Optimus Robots Assisted By Humans: This Week In AI","From the &#34;mind-blowing&#34; demand for AI power to the &#34;awakening of AI&#34; led by ChatGPT, the tech world is witnessing a significant shift.",0.998598272970412
2024-10-21 17:35:22+00:00,10 Consumer Discretionary Stocks With Whale Alerts In Today's Session, ,-0.923527528066188
2024-10-21 18:26:26+00:00,"Tesla Q3 Earnings Preview: Analyst Says 1.8 Million Unit Estimate 'Hittable' For 2024, '2 Million+ Number The Focus For 2025'","Analysts will be looking at Tesla margins, comments on future EV demand and hoping for an update on the sub-$30K car in Q3 earnings, an analysts says.",0.000074735857197
2024-10-22 17:59:43+00:00,'Senior VW executive deported from China' - FT,,-0.604419175477233
2024-10-22 18:34:11+00:00,General Motors Continues To Defy Expectations Thanks To Pickups And U.S. Demand,"On Tuesday, General Motors (NYSE: GM) easily surpassed Wall Street’s third-quarter expectations, raising its key guidance target for the full year fueled by the strength of its North America operations.",0.999438351384015
2024-10-23 18:07:34+00:00,"EXCLUSIVE: Tesla Earnings To Test 'Pricing Power,' AI Ambitions Against Rising Competition","Tesla&#39;s earnings report is approaching, traders are split on expectations. Focus on margins, pricing power, competition, and AI ambitions.",-0.005147398798726
2024-10-23 18:07:46+00:00,"Wall Street Slumps For Third Straight Day As Investor Sentiment Fades, Dollar Strength Resumes, Boeing Disappoints: What's Driving Markets Wednesday?","Wall Street is on track for its third consecutive day of losses as investors grow cautious about risky assets, awaiting more clarity on U.S. fiscal and monetary policies and scrutinizing the latest batch of corporate earnings.",-0.997518583608326
2024-10-24 18:07:52+00:00,This Tesla Analyst Turns Bullish; Here Are Top 5 Upgrades For Thursday, ,-0.855169042944908
2024-10-24 18:40:50+00:00,"Guggenheim Maintains Sell on Tesla, Raises Price Target to $156",,0.999179630336585
2024-10-25 18:50:08+00:00,Tesla To Rally Over 21%? Here Are 10 Top Analyst Forecasts For Friday, ,0.983481728995685
2024-10-25 18:55:43+00:00,"Reported Thursday October 24, 2024, 'Tesla Nears ~$740M Major Deal With SK Hynix For AI Server Storage' - Tesla North",,0.996208903714432
2024-10-26 12:29:02+00:00,"Benzinga Bulls And Bears: Nvidia, Tesla, MicroStrategy, Plug Power — And Crypto Traders Anticipate Dogecoin Topping 50 Cents",Benzinga examined the prospects for many investors’ favorite stocks over the last week — here’s a look at some of our top stories.,-0.000002175918780
2024-10-26 12:40:49+00:00,"Tesla, Li Auto And MicroStrategy Are Among Top 10 Large Cap Gainers Last Week (Oct 21-Oct 25): Are The Others In Your Portfolio?","Ten large-cap stocks outperformed last week, including Tesla, Li Auto, Molina Healthcare, Tapestry, Applovin, Booz Allen Hamilton, Digital Realty, Grab, MicroStrategy, and Philip Morris.",0.999293022614438
2024-10-27 04:49:06+00:00,Tesla Celebrates Milestone With 1 Millionth Model Y Produced At Fremont's Iconic 'Big Tent' Facility,EV giant Tesla said on Friday that it has built its one millionth Model Y SUV at GA4 in the Fremont factory.,0.953922733780928
2024-10-27 15:00:25+00:00,World's Richest Man Elon Musk Gets Even Richer As Tesla Stocks Soar,"The net worth of Elon Musk witnessed a staggering increase of over $30 billion on Thursday, following a significant surge in Tesla Inc. (NASDAQ: TSLA) shares. ",0.999468150621396
2024-10-28 15:17:18+00:00,"Market Clubhouse Morning Memo - October 28th, 2024 (Trade Strategy For SPY, QQQ, AAPL, MSFT, NVDA, GOOGL, META And TSLA)","Good Morning Traders! In today&#39;s Market Clubhouse Morning Memo, we will discuss SPY, QQQ, AAPL, MSFT, NVDA, GOOGL, META, and TSLA.",0.000010683419532
2024-10-28 17:35:17+00:00,10 Consumer Discretionary Stocks With Whale Alerts In Today's Session, ,-0.923527528066188
2024-10-29 17:45:41+00:00,Check Out What Whales Are Doing With TSLA, ,0.000007126174751
2024-10-29 17:51:20+00:00,"Piper Sandler Maintains Overweight on Tesla, Maintains $315 Price Target",,-0.937193792313337
2024-10-30 19:25:31+00:00,"AMD Earnings Show Power Of Nvidia Software, ADP Data Defies Expectations","To gain an edge, this is what you need to know today.",0.999204332591034
2024-10-30 19:27:15+00:00,"Market Clubhouse Morning Memo - October 30th, 2024 (Trade Strategy For SPY, QQQ, AAPL, MSFT, NVDA, GOOGL, META And TSLA)","Good Morning Traders! In today&#39;s Market Clubhouse Morning Memo, we will discuss SPY, QQQ, AAPL, MSFT, NVDA, GOOGL, META, and TSLA.",0.000009399132978
2024-10-31 19:13:46+00:00,Stock Of The Day: Emotions Drive Tesla As EV Maker Finds Resistance At This Level,Resistance can form at a certain price level due to &#39;buyer&#39;s remorse&#39;. The chart of Tesla shows a clear example of this.,-0.000069728012022
2024-10-31 19:23:31+00:00,"Cathie Wood's Ark Innovation, Genomic ETFs Celebrate 10 Years: How Annual Returns Stack Up Against S&P 500",The Ark Innovation and Ark Genomic ETFs turn ten years old. A look at the annual returns and current top holdings.,0.000491810838867
2024-11-01 09:06:21+00:00,Ford F-150 Lightning Pickup Truck Production To Be Halted Temporarily After Tesla's Cybertruck Races Ahead In Q3 (Updated),Ford will reportedly pause the production of its F-150 Lightning pickup truck for six weeks through the end of the year after Tesla&#39;s Cybertruck took over as the most popular EV truck in the U.S. in the three months through the end of September.,-0.982393689162564
2024-11-01 15:06:21+00:00,"Elon Musk Posts On X ""Tesla FSD is now almost entirely AI""",,0.000111926718091
2024-11-02 07:16:58+00:00,Honda's Pickup Beats Tesla Cybertruck As Most American Made Truck,Japanese automaker Honda&#39;s 2025 Ridgeline AWD pickup truck is the most American-made truck with 75% of its content sourced from either the U.S. or Canada.,0.922159255074803
2024-11-02 13:23:32+00:00,"Benzinga Bulls And Bears: Tesla, Alphabet, Trump Media, Super Micro — Trader Predicts Dogecoin Rally Above 20 Cents In November",Benzinga examined the prospects for many investors’ favorite stocks over the last week — here’s a look at some of our top stories.,0.993058738473337
2024-11-03 13:00:38+00:00,"Consumer Tech News (Oct 28-Nov 1): Apple Starts Manufacturing Entry-Level iPhone Model, US Bans Investments In China's Semiconductor & AI, & More","The United States has announced a ban on investments in China&#39;s semiconductor and AI sectors, potentially affecting Tesla, Inc. and its operations in the region.",-0.987493329099379
2024-11-03 19:30:25+00:00,Elon Musk's Mother Suggests She May 'Vote Ten Times' – Or More,"Maye Musk, mother of Elon Musk, ignited a controversy by insinuating that she could take advantage of the voting laws in New York.",-0.003998022526503
2024-11-04 17:24:06+00:00,Tesla Vs. Nvidia Stock Performance Under Biden Might Reveal Truth About Elon Musk's Support For Trump,Elon Musk supported Trump&#39;s 2024 campaign despite past support for Democrats. His wealth is heavily tied to Tesla&#39;s success under Trump.,0.007577192809549
2024-11-04 17:35:22+00:00,10 Consumer Discretionary Stocks Whale Activity In Today's Session, ,-0.000783515504736
2024-11-05 19:12:13+00:00,"Trump Win Could Hinder Tech, EV Sector Growth, 'Slow The Pace' Of AI Revolution: Analysts Lay Out 2024 Election Implications","A Donald Trump win in the 2024 election could be bad for the tech sector and electric vehicles, Wedbush analysts say in a new investor note.",-0.994702783878893
2024-11-06 19:24:42+00:00,"Rivian, Lucid Stocks Sink After Trump Win: What's Driving Bearish Move?",Rivian and Lucid shares are down sharply on Wednesday following the election of Donald Trump. Here&#39;s a look at how Trump&#39;s policy could affect the EV makers: ,-0.997850280371495
2024-11-06 19:25:53+00:00,"Trump's Win Sends Indices To Record Highs; Financials, Small Caps Surge, Bitcoin Tops $75,000: What's Driving Markets Wednesday?","An “everything rally” powered Wall Street on Wednesday after the 2024 election results, with Donald Trump emerging as the clear presidential winner.",0.998327420529677
2024-11-07 18:38:04+00:00,"B of A Securities Maintains Buy on Tesla, Raises Price Target to $350",,0.999313674270525
2024-11-07 19:31:44+00:00,SolarEdge Q3 Results Miss Expectations; Analysts Warn Of Cash Flow Challenges And Need For Cost Cuts,"SolarEdge Q3 revenues miss expectations, with analysts flagging cash flow issues, inventory writedowns, and the need for cost cuts.",-0.998098294716328
2024-11-08 18:40:37+00:00,"Sony Posts Upbeat Earnings, Joins Tesla, Upstart, Doximity, Fortrea, Axon Enterprise And Other Big Stocks Moving Higher On Friday", ,0.998284362445702
2024-11-08 19:04:47+00:00,"""The National Highway Traffic Safety Administration Expressed Concerns Regarding Tesla's Social Media Posts That Imply Its Full Self-Driving Software Can Function As A Robotaxi Without Driver Supervision. This Comes After The NHTSA Opened An Investigation Into Tesla's FSD Software Following Four Collisions, Including A Fatal Crash In 2023."" - Dev Discourse",,-0.039221444167197
2024-11-09 02:22:35+00:00,"As Tesla Market Capitalization Soars Past $1 Trillion, Dan Ives Calls Musk's Trump Bet 'Poker Move For The Ages: Gene Munster Say It Is 'More Than Just A Meme Stock'","Tesla&#39;s market cap soared past $1 trillion after President-elect Donald Trump&#39;s victory, boosted by investor confidence in Musk&#39;s political backing and potential policy benefits for the automaker.",0.999311625855626
2024-11-09 15:33:23+00:00,"Benzinga Bulls And Bears: Nvidia, Rivian, Plug Power, Palantir — And Dogecoin's 'Beautiful Bounce'",Benzinga examined the prospects for many investors’ favorite stocks over the last week — here’s a look at some of our top stories.,0.000907983943762
2024-11-10 07:55:49+00:00,Tesla Faces NHTSA Scrutiny Over Social Media Promotion Of FSD Technology That Shows 'Disengaged Driver Behavior',The National Highway Traffic Safety Administration (NHTSA) flagged concerns about Tesla Inc&#39;s projection of its Full Self Driving (FSD) driver assistance software on social media platform X in a letter to the EV giant. ,-0.994243296619970
2024-11-11 18:55:27+00:00,Donald Trump Victory Week (Nov 4-8): These Large Cap Stocks Were Biggest Gainers,"Top-performing large-cap stocks last week: APP (+82.27%), TEM (+49.03%), COIN (+45.35%), ALAB (+42.57%), PLTR (+41.0%), AXON (+39.76%), DOCS (+39.29%), TSLA (+32.28%), HOOD (+25.58%), RDDT (+23.64%).",0.999076871739817
2024-11-11 19:11:16+00:00,"Small Caps, Financials Rally As Bitcoin Blasts Past $85,000: What's Driving Markets Monday?","The “Trump-related everything rally” reignited across markets on Monday, with heightened focus on last week&#39;s top performers like small caps, financials, Tesla Inc. (NASDAQ:TSLA), and cryptocurrencies, all surging as the ",0.997575750414398
2024-11-12 17:14:15+00:00,"Musk Spends $130M – Tesla Gains $344B On Trump Election, Stock Market Focusing On Trump Appointments","



To gain an edge, this is what you need to know today.",0.999243120197207
2024-11-12 17:35:28+00:00,Trump Presidency Magnificent 7 Stock Impact: Benzinga Readers Pick Tech Titan At Most Risk Following 2024 Election,The Magnificent 7 stocks saw impressive gains after Donald Trump won the 2016 election. Will the same hold true going forward?,0.999427407761686
2024-11-13 14:18:14+00:00,"Top 10 Trending Stocks On WallStreetBets As Of November 13, 2024 (Via Swaggy Stocks)",,0.000002983906597
2024-11-13 17:35:23+00:00,10 Consumer Discretionary Stocks Whale Activity In Today's Session, ,-0.000783515504736
2024-11-14 18:37:51+00:00,Nvidia Powers Tesla's Humanoid Robots With New AI Tech: Here's What To Expect In 2025,"Nvidia prepares to enter the robotics industry with new Jetson Thor computers, aiming for advanced AI capabilities and partnerships with industry leaders.",0.047504147252766
2024-11-14 19:16:58+00:00,"If Tesla Stock Hits All-Time Highs In 2025, Will It Be Driven By Trump-Musk Relationship? Benzinga Readers Say This",Tesla stock is up since the 2024 election. Benzinga readers predict whether Tesla stock can hit all-time highs in 2025.,0.999483118604985
2024-11-15 17:41:54+00:00,"RBC Capital Maintains Outperform on Tesla, Raises Price Target to $313",,0.999306196143152
2024-11-15 18:31:05+00:00,"Tesla To Partner With Lyft, Uber? Analyst Has 'Rising Conviction' For Future Partnership",RBC raises the price target on Tesla thanks to rising confidence in the revenue opportunity for FSD. Analysts make the case for partnerships with Uber and Lyft.,0.999451949406648
2024-11-16 13:30:43+00:00,Tesla Owners Who Don't Like Musk Are Letting Bumper Stickers Do The Talking,An entrepreneur created a business of making anti-Elon Musk stickers. Sales have taken off since Donald Trump won the 2024 election.,0.998609265341656
2024-11-16 15:47:49+00:00,"Benzinga Bulls And Bears: Tesla, Disney, Gold — And Hedge Funds Project Bitcoin To Hit $100K-$150K",Benzinga examined the prospects for many investors’ favorite stocks over the last week — here’s a look at some of our top stories.,0.000123358695419
2024-11-17 05:27:27+00:00,Former Uber Executive And 3 Congressmen Contenders For Trump's Transportation Chief Role: Report,"President-elect Donald Trump&#39;s transition team is reportedly considering several individuals, including a former Uber executive and three Republican congressmen, for the position of U.S. Department of Transportation chief.",0.000009786417650
2024-11-18 19:26:17+00:00,"A Must See Chart For Prudent Investors, Trump To Help Tesla Dominate, Nvidia Heat Problem","To gain an edge, this is what you need to know today.",0.998896353296004
2024-11-18 19:27:54+00:00,"Market Clubhouse Morning Memo - November 18th, 2024 (Trade Strategy For SPY, QQQ, AAPL, MSFT, NVDA, GOOGL, META And TSLA)","Good Morning Traders! In today&#39;s Market Clubhouse Morning Memo, we will discuss SPY, QQQ, AAPL, MSFT, NVDA, GOOGL, META, and TSLA.",0.000010303221643
2024-11-19 17:35:17+00:00,10 Consumer Discretionary Stocks With Whale Alerts In Today's Session, ,-0.923527528066188
2024-11-19 17:37:25+00:00,"S&P 500 To Reach 6,500 By End Of 2025, Analysts Predict: Could It Spark M&A Revival?","Wall Street analysts expect S&amp;P 500 index to reach 6,500 points by 2025, driven by economic growth &amp; earnings. Tech giants still leading but margins narrowing.",0.997957888816018
2024-11-20 14:46:15+00:00,Behind the Scenes of Tesla's Latest Options Trends, ,-0.000001884785888
2024-11-20 17:35:17+00:00,10 Consumer Discretionary Stocks With Whale Alerts In Today's Session, ,-0.923527528066188
2024-11-21 18:33:52+00:00,Jeff Bezos Denies Elon Musk's Allegation That He Told People To Sell Tesla Stock: '100% Not True',"Elon Musk and Jeff Bezos, two of the world&#39;s richest people, engaged in a social media feud over claims that Bezos urged investors to sell Tesla and SpaceX stock before Trump&#39;s loss.",-0.776129978941754
2024-11-21 19:29:51+00:00,"Could Another Magnificent 7 Stock Beat Nvidia In 2025? Poll Says Not Likely, 27% Pick This Potential Winner",Benzinga readers pick which Magnificent 7 stock will have the best performance in 2025. Can anyone catch Nvidia?,0.905646648083348
2024-11-22 17:35:21+00:00,9 Consumer Discretionary Stocks Whale Activity In Today's Session, ,-0.001506875611085
2024-11-22 18:56:34+00:00,Opportunities For Investors As AI Frenzy Shifts From Semiconductors To Software,"To gain an edge, this is what you need to know today.",0.991739333228907
2024-11-23 18:00:21+00:00,"Musk Tweet Sparks Dogecoin Surge, Fuels Speculation On X Payments",Dogecoin (CRYPTO: DOGE) experienced a 5% surge following a tweet by Elon Musk on X. This has sparked fresh speculations about the imminent payments service on Musk’s social app.,0.998957476462238
2024-11-23 18:30:16+00:00,"Tesla Cybertruck Part Of Donald Trump's Motorcade, Will Vehicle Land Government Deals?",Donald Trump&#39;s motorcade near SpaceX&#39;s Starbase featured a Tesla Cybertruck. Here&#39;s what it could mean.,-0.000002216616849
2024-11-24 19:30:15+00:00,Musk's Net Worth Tops One-Third of a Trillion Dollars,"Elon Musk&#39;s net worth has reached an unprecedented $347.8 billion. This significant increase in wealth is attributed to a surge in the stock of Tesla and a successful funding round for his AI startup, xAI.",0.999353789375164
2024-11-25 17:35:15+00:00,10 Consumer Discretionary Stocks Whale Activity In Today's Session, ,-0.000783515504736
2024-11-25 18:18:01+00:00,New California EV Credit Would Exclude Tesla Under Proposal,,0.000093003676739
2024-11-26 17:17:12+00:00,"Will Elon Musk Buy MSNBC? Recent News Parallels Twitter Acquisition, But Polymarket Shows Low Odds Of A Deal","Billionaire Elon Musk surprised many people when he bought social media platform Twitter in 2022, and he could be back with another media acquisition in 2025.",0.467792421579361
2024-11-26 17:35:16+00:00,10 Consumer Discretionary Stocks Whale Activity In Today's Session, ,-0.000783515504736
2024-11-27 17:35:16+00:00,10 Consumer Discretionary Stocks With Whale Alerts In Today's Session, ,-0.923527528066188
2024-11-27 18:25:14+00:00,"Market Clubhouse Morning Memo - November 27th, 2024 (Trade Strategy For SPY, QQQ, AAPL, MSFT, NVDA, GOOGL, META And TSLA)","Good Morning Traders! In today&#39;s Market Clubhouse Morning Memo, we will discuss SPY, QQQ, AAPL, MSFT, NVDA, GOOGL, META, and TSLA.",0.000010966898117
2024-11-28 17:35:22+00:00,6 Consumer Discretionary Stocks With Whale Alerts In Today's Session, ,-0.955795360845514
2024-11-28 19:00:17+00:00,"Tesla's Cybertruck Horn Is Transforming, So Is Its Self-Driving Strategy","Tesla wows with free Cybertruck horn update, blending sci-fi and Transformers vibes. Meanwhile, Tesla shifts to teleoperation for its self-driving cars.",0.742012450762559
2024-11-29 18:32:32+00:00,"S&P 500, Dow Rally To Record Highs, Dollar Snaps 8-Week Streak, Bitcoin Soars Above $97,000: What's Driving Markets Friday?","Risk-on sentiment gained momentum on Wall Street after the Thanksgiving holiday, fueled by investor optimism over fourth-quarter profit forecasts for U.S. corporations, lifting both the S&amp;P 500 and Dow Jones to fresh record highs.",0.999400380402221
2024-11-29 18:51:59+00:00,"Friday's Top 5 Trending Stocks: What's Going On With SMCI, Nvidia, MicroStrategy?","SMCI, Nvidia, MicoStrategy, SoFi Technologies and Tesla are the top five trending tickers on Yahoo Finance Friday. Here&#39;s a look at what grabbed retail investors&#39; attention as much of Wall Street takes the day off.",0.000035259865399
2024-11-30 07:09:17+00:00,"Tesla Bull Gary Black Says Cybercab Won't See An Early Roll Out, Expects A Cheaper Compact Car Under $30K To Launch In First Half Of 2025","Gary Black of The Future Fund LLC confirmed that Tesla&#39;s Cybercab won&#39;t launch until 2026, dismissing early rollout rumors, while highlighting the company&#39;s focus on a $30K EV slated for 2025.",0.000412431661971
2024-11-30 13:00:38+00:00,"Benzinga Bulls And Bears: Amazon, Tesla, Rivian, Palantir And How Dogecoin Helped Low-Income Families Achieve Homeownership",Benzinga examined the prospects for many investors’ favorite stocks over the last week — here’s a look at some of our top stories.,0.996570275106933
2024-12-01 13:00:18+00:00,"Elon Musk On California's EV Rebate Proposal, Tesla Dispute Settlements, And Rivian Powering Upcoming Volkswagen EV: This Week In EVs","This week saw significant developments in the electric vehicle (EV) sector, with Elon Musk, Tesla, and Rivian making headlines through legal battles, strategic partnerships, and industry shifts that could influence the future of the EV market.",0.758756317547522
2024-12-01 14:00:46+00:00,"Trump's AI Czar Plans, Alibaba's New Model, Cathie Wood On Tesla AI, And Musk's Combat Transformation: This Week In Artificial Intelligence","The past week was a whirlwind of AI-related news, with major developments from the likes of Elon Musk, Alibaba Group, and Donald Trump.",0.000048465029977
2024-12-02 18:01:37+00:00,"CNBC Halftime Report Final Trades: Tesla, Wynn Resorts, CrowdStrike Holdings, iShares Bitcoin Trust",,-0.000017391783331
2024-12-02 19:41:10+00:00,"Holiday Momentum Pushes Retail, Leisure Stocks Past S&P 500 – Tesla, Garmin, Tapestry Stand Out","Consumer Discretionary sector outperforms S&amp;P 500 index, driven by notable gains from Tesla, Garmin, and Tapestry. Other standouts include Booking Holdings and Domino&#39;s Pizza.",0.999366320553236
2024-12-03 17:30:16+00:00,"Credo Technology Analyst Double Upgrades AI Play, Raises Forecast By Almost 200%",Credo Technology Group&#39;s stock is skyrocketing. BofA Securities upgraded rating and raises price target by almost 200%.,0.999335573316785
2024-12-03 19:07:41+00:00,Tesla Vs. BYD: The EV Duel Heats Up,"Tesla dominates premium EV market, while BYD reshapes mid-tier and budget markets with affordability. Despite Tesla&#39;s bullish surge, BYD struggles.",0.997969709394965
2024-12-04 17:35:26+00:00,10 Consumer Discretionary Stocks With Whale Alerts In Today's Session, ,-0.923527528066188
2024-12-04 18:15:24+00:00,"Tesla Boosts Marketing In China, Highlights Safety Features During Year-End Sales Push: Report","Tesla ramps up marketing in China, highlights Model 3 safety ratings, and offers incentives to boost year-end sales amid global delivery challenges.",0.999442477594130
2024-12-05 16:30:14+00:00,"Tesla's Path To $400: Bank Of America Highlights EV, AI Growth","Bank of America raises Tesla&#39;s price target to $400, maintaining Buy rating.",0.999341641378123
2024-12-05 18:38:31+00:00,"US Stocks Hold Steady, Travel Demand Fuels Airlines, Tesla Reaches 32-Month Highs: What's Driving Markets Thursday?","Wall Street experienced subdued trading on Thursday morning, with major indices remaining near the flatline as investors awaited further confirmation of potential interest rate cuts from the upcoming November jobs report.",-0.994859351892956
2024-12-06 19:09:12+00:00,"Tech Stocks Rise; Meta Rallies As Court Upholds Tiktok Ban; Bitcoin Roars Above $101,000: What's Driving Markets Friday?",The S&amp;P 500 and the Nasdaq 100 are set to log their third consecutive week of gains. ,0.999195213880739
2024-12-06 19:19:29+00:00,EVgo Surges With $1 Billion Boost As ChargePoint Stumbles In Tough Market,"EV charging stocks down 21% in Nov, but EVgo shines w/ consistent growth and expanding customer base. Tesla dominates, but EVgo&#39;s playbook for success positions it well for the future.",0.988037351518869
2024-12-07 15:00:19+00:00,"Benzinga Bulls And Bears: Tesla, GameStop, Nvidia, Bitcoin, And Dogecoin Analyst Flags $1.30-$1.50 As Key Target",Benzinga examined the prospects for many investors’ favorite stocks over the last week — here’s a look at some of our top stories.,-0.000010766249034
2024-12-07 19:00:15+00:00,Musk Kicked In More Than a Quarter-Billion Dollars To Trump and GOP,Billionaire Elon Musk reportedly donated a whopping $277 million to support President-elect Donald Trump and other Republican candidates in the 2024 elections.,0.762692217307631
2024-12-07 19:45:17+00:00,Musk Fuels Speculation On US Bitcoin Reserve As Crypto Surges,Elon Musk has ignited speculation regarding the potential creation of a U.S. Bitcoin (CRYPTO: BTC) strategic reserve.,-0.817391552031040
2024-12-08 15:00:20+00:00,"Tesla's Challenges, Rivian's Triumph, And Lucid's Ambitions: This Week In EVs","The electric vehicle sector experienced a dynamic week with key developments, including Danny Moses ending his Tesla short position, Cathie Wood criticizing a judge&#39;s ruling on Musk&#39;s pay, Rivian&#39;s high customer satisfaction, Tesla&#39;s Cybertruck facing challenges despite strong sales, and Lucid beginning production of its Gravity SUV.",0.987084619468078
2024-12-09 17:56:33+00:00,"Power Vacuum In Syria Increases Geopolitical Instability, China Investigating Nvidia",,0.997876929788617
2024-12-09 18:49:59+00:00,Microsoft Shareholders To Vote On Bitcoin Investment Proposal,Microsoft (NASDAQ:MSFT) shareholders will cast their votes on whether the company should publicly assess adding Bitcoin to its balance sheet on Dec. 10.,-0.000032124960853
2024-12-10 18:40:39+00:00,"'Amazon's Zoox Hires Tesla's Director of Engineering, Autopilot Hardware' - AV",,0.120260138879530
2024-12-10 18:54:40+00:00,"Wall Street Struggles For Direction, Tesla Flirts With Record Highs, Bitcoin Tumbles Below $95,000: What's Driving Markets Tuesday?","The U.S. stock market lacked direction on Tuesday morning as investors stayed on the sidelines ahead of Wednesday’s release of November inflation data, a critical report that could influence the Federal Reserve’s decision on a potential interest rate cut next week.",-0.996060625708196
2024-12-11 17:35:18+00:00,10 Consumer Discretionary Stocks Whale Activity In Today's Session, ,-0.000783515504736
2024-12-11 18:29:15+00:00,"Elon Musk First Person Worth $400 Billion As Tesla Stock Hits New All-Time Highs: How 2024 Election Helped, Could Lead To Future Gains","The wealth of Elon Musk has passed $400 billion, making the Tesla CEO the first person to ever hit the milestone.",0.999002738899435
2024-12-12 18:09:16+00:00,"Netflix Adjusts Parental Leave Policy, But There Is A Catch","Netflix revises parental leave policy to unlimited time off for first year, but confusion and internal adjustments cause concerns.",-0.986377925612032
2024-12-12 19:29:29+00:00,"Josh Brown Unveils The 'Degen Dow,' A Basket Of 30 Retail Darlings Spanning All 'Major Degen Food Groups'",Ritholtz Wealth Management’s Josh Brown created a new index that tracks the most popular stocks in some of the hottest themes of the market.,0.000212517115870
2024-12-13 17:53:04+00:00,Tesla's 76% Post-Trump Rally: Bullish Run Or Signal To Cash Out?,"Tesla stock has surged 76% since Trump&#39;s election, boosted by CEO Elon Musk&#39;s ties and tech advances. Technical indicators point to potential turbulence ahead.",0.999389789474662
2024-12-13 19:13:14+00:00,"Market Clubhouse Morning Memo - December 13th, 2024 (Trade Strategy For SPY, QQQ, AAPL, MSFT, NVDA, GOOGL, META and TSLA)", ,-0.000017688413209
2024-12-14 12:00:17+00:00,"Tesla's Model S, Model X And Cybertruck Now Have The Same Starting Price: Which To Buy?","With Tesla hiking the starting price on its Model S sedan by $5000 on Friday, all of its premium vehicle offerings now start at the same price point of $79,990.",0.676575339050032
2024-12-14 17:02:37+00:00,"Benzinga Bulls And Bears: Tesla, Nvidia, MicroStrategy, Dollar Tree, And Dogecoin Prediction Of $18 In 'Wild' Scenario",Benzinga examined the prospects for many investors’ favorite stocks over the last week — here’s a look at some of our top stories.,0.000017557016690
2024-12-15 13:30:17+00:00,"Tesla, Alphabet And Broadcom Are Among Top Large Cap Gainers Last Week (December 9-13): Are The Others In Your Portfolio?","Broadcom, Ciena, YPF, Warner Bros. Discovery, Tesla, Rubrik, Amer Sports, Rivian, Boeing, Astera Labs, Alphabet, and Arm were top performers last week.",0.889956293656724
2024-12-15 15:15:16+00:00,"Micron Gets Investment From White House, China Launches Antitrust Investigation On Nvidia, Apple Faces $1.2 Billion Lawsuit In California & More: Consumer Tech News (December 9-13)",China probes Nvidia&#39;s acquisition of Mellanox for possible antitrust violations. EU investigates Google and Meta for ads targeting minors. Micron receives $6.1B investment. Cyberpunk 2077 to get update on Dec. 10. TikTok&#39;s parent company is top buyer of Nvidia chips in Asia. Tesla rolls out Apple Watch app for digital key access.,0.000225194467930
2024-12-16 18:47:15+00:00,"Broadcom, Tesla Propel Nasdaq 100 Gains, Bitcoin Hits $107,000, Fueling Crypto Stocks Rally: What's Driving Markets Monday?","Tech stocks extended their rally to new heights on Monday, with the Nasdaq 100 index climbing over 1% to surpass 22,000 points, fueled by robust gains among key components in the index.",0.999376230945927
2024-12-16 19:17:04+00:00,"Benzinga Market Summary: Broadcom Continues Higher, Bitcoin Reaches All-Time High, Wedbush Raises Tesla PT",,0.999302207696019
2024-12-17 18:13:34+00:00,Computers In New Tesla Cars Failing But Tesla Stock Rockets On Trump's Support, ,-0.994715294917114
2024-12-17 18:14:04+00:00,When To Exit A Winning Tesla Trade, ,0.000036687102693
2024-12-18 17:35:19+00:00,10 Consumer Discretionary Stocks Whale Activity In Today's Session, ,-0.000783515504736
2024-12-18 19:36:42+00:00,"Who's Next To Join Tesla, Broadcom In $1 Trillion Club? Over 50% Say The World's Biggest Retailer",A Benzinga reader poll finds which company could be the next to join the $1 trillion market capitalization club after Broadcom.,0.000158015231136
2024-12-19 17:35:15+00:00,7 Consumer Discretionary Stocks With Whale Alerts In Today's Session, ,-0.935897252173163
2024-12-19 17:43:48+00:00,"Elon Musk As Speaker Of The House? Rand Paul Shows Support, Says People Would 'Lose Their Ever-Lovin' Minds'","Billionaire Elon Musk wears many hats as the leader of companies like Tesla Inc (NASDAQ:TSLA), SpaceX, The Boring Company, Neuralink and X.",0.614353576675057
2024-12-20 13:07:03+00:00,"Tesla shares are trading lower. The company announced it recalled the 2024 Cybertruck, 2017-2025 Model 3 and the 2020-2025 Model Y for TPMS warning light issues.",,-0.995706128276652
2024-12-20 17:57:51+00:00,"On CNBC, Kevin Simpson Announces Trimmed Tesla Position",,0.000051438953960
2024-12-21 04:46:41+00:00,Tesla Cybertruck Units Reportedly Found With Cell Dent Issues: EV Giant Starts Replacing Battery Packs,Tesla has reportedly found some units of Cybertruck with &#34;cell dent&#34; issues and the company has started replacing battery packs of those cars.,-0.320631818845868
2024-12-21 13:30:17+00:00,"Benzinga Bulls And Bears: Tesla, Broadcom, UnitedHealth, Bitcoin And Dogecoin Bull 'Had To Sell' After Price Plunge","Benzinga examined the prospects for many investors’ favorite stocks over the last week — here’s a look at some of our top stories.



Major averages jumped on Friday but still logged weekly losses, with the Dow down 2.3%, the S&amp;P 500 falling 2%, and the Nasdaq losing 1.8%. ",-0.997114923316985
2024-12-22 04:40:02+00:00,Elon Musk Accused Of Bullying Republicans To Scrap US-China Investment Safeguards To Protect Tesla's Interests,"Elon Musk has been accused by U.S. Representative Rosa DeLauro of pressuring Republicans to remove U.S.-China investment safeguards, allegedly to protect Tesla&#39;s business interests in China, a claim Musk has publicly criticized.",-0.802166415378451
2024-12-22 16:00:19+00:00,Tech Titans Triumph: The Top 10 Billionaires Who Made Big Gains In 2024,"America&#39;s wealthiest billionaires had an extraordinary year in 2024, with their fortunes growing at a rate far outpacing the 3% growth of the U.S. economy.",0.999493417388294
2024-12-23 16:00:12+00:00,$1000 Invested In Tesla 10 Years Ago Would Be Worth This Much Today, ,0.083103273878805
2024-12-23 17:35:17+00:00,10 Consumer Discretionary Stocks Whale Activity In Today's Session, ,-0.000783515504736
2024-12-24 17:35:21+00:00,9 Consumer Discretionary Stocks With Whale Alerts In Today's Session, ,-0.926260908599943
2024-12-24 18:14:59+00:00,"Santa Rally Kicks Off On Wall Street: Stocks Gain, Tesla Soars, Bitcoin Hits $98,000","Wall Street kicked off the Santa Rally season on a positive note, with all major indices and sectors closing higher in a shortened session ahead of the Christmas holiday.",0.999313146603527
2024-12-25 14:00:48+00:00,Top 7 Blue-Chip Stocks With The Best Return Potential Going Into 2025,"The year 2024 saw the U.S. stock market make new records, with major indices breaching key milestones. While many stocks witnessed a stellar rally this year, analysts still expect some blue-chip equities to rise further as they forecast a better return potential.



Dow’s Performance In 2024",0.999464485546923
2024-12-25 17:35:20+00:00,10 Consumer Discretionary Stocks Whale Activity In Today's Session, ,-0.000783515504736
2024-12-26 12:41:59+00:00,Nvidia Surpasses Tesla As Retail Investors' Top Pick In 2024: Individual Shareholders Pour Nearly $30B Into Jensen Huang's AI Giant,"Retail traders have injected nearly $30 billion into Nvidia this year, as of Dec. 17.",0.984961884387303
2024-12-26 14:16:55+00:00,"Top 10 Trending Stocks On WallStreetBets As Of December 26, 2024 (Via Swaggy Stocks)",,0.000003342174750
2024-12-27 17:35:22+00:00,10 Consumer Discretionary Stocks With Whale Alerts In Today's Session, ,-0.923527528066188
2024-12-27 18:16:21+00:00,"Stocks Tumble As Traders Rethink Santa Rally, Crude Tops $70, Bitcoin Slips To $94,000: What's Driving Markets Friday?",Wall Street turned volatile Friday as four days of gains give way to fresh selling pressure driven by investor uncertainty over the incoming Trump administration’s economic policies and the Federal Reserve’s path forward.,-0.991700825979933
2024-12-28 13:30:27+00:00,"Musk And Ramaswamy Back Foreign Tech Workers, Sparking Rift In MAGA Trump Camp & Twitter Firestorm",Immigration and the big tech&#39;s reliance on skilled labor is at the core of the rift between Trump&#39;s MAGA supporters and Silicon Valley.,-0.956522550433874
2024-12-28 15:00:23+00:00,"Benzinga Bulls And Bears: Quantum Computing, Tesla, AMD — And Whales Buy 270 Million Dogecoin Over 4 Days","Benzinga examined the prospects for many investors’ favorite stocks over the last week — here’s a look at some of our top stories.



Major U.S. indexes ended the week higher, with the Dow up 0.4%, S&amp;P 500 gaining 0.7%, and Nasdaq rising 0.8%, breaking a three-week decline streak. ",0.999007427715696
2024-12-29 11:00:15+00:00,"Hertz's EV Sale, Ford Donates to Trump's Inauguration, Fund Manager Questions Musk's Robotaxi Fleet Ambitions And More: This Week In Mobility","As the week ends, EV industry sees interesting developments: Hertz sells discounted EVs, Ford donates to Trump inauguration, and more.",0.762966283771675
2024-12-29 19:15:25+00:00,"Musk To Arnault: Here's A Look At 2024's Billionaire Boom and Bust, Who Gained and Who Lost","The year 2024 marked a significant increase in the net worth of the world&#39;s wealthiest individuals, particularly those in the tech sector.",0.999447118214448
2024-12-30 17:35:17+00:00,10 Consumer Discretionary Stocks With Whale Alerts In Today's Session, ,-0.923527528066188
2024-12-31 17:31:33+00:00,Tesla Q4 Delivery Preview: Will 2024 Stock Gains Hold As Growth Slows?,Tesla stock will likely be in the spotlight on the first trading day of 2025 with delivery figures expected on Jan. 2.,0.970054392819293
2024-12-31 17:35:16+00:00,10 Consumer Discretionary Stocks With Whale Alerts In Today's Session, ,-0.923527528066188
2025-01-01 14:15:41+00:00,"EXCLUSIVE: Top 20 Most-Searched Tickers On Benzinga Pro In December 2024 — Where Do Tesla, Nvidia, Quantum Computing Stock Rank?","Each trading day features hundreds of headlines and press releases on Benzinga Pro, a source for traders to see the latest news on the overall market and individual tickers.",-0.000008102375432
2025-01-01 17:35:19+00:00,10 Consumer Discretionary Stocks With Whale Alerts In Today's Session, ,-0.923527528066188
2025-01-02 18:34:01+00:00,"Tesla Analyst Says FSD Test Drive Shows Imperfections, 'Not Ready For Prime Time Yet'",A fourth test drive of Tesla&#39;s FSD has analyst feeling impressed but not ready to crown the technology ready for consumers yet.,0.998456312285271
2025-01-02 19:02:14+00:00,Crude Oil Surges 2%; Tesla Shares Plummet, ,0.997522527759429
2025-01-03 18:28:31+00:00,"Nvidia's $2 Trillion AI Rally In 2024 Fueled by Chips, Startups, and Robotics","Nvidia&#39;s AI-centric chips drove its market cap to over $3 trillion, making it the second-most valuable public company. Its success was fueled by acquisitions and investments in AI startups.",0.999234219896607
2025-01-03 19:07:51+00:00,"Wall Street Rebounds After Five-Day Slump, Automakers Move, US Steel Tumbles: What's Driving Markets Friday?","Wall Street staged a vigorous rebound on Friday, potentially snapping a five-day losing streak, the longest since April, as investors stepped back into the market with renewed optimism.",0.999212313472526
2025-01-04 12:32:19+00:00,"EXCLUSIVE: Top 20 Most-Searched Tickers On Benzinga Pro In 2024 — Where Do Tesla, Nvidia, GameStop, Trump Media Stocks Rank?","Each trading day features hundreds of headlines and press releases on Benzinga Pro, a source for traders to see the latest news on the overall market and individual tickers.",-0.000009048464563
2025-01-04 15:36:20+00:00,"Benzinga Bulls And Bears: Tesla, Netflix, MicroStrategy — And Shiba Inu Strives To Outpace Dogecoin In Crypto","Benzinga examined the prospects for many investors’ favorite stocks over the last week — here’s a look at some of our top stories.



The Nasdaq and S&amp;P 500 ended a five-day losing streak on Friday, but the week closed with the S&amp;P down 0.48%, the Dow losing 0.60%, and the Nasdaq dropping 0.51%.",-0.810941687785089
2025-01-05 16:18:16+00:00,"Tesla's Data Collection Proves Crucial in Cybertruck Explosion Probe, but Raises Privacy Questions: Is Your Car Spying on You?","The New Year&#39;s Day Tesla Cybertruck explosion in Las Vegas has put the spotlight on the data collection capabilities of Tesla Inc., spurring a discussion on privacy rights.",0.006946348818019
2025-01-05 18:33:16+00:00,"Here's How Trump Could Wipe Out 40% of Tesla's Profits After Taking Office, According To JPMorgan Analyst","The profitability of Tesla Inc. could be severely impacted under the second Trump administration, with a potential 40% decrease.",-0.997131477517541
2025-01-06 05:37:43+00:00,"Israel Englander's Millennium Management Dumps Nvidia, Loads Up On Broadcom — Here's What The $70 Billion Hedge Fund Sees","Israel Englander&#39;s Millennium Management has made sweeping adjustments to its portfolio, including a remarkable 91,046.15% increase in Alibaba Group Holding Ltd. (NYSE:BABA) call options and a 94.69% increase in Broadcom Inc.",0.999223462800728
2025-01-06 19:36:12+00:00,Tesla Vs. Rivian: An Electrifying Showdown In The EV Arena,"Tesla and Rivian: Both stocks have strong technicals, but Rivian&#39;s recent momentum may present risks for investors.",0.978393067605793
2025-01-07 18:22:17+00:00,XPeng's EV Glory Faces Technical Trouble: Can Volkswagen Collaboration Drive A Comeback?,"XPeng&#39;s stock, a darling of Chinese EV market, may be stalling after a 66% gain in 6 months. Chart signals caution, but Volkswagen partnership offers hope.",-0.997409829520620
2025-01-07 19:37:08+00:00,Uber and Lyft Adapt Robotaxi Strategy to Compete in Tesla and Waymo's Space,Uber and Lyft have restructured their businesses to include driverless taxi bookings and maintenance. Companies get access to each other&#39;s customer base and Tesla&#39;s robotaxi ambitions.,0.993704949505627
2025-01-08 17:35:17+00:00,8 Consumer Discretionary Stocks Whale Activity In Today's Session, ,-0.002391087131400
2025-01-08 17:39:45+00:00,"Uber, Nvidia Partnership To Unlock Value By Leveraging AI To Advance Ridesharing, Autonomous Tech: Analyst","Analyst maintains Buy rating on Uber with $96 price target after its partnership with Nvidia to develop AVs, leveraging Uber&#39;s data and Nvidia&#39;s AI platform.",0.999242839956423
2025-01-09 15:00:41+00:00,Insights Into Tesla's Performance Versus Peers In Automobiles Sector, ,0.000044492189772
2025-01-09 17:35:16+00:00,8 Consumer Discretionary Stocks Whale Activity In Today's Session, ,-0.002391087131400
2025-01-10 18:45:26+00:00,Unpacking the Latest Options Trading Trends in Tesla, ,0.000004579742381
2025-01-10 18:51:20+00:00,"eVTOL Market Soars Too High? Analyst Gives Archer, Joby Downgrades","JPMorgan downgrades Archer and Joby Aviation stocks, noting they have surged past what fundamentals justify due to market enthusiasm and regulatory challenges.",0.999216712109046
2025-01-11 07:41:21+00:00,"Elon Musk's X, Hewlett Packard Strike $1 Billion AI Server Deal: Report","Hewlett Packard has reportedly secured a deal worth over $1 billion to supply servers optimized for AI to Elon Musk&#39;s social media platform, X.",0.999224711325951
2025-01-12 15:45:18+00:00,"Steve Bannon Targets Elon Musk, Pledges To Expel Him From MAGA Movement: 'He Is a Truly Evil Guy'","Steve Bannon fiercely criticized Elon Musk, calling him &#34;truly evil&#34; and vowing to expel Musk from the MAGA movement.",-0.857541104778647
2025-01-12 16:00:22+00:00,"Tesla Recalls Over 239,000 Vehicles, Uber and Lyft Revamp Robotaxi Strategy, Warren Buffett-Backed BYD Launches Affordable EV And More: This Week In Mobility","Tesla recalls 239k vehicles, BYD launches affordable EV in Oz, Tesla&#39;s Cybertruck praised for wildfire performance, Uber and Lyft revamp robotaxi strategy, XPeng and Volkswagen to build EV charging network in China.",0.998890730639687
2025-01-13 17:35:17+00:00,10 Consumer Discretionary Stocks With Whale Alerts In Today's Session, ,-0.923527528066188
2025-01-13 17:39:02+00:00,"Tesla Embodied AI, Robotaxi Dreams Propel Bullish Sentiment: Stock Chart Flashes Mixed Signals",Tesla stock drops 12% in past month; why is Morgan Stanley raising the stock&#39;s price target?,-0.997838057868648
2025-01-14 17:36:25+00:00,"Tesla Model Y Refresh Gets 50,000 Reservations In China On First Day: Could Update Help EV Leader In 2025?",A new report says more people reserved a Tesla Model Y refresh in the first day than the company sells in China in a month.,0.998088429274503
2025-01-14 18:56:17+00:00,"ChargePoint Outpaces Tesla In EV Network Market Share, But JPMorgan Stays Cautious","ChargePoint dominates U.S. EV charging market with 32% share and 70,000+ ports, but faces challenges with sluggish subsidies and high capex. JPMorgan remains cautious.",-0.987336164340377
2025-01-15 17:53:19+00:00,"Wall Street Rallies As Treasury Yields Fall, Banks Smash Q4 Earnings, Oil Hits $80: What's Driving Markets Wednesday?","Wall Street staged a strong rebound on Wednesday, as mixed inflation data bolstered investor confidence in the Federal Reserve&#39;s continuation of easing cycle in 2025, easing recent market anxieties.",0.999388100492069
2025-01-15 18:13:04+00:00,"Barclays Maintains Equal-Weight on Tesla, Raises Price Target to $325",,0.998323784064269
2025-01-16 17:53:20+00:00,"Tesla Stock 'Valuation Is Full': Analyst Flags Long-Term Growth Opportunities With Robotaxis, FSD",Tesla FSD and robotaxi opportunities are highlighted by an analyst in a new report with robotaxi revenue estimates for 2027 listed.,0.998921509919455
2025-01-16 18:21:24+00:00,"Stocks Pause, Chipmakers Rise, Gold Hits 2-Month Highs: What's Driving Markets Thursday?","Wall Street paused for a breather on Thursday, following Wednesday&#39;s big rally sparked by a softer-than-predicted December inflation report that fueled speculation on the Federal Reserve delivering interest rate cut",0.996250577154569
2025-01-17 17:35:22+00:00,7 Consumer Discretionary Stocks With Whale Alerts In Today's Session, ,-0.935897252173163
2025-01-17 18:07:03+00:00,"Reported Earlier, ""Tesla Has Lowered The Price Of Its Basic Autopilot Feature, Cutting The Cost From C$4,000 To C$1,400 In Canada; This 65% Price Reduction Makes The Upgrade Significantly More Accessible For Tesla Owners Who Opted Out Of The Feature At The Time Of Purchase"" - Drive Tesla Canada",,0.999333854473662
2025-01-18 13:00:17+00:00,"Benzinga Bulls And Bears: Tesla, Apple, Meta And Dogecoin Influencers See Pattern For Post-2025 Inauguration Rally","Benzinga examined the prospects for many investors’ favorite stocks over the last week — here’s a look at some of our top stories.



The Dow, S&amp;P 500, and Nasdaq gained 3.7%, 2.9%, and 2.5% this week, respectively, with all three posting their strongest advances in weeks. ",0.999410212330986
2025-01-18 16:30:24+00:00,Elon Musk Sparks Controversy With Hard-Right 'Make Europe Great Again!' Post,Elon Musk has stirred the pot with a recent post on X shifting &#34;from MAGA to MEGA&#34; to &#34;Make Europe Great Again!&#34;,0.000320467515849
2025-01-19 14:15:36+00:00,"Consumer Tech News (Jan 13-17): Meta Plans Performance Based Job Cuts, Youtuber MrBeast Aims To Buy TikTok To Prevent Shutdown & More","Washington state sues T-Mobile for cybersecurity negligence, Trump considers TikTok ban, MrBeast seeks to acquire app, Apple&#39;s China market share drops, and Microsoft launches AI chat service.",-0.995788448548410
2025-01-19 16:36:33+00:00,"Tesla's Mixed Bag, Musk's Fire Denial, Jeff Bezos' Confidence, And Rivian's Relief Efforts: This Week In Mobility","The week has been a rollercoaster ride for the electric vehicle (EV) industry, with Tesla at the center of the action.",0.000205268275749
2025-01-20 13:08:15+00:00,Tesla Researcher Says It Will Help EV Giant's Annual Deliveries If Trump Does Not Change EV Tax Credit Eligibility Criteria Immediately,"Tesla Inc researcher Troy Teslike sees three possibilities for the $7,500 tax credit currently available on the purchase of new electric vehicles once Donald Trump swears in as President on Monday.",0.992285326530691
2025-01-20 17:35:16+00:00,10 Consumer Discretionary Stocks Whale Activity In Today's Session, ,-0.000783515504736
2025-01-21 17:34:28+00:00,"Piper Sandler Maintains Overweight on Tesla, Raises Price Target to $500",,0.989357365760952
2025-01-21 17:38:27+00:00,10 Consumer Discretionary Stocks With Whale Alerts In Today's Session, ,-0.923527528066188
2025-01-22 16:17:40+00:00,Jamie Dimon Plans To Help Elon Musk As Much As He Can: 'The Guy Is Our Einstein',JPMorgan Chase &amp; Co (NYSE:JPM) CEO Jamie Dimon praised Tesla Inc (NASDAQ:TSLA) CEO Elon Musk on Wednesday and indicated that the two billionaires have patched holes in their relationship.,0.983975898823701
2025-01-22 18:11:39+00:00,"Chipmakers Rally On AI Stargate Bet, Netflix Soars, Bitcoin Falters As Trump Keeps Quiet On Crypto: What's Driving Markets Wednesday?","Tech stocks enjoyed a surge Wednesday, driven by a sharp rise in semiconductor shares after President Donald Trump, OpenAI&#39;s Sam Altman, Oracle Corp.",0.999459788959939
2025-01-23 17:36:18+00:00,10 Consumer Discretionary Stocks With Whale Alerts In Today's Session, ,-0.923527528066188
2025-01-23 19:16:24+00:00,"Tesla Lost $15 Billion In Brand Value In 2024, Report Says: Did Elon Musk's Political Push Hurt EV Giant?","Tesla&#39;s brand value fell in 2024 and the company drops down the top 100 list from Brand Finance, thanks in part to Elon Musk&#39;s political push.",-0.997810805914924
2025-01-24 17:36:41+00:00,10 Consumer Discretionary Stocks With Whale Alerts In Today's Session, ,-0.923527528066188
2025-01-24 19:21:26+00:00,"BYD, Geely, SAIC Contest EU's High EV Tariffs In Court","Chinese EV makers BYD, Geely, and SAIC contested EU&#39;s import duties at Court of Justice. Tesla excluded from tariffs, gaining only 7.8% tax.",-0.002810884179780
2025-01-25 14:00:49+00:00,"Benzinga Bulls And Bears: Amazon, Tesla, Meta And Dogecoin ETF Hopes Rise With New Fund Filing",Benzinga examined the prospects for many investors’ favorite stocks over the last week — here’s a look at some of our top stories.,0.999074726947583
2025-01-25 16:00:48+00:00,"Consumer Tech News (Jan 20-Jan 24): Trump Revokes Biden's AI Policies, Meta Launches New 'Edits' App To Lure TikTok Users & More","Trump revoked Biden&#39;s AI executive order as one of his first actions in office. OpenAI CEO Sam Altman expressed support for Trump, while EA&#39;s revenue declined due to slowdown in football. Instagram launched a new app to compete with TikTok and Perplexity reportedly bids to merge with TikTok.",-0.996834306744859
2025-01-26 17:45:43+00:00,Elon Musk Faces Criticism From Biographer Over Auschwitz Visit: 'He Truly Is a Sociopath',Elon Musk has been branded a &#34;sociopath&#34; by his biographer Seth Abramson following the re-emergence of images from Musk&#39;s January 2024 visit to Auschwitz.,-0.934583471505903
2025-01-26 19:00:33+00:00,"Cuban on Musk: 'I Have No Problem Throwing Elon Under the Bus, but I'll Save It for When It's Truly Deserved'","Last year in the wake of a Secret Service probe into Elon Musk‘s online remarks, entrepreneur Mark Cuban came forward to defend Musk&#39;s online antics, despite acknowledging them as &#34;kind of insane.&#34;",-0.000117997507914
2025-01-27 17:59:27+00:00,IronHold Capital CIO Reveals Trends Hedge Funds Track: 4 ETFs To Watch,"Hedge funds offer valuable insights for retail investors. ETFs based on bullish sectors such as autos, homebuilding, mining and AI can capitalize on these themes.",0.067648178082891
2025-01-27 19:17:36+00:00,"Tesla Analyst's Top 5 Items To Watch In Q4 Earnings: Will Refreshed Model Y, New EVs Help Growth?",Tesla analyst Mark Delaney shares the top items investors should watch in Tesla&#39;s fourth-quarter financial results and an early take on the Model Y refresh.,0.772152350575197
2025-01-28 17:35:16+00:00,10 Consumer Discretionary Stocks Whale Activity In Today's Session, ,-0.000783515504736
2025-01-28 18:37:26+00:00,Under the Radar: Investing in Tomorrow's Market Leaders Today, ,-0.000018354850909
2025-01-29 18:12:03+00:00,"Commerce Secretary Nominee Lutnick Says United States Should End $7,500 Tax Credit For Leasing Imported Luxury Vehicles",,-0.025190608575940
2025-01-29 18:50:50+00:00,AI ETFs In Focus As Alibaba Challenges DeepSeek With New Model,"AI arms race fueled by DeepSeek and Alibaba&#39;s AI models. Investors can profit from trend with AI-focused ETFs, including AIQ, ARKQ, QQQ.",0.763770206540357
2025-01-30 17:53:56+00:00,"Mizuho Reiterates Outperform on Tesla, Maintains $515 Price Target",,0.999062846254674
2025-01-30 18:42:04+00:00,"Wall Street Remains Flat, Microsoft Eyes Heaviest Drop Since Late 2022, Gold Sets Fresh Records: What's Driving Markets Thursday?","Wall Street is struggling to find risk-on momentum, with major indexes stuck near the flatline at midday as investors assess the latest earnings reports from mega-cap tech stocks and weaker-than-expected U.S.",-0.997910784208216
2025-01-31 17:44:03+00:00,"Apple And Tesla Supplier STMicroelectronics Plans Up to 3,000 Job Cuts in Italy and France","STMicroelectronics is considering downsizing its workforce by up to 6% in Italy and France, while reporting Q4 revenues of $3.32B, above estimates.",-0.993329972028732
2025-01-31 17:57:21+00:00,"Tech Stocks Rally, S&P 500 Flirts With Records, Gold Extends All-Time Highs: What's Driving Markets Friday?","Major stock indices have completed their recovery following Monday&#39;s sharp drop, buoyed by tech stocks rallying on the back of solid earnings and positive macroeconomic data.



The S&amp;P 500 index stands at 6,118 points at midday trading in New York, not far from the all-time high of 6,128 points reached last Friday.",0.998980644246330
2025-02-01 17:30:00+00:00,Why Is Tesla's Stock Rallying Despite Earnings Miss? JPMorgan Analyst Puzzled,"Tesla Inc. (NASDAQ: TSLA) experienced an 8% surge in its stock following an earnings miss, leaving JPMorgan analysts scratching their heads.",0.543856754899025
2025-02-01 19:30:43+00:00,Palantir CEO Alex Karp Sounds Alarm on China's Deepseek – Could This Threaten Palantir's AI Dominance?,"Palantir CEO Alex Karp raises concerns about China&#39;s DeepSeek and its potential impact on Palantir&#39;s AI dominance, as the company faces growing competition and emerging threats in the AI market.",-0.988398928428069
2025-02-02 15:30:17+00:00,"Trump's Tax Cuts Could Boost Tesla's Earnings, Rivian CEO Unfazed By EV Tax Credit Concerns And More: This Week In Mobility","The week has been a rollercoaster ride for the electric vehicle (EV) industry, with significant developments from Tesla Inc. (NASDAQ: TSLA), Alphabet Inc. (NASDAQ: GOOGL) (NASDAQ: GOOG), and Rivian Automotive (NASDAQ: RIVN). From potential tax cuts to autonomous driving advancements and controversial comments, here&#39;s a recap of the top stories.",0.979802463669330
2025-02-03 18:15:55+00:00,"President Trump Says I Haven't Seen Conflict Of Interest With Elon; If There Was A Conflict, We Wouldn't Let Elon Work On It",,-0.000156638030603
2025-02-03 18:40:36+00:00,What's Going On With Tesla Stock Monday?,"Tesla shares trading lower on Monday following President Donald Trump&#39;s announcement that tariffs on all products from Canada, Mexico and China will take effect on Tuesday.",-0.994507597642951
2025-02-04 17:35:16+00:00,10 Consumer Discretionary Stocks Whale Activity In Today's Session, ,-0.000783515504736
2025-02-04 18:11:56+00:00,"Could The Trump-Established Sovereign Wealth Fund Invest In Bitcoin, Nvidia, TikTok?","President Donald Trump&#39;s executive order to create a U.S. Sovereign Wealth Fund (SWF) has triggered debates over its structure, funding and potential investments.",-0.013452048646286
2025-02-05 17:46:15+00:00,'Banks Sell $5.5 Billion Of X Loans After Investor Interest Surges' - WSJ,,0.996788529388141
2025-02-05 18:35:13+00:00,"White House: Elon Musk Will Excuse Himself From Any Conflicts Of Interests Between His Business, Government Work",,-0.000051613315009
2025-02-06 17:35:16+00:00,10 Consumer Discretionary Stocks Whale Activity In Today's Session, ,-0.000783515504736
2025-02-06 18:00:22+00:00,"Trump Focused On 10-Year Yield And Not On The Fed, Slower AI Growth Fears Weigh On Arm Stock","



To gain an edge, this is what you need to know today.",-0.993036196101457
2025-02-07 17:35:16+00:00,10 Consumer Discretionary Stocks Whale Activity In Today's Session, ,-0.000783515504736
2025-02-07 18:33:35+00:00,"Group Representing Automakers, Charging Companies Urge Trump Administration To Quickly Restart $5B Government EV Charging Funding Program",,-0.000682228012010
2025-02-08 12:30:20+00:00,"While Elon Musk Has Been At The Center Of Trump's Presidency In The First Three Weeks, Data Shows His Rivals Jeff Bezos, Mark Zuckerberg And Others Benefited More Since The Inauguration: Here's More","Elon Musk, the richest person with $412B net worth, faces criticism for conflict of interest as head of DOGE. Musk aims to reduce $2T in federal spending.",0.997999879517010
2025-02-08 14:40:18+00:00,"Benzinga Bulls and Bears: Tesla, Palantir, AMD, Ford and XRP Rallies After Viral Jack Dorsey Video",Benzinga examined the prospects for many investors’ favorite stocks over the last week — here’s a look at some of our top stories.,0.000117223462439
2025-02-09 11:00:42+00:00,"Trump's Sovereign Wealth Fund, Iran Sanctions, Tariffs, Musk's DOGE Target, And Tax Plans: Top Economics Updates This Week","The week has been a whirlwind of economic and political developments. From the announcement of the first-ever U.S. sovereign wealth fund to escalating tensions with Iran, the Trump administration has been making headlines. Meanwhile, Elon Musk&#39;s ambitious DOGE target and Trump&#39;s controversial tax plans have stirred up debates. Here&#39;s a recap of the top stories.",0.000059506463003
2025-02-09 15:00:49+00:00,"Lucid's Record Deliveries, Figure AI's Breakthrough, Tesla's Hiring Spree And More: This Week In Mobility","Lucid Group reported record deliveries, Figure AI made major breakthrough, Boeing changed Starliner leadership, Tesla gears up for hiring.",0.998971951688873
2025-02-10 18:23:08+00:00,"Mobileye Gains Analyst Upgrade On 2025 Catalysts, But Profit Delays And Competition Keep Rating Neutral",Mobileye stock surges after BofA analyst upgrades it to Neutral and raises price target from $12 to $19 due to potential contract wins and steady ADAS growth.,0.999460966530023
2025-02-10 18:59:09+00:00,Tesla To $474? Here Are 10 Top Analyst Forecasts For Monday, ,-0.000005711568519
2025-02-11 18:54:21+00:00,"Lyft Rides A Bullish Wave Ahead Of Q4 Earnings, But Will Robotaxis Be A Game-Changer?","Lyft Inc. (NASDAQ:LYFT) is expected to report Q4 2024 earnings today, with analysts predicting 22 cents per share and $1.56 billion in revenue. Investors are also watching for signs of its autonomous ride-hailing plans.",0.996698183589615
2025-02-11 19:34:10+00:00,Tesla Stock Is Tumbling Tuesday: What's Driving The Action?,Tesla Inc (NASDAQ:TSLA) shares are trading lower Tuesday after competitor BYD Co (Pink:BYDDF) announced plans to include self-driving technology in its vehicles.,-0.997699291008757
2025-02-12 17:55:31+00:00,"Benchmark Initiates Coverage On Tesla with Buy Rating, Announces Price Target of $475",,0.000044232077926
2025-02-12 18:22:34+00:00,"Stocks Trim Losses After Hot Inflation, Bonds Remain Pressured, Tesla Rebounds: What's Driving Markets Wednesday?","A hotter-than-expected inflation report initially rattled markets on Wednesday morning, but investors found confidence to buy the dip, helping major indexes recover most losses by midday trading in New York.",0.997301615541801
2025-02-13 18:43:56+00:00,"President Trump Says Provisions Will Be Made For Non-Monetary Tariff, Such As Tests On Cars; Provisions For Non-Monetary Tariffs Will Include Limitations On Trade",,-0.000018836835807
2025-02-13 18:54:19+00:00,"President Trump Says This Will Be Over And Above Steel Tariffs, Also Cars, Pharmaceuticals; Car Tariffs Coming Soon",,-0.000029137096135
2025-02-14 17:35:17+00:00,10 Consumer Discretionary Stocks With Whale Alerts In Today's Session, ,-0.923527528066188
2025-02-14 18:03:21+00:00,What's Going On With Lucid Stock Today?,"Lucid Group reports the launch of its Lucid Gravity Grand Touring in Canada, showcasing impressive specs and charging capabilities.",0.001753809134243
2025-02-15 08:15:00+00:00,"Tesla, Ford, GM In Focus: After Tariffs On China, Mexico, And Canada, Trump Now Eyes Auto Industry For Next Move","President Donald Trump hinted at the possibility of imposing tariffs on automobiles, continuing his aggressive trade policy.",0.000885957444552
2025-02-15 08:41:43+00:00,"Billionaire Investor Dan Loeb Boosts Stake In Mark Zuckerberg's Meta, Elon Musk's Tesla, But Sold These Three Mag 7 Stocks In Q4","Activist investor Dan Loeb‘s Third Point LLC has significantly ramped up its stakes in Flutter Entertainment, Elon Musk&#39;s Tesla, and Mark Zuckerberg&#39;s Meta Platforms during the final quarter of 2024.",0.999358344692155
2025-02-16 16:00:22+00:00,"Trump's Auto Tariffs, Tesla's Stock Plunge, Uber's Tesla Partnership, Musk's Dubai Loop And Starbase City","The week was a rollercoaster for the auto industry, with President Donald Trump hinting at potential tariffs on automobiles.",-0.667031088843942
2025-02-16 18:45:16+00:00,Sheryl Crow Ditches Tesla Over Elon Musk's DOGE and Trump Ties,"Rock star Sheryl Crow is parting ways with her Tesla vehicle, expressing her disapproval of CEO Elon Musk&#39;s politics.",-0.125481865485199
2025-02-17 12:28:51+00:00,Tesla's California Sales Hit Four-Year Low Amid Political Concerns: Researcher Says 'Left-Leaning Customers Are Turning Away' From EV Giant,"Tesla&#39;s California sales declined in Q4 of 2024, possibly due to impact of CEO Elon Musk&#39;s political actions.",-0.997917002590839
2025-02-17 17:35:18+00:00,10 Consumer Discretionary Stocks With Whale Alerts In Today's Session, ,-0.923527528066188
2025-02-18 14:31:10+00:00,"Top 10 Trending Stocks On WallStreetBets As Of February 18, 2025 (Via Swaggy Stocks)",,0.000006142152415
2025-02-18 17:48:26+00:00,Toyota Agrees To Transfer Order For LG Energy Batteries To Michigan Plant That GM Is No Longer Using,,0.987436271330807
2025-02-19 16:59:00+00:00,"Trade War Redux: These ETFs Due For Bumpy Ride Thanks To Trump Tariffs On Auto, Pharma, Chip Imports","Trump&#39;s proposed 25% tariffs on auto, semiconductor, and pharmaceutical imports have rattled markets and could affect ETFs with heavy exposure to these sectors.",-0.995630493038334
2025-02-19 17:35:17+00:00,10 Consumer Discretionary Stocks Whale Activity In Today's Session, ,-0.000783515504736
2025-02-20 17:33:36+00:00,U.S. FTC Says It Launches Inquiry On Tech Censorship,,0.000076014817751
2025-02-20 17:35:17+00:00,10 Consumer Discretionary Stocks With Whale Alerts In Today's Session, ,-0.923527528066188
2025-02-21 15:58:09+00:00,India To Finalize New EV Policy Next Month; India To Count Only 5% Of EV Investment Toward Charging For Tariff Relief For Foreign Automakers,,0.000041077451897
2025-02-21 17:35:18+00:00,10 Consumer Discretionary Stocks Whale Activity In Today's Session, ,-0.000783515504736
2025-02-22 08:07:40+00:00,Will Elon Musk's Tesla Team Up With Uber To Roll Out Robotaxis? CEO Dara Khosrowshahi Spills The Beans,"Uber Technologies Inc. (NYSE: UBER) CEO, Dara Khosrowshahi, stated that Elon Musk has no plans to integrate Tesla Inc. (NASDAQ: TSLA)&#39;s forthcoming robotaxis into Uber&#39;s platform.",-0.000003142209607
2025-02-23 14:45:24+00:00,Elon Musk Demands Federal Workers Justify Their Jobs — FBI's Kash Patel Tells Employees Not To Respond,Elon Musk is demanding that federal employees justify their positions to him through email or lose their jobs.,-0.001850619853940
2025-02-23 15:00:19+00:00,"Rivian's New Edition, Spacex Delays, Tesla's Decline, And Nikola's Bankruptcy: This Week In Mobility","Tech and automotive sectors experience ups and downs: Rivian&#39;s new vehicle, SpaceX&#39;s delay, Tesla&#39;s sales slump, and Nikola&#39;s bankruptcy.",-0.996064291859511
2025-02-24 19:16:49+00:00,"Defiance Seeks SEC Approval For ETF Tied To Trump Policies: 'You Could Have A Nice Run, But...'","Defiance ETFs has filed for approval of MAGA Seven ETF with SEC. MAGT aims to benefit from Trump&#39;s policies, including AI and big tech leniency.",0.999033217914985
2025-02-24 19:20:45+00:00,What's Going On With Tesla Stock Monday?,Tesla Inc (NASDAQ:TSLA) shares are trading higher Monday after the company announced it will deploy full self-driving features in China.,0.998980076590669
2025-02-25 19:22:54+00:00,"STMicroelectronics Faces Leadership Shakeup, Italy Seeks New CEO Amid Semiconductor Struggles",Italy seeks to oust STM CEO for failing to improve company prospects. Rome and Paris hold 27.8% stake. STMicroelectronics stock down 30% in past year.,-0.997819111740682
2025-02-25 19:30:34+00:00,Tesla Acquires German Tech Firm Manz Assets Amid Insolvency,"Tesla Automation GmbH (NASDAQ: TSLA) has reached an agreement to acquire Manz AG&#39;s Reutlingen facility, including over 300 employees. This deal, pending approval from the German Federal Cartel Office, marks a significant move as Manz AG enters insolvency proceedings.",0.999033354542917
2025-02-26 15:50:03+00:00,Stock Buying Ahead Of Nvidia Earnings On Potential Tax Cuts And Large Medicaid Cuts, ,0.995130392897408
2025-02-26 17:35:16+00:00,10 Consumer Discretionary Stocks With Whale Alerts In Today's Session, ,-0.923527528066188
2025-02-27 19:32:30+00:00,'Elon Musk's Tesla moves to launch robotaxi service in California',,0.001767786321579
2025-02-27 19:36:15+00:00,Tesla Seeks California Ride-Hailing Permit Amid Declining EV Sales,Tesla has applied for a transportation charter-party carrier permit in California. The move could create a vital revenue stream as Tesla battles its first annual EV sales decline in over a decade.,0.997683516470715
2025-02-28 17:36:06+00:00,Tesla's Sharp Drop Sends Shockwaves Through These ETFs,"Tesla&#39;s stock decline is impacting ETFs with significant exposure to the company. Leveraged ETFs have been hit the hardest, while broad-market and sector ETFs are also experiencing losses.",-0.997554997331463
2025-02-28 17:49:17+00:00,"Nvidia, Tesla Lead Tech Stock Rebound: What's Driving Markets Friday?","Stocks recovered on Friday, with all three major indexes in the green, as the tech sector bounced back from Thursday&#39;s losses with NVIDIA Corp. (NASDAQ:NVDA) up 1.37% and Tesla, Inc. (NASDAQ:TSLA) ",0.999334422609536
2025-03-01 08:09:33+00:00,Here's The Mystery Donor Who Donated 10 Tesla Cybertrucks To Las Vegas Metropolitan Police Department: Report,Ben Horowitz and his spouse Felicia Horowitz are reportedly behind the Cybertruck donations to the Las Vegas Metropolitan Police Department.,0.000016356956621
2025-03-01 13:00:20+00:00,"Benzinga Bulls And Bears: Joby Aviation, Nvidia, Tesla — And Bitcoin Drops Below $80,000",Benzinga examined the prospects for many investors&#39; favorite stocks over the last week — here&#39;s a look at some of our top stories.,-0.996631196408998
2025-03-02 17:30:19+00:00,Elon Musk Claims Rival Billionaire Wants to 'Destroy' Trump To Suppress Jeffrey Epstein Client List,"On a recent episode of Joe Rogan&#39;s podcast, Elon Musk made shocking allegations concerning several high-profile individuals and their connections to Jeffrey Epstein.",-0.000088203232735
2025-03-02 18:50:26+00:00,$21 Trillion Wealth-Creating Stocks Are Still Undervalued — Three Big Bargains To Buy Now,"Despite their impressive performance over the past decade, three of the biggest wealth-creating stocks are still considered undervalued.",-0.976526432204992
2025-03-03 17:35:16+00:00,10 Consumer Discretionary Stocks With Whale Alerts In Today's Session, ,-0.923527528066188
2025-03-03 19:12:13+00:00,Democratic Senator Blumenthal Asks State Department To Answer Questions On Reported Plan To Purchase Tesla Cybertrucks,,0.000013475000742
2025-03-04 17:38:21+00:00,"Automaker Group Warns Trump Tariffs On Canada, Mexico Will Increase Price Of Some Vehicle Models By As Much As 25%; United Auto Workers Union Praises Trump Tariffs On Canada, Mexico, Saying Move Will Help End ""The Free Trade Disaster""",,0.860965281724930
2025-03-04 18:38:31+00:00,"Broken Deal, Big Consequences: How ETFs And Stocks Will React","US-Ukraine deal for priority access to critical minerals collapses, causing market disruption and potential economic and strategic setbacks.",-0.996009398251772
2025-03-05 15:23:34+00:00,Tesla Stock Nears 50% Drop From All-Time Highs: Analyst Says 'Difficult Fundamental Conditions' Ahead,A Tesla analyst lowers the price target with demand weakness a key reason.,-0.997975268575829
2025-03-05 17:35:15+00:00,6 Consumer Discretionary Stocks With Whale Alerts In Today's Session, ,-0.955795360845514
2025-03-06 18:04:04+00:00,Mexico President Claudia Sheinbaum Says We Want A Good Part Of Auto Makers' Production In Mexico To Be For Local Market,,0.000030021488783
2025-03-06 19:37:21+00:00,Trump Vs. Musk: Tesla To Be Hurt By Tariffs On Mexico Despite Friendship,"Ford, GM and Stellantis could be hit hard by tariffs on Canada and Mexico. Tesla isn&#39;t immune from higher costs and could pay more for parts from Mexico. ",-0.978492307942361
2025-03-07 14:21:57+00:00,"Palantir Delivers AI-Powered Battle Stations To US Army, Stock Now Comparable To Tesla Circa 2015: Analyst",Palantir delivered $178 million TITAN military deal to U.S. Army with AI tech and subcontractors. Stock up 204% in 12 months.,0.999419851388666
2025-03-07 17:35:17+00:00,10 Consumer Discretionary Stocks Whale Activity In Today's Session, ,-0.000783515504736
2025-03-08 12:37:54+00:00,"Tesla Stock Crashes About 40% Since Trump Took Office, Brand Takes A Hit, And Musk Faces Criticism: Analyst Says Dark Times For Bulls But Not Enough To Head For The Hills","Despite Tesla&#39;s 40% stock drop and a $500 billion market cap wipeout since Trump took office, Dan Ives remains bullish.",-0.997120492043905
2025-03-08 19:40:35+00:00,"Elon Musk's Ex-Wife Spills The Truth About What It Really Takes To Be A Billionaire: 'There Is No Roadmap, No Blueprint For This'","Justine Musk, the first wife of billionaire Elon Musk, once shared her unique insights on the journey to becoming a billionaire.",0.000052182731451
2025-03-09 14:00:50+00:00,"Tesla's China Boom, Rivian's Sweet Ride, And Trump's Tariffs Threat: This Week In Mobility","The EV industry saw major developments over the weekend, with Tesla&#39;s Model Y surging in China, its Model S/X retreating from Japan, Rivian unveiling its Georgia timeline and an ice cream truck partnership, and Trump&#39;s tariffs threatening the profits of Detroit&#39;s Big Three automakers.",0.997823147452436
2025-03-09 16:00:41+00:00,"Mark Cuban Reveals the Thing He Respects Most About Elon Musk: 'What He's Been Able To Accomplish Is Insane, It's Incredible'","Last fall, Mark Cuban expressed his admiration for Elon Musk&#39;s business acumen and risk-taking approach, despite their ideological differences.",0.562609568471089
2025-03-10 17:35:17+00:00,10 Consumer Discretionary Stocks With Whale Alerts In Today's Session, ,-0.923527528066188
2025-03-10 18:12:44+00:00,"UBS Maintains Sell on Tesla, Lowers Price Target to $225",,0.996424986398779
2025-03-11 19:18:10+00:00,Markets Bounce As Ukraine Expresses Readiness For 30-Day Ceasefire Proposal With Russia,"Markets bounced back in early afternoon trading Tuesday as Ukraine signaled its readiness to accept a U.S.-backed proposal for a 30-day ceasefire, an agreement that could be extended if both sides comply.",0.999216366792098
2025-03-11 19:23:23+00:00,Elon Musk Says We Will Be Very Careful About Any Interruption To Social Security Benefits,,-0.000196769076865
2025-03-12 17:35:18+00:00,10 Consumer Discretionary Stocks Whale Activity In Today's Session, ,-0.000783515504736
2025-03-12 18:17:09+00:00,Wall Street Rebounds As Cooling Inflation Draws Tech Dip Buyers: What's Driving Markets Wednesday?,"Traders found relief in a cooler-than-expected inflation report, driving tech-heavy indices to a rebound on Wednesday despite ongoing trade tensions.",0.999164292064961
2025-03-13 17:35:17+00:00,10 Consumer Discretionary Stocks With Whale Alerts In Today's Session, ,-0.923527528066188
2025-03-13 18:59:38+00:00,Elon Musk Is 'A Gift From The Gods': Why A Venture Capitalist Thinks Tesla CEO Will Help America Look 'Really Cool',Tim Draper shared praise for Elon Musk during a recent exclusive Benzinga interview. Draper believes Musk will make a positive impact on the government.,0.998953483343939
2025-03-14 17:35:16+00:00,10 Consumer Discretionary Stocks Whale Activity In Today's Session, ,-0.000783515504736
2025-03-14 19:37:48+00:00,Market Bottom Or Another 'Scared Cat Bounce'? Wall Street Veteran Remains Skeptical,"Wall Street bounces back as shutdown risks fade, stocks eye strongest day in 4 months. Trump&#39;s silence on tariffs and Senate&#39;s support for funding bill fuel rebound, but veteran investor Yardeni remains cautious and warns of ongoing risks to economic growth.",0.998992157692555
2025-03-15 14:30:40+00:00,Trump's Tesla Shoutout Falls Flat — No Spike in Orders or Inventory Movement,President Trump&#39;s publicity stunt for Tesla has not resulted in a sales uptick.,0.602804869413376
2025-03-15 16:00:37+00:00,Tesla's Biggest Bull Frustrated With Elon Musk's Focus On DOGE Over Company: 'Patience Wearing Thin',Elon Musk is under fire from Tesla investors who are concerned about his lack of focus on the company.,-0.996447427663952
2025-03-15 19:45:00+00:00,Grimes Slams Elon Musk for Putting Their Children in Spotlight: 'I've Tried Begging Public And My Kids' Dad To Keep Them Offline',Grimes has openly expressed her disapproval of Elon Musk for publicly displaying their four-year-old son.,-0.770416517974809
2025-03-16 15:38:04+00:00,"Consumer Tech News (Mar 10-Mar 14): Manus AI Creating Hype, Tesla Eyes Affordable Version Model Y In China & More","Trade tensions create concerns for automotive industry. Goldman Sachs warns tariffs could hurt earnings. EPA starts process to reverse emissions standards. FTC requests delay in Amazon trial. Trump suggests Meta may invest $60B in US. Earnings reports for S, UiPath, BLNK, RBRK.",-0.992904358543456
2025-03-17 19:09:19+00:00,"YouTuber Crashes Tesla Into Fake Road Wall, Fooling Vehicle Cameras In Misleading Video","Former NASA engineer and YouTuber Mark Rober pitted Tesla Inc&#39;s (NASDAQ:TSLA) Autopilot system against a lidar system from Luminar Technologies Inc (NASDAQ:LAZR) in his latest video. Although the road conditions were terrible, the results were clear, but there&#39;s a catch.",-0.954745632945560
2025-03-17 19:10:57+00:00,"Canaccord Genuity Maintains Buy on Tesla, Maintains $404 Price Target",,0.567693586694077
2025-03-18 17:13:28+00:00,Tesla To $320? Here Are 10 Top Analyst Forecasts For Tuesday, ,0.000013227421732
2025-03-18 17:35:22+00:00,10 Consumer Discretionary Stocks Whale Activity In Today's Session, ,-0.000783515504736
2025-03-19 17:35:19+00:00,10 Consumer Discretionary Stocks Whale Activity In Today's Session, ,-0.000783515504736
2025-03-19 18:12:57+00:00,"Benzinga Market Summary: S&P Rises After Fed Leaves Rates Unchanged, NVIDIA GTC Continues, Cantor Fitzgerald Upgrades Tesla Shares, Boeing Gains On CFO Outlook",,0.998775147279957
2025-03-20 16:17:09+00:00,"US Consumers Face Risks As Rising Cost Of Living, Job Market 'Cracks' Threaten Spending, Bank of America Warns","U.S. consumers struggling with rising housing costs, slower wage growth, and unemployment fears may have to cut back on discretionary spending.",-0.995515665505081
2025-03-20 17:35:18+00:00,10 Consumer Discretionary Stocks Whale Activity In Today's Session, ,-0.000783515504736
2025-03-21 17:35:21+00:00,10 Consumer Discretionary Stocks Whale Activity In Today's Session, ,-0.000783515504736
2025-03-21 18:51:29+00:00,Rise Of China's Secondary Consumption: Key Stocks To Watch,"China&#39;s shift to household consumption-driven growth has resulted in a surge in preowned and refurbished goods. PDD Holdings misses Q4 estimates, while Xiaomi posts record revenues and profits.",0.998979914205847
2025-03-22 08:08:04+00:00,"Trump Administration's Promotion Of Elon Musk's Tesla Draws Criticism From Experts: 'The Commerce Secretary Is Not Jim Cramer,' Says Former Ethics Counsel","Members of the Trump administration are facing ethics backlash for openly promoting Tesla, as the EV giant&#39;s stock slides.",-0.996758767112624
2025-03-22 12:01:18+00:00,"Benzinga Bulls And Bears: Tesla, Nvidia, FedEx — And The Market Digests The Fed's Rate Decision",Benzinga examined the prospects for many investors&#39; favorite stocks over the last week — here&#39;s a look at some of our top stories.,0.000029756803997
2025-03-23 14:04:52+00:00,"Elon Musk's Late-Night Pep Talk, Tesla's Delivery Woes, And More: This Week In Mobility","This week, Elon Musk rallied Tesla employees amid falling stock and delivery concerns, as Waymo surged ahead in the robotaxi race, Nvidia teamed up with GM, and rising vandalism hinted at higher insurance costs for Tesla owners.",0.995996751124039
2025-03-23 15:17:18+00:00,"Retail Investors Cashed Out as Tesla Stock Plunged 50%, Blame It on Elon Musk","In the wake of a significant downturn in Tesla stock, retail investors are parting ways with their shares.",-0.996494708524551
2025-03-24 18:34:12+00:00,Tesla Showroom Targeted In Austin As Vandalism Escalates,"A Tesla showroom in Austin was targeted by incendiary devices, sparking an FBI investigation. Musk and Trump suggested coordinated attacks, but law enforcement has found no evidence to support it.",-0.555953563190997
2025-03-24 19:37:09+00:00,"FBI Director Says Investigating The Increase In Violent Activity Toward Tesla, And Over The Last Few Days; Taken Additional Steps To Crack Down And Coordinate Our Response",,0.003103543189354
2025-03-25 17:35:17+00:00,10 Consumer Discretionary Stocks With Whale Alerts In Today's Session, ,-0.923527528066188
2025-03-25 18:35:29+00:00,"Warren Buffett Top Wealth Gainer, Elon Musk Top Wealth Loser In 2025: Here's How Much Billionaires Have Added, Lost",Warren Buffett has outperformed Elon Musk in 2025. Here&#39;s a look at how their wealth has changed in the first three months of the new year.,0.998802033602260
2025-03-26 17:46:24+00:00,'U.S. Weighs Excluding Auto Parts From Tariffs' - WSJ Citing Moreno,,-0.012697371130344
2025-03-26 18:38:40+00:00,What's Going On With Tesla Shares Wednesday?,"Tesla stock is trading lower amid overall market weakness, possibly due to uncertainty around tariffs.",-0.997921074245824
2025-03-27 18:57:42+00:00,Trump's Auto Tariffs Are A Clear Positive For Tesla (TSLA), ,0.998669475346105
2025-03-27 18:59:54+00:00,"Japanese Automakers Face $29 Billion Tariff Hit, Nissan, Mazda, Subaru Most At Risk, Says Analyst",The newly imposed 25% auto tariff threatens to disrupt the global automotive industry. Analysts warning of sharp price increases and declining sales.,-0.996978142182343
2025-03-28 19:05:44+00:00,EXCLUSIVE: Which Magnificent 7 Stock Will Perform Best In The Next 3 Months? New Poll Shows A Favorite (And It's Not Nvidia),"Of the Magnificent 7 stocks, this is the one picked by Benzinga readers to have the best return over the next three months.",0.983265284477966
2025-03-28 19:09:37+00:00,Chicken Tax 2.0: Bank Of America Flags 3 Million Sales At Risk After Auto Tariffs,The new auto tariffs revive and expand the logic of the original 1960s-era &#34;chicken tax&#34; — a 25% duty initially imposed on light trucks in retaliation for a European tax on American poultry.,0.992389722494408
2025-03-28 22:01:00+00:00,"Sticky Inflation Weighs On Markets — SPY, QQQ, Tech Stocks Take A Hit","Wall Street stumbles as inflation report and trade tariffs spark sell-off. SPY, IVV, and QQQ ETFs suffer losses. Volatility expected in near term.",-0.997959245985840
2025-03-29 12:00:43+00:00,"Benzinga Bulls And Bears: Chevron, Microsoft, Nike — And Tariffs Have Automotive Sector Reeling",Benzinga examined the prospects for many investors&#39; favorite stocks over the last week — here&#39;s a look at some of our top stories.,-0.008167841471732
2025-03-30 14:00:43+00:00,"FBI Targets Tesla Protests, Rivian's Micromobility Spin-Off, And Waymo's Parking Fines: This Week In Mobility","The weekly round-up covers major developments in the EV space, including the FBI launching a task force over Tesla protest violence, Rivian spinning off its micromobility unit, Waymo facing hefty parking fines, and Ford exploring manual EV shifts—while experts debunk claims of coordinated attacks on Tesla.",-0.000856132886838
2025-03-31 18:23:49+00:00,Lucid CEO Says We Are Seeing An Uptick In Orders From Former Tesla Owners- Fox Business Interview,,0.419038725551218
2025-03-31 19:29:28+00:00,"Tariffs, Inflation And Tumbling Markets: These 5 ETFs Thrived Amid Last Week's Chaos","Investor sentiment was shocked by Trump&#39;s 25% tariff on auto imports, increasing inflation fears. But some ETFs performed well, with gains up to 22.8%.",0.999228591856081
2025-04-01 17:35:19+00:00,10 Consumer Discretionary Stocks Whale Activity In Today's Session, ,-0.000783515504736
2025-04-01 19:04:21+00:00,"Tesla Q1 Deliveries Preview: Analysts Forecast 377K, But Kalshi Traders Predict A Miss",A look at various estimates and the betting odds for Tesla&#39;s first-quarter deliveries.,-0.000252321988228
2025-04-02 19:08:31+00:00,Trump's 'Liberation Day' Tariff Reveal Set For 4PM: What's At Stake,"Trump to announce new trade tariffs, potentially reaching 20%, in a push to tackle US deficit. Wall Street reacts with caution and correction.",-0.000108104068204
2025-04-02 19:39:01+00:00,7 Congress Members Have Bought And Sold Tesla Stock Since 2024 Election: A Look At Republicans And Democrats Betting On EV Giant,Tesla has been a popular stock to own in recent years. Members of Congress owning the stock could have potential conflicts of interest with CEO Elon Musk now involved in the White House.,-0.000295592850307
2025-04-03 17:54:09+00:00,"Goldman Sachs Maintains Neutral on Tesla, Lowers Price Target to $275",,0.223968803882599
2025-04-03 18:49:47+00:00,"Lyft Stock Downgraded On Autonomous Vehicle Risk From Waymo, Tesla Competition","Lyft stock downgraded to Underperform with price target cut due to autonomous vehicle risk and lack of partnerships, trading lower on Thursday.",-0.997836573165841
2025-04-04 17:35:34+00:00,10 Consumer Discretionary Stocks Whale Activity In Today's Session, ,-0.000783515504736
2025-04-04 19:40:09+00:00,'Tesla's Software Engineering Head Is Said to Depart EV Maker' - Bloomberg News,,-0.000078255332483
2025-04-05 18:30:17+00:00,$74 Billion Wiped Out Since Tariff Declaration — See How Much The Billionaires Lost,"In a significant market downturn since President Trump announced new tariffs worldwide, the world&#39;s wealthiest individuals have seen their fortunes shrink by $74 billion.",-0.997658437932841
2025-04-05 19:31:48+00:00,Elon Musk Loses $11 Billion As Tesla Stock Plummets In Wake Of New Trump Tariffs,President Trump&#39;s recent announcement of new tariffs sent the U.S. stock futures into a tailspin.,-0.997334008978214
2025-04-06 09:00:42+00:00,"Trump Backs Biden's Project, China Tariffs, Tesla Stock, Cannabis Policy, And The CHIPS Act: This Week In Politics", ,-0.000037373174564
2025-04-06 14:00:17+00:00,"Tesla's Q1 Delivery Predictions, Trump Tariffs, And China's EV Dominance:  This Week In Mobility","The past week saw major developments in the auto industry, including Tesla&#39;s anticipated Q1 delivery figures.",0.020823465369176
2025-04-07 09:04:28+00:00,"Dow Nosedives Over 2,200 Points As Apple, Tesla, Nvidia Plummet: Investor Sentiment Dips Further, Greed Index Remains In 'Extreme Fear' Zone", ,-0.997302157396916
2025-04-07 17:35:17+00:00,10 Consumer Discretionary Stocks With Whale Alerts In Today's Session, ,-0.923527528066188
2025-04-08 15:52:13+00:00,"Elon Musk Calls Trump Trade Advisor Peter Navarro 'Dumber Than Sack Of Bricks,' Defends Tesla As 'Most American-Made Cars'","Tesla CEO Elon Musk on Tuesday escalated his public feud with Peter Navarro, a top trade adviser to President Donald Trump, calling him &#34;truly a moron&#34; and &#34;dumber than a sack of bricks&#34; on the social media platform X. ",-0.974710191832855
2025-04-08 18:39:36+00:00,Markets Reverse Gains As Trump's 104% China Tariff Announcement Rattles Wall Street,Wall Street rally turns negative after confirmation of Trump&#39;s 104% tariff on China imports. Concerns over global trade escalation reignited.,-0.951584903523326
2025-04-09 18:13:41+00:00,"Wall Street Roars As Trump Pauses Tariffs For Non-Retaliator, Hikes China Duties To 125%","Wall Street surges on Trump&#39;s 90-day tariff pause for non-retaliating countries, sparking risk-on rally and sending major indices to multi-month highs.",-0.013090938329697
2025-04-09 19:06:39+00:00,Nasdaq 100 Set For Strongest Rally Since 2008 As Magnificent 7 Add $1.5 Trillion In Historic Surge,"Wall Street rallies on Trump&#39;s tariff pause for non-retaliating nations and renewed hardline stance on China, sparking massive gains in tech stocks.",0.999387240372016
2025-04-10 18:00:03+00:00,"UBS Maintains Sell on Tesla, Lowers Price Target to $190",,0.994201753754169
2025-04-10 19:04:11+00:00,"China Deal Is 'Going To Work Out,' Trump Says As Stocks Bounce From Session Lows","Wall Street trimmed steep losses in afternoon trading Thursday, following remarks from President Donald Trump, who expressed some optimism about reaching trade agreements, particularly with China. ",0.999066324002342
2025-04-11 13:57:27+00:00,"10 Companies With Exposure To Trump's China Tariff War: Ford, Tesla, Apple, Disney And More",The trade war shows no signs of slowing down as China responded on Friday morning with a retaliatory tariff now standing at 125% on U.S. imports. Here&#39;s a look at which companies are most exposed to China and could face impacts from the ongoing trade war:,-0.642692723311484
2025-04-11 17:35:25+00:00,10 Consumer Discretionary Stocks With Whale Alerts In Today's Session, ,-0.923527528066188
2025-04-12 17:01:13+00:00,Warren Buffett's Wealth Grows Even Amid Tariff War and Global Market Turmoil,"In the midst of the global market sell-off triggered by President Trump&#39;s tariffs, Warren Buffett has seen a significant increase in his net worth.",0.999457128113136
2025-04-12 17:20:37+00:00,"Consumer Tech News (April 7-April 11): US President Puts 90-Days Pause On Tariffs, Microsoft May Cut Jobs & More","Trump&#39;s 90-day tariff pause boosts markets, while Michigan auto groups criticize him for not halting auto tariffs.",0.998849989118753
2025-04-12 20:51:33+00:00,Elon Musk's Political Fallout Fuels Record Dump of Used Tesla Cars — Now Selling For Thousands Below Market Value,"A record number of Tesla owners are selling their vehicles amid backlash over Elon Musk&#39;s political affiliations, driving used Tesla listings up 67% year-over-year and pushing prices roughly $10,000 below those of competing EVs.",0.998453242122196
2025-04-13 14:01:18+00:00,"Musk's Warning, Harley-Davidson's Boardroom Drama, Tesla's New Trim, EV Sales Surge, And More: This Week In Mobility","Elon Musk issued a warning over attacks on Tesla, Harley-Davidson faced boardroom turmoil, Tesla launched a new Cybertruck trim, U.S. EV sales rose 10.6%, and Volkswagen reported strong EV growth in Europe.",0.999343172879890
2025-04-14 13:22:34+00:00,"Top 10 Trending Stocks On WallStreetBets As Of April 14, 2025 (Via Swaggy Stocks)",,0.000008088260074
2025-04-14 17:35:17+00:00,10 Consumer Discretionary Stocks With Whale Alerts In Today's Session, ,-0.923527528066188
