timestamp,open,high,low,close,vwap,momentum,atr,obv,bollinger_upper,bollinger_lower,lagged_close_1,lagged_close_2,lagged_close_3,lagged_close_5,lagged_close_10,sentiment
2020-07-27 12:00:00+00:00,1433.52,1478.85,1417.26,1440.875,1449.230536,0.0,61.58999999999992,0,,,1440.875,1440.875,1440.875,1440.875,1440.875,0.370015394117218
2020-07-27 16:00:00+00:00,1441.53,1546.99,1440.735,1542.59,1522.393139,0.0,67.54533333333328,41848,,,1440.875,1440.875,1440.875,1440.875,1440.875,0.370015394117218
2020-07-28 12:00:00+00:00,1500.805,1564.325,1478.38,1543.47,1519.940586,0.0,69.99862222222217,86004,,,1542.59,1440.875,1440.875,1440.875,1440.875,0.370015394117218
2020-07-28 16:00:00+00:00,1538.71,1544.08,1477.45,1479.35,1508.417581,0.0,69.54947259259252,59113,,,1543.47,1542.59,1440.875,1440.875,1440.875,0.370015394117218
2020-07-29 12:00:00+00:00,1498.09,1533.31,1493.04,1527.59,1509.224764,0.0,67.47087624691353,87584,,,1479.35,1543.47,1542.59,1440.875,1440.875,0.370015394117218
2020-07-29 16:00:00+00:00,1524.68,1525.97,1492.2,1499.28,1509.422106,0.0,63.193426080658384,70808,,,1527.59,1479.35,1543.47,1440.875,1440.875,0.370015394117218
2020-07-30 12:00:00+00:00,1482.055,1506.61,1473.42,1505.38,1488.928943,0.0,59.19296926990391,101953,,,1499.28,1527.59,1479.35,1542.59,1440.875,0.370015394117218
2020-07-30 16:00:00+00:00,1507.63,1513.24,1487.5,1487.5,1497.920135,0.0,54.73257336725006,87761,,,1505.38,1499.28,1527.59,1543.47,1440.875,0.370015394117218
2020-07-31 12:00:00+00:00,1506.41,1511.65,1457.095,1463.845,1478.424289,0.0,54.70889691828339,-5390,,,1487.5,1505.38,1499.28,1479.35,1440.875,0.370015394117218
2020-07-31 16:00:00+00:00,1463.08,1464.83,1421.115,1431.66,1438.104101,0.0,53.243043995845596,-38209,,,1463.845,1487.5,1505.38,1527.59,1440.875,0.370015394117218
2020-08-03 12:00:00+00:00,1450.18,1508.4,1444.69,1495.99,1474.864673,0.0,56.375971463066186,-4134,,,1431.66,1463.845,1487.5,1499.28,1440.875,0.370015394117218
2020-08-03 16:00:00+00:00,1501.44,1504.99,1475.68,1485.11,1486.108271,0.0,52.76717526799069,-22236,,,1495.99,1431.66,1463.845,1505.38,1542.59,0.370015394117218
2020-08-04 12:00:00+00:00,1496.91,1527.22,1471.545,1477.015,1506.967857,0.0,53.154885232258586,-71503,,,1485.11,1495.99,1431.66,1487.5,1543.47,0.370015394117218
2020-08-04 16:00:00+00:00,1477.3,1487.54,1464.36,1487.54,1474.281311,0.0,49.158233867957456,-45147,,,1477.015,1485.11,1495.99,1463.845,1479.35,0.370015394117218
2020-08-05 12:00:00+00:00,1491.78,1497.16,1470.22,1482.37,1482.839712,41.49499999999989,46.19580268556314,-65183,,,1487.54,1477.015,1485.11,1431.66,1527.59,0.370015394117218
2020-08-05 16:00:00+00:00,1481.05,1494.1,1479.855,1486.3,1487.66667,-56.289999999999964,41.935695660821374,-41099,,,1482.37,1487.54,1477.015,1495.99,1499.28,0.370015394117218
2020-08-06 12:00:00+00:00,1488.31,1504.535,1477.885,1490.62,1488.5513,-52.850000000000136,39.89760290604521,-23412,,,1486.3,1482.37,1487.54,1485.11,1505.38,0.370015394117218
2020-08-06 16:00:00+00:00,1492.115,1516.59,1486.92,1491.3,1500.933498,11.950000000000045,38.533922518572496,4052,,,1490.62,1486.3,1482.37,1477.015,1487.5,0.370015394117218
2020-08-07 12:00:00+00:00,1498.26,1499.34,1455.41,1455.41,1480.043538,-72.17999999999984,39.25339951609614,-18520,,,1491.3,1490.62,1486.3,1487.54,1463.845,0.370015394117218
2020-08-07 16:00:00+00:00,1457.24,1467.02,1415.49,1453.46,1441.838639,-45.819999999999936,40.89027958061665,-88601,1545.3636932215984,1427.3018067784017,1455.41,1491.3,1490.62,1482.37,1431.66,0.370015394117218
2020-08-10 12:00:00+00:00,1445.275,1455.74,1388.19,1421.2,1423.306028,-84.18000000000006,44.44490896986776,-123174,1548.1077042065417,1422.5902957934582,1453.46,1455.41,1491.3,1486.3,1495.99,0.370015394117218
2020-08-10 16:00:00+00:00,1423.52,1439.54,1405.99,1419.81,1417.447847,-67.69000000000005,42.99225444055206,-144181,1542.4117538897208,1416.0082461102793,1421.2,1453.46,1455.41,1490.62,1485.11,0.370015394117218
2020-08-11 12:00:00+00:00,1393.34,1415.79,1369.66,1402.33,1395.835656,-61.5150000000001,43.9466205151451,-166098,1536.6491930659474,1407.6568069340522,1419.81,1421.2,1453.46,1491.3,1477.015,0.370015394117218
2020-08-11 16:00:00+00:00,1400.4,1418.71,1368.76,1373.1,1384.623347,-58.56000000000017,44.747071113125756,-188031,1544.9148259168367,1388.7661740831634,1402.33,1419.81,1421.2,1455.41,1487.54,0.370015394117218
2020-08-12 12:00:00+00:00,1467.925,1506.33,1438.17,1497.73,1472.366511,1.740000000000009,56.54479496470899,-149909,1539.5778388464796,1391.1171611535206,1373.1,1402.33,1419.81,1453.46,1482.37,0.370015394117218
2020-08-12 16:00:00+00:00,1495.51,1584.96,1495.51,1554.34,1546.57766,69.23000000000002,60.932155636081134,-44235,1551.1855553982261,1385.0154446017739,1497.73,1373.1,1402.33,1421.2,1486.3,0.370015394117218
2020-08-12 20:00:00+00:00,1556.42,1556.42,1556.42,1556.42,1556.42,79.40499999999997,53.08520155127034,-44135,1561.3459332039304,1379.9590667960695,1554.34,1497.73,1373.1,1419.81,1490.62,0.370015394117218
2020-08-13 12:00:00+00:00,1610.0,1650.28,1570.13,1645.02,1618.392159,157.48000000000002,58.52184134443428,13727,1598.1328730101784,1358.9241269898214,1556.42,1554.34,1497.73,1402.33,1491.3,0.370015394117218
2020-08-13 16:00:00+00:00,1643.98,1649.69,1596.12,1621.05,1623.390602,138.68000000000006,57.86159583184306,-24348,1621.5773752562848,1351.200124743715,1645.02,1556.42,1554.34,1373.1,1455.41,0.370015394117218
2020-08-14 12:00:00+00:00,1663.0,1667.5,1632.44,1646.63,1647.851488,160.33000000000015,56.340049720930665,5329,1647.3527078728414,1346.9217921271586,1621.05,1645.02,1556.42,1497.73,1453.46,0.370015394117218
2020-08-14 16:00:00+00:00,1648.03,1655.46,1628.205,1650.71,1645.178707,160.09000000000015,52.46204309147326,38218,1670.032571749605,1339.7139282503952,1646.63,1621.05,1645.02,1554.34,1421.2,0.370015394117218
2020-08-17 12:00:00+00:00,1673.14,1790.97,1673.14,1773.91,1744.000521,282.6100000000001,64.16843734594349,107342,1723.1648586784443,1315.4616413215556,1650.71,1646.63,1621.05,1556.42,1419.81,0.370015394117218
2020-08-17 16:00:00+00:00,1778.26,1845.255,1775.68,1834.57,1814.569672,379.15999999999985,65.12531236648437,173253,1783.6795690869385,1290.7024309130616,1773.91,1650.71,1646.63,1645.02,1402.33,0.370015394117218
2020-08-17 20:00:00+00:00,1820.02,1820.02,1820.02,1820.02,1820.02,366.55999999999995,58.381937384286445,173053,1829.3408297949773,1278.2891702050229,1834.57,1773.91,1650.71,1621.05,1373.1,0.370015394117218
2020-08-18 12:00:00+00:00,1897.02,1923.6,1848.34,1893.295,1888.313611,472.095,64.40834573304825,257501,1886.3305832748392,1262.391916725161,1820.02,1834.57,1773.91,1646.63,1497.73,0.370015394117218
2020-08-18 16:00:00+00:00,1892.5,1912.5,1881.55,1889.045,1895.193943,469.2350000000001,59.94723296864183,206003,1933.3678306012005,1255.6291693987998,1893.295,1820.02,1834.57,1650.71,1554.34,0.370015394117218
2020-08-19 12:00:00+00:00,1870.68,1907.68,1845.19,1900.48,1881.27377,498.1500000000001,60.28626857282292,249720,1976.2433249540504,1253.7396750459493,1889.045,1893.295,1820.02,1773.91,1556.42,0.370015394117218
2020-08-19 16:00:00+00:00,1900.86,1910.96,1869.2,1878.94,1892.133789,505.84000000000015,57.81609942977986,219571,2009.0297410095006,1259.7172589904997,1900.48,1889.045,1893.295,1834.57,1645.02,0.370015394117218
2020-08-20 12:00:00+00:00,1860.54,1993.89,1860.0,1988.5,1945.97927,490.77,67.9592861724759,306580,2057.303572953974,1264.7524270460256,1878.94,1900.48,1889.045,1820.02,1621.05,0.370015394117218
2020-08-20 16:00:00+00:00,1985.36,2021.86,1967.41,2001.07,1996.948176,446.73,66.15804801614576,396846,2099.6872037380144,1277.1297962619853,1988.5,1878.94,1900.48,1893.295,1646.63,0.370015394117218
2020-08-20 20:00:00+00:00,2006.0,2006.0,2006.0,2006.0,2006.0,449.5799999999999,57.994308280659666,397046,2132.079687635853,1303.2173123641467,2001.07,1988.5,1878.94,1889.045,1650.71,0.370015394117218
2020-08-21 12:00:00+00:00,2045.15,2080.0,2027.62,2047.345,2059.447325,402.32500000000005,60.12840050990505,509259,2163.533137125458,1334.5173628745424,2006.0,2001.07,1988.5,1900.48,1773.91,0.370015394117218
2020-08-21 16:00:00+00:00,2043.08,2095.43,2036.65,2049.485,2070.97702,428.4350000000002,59.94861377525101,663789,2182.7668510951844,1379.9991489048161,2047.345,2006.0,2001.07,1878.94,1834.57,0.370015394117218
2020-08-24 12:00:00+00:00,2126.01,2127.88,1938.92,2020.0,2038.055373,373.3699999999999,77.15013193855089,560533,2179.2375404385225,1448.218459561478,2049.485,2047.345,2006.0,1988.5,1820.02,0.370015394117218
2020-08-24 16:00:00+00:00,2026.01,2055.14,1995.81,2015.02,2018.616146,364.30999999999995,74.7741143467441,524572,2183.5236745025995,1495.6613254974002,2020.0,2049.485,2047.345,2001.07,1893.295,0.370015394117218
2020-08-25 12:00:00+00:00,1973.295,2026.245,1970.31,1988.5,1997.991663,214.58999999999992,72.26223243384489,481107,2183.5461762341115,1539.0548237658886,2015.02,2020.0,2049.485,2006.0,1889.045,0.370015394117218
2020-08-25 16:00:00+00:00,1988.385,2025.61,1969.1,2024.365,2002.907826,189.79500000000007,70.1619347759989,521111,2180.6138462249282,1588.7816537750716,1988.5,2015.02,2020.0,2047.345,1900.48,0.370015394117218
2020-08-26 12:00:00+00:00,2060.94,2119.48,2056.33,2110.0,2099.002233,289.98,73.48901013919905,574308,2197.5728087337275,1618.3206912662722,2024.365,1988.5,2015.02,2049.485,1878.94,0.370015394117218
2020-08-26 16:00:00+00:00,2108.8,2165.555,2108.61,2151.67,2139.875406,258.375,71.28314212063914,643498,2210.333873530386,1658.6216264696138,2110.0,2024.365,1988.5,2020.0,1988.5,0.370015394117218
2020-08-27 12:00:00+00:00,2182.55,2284.98,2177.5,2269.61,2237.405496,380.56500000000005,79.55338983788725,733109,2245.2923202098327,1685.9611797901675,2151.67,2110.0,2024.365,2015.02,2001.07,0.370015394117218
2020-08-27 16:00:00+00:00,2275.89,2293.74,2143.27,2237.825,2225.787004,337.3449999999998,89.00893785950227,637118,2258.239458612486,1731.725541387514,2269.61,2151.67,2110.0,1988.5,2006.0,0.370015394117218
2020-08-28 12:00:00+00:00,2294.2,2318.455,2255.02,2280.93,2287.091748,401.9899999999998,87.89174614490199,687167,2291.484859248127,1749.182140751873,2237.825,2269.61,2151.67,2024.365,2047.345,0.370015394117218
2020-08-28 16:00:00+00:00,2279.88,2283.75,2186.81,2215.57,2221.896154,227.07000000000016,89.0981799922484,562702,2309.114631706336,1769.6523682936643,2280.93,2237.825,2269.61,2110.0,2049.485,0.370015394117218
2020-08-31 12:00:00+00:00,446.0,496.78,440.0,479.35,467.87702,-1521.7199999999998,313.9610893266153,-103771,2718.0464346025456,1226.6535653974543,2215.57,2280.93,2237.825,2151.67,2020.0,0.370015394117218
2020-08-31 16:00:00+00:00,480.39,500.02,470.6,498.71,487.276784,-1507.29,276.02227741639996,660079,2898.340205333284,906.9012946667164,479.35,2215.57,2280.93,2269.61,2015.02,0.370015394117218
2020-09-01 12:00:00+00:00,509.0,513.0,471.0,484.58,489.195585,-1562.765,244.8193070942133,-5203,3013.0709056260566,651.7240943739428,498.71,479.35,2215.57,2237.825,1988.5,0.370015394117218
2020-09-01 16:00:00+00:00,484.96,491.92,472.685,475.045,478.274305,-1574.44,214.74139948165154,-527176,3087.587475324279,434.66402467572107,484.58,498.71,479.35,2280.93,2024.365,0.370015394117218
2020-09-01 20:00:00+00:00,479.97,479.97,479.97,479.97,479.97,-1540.03,186.76587955076468,-527046,3133.926990984299,248.4275090157007,475.045,484.58,498.71,2215.57,2110.0,0.370015394117218
2020-09-02 12:00:00+00:00,479.01,479.01,405.21,436.815,441.078809,-1578.205,171.8317622773294,-1029435,3152.689788541561,74.49621145843935,479.97,475.045,484.58,479.35,2151.67,0.370015394117218
2020-09-02 16:00:00+00:00,436.28,450.75,431.21,447.425,442.53164,-1541.075,151.52619397368548,-657993,3147.7752232609464,-75.95372326094616,436.815,479.97,475.045,498.71,2269.61,0.370015394117218
2020-09-02 20:00:00+00:00,449.0,449.0,449.0,449.0,449.0,-1575.365,131.53270144386076,-657512,3123.8267192995822,-207.70521929958204,447.425,436.815,479.97,484.58,2237.825,0.370015394117218
2020-09-03 12:00:00+00:00,418.0,431.29,405.0,413.95,416.454109,-1696.05,119.86167458467932,-1141144,3080.238017220303,-327.4560172203028,449.0,447.425,436.815,475.045,2280.93,0.370015394117218
2020-09-03 16:00:00+00:00,414.77,417.25,402.02,407.115,408.509819,-1744.555,105.91078464005543,-1435190,3019.702795465604,-431.15779546560407,413.95,449.0,447.425,479.97,2215.57,0.370015394117218
2020-09-04 12:00:00+00:00,399.0,427.65,372.53,401.43,394.692353,-1868.18,99.13868002138138,-1997122,2947.2638050859987,-520.5758050859988,407.115,413.95,449.0,436.815,479.35,0.370015394117218
2020-09-04 16:00:00+00:00,401.53,426.64,394.01,418.39,413.198223,-1819.435,90.27085601853054,-1428027,2859.0224057212336,-591.9974057212332,401.43,407.115,413.95,447.425,498.71,0.370015394117218
2020-09-04 20:00:00+00:00,416.31,416.31,414.3,414.3,415.305,-1866.6299999999999,78.7800752160598,-1428266,2759.590418776191,-649.9854187761912,418.39,401.43,407.115,449.0,484.58,0.370015394117218
2020-09-08 12:00:00+00:00,362.7,368.37,336.145,356.54,351.762086,-1859.0300000000002,78.69673185391851,-2291572,2639.2728398647123,-696.4503398647125,414.3,418.39,401.43,413.95,475.045,0.370015394117218
2020-09-08 16:00:00+00:00,355.85,359.3,330.0,330.1,340.784171,-149.25,72.1105009400627,-2729307,2483.0650935199756,-718.2325935199754,356.54,414.3,418.39,407.115,479.97,0.370015394117218
2020-09-09 12:00:00+00:00,356.0,364.89,341.58,347.2,353.958866,-151.51,67.13443414805434,-2337722,2291.842545931227,-707.4570459312268,330.1,356.54,414.3,401.43,436.815,0.370015394117218
2020-09-09 16:00:00+00:00,347.55,368.84,346.66,366.1,358.722018,-118.47999999999996,61.14050959498042,-2049351,2034.740056592859,-640.7055565928588,347.2,330.1,356.54,418.39,447.425,0.370015394117218
2020-09-10 12:00:00+00:00,386.59,398.73,378.0,387.79,388.637769,-87.255,57.3391083156497,-1668366,1733.1418149412586,-524.1108149412587,366.1,347.2,330.1,414.3,449.0,0.370015394117218
2020-09-10 16:00:00+00:00,388.36,389.42,360.785,371.2,373.83554,-108.77000000000004,53.511893873563075,-1900384,1318.4803498959718,-300.4223498959717,387.79,366.1,347.2,356.54,413.95,0.370015394117218
2020-09-11 12:00:00+00:00,386.47,386.48,361.96,371.75,371.946816,-65.065,49.64630802375467,-1685731,518.2327956932377,315.4432043067624,371.2,387.79,366.1,330.1,407.115,0.370015394117218
2020-09-11 16:00:00+00:00,370.87,373.34,360.61,372.85,369.131196,-74.57499999999999,44.724133620587374,-1549121,510.2357679386211,312.79023206137896,371.75,371.2,387.79,347.2,401.43,0.370015394117218
2020-09-14 12:00:00+00:00,381.14,405.0,373.61,403.21,387.825488,-45.79000000000002,43.04758247117572,-1154493,496.53776417733457,316.93823582266543,372.85,371.75,371.2,366.1,418.39,0.370015394117218
2020-09-14 16:00:00+00:00,403.22,419.86,396.74,419.63,409.426012,5.680000000000007,40.390571475018966,-894113,485.8247231011703,321.1562768988297,403.21,372.85,371.75,387.79,414.3,0.370015394117218
2020-09-15 12:00:00+00:00,436.83,448.29,430.85,443.3,440.57063,36.185,38.826495278349775,-604401,479.5180247243744,324.2884752756256,419.63,403.21,372.85,371.2,356.54,0.370015394117218
2020-09-15 16:00:00+00:00,443.97,461.89,439.52,450.27,449.188396,48.839999999999975,36.63229590790314,-217264,472.69705742571637,328.13944257428363,443.3,419.63,403.21,371.75,330.1,0.370015394117218
2020-09-16 12:00:00+00:00,446.56,457.63,436.0,446.615,446.296283,28.225000000000023,34.63198978684939,-376051,474.34950875210967,327.46699124789035,450.27,443.3,419.63,372.85,347.2,0.370015394117218
2020-09-16 16:00:00+00:00,446.65,453.585,438.56,442.05,444.617529,27.75,32.017724481936135,-502831,473.40021647595506,327.87878352404493,446.615,450.27,443.3,403.21,366.1,0.370015394117218
2020-09-17 12:00:00+00:00,418.49,437.595,409.05,425.62,424.234419,69.07999999999998,32.14869455101132,-779223,469.66576906377963,329.2752309362204,442.05,446.615,450.27,419.63,387.79,0.370015394117218
2020-09-17 16:00:00+00:00,424.86,429.51,416.66,423.16,423.219995,93.06,29.575535277543135,-953189,470.64514706958244,329.21685293041764,425.62,442.05,446.615,443.3,371.2,0.370015394117218
2020-09-18 12:00:00+00:00,442.69,450.61,438.0,441.72,443.856933,94.52000000000004,29.292130573870715,-790263,474.7684757839892,328.5540242160108,423.16,425.62,442.05,450.27,371.75,0.370015394117218
2020-09-18 16:00:00+00:00,441.34,450.205,429.26,441.69,441.774216,75.58999999999997,28.179179830687954,-1095415,478.93991235143096,328.4085876485691,441.72,423.16,425.62,446.615,372.85,0.370015394117218
2020-09-21 12:00:00+00:00,451.2,455.52,407.57,438.855,438.785719,51.065,30.815289186596225,-1404105,481.34922188809685,328.04577811190313,441.69,441.72,423.16,442.05,403.21,0.370015394117218
2020-09-21 16:00:00+00:00,439.91,449.89,435.4,449.44,444.669972,78.24000000000001,28.63858396171673,-1198168,485.60326472081675,327.30573527918324,438.855,441.69,441.72,425.62,419.63,0.370015394117218
2020-09-22 12:00:00+00:00,429.21,437.75,417.85,425.97,427.261555,54.22000000000003,29.032106100154497,-1350483,485.8828772811582,333.9691227188419,449.44,438.855,441.69,423.16,443.3,0.370015394117218
2020-09-22 16:00:00+00:00,426.18,433.46,421.62,423.93,426.61366,51.079999999999984,26.73982528680056,-1485678,480.7729668544181,348.4620331455819,425.97,449.44,438.855,441.72,450.27,0.370015394117218
2020-09-23 12:00:00+00:00,409.67,411.785,383.2,385.46,397.746135,-17.75,28.605181915227156,-1807759,476.390761214104,356.67023878589606,423.93,425.97,449.44,441.69,446.615,0.370015394117218
2020-09-23 16:00:00+00:00,385.52,393.65,376.01,380.005,384.568066,-39.625,27.143157659863533,-2067319,474.9029844283684,359.54851557163147,385.46,423.93,425.97,438.855,442.05,0.370015394117218
2020-09-24 12:00:00+00:00,370.64,397.95,351.62,397.95,373.339656,-45.35000000000002,29.70140330521506,-1717074,474.4910002091582,360.9764997908419,380.005,385.46,423.93,449.44,425.62,0.370015394117218
2020-09-24 16:00:00+00:00,398.19,399.28,382.255,387.6,391.546214,-62.66999999999996,28.01121619785305,-1949143,472.90307991152054,364.20442008847954,397.95,380.005,385.46,425.97,423.16,0.370015394117218
2020-09-25 12:00:00+00:00,393.19,408.565,391.65,403.61,401.836839,-43.004999999999995,27.071720704805976,-1783196,470.43592967473353,369.8575703252666,387.6,397.95,380.005,423.93,441.72,0.370015394117218
2020-09-25 16:00:00+00:00,404.0,407.29,399.11,407.29,403.709099,-34.75999999999999,24.55282461083185,-1632581,467.47984131894356,376.2576586810564,403.61,387.6,397.95,385.46,441.69,0.370015394117218
2020-09-25 20:00:00+00:00,408.35,408.35,408.35,408.35,408.35,-17.269999999999982,21.420447996054268,-1632381,467.3504568331804,376.9010431668196,407.29,403.61,387.6,380.005,438.855,0.370015394117218
2020-09-28 12:00:00+00:00,426.06,427.77,415.7,419.84,421.283235,-3.32000000000005,21.15372159658036,-1499151,467.3586145036945,376.9138854963055,408.35,407.29,403.61,397.95,449.44,0.370015394117218
2020-09-28 16:00:00+00:00,419.5,423.01,416.24,420.97,419.20398,-20.75,19.235892050369646,-1363192,465.1310209638007,376.90847903619937,419.84,408.35,407.29,387.6,425.97,0.370015394117218
2020-09-29 12:00:00+00:00,416.0,426.22,411.76,425.68,416.820786,-16.00999999999999,18.5991064436537,-1271192,461.7889403898549,377.79155961014516,420.97,419.84,408.35,403.61,423.93,0.370015394117218
2020-09-29 16:00:00+00:00,426.17,428.2,416.91,418.99,422.485518,-19.86500000000001,17.624558917833202,-1358210,458.46525946209226,378.3527405379077,425.68,420.97,419.84,407.29,385.46,0.370015394117218
2020-09-30 12:00:00+00:00,421.31,433.43,420.6,429.11,428.801458,-20.329999999999984,17.19995106212211,-1237165,456.61024989609166,378.91375010390834,418.99,425.68,420.97,408.35,380.005,0.370015394117218
2020-09-30 16:00:00+00:00,429.72,431.55,425.35,429.29,429.146608,3.319999999999993,15.733290920505828,-1088048,456.9842368889405,378.9067631110595,429.11,418.99,425.68,419.84,397.95,0.370015394117218
2020-10-01 12:00:00+00:00,440.835,441.71,434.56,438.78,437.916153,14.849999999999966,15.291518797771714,-414420,458.81533636427764,378.63766363572245,429.29,429.11,418.99,420.97,387.6,0.370015394117218
2020-10-01 16:00:00+00:00,438.89,448.87,437.86,447.935,445.454999,62.47500000000002,14.720649624735485,327334,459.96414097633976,378.1103590236603,438.78,429.29,429.11,425.68,403.61,0.370015394117218
2020-10-01 20:00:00+00:00,447.5,447.5,447.5,447.5,447.5,67.495,12.815896341437421,327234,461.0072102291009,377.64828977089917,447.935,438.78,429.29,418.99,407.29,0.370015394117218
2020-10-02 12:00:00+00:00,428.0,438.95,417.95,426.46,431.700281,28.50999999999999,15.0471101625791,-448117,459.5245765344081,377.89142346559186,447.5,447.935,438.78,429.11,408.35,0.370015394117218
2020-10-02 16:00:00+00:00,426.4,429.06,415.0,415.0,421.126701,27.399999999999977,14.91549547423522,-1493106,455.1641258119816,378.8078741880184,426.46,447.5,447.935,429.29,419.84,0.370015394117218
2020-10-05 12:00:00+00:00,421.4,433.63,420.29,423.62,427.525746,20.00999999999999,15.410762744337191,-834523,454.9445339181558,378.7924660818443,415.0,426.46,447.5,438.78,420.97,0.370015394117218
2020-10-05 16:00:00+00:00,423.9,426.4,419.33,425.45,423.611159,18.159999999999968,14.298661045092231,-248731,455.0858921997683,378.8031078002316,423.62,415.0,426.46,447.935,425.68,0.370015394117218
2020-10-06 12:00:00+00:00,423.51,428.73,413.2,417.58,419.548601,9.229999999999961,14.462839572413273,-896490,453.6973586451303,383.4036413548697,425.45,423.62,415.0,447.5,418.99,0.370015394117218
2020-10-06 16:00:00+00:00,417.47,423.33,406.13,413.905,416.44434,-5.935000000000002,14.827794296091502,-1791309,450.49376239445735,389.99723760554264,417.58,425.45,423.62,426.46,429.11,0.370015394117218
2020-10-07 12:00:00+00:00,419.35,423.0,413.92,419.19,418.911073,-1.7800000000000296,14.063421723279307,-1324504,449.6939883534728,392.92101164652723,413.905,417.58,425.45,415.0,429.29,0.370015394117218
2020-10-07 16:00:00+00:00,419.23,429.87,419.15,425.21,426.159144,-0.4700000000000273,13.617632160175404,-606698,446.7445334325246,399.6314665674754,419.19,413.905,417.58,423.62,438.78,0.370015394117218
2020-10-08 12:00:00+00:00,437.5,438.81,428.72,431.77,433.73439,12.779999999999973,13.615281205485353,50682,446.5362400310666,402.6557599689334,425.21,419.19,413.905,425.45,447.935,0.370015394117218
2020-10-08 16:00:00+00:00,432.15,434.75,425.3,425.865,429.847092,-3.2450000000000045,13.059910378087304,-454282,445.8970135163283,405.1524864836718,431.77,425.21,419.19,417.58,447.5,0.370015394117218
2020-10-09 12:00:00+00:00,430.3,434.55,426.58,433.0,430.995064,3.7099999999999795,12.476588994342332,9496,445.6860057558055,407.8284942441945,425.865,431.77,425.21,413.905,426.46,-0.004604280562489
2020-10-09 16:00:00+00:00,433.03,434.36,431.39,433.885,432.985484,-4.894999999999982,11.209043795096694,376767,446.34980882113047,408.5691911788694,433.0,425.865,431.77,419.19,415.0,-0.004604280562489
2020-10-12 12:00:00+00:00,441.77,445.84,438.58,441.13,441.818702,-6.805000000000007,11.308504622417132,983962,448.0389914847244,408.89600851527564,433.885,433.0,425.865,425.21,423.62,0.999367931246525
2020-10-12 16:00:00+00:00,441.04,448.69,440.6,442.08,444.565605,-5.420000000000016,10.879370672761512,1788108,449.7224420817387,408.85255791826137,441.13,433.885,433.0,431.77,425.45,0.999367931246525
2020-10-13 12:00:00+00:00,441.5,448.89,436.75,445.63,444.112155,19.170000000000016,11.047454583059976,2495483,451.6912665682086,409.5477334317913,442.08,441.13,433.885,425.865,417.58,0.999377490210463
2020-10-13 16:00:00+00:00,445.79,448.5,440.75,446.83,445.746616,31.829999999999984,10.607793971985313,3169593,453.7665998685535,409.24440013144635,445.63,442.08,441.13,433.0,413.905,0.999377490210463
2020-10-14 12:00:00+00:00,449.96,465.45,447.38,459.31,458.319601,35.69,11.676088109053937,4307777,458.45827257791154,407.5547274220886,446.83,445.63,442.08,433.885,419.19,0.968087984248996
2020-10-14 16:00:00+00:00,459.49,465.79,455.75,461.32,461.931178,35.870000000000005,11.45794302784675,5144639,462.49186033768433,405.7751396623157,459.31,446.83,445.63,441.13,425.21,0.968087984248996
2020-10-15 12:00:00+00:00,450.31,456.42,443.74,448.86,450.191926,31.28000000000003,12.274217290800514,4440480,462.6357343810504,405.72376561894976,461.32,459.31,446.83,442.08,431.77,0.031083832713193
2020-10-15 16:00:00+00:00,448.76,450.56,442.54,448.94,446.883354,35.035000000000025,11.706988318693778,5036775,462.8565405950964,405.6469594049036,448.86,461.32,459.31,445.63,425.865,0.031083832713193
2020-10-16 12:00:00+00:00,453.5,455.81,442.88,446.69,450.194815,27.5,11.87005654286794,4491005,464.13737888163956,406.3891211183604,448.94,448.86,461.32,446.83,433.0,0.681615248322487
2020-10-16 16:00:00+00:00,446.88,451.18,438.85,439.74,445.211434,14.53000000000003,11.931382337152215,3966300,463.79584969819433,409.20465030180554,446.69,448.94,448.86,459.31,433.885,0.681615248322487
2020-10-19 12:00:00+00:00,446.4,446.65,432.69,438.04,441.65098,6.270000000000039,12.201864692198583,2747712,463.83766576447204,410.6048342355281,439.74,446.69,448.94,461.32,441.13,-0.694472418166697
2020-10-19 16:00:00+00:00,438.05,441.0,428.9,430.865,435.13331,5.0,12.188282733238776,1950900,463.71145047378445,411.2725495262156,438.04,439.74,446.69,448.86,442.08,-0.694472418166697
2020-10-20 12:00:00+00:00,431.6,431.6,420.45,424.55,423.850721,-8.449999999999989,12.049845035473611,1298254,463.11379189376083,412.5672081062391,430.865,438.04,439.74,448.94,445.63,0.080615315499017
2020-10-20 16:00:00+00:00,424.53,428.97,419.09,421.84,423.964699,-12.045000000000016,11.760532364077138,683935,462.1404372955069,414.334062704493,424.55,430.865,438.04,446.69,446.83,0.080615315499017
2020-10-21 12:00:00+00:00,422.58,432.95,422.47,431.04,427.803768,-10.089999999999975,11.673794715533521,1226886,461.28884860730193,416.37065139269816,421.84,424.55,430.865,439.74,459.31,0.990960388444364
2020-10-21 16:00:00+00:00,430.97,432.22,421.3,422.26,426.384554,-19.819999999999993,11.57328875346239,745912,461.5529468282648,415.8115531717351,431.04,421.84,424.55,438.04,461.32,0.990960388444364
2020-10-21 20:00:00+00:00,432.86,432.86,432.86,432.86,432.86,-12.769999999999982,11.443516919667406,746193,461.5431972126422,415.93030278735785,422.26,431.04,421.84,430.865,448.86,0.990960388444364
2020-10-22 12:00:00+00:00,440.79,445.0,424.6,431.85,431.570295,-14.979999999999961,12.63771466371175,-130506,461.2814775058445,416.79052249415537,432.86,422.26,431.04,424.55,448.94,0.998929974302882
2020-10-22 16:00:00+00:00,431.81,434.15,425.27,425.97,429.783764,-33.339999999999975,12.136686041883516,-721221,461.54520885740493,415.823791142595,431.85,432.86,422.26,421.84,446.69,0.998929974302882
2020-10-23 12:00:00+00:00,421.84,422.74,407.41,411.23,413.190888,-50.089999999999975,12.993127902965714,-1565953,463.4562668331271,411.6472331668731,425.97,431.85,432.86,431.04,439.74,-0.013678612187505
2020-10-23 16:00:00+00:00,411.46,420.7,410.59,420.42,415.540804,-28.439999999999998,12.608710849236955,-1279614,463.4536305771413,409.5788694228587,411.23,425.97,431.85,422.26,438.04,-0.013678612187505
2020-10-26 12:00:00+00:00,411.505,425.7,410.96,419.16,418.89021,-29.779999999999973,12.892882736005362,-1429966,463.2448735233459,407.4956264766542,420.42,411.23,425.97,432.86,430.865,0.999297775575542
2020-10-26 16:00:00+00:00,418.41,421.28,410.0,420.4,415.900359,-26.29000000000002,12.677831704537976,-1288255,462.3100668550288,405.90743314497126,419.16,420.42,411.23,431.85,424.55,0.999297775575542
2020-10-27 12:00:00+00:00,423.48,430.435,420.51,426.2,425.897814,-13.54000000000002,12.325454143932916,-1187593,460.8249140029549,405.32958599704506,420.4,419.16,420.42,425.97,421.84,0.999234924034681
2020-10-27 16:00:00+00:00,425.54,425.54,421.01,424.61,423.628614,-13.430000000000007,11.374060258075195,-1284248,456.3917324978549,406.29276750214507,426.2,420.4,419.16,411.23,431.04,0.999234924034681
2020-10-28 12:00:00+00:00,415.0,418.41,406.58,411.99,412.136025,-18.875,12.261518890331839,-1411818,451.04583588497485,406.7056641150251,424.61,426.2,420.4,420.42,422.26,0.000151226318849
2020-10-28 16:00:00+00:00,412.23,413.7,406.03,406.34,409.714923,-18.210000000000036,11.64931637162093,-1546032,449.00557182237384,404.4939281776263,411.99,424.61,426.2,419.16,432.86,0.000151226318849
2020-10-29 12:00:00+00:00,409.95,418.035,406.86,413.85,411.182874,-7.989999999999952,11.65540752207148,-1398258,445.33555778475846,404.6549422152414,406.34,411.99,424.61,420.4,431.85,-0.596160054672509
2020-10-29 16:00:00+00:00,414.3,415.09,410.96,410.96,413.344169,-20.08000000000004,10.65201985246195,-1471460,441.72021440622416,404.69728559377575,413.85,406.34,411.99,426.2,425.97,-0.596160054672509
2020-10-30 12:00:00+00:00,406.75,406.935,379.15,386.8,388.203575,-35.45999999999998,13.47308387213369,-1783646,443.685607189167,397.43789281083303,410.96,413.85,406.34,424.61,411.23,0.712478597648442
2020-10-30 16:00:00+00:00,387.265,393.2,382.17,388.25,388.071955,-44.610000000000014,13.147339355849194,-1525684,443.84246301179695,392.30203698820304,386.8,410.96,413.85,411.99,420.42,0.998782683775062
2020-11-02 12:00:00+00:00,394.0,406.76,393.07,399.9,400.931939,-31.950000000000045,13.8623607750693,-1406514,442.7743256318592,390.2736743681409,388.25,386.8,410.96,406.34,419.16,0.002629353184602
2020-11-02 16:00:00+00:00,399.67,399.99,392.51,397.6,395.859349,-28.370000000000005,13.011379338393397,-1517651,442.4394073437017,387.91359265629836,399.9,388.25,386.8,413.85,420.4,0.002629353184602
2020-11-02 20:00:00+00:00,397.4,401.31,397.04,401.0,399.571658,-10.230000000000018,11.845862093274276,-1474549,441.91321087512677,386.35578912487324,397.6,399.9,388.25,410.96,426.2,0.002629353184602
2020-11-03 12:00:00+00:00,409.94,427.33,406.86,427.19,420.220329,6.769999999999982,13.777080480837704,-1308404,441.27726243921444,386.6067375607856,401.0,397.6,399.9,386.8,424.61,-0.000023609110940
2020-11-03 16:00:00+00:00,427.42,427.72,419.98,425.26,423.105271,6.099999999999966,12.972136416726013,-1457522,441.6514542759676,386.5325457240324,427.19,401.0,397.6,388.25,411.99,-0.000023609110940
2020-11-03 20:00:00+00:00,424.65,424.745,421.21,423.75,423.149289,3.3500000000000227,11.782518227829213,-1502500,440.1719827193145,387.1010172806854,425.26,427.19,401.0,399.9,406.34,0.009288378976635
2020-11-04 12:00:00+00:00,436.65,437.47,417.33,422.665,424.37609,-3.534999999999968,12.896849130785325,-1620191,438.683452645831,387.67104735416905,423.75,425.26,427.19,397.6,413.85,-0.656507662497461
2020-11-04 16:00:00+00:00,422.52,426.29,418.36,422.28,422.286009,-2.330000000000041,12.23460258001395,-1708898,438.1604614518977,387.8250385481023,422.665,423.75,425.26,401.0,410.96,-0.656507662497461
2020-11-04 20:00:00+00:00,423.0,423.35,418.98,420.22,420.610921,8.230000000000018,11.185988902678757,-1736292,438.7978262524618,388.0866737475381,422.28,422.665,423.75,427.19,386.8,0.063470015360508
2020-11-05 12:00:00+00:00,428.525,440.0,424.715,435.05,433.616176,28.710000000000036,12.331857048988251,-1650396,441.1681117649022,387.17938823509786,420.22,422.28,422.665,425.26,388.25,0.000251207704423
2020-11-05 16:00:00+00:00,434.58,435.345,428.73,433.93,432.004381,20.079999999999984,11.569609442456485,-1706949,443.2554215481914,386.56907845180865,435.05,420.22,422.28,423.75,399.9,0.000251207704423
2020-11-05 20:00:00+00:00,434.29,438.14,434.27,438.06,435.706396,27.100000000000023,10.588328183462284,-1673443,445.9036582457778,385.6868417542221,433.93,435.05,420.22,422.665,397.6,0.999248736799927
2020-11-06 12:00:00+00:00,436.065,436.515,424.75,430.44,430.080728,43.639999999999986,10.951217759000647,-1781597,446.48161601369304,385.53288398630696,438.06,433.93,435.05,422.28,401.0,0.000058445388277
2020-11-06 16:00:00+00:00,430.475,432.42,428.16,428.84,430.021631,40.589999999999975,10.059055391133892,-1878179,447.00165945415733,385.43584054584267,430.44,438.06,433.93,420.22,427.19,0.999425704969326
2020-11-06 20:00:00+00:00,428.87,430.87,426.8,429.9,428.93014,30.0,9.26051467231604,-1826098,448.41683628527466,385.8116637147253,428.84,430.44,438.06,435.05,425.26,0.999425704969326
2020-11-09 12:00:00+00:00,438.84,452.35,432.54,440.3,445.199522,42.69999999999999,11.01911271600724,-1585698,451.3152928492914,386.30920715070874,429.9,428.84,430.44,433.93,423.75,0.999391788456705
2020-11-09 16:00:00+00:00,440.165,440.675,428.01,429.04,435.037671,28.04000000000002,11.238564353872945,-1695239,452.29570923703426,386.84779076296564,440.3,429.9,428.84,438.06,422.665,0.999391788456705
2020-11-09 20:00:00+00:00,429.4,431.25,421.16,421.16,426.060694,-6.029999999999973,11.085422440023216,-1754243,452.55759191590863,387.60590808409137,429.04,440.3,429.9,430.44,422.28,0.000009307485016
2020-11-10 12:00:00+00:00,420.09,420.09,396.07,403.295,407.836072,-21.964999999999975,12.952699448020125,-1955461,450.53666707752126,391.2763329224786,421.16,429.04,440.3,428.84,420.22,-0.997740796738071
2020-11-10 16:00:00+00:00,403.335,414.49,401.95,409.45,408.21587,-14.300000000000011,12.897672854950777,-1824992,447.9728947801861,395.9601052198139,403.295,421.16,429.04,429.9,435.05,-0.997740796738071
2020-11-10 20:00:00+00:00,408.9,410.84,406.31,410.62,409.207881,-12.045000000000016,11.781983140957337,-1791200,446.9915799506905,398.0134200493094,409.45,403.295,421.16,440.3,433.93,-0.998043142666575
2020-11-11 12:00:00+00:00,416.56,418.6,411.09,415.06,415.192357,-7.21999999999997,11.27505205549636,-1709064,445.22985110211414,401.52114889788584,410.62,409.45,403.295,429.04,438.06,0.470176377973985
2020-11-11 16:00:00+00:00,414.39,417.76,412.75,415.19,415.1396,-5.03000000000003,10.439711781430178,-1620235,443.68592237329545,404.4840776267044,415.06,410.62,409.45,421.16,430.44,0.470176377973985
2020-11-11 20:00:00+00:00,415.45,417.01,415.38,416.93,416.152683,-18.120000000000005,9.290416877239489,-1584682,443.3668497817981,403.7771502182019,415.19,415.06,410.62,403.295,428.84,0.470176377973985
2020-11-12 12:00:00+00:00,415.1,423.0,412.83,416.67,417.768444,-17.25999999999999,9.407694626940891,-1655870,443.15470798438463,403.13029201561545,416.93,415.19,415.06,409.45,429.9,-0.971423392882571
2020-11-12 16:00:00+00:00,417.31,417.7,409.57,411.86,414.393032,-26.19999999999999,9.237335343348773,-1726970,443.1810209026249,401.914979097375,416.67,416.93,415.19,410.62,440.3,-0.971423392882571
2020-11-12 20:00:00+00:00,411.35,412.29,409.58,411.91,411.289337,-18.529999999999973,8.367023964235608,-1706571,443.18395376918016,400.8365462308198,411.86,416.67,416.93,415.06,429.04,0.117813683405984
2020-11-13 12:00:00+00:00,410.79,412.44,401.79,402.48,406.960551,-26.359999999999957,8.671420769004191,-1771644,443.9218846173607,398.11861538263935,411.91,411.86,416.67,415.19,421.16,0.001829974426073
2020-11-13 16:00:00+00:00,402.28,407.12,401.85,404.4,404.654565,-25.5,8.21789799980363,-1672960,444.3097370282041,396.14876297179586,402.48,411.91,411.86,416.93,403.295,0.001829974426073
2020-11-13 20:00:00+00:00,404.415,408.91,404.05,408.44,407.435624,-31.860000000000014,7.770178266496481,-1585781,442.46638612154607,395.33111387845395,404.4,402.48,411.91,416.67,409.45,0.001829974426073
2020-11-16 12:00:00+00:00,410.22,412.28,404.21,409.14,407.705489,-19.900000000000034,7.810154497630283,-1399246,440.49447907908825,394.82402092091183,408.44,404.4,402.48,411.86,410.62,0.006662979503744
2020-11-16 16:00:00+00:00,409.29,410.39,404.73,408.515,407.643019,-12.645000000000039,7.523467231279574,-1598454,437.2115925327721,395.1524074672278,409.14,408.44,404.4,411.91,415.06,0.006662979503744
2020-11-16 20:00:00+00:00,408.885,408.955,407.14,407.94,408.094158,4.644999999999982,6.762338267108965,-1651965,435.26635359235263,394.8476464076475,408.515,409.14,408.44,402.48,415.19,0.006662979503744
2020-11-17 12:00:00+00:00,460.7,461.75,441.98,444.33,451.27115,34.879999999999995,13.035359831494436,-1249011,439.2045650421131,392.45843495788705,407.94,408.515,409.14,404.4,416.93,0.999256319162669
2020-11-17 16:00:00+00:00,444.2,448.0,433.38,444.62,442.040248,34.0,13.246645187295178,-1043912,442.5834745458077,390.5515254541923,444.33,407.94,408.515,408.44,416.67,0.999256319162669
2020-11-17 20:00:00+00:00,444.655,444.655,438.23,441.52,441.241769,26.45999999999998,12.337092495655815,-1099426,442.8833971069099,390.37360289309004,444.62,444.33,407.94,409.14,411.86,0.000768533354858
2020-11-18 12:00:00+00:00,451.52,457.45,443.87,455.31,452.094529,40.120000000000005,12.816146829568375,-965016,449.00043616203624,386.8835638379638,441.52,444.62,444.33,408.515,411.91,0.000273672267213
2020-11-18 16:00:00+00:00,454.91,493.62,454.91,492.705,478.86597,75.77499999999998,16.268660585625923,-545731,467.18437423398177,375.8541257660182,455.31,441.52,444.62,407.94,402.48,0.000273672267213
2020-11-18 20:00:00+00:00,492.77,495.87,483.87,486.64,489.01495,69.96999999999997,15.699505840875801,-668640,478.93163578959474,372.4413642104052,492.705,455.31,441.52,444.33,404.4,0.220365156361368
2020-11-19 12:00:00+00:00,497.71,506.995,487.57,505.24,499.377282,93.38,16.320238395425697,-399107,493.8426200189093,367.1093799810907,486.64,492.705,455.31,444.62,408.44,0.000024541790481
2020-11-19 16:00:00+00:00,504.9,508.41,493.35,500.8,501.234406,88.88999999999999,16.15220660936894,-636387,504.89831948988376,365.07168051011627,505.24,486.64,492.705,441.52,409.14,0.000024541790481
2020-11-19 20:00:00+00:00,500.74,501.785,495.02,499.2,498.771952,96.71999999999997,14.900579061453087,-714623,514.0110473496229,364.3729526503771,500.8,505.24,486.64,455.31,408.515,0.000024541790481
2020-11-20 12:00:00+00:00,497.99,501.99,493.33,493.8,498.318685,89.40000000000003,14.068501853259345,-804892,520.8357892854775,365.40921071452266,499.2,500.8,505.24,492.705,407.94,0.995737448611180
2020-11-20 16:00:00+00:00,493.73,495.9,489.265,494.09,492.194816,85.64999999999998,13.077368272824765,-677540,526.8499903148085,367.1110096851916,493.8,499.2,500.8,486.64,444.33,0.995737448611180
2020-11-20 20:00:00+00:00,494.18,494.3,489.1,489.13,490.778096,79.99000000000001,12.027052503114795,-741816,531.2537845688844,369.95321543111555,494.09,493.8,499.2,505.24,444.62,0.995737448611180
2020-11-23 12:00:00+00:00,502.0,525.13,502.0,522.565,517.854252,114.05000000000007,15.22344550269949,-604871,540.6943607804983,371.5831392195016,489.13,494.09,493.8,500.8,441.52,0.984363206574926
2020-11-23 16:00:00+00:00,522.33,524.29,514.57,523.52,519.596458,115.57999999999998,14.489652769006215,-450929,548.682103126705,374.75639687329505,522.565,489.13,494.09,499.2,455.31,0.997827743820380
2020-11-23 20:00:00+00:00,523.88,525.83,520.89,521.48,523.135677,77.15000000000003,13.216365733138728,-511151,553.8466229781234,381.4918770218767,523.52,522.565,489.13,493.8,492.705,0.997827743820380
2020-11-24 12:00:00+00:00,546.81,547.15,526.41,546.59,537.854053,101.97000000000003,14.876850302053558,-305271,562.4271506443695,387.1303493556307,521.48,523.52,522.565,494.09,486.64,0.989004845439922
2020-11-24 16:00:00+00:00,546.825,559.21,540.02,558.31,548.517901,116.78999999999996,15.451936928446425,-88507,571.6493214429962,392.8951785570037,546.59,521.48,523.52,489.13,505.24,0.989004845439922
2020-11-24 20:00:00+00:00,557.99,559.94,553.49,555.66,555.805945,100.34999999999997,14.251678671320242,-197699,577.746772528384,401.4497274716158,558.31,546.59,521.48,522.565,500.8,0.989004845439922
2020-11-25 12:00:00+00:00,551.93,559.33,543.0,554.88,550.755574,62.17500000000001,14.528788181810881,-362485,580.9269597559778,412.90604024402217,555.66,558.31,546.59,523.52,499.2,0.998813312893617
2020-11-25 16:00:00+00:00,554.48,572.47,554.3,570.915,566.069675,84.27499999999998,15.014283090902774,-250661,584.2123686079261,425.91813139207375,554.88,555.66,558.31,521.48,493.8,0.998813312893617
2020-11-25 20:00:00+00:00,571.01,573.985,570.22,573.985,572.43147,68.745,13.514378678782403,-205319,590.9880213599796,432.1079786400203,570.915,554.88,555.66,546.59,494.09,0.000010427596862
2020-11-27 12:00:00+00:00,577.54,597.86,577.4,597.27,590.805385,96.46999999999997,14.89579485494475,8783,600.8469702116602,437.51402978833994,573.985,570.915,554.88,558.31,489.13,0.998136050329776
2020-11-27 16:00:00+00:00,597.52,598.62,581.75,585.55,589.48876,86.34999999999997,15.159022207618785,-101759,604.5400502907606,448.22394970923926,597.27,573.985,570.915,555.66,522.565,0.998136050329776
2020-11-30 12:00:00+00:00,603.64,607.24,554.8,576.62,582.364628,82.82,20.129819246602953,-381761,606.0796662761342,458.81533372386576,585.55,597.27,573.985,554.88,523.52,-0.991783266421407
2020-11-30 16:00:00+00:00,574.0,590.35,572.92,584.05,581.581664,89.95999999999998,19.7698433470559,-260673,611.5931606246961,462.436339375304,576.62,585.55,597.27,570.915,521.48,-0.991783266421407
2020-11-30 20:00:00+00:00,584.1,585.0,563.91,566.51,575.29703,77.38,19.94586423411512,-320748,612.7278873515102,469.28861264848985,584.05,576.62,585.55,573.985,546.59,-0.000023857446649
2020-12-01 12:00:00+00:00,597.0,597.43,572.37,584.47,585.020252,61.90499999999997,21.409082336233098,-147033,617.1220621031624,472.8174378968376,566.51,584.05,576.62,597.27,558.31,-0.972533812979236
2020-12-01 16:00:00+00:00,584.88,586.61,575.95,581.155,581.806935,57.63499999999999,19.97587135806868,-316105,619.7187941608895,478.2562058391104,584.47,566.51,584.05,585.55,555.66,-0.972533812979236
2020-12-01 20:00:00+00:00,581.28,585.425,577.52,584.875,582.327642,63.39499999999998,18.36642184365952,-238725,621.644772258567,484.89772774143313,581.155,584.47,566.51,576.62,554.88,-0.000062374936533
2020-12-02 12:00:00+00:00,559.0,571.08,541.57,561.21,553.791585,14.620000000000005,21.691565597838245,-460211,619.0579200771155,494.2255799228846,584.875,581.155,584.47,584.05,570.915,0.001578287883603
2020-12-02 16:00:00+00:00,561.75,570.51,556.57,563.16,562.746563,4.850000000000023,20.65802351812647,-327949,615.1477221443159,505.042777855684,561.21,584.875,581.155,566.51,573.985,0.001578287883603
2020-12-02 20:00:00+00:00,562.8,569.59,562.68,568.0,567.230593,12.340000000000032,18.82495371570962,-270207,607.8363089170841,520.241191082916,563.16,561.21,584.875,584.47,597.27,-0.996593273710459
2020-12-03 12:00:00+00:00,596.0,596.0,582.55,586.09,588.874179,31.210000000000036,20.04829322028167,-132039,607.414472895087,527.0155271049128,568.0,563.16,561.21,581.155,585.55,0.998691136803245
2020-12-03 16:00:00+00:00,586.215,598.78,583.99,596.725,592.714666,25.81000000000006,19.347187457577444,27978,607.4945637815598,534.2559362184401,586.09,568.0,563.16,584.875,576.62,0.998691136803245
2020-12-03 20:00:00+00:00,595.86,596.455,591.74,593.09,594.073969,19.105000000000018,17.432229129900456,-39098,604.0737813632146,544.8377186367853,596.725,586.09,568.0,561.21,584.05,-0.988859131932259
2020-12-04 12:00:00+00:00,590.6,597.11,586.58,590.865,592.498965,-6.404999999999973,16.511931912580394,-123015,604.0520977966945,549.2869022033054,593.09,596.725,586.09,563.16,566.51,-0.975629007909447
2020-12-04 16:00:00+00:00,590.375,596.63,587.91,596.11,592.622024,10.56000000000006,15.47300765756968,-18798,605.8242891107459,551.2947108892542,590.865,593.09,596.725,568.0,584.47,-0.975629007909447
2020-12-04 20:00:00+00:00,595.855,598.98,593.38,598.95,596.529345,22.33000000000004,14.156606636560392,19614,607.1961725987039,554.2518274012962,596.11,590.865,593.09,586.09,581.155,0.000054174779507
2020-12-07 12:00:00+00:00,606.0,629.63,603.64,626.5,619.733597,42.450000000000045,16.359725751685666,210626,615.0834759034248,553.5265240965754,598.95,596.11,590.865,596.725,584.875,0.999415416416014
2020-12-07 16:00:00+00:00,626.65,644.59,624.37,644.03,632.05464,77.51999999999998,16.87442898479425,342050,628.0139714716057,547.9075285283942,626.5,598.95,596.11,593.09,561.21,0.999415416416014
2020-12-07 20:00:00+00:00,644.52,648.53,637.25,642.1,643.305022,57.629999999999995,16.128505120155015,223826,637.5332270364006,545.1997729635993,644.03,626.5,598.95,590.865,563.16,0.999415416416014
2020-12-08 12:00:00+00:00,631.0,637.11,618.85,627.965,628.208232,46.81000000000006,17.078037770801014,14482,641.8512384279419,543.9512615720581,642.1,644.03,626.5,596.11,568.0,0.910253523848951
2020-12-08 16:00:00+00:00,628.03,651.2,620.96,643.59,638.012073,58.71500000000003,18.83296606802755,292748,649.5636500488413,542.0428499511588,627.965,642.1,644.03,598.95,586.09,0.910253523848951
2020-12-08 20:00:00+00:00,643.62,650.27,642.54,649.84,647.46924,88.63,17.352570592290544,362015,657.524604738486,541.403895261514,643.59,627.965,642.1,626.5,596.725,0.910253523848951
2020-12-09 12:00:00+00:00,653.06,654.31,630.39,638.43,640.284438,75.26999999999998,18.228227846651798,159765,662.2623979961043,542.1041020038958,649.84,643.59,627.965,644.03,593.09,-0.988151385332458
2020-12-09 16:00:00+00:00,639.15,639.15,588.9,605.03,613.126642,37.02999999999997,22.497797467098227,-475397,661.7952928503055,546.4232071496945,638.43,649.84,643.59,642.1,590.865,-0.988151385332458
2020-12-09 20:00:00+00:00,603.98,611.43,600.24,604.47,605.266706,18.379999999999995,20.99009113815179,-589212,662.050415968327,548.1680840316732,605.03,638.43,649.84,627.965,596.11,-0.997028666024562
2020-12-10 12:00:00+00:00,579.73,616.37,567.21,613.37,595.512002,16.644999999999982,24.746078986398214,-375350,662.6211371694044,550.8188628305957,604.47,605.03,638.43,643.59,598.95,-0.972230707760900
2020-12-10 16:00:00+00:00,613.58,624.24,602.56,615.58,614.931938,22.49000000000001,24.337268454878462,-91272,663.3104512432778,553.200048756722,613.37,604.47,605.03,649.84,626.5,-0.972230707760900
2020-12-10 20:00:00+00:00,616.75,627.67,616.5,627.01,622.983379,36.14499999999998,22.704299327561323,4281,662.4726704369209,560.6178295630791,615.58,613.37,604.47,638.43,644.03,-0.995181976351887
2020-12-11 12:00:00+00:00,615.01,623.88,607.44,614.66,614.746278,18.549999999999955,22.286392750553137,-174898,659.6708395130952,568.5696604869047,627.01,615.58,613.37,605.03,642.1,-0.972230707760900
2020-12-11 16:00:00+00:00,614.79,616.07,596.97,611.73,607.746622,12.779999999999973,21.861540383812724,-372803,656.4081666010574,576.2053333989426,614.66,627.01,615.58,604.47,627.965,-0.972230707760900
2020-12-11 20:00:00+00:00,611.96,612.61,605.13,609.99,609.459319,-16.50999999999999,19.944001665971033,-436483,655.161937029485,579.8415629705153,611.73,614.66,627.01,613.37,643.59,0.999243456521071
2020-12-14 12:00:00+00:00,618.685,638.19,610.27,631.88,625.523253,-12.149999999999977,21.044801443841568,-188484,656.1095319073061,582.4094680926939,609.99,611.73,614.66,615.58,649.84,0.996882908977568
2020-12-14 16:00:00+00:00,631.72,642.655,631.04,638.66,637.266145,-3.4400000000000546,19.787494584662696,191865,657.1908539344995,585.8851460655005,631.88,609.99,611.73,627.01,638.43,0.996882908977568
2020-12-14 20:00:00+00:00,638.23,640.42,635.515,639.55,638.59951,11.584999999999923,17.803161973374333,290786,657.384936603193,590.5595633968071,638.66,631.88,609.99,614.66,605.03,0.996882908977568
2020-12-15 12:00:00+00:00,643.5,646.74,634.91,639.66,641.814521,-3.9300000000000637,17.006740376924427,493206,657.5316308725008,594.7678691274992,639.55,638.66,631.88,611.73,604.47,0.000990523250948
2020-12-15 16:00:00+00:00,639.14,639.85,623.98,638.88,632.103683,-10.960000000000036,16.855174993334504,75525,657.2392741003986,599.0532258996014,639.66,639.55,638.66,609.99,613.37,0.000990523250948
2020-12-15 20:00:00+00:00,638.74,639.6,631.12,632.74,635.554271,-5.689999999999941,15.738484994223239,-2796,657.6107158655697,599.3057841344302,638.88,639.66,639.55,631.88,615.58,0.998635217081755
2020-12-16 12:00:00+00:00,628.8,631.58,605.0,612.63,616.811147,7.600000000000023,17.338686994993473,-291996,655.8914108575241,597.8850891424761,632.74,638.88,639.66,638.66,627.01,0.000072468406870
2020-12-16 16:00:00+00:00,613.47,625.0,612.35,624.33,620.418869,19.860000000000014,16.71352872899434,-130278,654.1159731636927,597.8835268363074,612.63,632.74,638.88,639.55,614.66,0.000072468406870
2020-12-16 20:00:00+00:00,624.505,626.83,621.74,622.535,623.867196,9.164999999999964,15.163724898461766,-190294,653.8694262882311,597.5870737117689,624.33,612.63,632.74,639.66,611.73,0.008828693520627
2020-12-17 12:00:00+00:00,623.0,641.53,619.54,634.785,631.615382,19.204999999999927,16.0738949120002,2410,652.513196417851,598.0628035821491,622.535,624.33,612.63,638.88,609.99,0.995445027860114
2020-12-17 16:00:00+00:00,634.765,649.24,633.62,647.235,642.902022,20.225000000000023,16.013375590400173,272797,651.9091772072004,598.4063227927995,634.785,622.535,624.33,632.74,631.88,0.995445027860114
2020-12-17 20:00:00+00:00,647.215,658.74,645.77,655.54,652.230995,40.879999999999995,15.60759217834682,428517,655.5057127791583,596.5207872208416,647.235,634.785,622.535,612.63,638.66,-0.545594140887260
2020-12-18 12:00:00+00:00,668.0,684.66,657.01,667.11,670.86301,55.379999999999995,17.409246554567247,904030,662.164346293194,596.0701537068061,655.54,647.235,634.785,624.33,639.55,0.998395125119714
2020-12-18 16:00:00+00:00,667.28,679.0,651.35,671.74,669.352488,61.75,18.77468034729161,1582376,668.5230481442208,596.4384518557791,667.11,655.54,647.235,622.535,639.66,0.998395125119714
2020-12-18 20:00:00+00:00,671.75,686.01,628.78,680.45,654.59841,48.57000000000005,23.902056300986068,2518783,676.5683293811584,595.1011706188416,671.74,667.11,655.54,634.785,638.88,0.998395125119714
2020-12-21 12:00:00+00:00,666.87,670.76,651.25,658.63,660.795094,19.970000000000027,24.608448794187932,2079384,678.763971232393,597.210528767607,680.45,671.74,667.11,647.235,632.74,-0.870660409331322
2020-12-21 16:00:00+00:00,657.77,668.0,654.12,660.44,660.520071,20.8900000000001,23.177988954962874,2421599,681.2729364568359,598.0445635431643,658.63,680.45,671.74,655.54,612.63,-0.870660409331322
2020-12-21 20:00:00+00:00,660.53,660.6,646.09,648.425,652.365827,8.764999999999986,22.022257094301157,2176446,681.4013665270761,601.2926334729239,660.44,658.63,680.45,667.11,624.33,0.999450837611221
2020-12-22 12:00:00+00:00,649.85,649.88,626.16,626.39,637.541336,-12.490000000000009,22.248622815061008,1856386,680.3490549714998,603.8109450285001,648.425,660.44,658.63,671.74,622.535,0.000070781272370
2020-12-22 16:00:00+00:00,626.36,637.46,614.43,636.31,624.908192,3.5699999999999363,22.352806439719554,2178241,678.7151773759941,608.0768226240058,626.39,648.425,660.44,680.45,634.785,0.000070781272370
2020-12-22 20:00:00+00:00,635.66,641.81,632.69,640.46,637.371245,27.83000000000004,20.588432247756934,2242460,678.7615783277897,608.8884216722104,636.31,626.39,648.425,658.63,647.235,-0.971423392882571
2020-12-23 12:00:00+00:00,631.92,650.98,622.87,647.72,637.22133,23.389999999999986,21.591307948056013,2417708,679.1675128866011,609.3884871133989,640.46,636.31,626.39,660.44,655.54,-0.997892796003725
2020-12-23 16:00:00+00:00,646.89,647.87,641.15,645.3,644.304694,22.764999999999986,19.608466888315217,2277067,679.3856647414568,609.745335258543,647.72,640.46,636.31,648.425,667.11,-0.997892796003725
2020-12-23 20:00:00+00:00,645.41,648.815,643.81,645.98,646.242877,11.19500000000005,17.661337969873205,2328311,679.6288532652198,610.1341467347801,645.3,647.72,640.46,626.39,671.74,0.000010121973901
2020-12-24 12:00:00+00:00,644.43,665.09,641.2,661.47,654.171771,14.235000000000014,18.491826240556776,2452282,681.3996484325886,610.6223515674113,645.98,645.3,647.72,636.31,680.45,0.000057263343479
2020-12-24 16:00:00+00:00,660.59,666.08,657.82,661.97,662.077349,6.430000000000064,17.12758274181587,2606621,682.9676254620908,611.9773745379093,661.47,645.98,645.3,640.46,658.63,0.002142087570974
2020-12-28 12:00:00+00:00,668.07,680.61,660.94,665.18,671.62417,-1.9300000000000637,17.46657170957375,2777142,682.3686887504718,617.8313112495282,661.97,661.47,645.98,647.72,660.44,-0.993323584552854
2020-12-28 16:00:00+00:00,665.33,673.39,665.09,667.38,668.434085,-4.360000000000014,16.244362148297245,2939258,682.9903206088214,621.5146793911784,665.18,661.97,661.47,645.3,648.425,-0.988151385332458
2020-12-28 20:00:00+00:00,667.31,667.98,662.43,663.9,665.492874,-16.550000000000068,14.818447195190956,2874641,682.0595541472038,626.5819458527961,667.38,665.18,661.97,645.98,626.39,-0.988151385332458
2020-12-29 12:00:00+00:00,660.77,669.45,655.02,664.84,661.81847,6.210000000000036,14.76665423583217,3009606,682.335423454434,629.3115765455659,663.9,667.38,665.18,661.47,636.31,-0.971423392882571
2020-12-29 16:00:00+00:00,664.91,665.94,657.61,662.88,662.161139,2.439999999999941,13.908433671054555,2891409,682.9735272398351,630.237972760165,664.84,663.9,667.38,661.97,640.46,-0.971423392882571
2020-12-29 20:00:00+00:00,663.33,666.0,662.645,665.9,664.795622,17.475000000000023,12.501309181580618,2929182,683.8085149958802,630.4389850041198,662.88,664.84,663.9,665.18,647.72,0.000578159379074
2020-12-30 12:00:00+00:00,672.21,676.46,668.67,673.67,672.593531,47.27999999999997,12.242467957369877,3018329,684.8062099027208,630.0972900972791,665.9,662.88,664.84,667.38,645.3,0.999268204192049
2020-12-30 16:00:00+00:00,674.29,696.4,674.29,693.475,687.52778,57.16500000000008,13.640805563053895,3261608,689.7395988502697,627.3374011497303,673.67,665.9,662.88,663.9,645.98,0.999268204192049
2020-12-30 20:00:00+00:00,693.7,696.44,687.98,694.53,692.440234,54.069999999999936,12.950031487980048,3359056,693.051647391779,625.4333526082211,693.475,673.67,665.9,664.84,661.47,0.999190833259490
2020-12-31 12:00:00+00:00,703.6,711.9,691.22,707.89,700.211486,60.16999999999996,13.980693956249368,3542179,701.9008240143949,621.510175985605,694.53,693.475,673.67,662.88,661.97,-0.984769305679947
2020-12-31 16:00:00+00:00,708.21,718.71,702.27,702.3,713.277346,57.0,14.30860142874946,3228086,707.8871745332164,619.7098254667836,707.89,694.53,693.475,665.9,665.18,-0.984769305679947
2020-12-31 20:00:00+00:00,702.24,706.79,697.78,705.64,702.695874,59.65999999999997,13.602121238249532,3366812,713.8627113220268,619.455788677973,702.3,707.89,694.53,673.67,667.38,-0.984769305679947
2021-01-04 12:00:00+00:00,721.86,744.215,717.0,731.27,735.86297,69.79999999999995,16.931838406482935,3677134,723.3798423578874,620.4266576421128,705.64,702.3,707.89,693.475,663.9,0.996446575882146
2021-01-04 16:00:00+00:00,731.325,736.75,718.03,730.14,728.568596,68.16999999999996,17.170259952285214,3367508,731.407683690211,621.781816309789,731.27,705.64,702.3,694.53,664.84,0.996446575882146
2021-01-04 20:00:00+00:00,730.17,732.655,727.15,729.51,730.084254,64.33000000000004,15.614891958647187,3301793,737.9293672041109,624.165132795889,730.14,731.27,705.64,707.89,662.88,0.959011875092983
2021-01-05 12:00:00+00:00,723.66,738.08,719.32,734.36,727.37155,66.98000000000002,16.03423969749423,3484281,744.7180661124085,626.0404338875917,729.51,730.14,731.27,702.3,665.9,0.998474368097959
2021-01-05 16:00:00+00:00,735.49,740.82,733.87,735.875,737.423453,71.97500000000002,14.82300773782834,3653093,750.1854020149746,629.6305979850255,734.36,729.51,730.14,705.64,673.67,0.998474368097959
2021-01-05 20:00:00+00:00,736.2,736.715,731.14,735.345,734.182343,70.505,13.589940039451234,3541773,754.1900510719505,634.5624489280495,735.875,734.36,729.51,731.27,693.475,0.000023583103030
2021-01-06 12:00:00+00:00,762.0,763.7,749.97,763.54,757.663436,100.65999999999997,15.558614700857738,3796132,764.6498433569116,634.3096566430886,735.345,735.875,734.36,730.14,694.53,0.000020169904019
2021-01-06 16:00:00+00:00,763.73,773.86,750.0,761.82,768.204788,95.92000000000007,16.665466074076708,3367700,772.7668816356845,636.1776183643155,763.54,735.345,735.875,729.51,707.89,0.000020169904019
2021-01-06 20:00:00+00:00,761.19,762.34,755.0,756.36,758.464437,82.69000000000005,15.422070597533152,3264828,778.4461163641953,639.6163836358047,761.82,763.54,735.345,734.36,702.3,0.007049806517898
2021-01-07 12:00:00+00:00,776.66,801.0,775.45,797.13,790.385916,103.65499999999997,19.317794517862062,3562393,792.3950312558433,638.6424687441566,756.36,761.82,763.54,735.875,705.64,0.997236188995885
2021-01-07 16:00:00+00:00,797.25,812.6,795.475,806.69,803.179057,112.16000000000008,19.025421915480457,3913558,805.6301218523025,639.6863781476976,797.13,756.36,761.82,735.345,731.27,0.997236188995885
2021-01-07 20:00:00+00:00,806.85,821.12,806.33,821.12,812.463764,113.23000000000002,18.46069899341639,4071350,819.71605441265,641.22844558735,806.69,797.13,756.36,763.54,730.14,0.156013272353448
2021-01-08 12:00:00+00:00,852.81,878.97,838.47,877.62,860.572754,175.32000000000005,23.71260579429421,4574787,846.4500802430852,635.9684197569148,821.12,806.69,797.13,761.82,729.51,0.000513137918460
2021-01-08 16:00:00+00:00,878.2,884.355,847.23,865.96,869.917089,160.32000000000005,25.50092502172165,3890090,864.0692344618968,638.355265538103,877.62,821.12,806.69,756.36,734.36,0.000513137918460
2021-01-08 20:00:00+00:00,865.85,883.975,861.57,880.2,871.016774,148.93000000000006,25.088135018825426,4186842,882.056603705718,641.0208962942819,865.96,877.62,821.12,797.13,735.875,0.000123011493997
2021-01-11 12:00:00+00:00,865.0,865.0,817.13,844.03,839.123901,113.88999999999999,30.152383682982045,3620581,890.4882694042296,647.6447305957704,880.2,865.96,877.62,806.69,735.345,-0.992361997894477
2021-01-11 16:00:00+00:00,843.35,844.13,819.2,822.01,832.010303,92.5,29.456065858584434,3207662,893.7311195906871,657.1498804093128,844.03,880.2,865.96,821.12,763.54,-0.992361997894477
2021-01-11 20:00:00+00:00,822.6,822.84,804.35,810.835,811.36972,76.47500000000002,27.99392374410651,2901685,895.4102699566762,665.7652300433239,822.01,844.03,880.2,877.62,761.82,0.999366171221482
2021-01-12 12:00:00+00:00,833.54,866.42,827.42,861.64,851.355738,125.76499999999999,31.672733911558964,3199425,902.6147861985844,674.4947138014156,810.835,822.01,844.03,865.96,756.36,-0.972230707760900
2021-01-12 16:00:00+00:00,860.96,867.94,848.0,853.58,857.341287,118.23500000000001,30.108369390017778,2836649,906.5055249729979,685.397975027002,861.64,810.835,822.01,880.2,797.13,-0.972230707760900
2021-01-12 20:00:00+00:00,854.43,860.025,848.945,849.22,853.964115,85.68000000000006,27.571253471348733,2717816,910.4415043168821,693.2569956831179,853.58,861.64,810.835,844.03,806.69,0.999479890990187
2021-01-13 12:00:00+00:00,853.06,860.105,833.58,843.86,846.1197,82.03999999999996,27.431753008502234,2496211,912.1542517194788,702.9162482805212,849.22,853.58,861.64,822.01,821.12,0.999408665986266
2021-01-13 16:00:00+00:00,843.78,855.425,832.01,855.07,843.093415,98.71000000000004,26.896185940701933,2713849,913.679203171667,713.947296828333,843.86,849.22,853.58,810.835,877.62,0.999408665986266
2021-01-13 20:00:00+00:00,855.26,857.99,850.03,854.33,853.881778,57.200000000000045,24.371361148608347,2650811,913.8239428415969,725.7995571584032,855.07,843.86,849.22,861.64,865.96,0.999408665986266
2021-01-14 12:00:00+00:00,843.75,863.0,839.07,856.205,852.103985,49.514999999999986,24.31251299546056,2908228,912.3237796851645,739.3327203148353,854.33,855.07,843.86,853.58,880.2,-0.988151385332458
2021-01-14 16:00:00+00:00,857.6,859.51,844.23,848.99,852.248022,27.870000000000005,23.108177929399147,2605530,907.2392443792252,755.7817556207748,856.205,854.33,855.07,849.22,844.03,-0.988151385332458
2021-01-14 20:00:00+00:00,848.77,849.78,843.53,845.79,846.53983,-31.83000000000004,20.860420872145927,2512137,904.4265572366133,766.8194427633865,848.99,856.205,854.33,843.86,822.01,0.994640267424984
2021-01-15 12:00:00+00:00,850.61,858.99,836.3,841.97,848.127281,-23.99000000000001,21.10436475585981,2257579,899.0281174339763,780.2328825660237,845.79,848.99,856.205,855.07,810.835,0.001875830290373
2021-01-15 16:00:00+00:00,842.55,845.83,821.74,823.43,837.211452,-56.770000000000095,21.502449455078505,1917760,888.5492830215396,797.4187169784605,841.97,845.79,848.99,854.33,861.64,0.001875830290373
2021-01-15 20:00:00+00:00,824.27,828.88,819.13,824.99,824.703784,-19.039999999999964,19.93545619440137,2074084,885.5296351908211,803.2243648091791,823.43,841.97,845.79,856.205,853.58,-0.931355879642069
2021-01-19 12:00:00+00:00,837.82,849.0,833.79,834.155,842.356398,12.144999999999982,20.47872870181452,2245088,883.2813601093952,808.2191398906049,824.99,823.43,841.97,848.99,849.22,0.999369424986071
2021-01-19 16:00:00+00:00,833.3,845.95,833.3,838.355,839.063743,27.519999999999982,19.434898208239265,2514030,882.5182033050055,810.7057966949947,834.155,824.99,823.43,845.79,843.86,0.999369424986071
2021-01-19 20:00:00+00:00,837.75,844.94,836.17,844.5,840.378341,-17.139999999999986,18.01291178047404,2562545,877.7619079401924,812.1500920598074,838.355,834.155,824.99,841.97,855.07,0.000102178495581
2021-01-20 12:00:00+00:00,858.95,859.405,837.605,839.11,850.40724,-14.470000000000027,18.51785687641083,2361099,874.9656346707359,812.2613653292642,844.5,838.355,834.155,823.43,854.33,-0.984144728747196
2021-01-20 16:00:00+00:00,839.79,855.83,838.54,855.14,848.595106,5.919999999999959,18.35414262622273,2569360,869.2400782194227,815.4809217805773,839.11,844.5,838.355,824.99,856.205,-0.984144728747196
2021-01-20 20:00:00+00:00,855.6,855.81,848.79,851.21,852.076823,7.350000000000023,16.84292360939303,2506165,869.8832509810284,815.5557490189715,855.14,839.11,844.5,834.155,848.99,-0.984144728747196
2021-01-21 12:00:00+00:00,852.6,855.49,841.6,846.77,847.338232,-8.300000000000068,16.449200461473957,2236546,869.3460584464914,818.5689415535088,851.21,855.14,839.11,838.355,845.79,-0.994508250558283
2021-01-21 16:00:00+00:00,846.96,852.85,844.21,846.03,847.804699,-8.300000000000068,15.407973733277428,2041220,865.7541140455633,825.6803859544368,846.77,851.21,855.14,844.5,841.97,-0.994508250558283
2021-01-21 20:00:00+00:00,845.89,848.01,844.37,844.83,845.715289,-11.375,13.838910568840436,2002385,863.4587733655899,826.2947266344102,846.03,846.77,851.21,839.11,823.43,-0.994508250558283
2021-01-22 12:00:00+00:00,834.38,841.58,829.1,834.68,836.042379,-14.31000000000006,14.091055826328382,1878528,862.5724057017426,825.2910942982576,844.83,846.03,846.77,855.14,824.99,0.000045273329306
2021-01-22 16:00:00+00:00,833.95,842.76,831.33,839.53,836.942314,-6.259999999999991,13.736248382817926,2013495,862.0127342379858,824.8817657620141,834.68,844.83,846.03,851.21,834.155,0.000045273329306
2021-01-22 20:00:00+00:00,839.55,847.98,839.06,846.99,844.62118,5.019999999999982,13.094081931775547,2060815,862.2365314897169,824.9709685102831,839.53,834.68,844.83,846.77,838.355,0.999405568421935
2021-01-25 12:00:00+00:00,856.65,900.22,853.05,864.02,883.05772,40.59000000000003,18.445537674205475,2441621,864.2108805506392,823.8916194493605,846.99,839.53,834.68,846.03,844.5,-0.000040102826460
2021-01-25 16:00:00+00:00,863.92,879.79,839.56,876.76,867.065414,51.76999999999998,21.350132650978082,2899532,869.7513252818516,820.5941747181483,864.02,846.99,839.53,844.83,839.11,-0.000040102826460
2021-01-25 20:00:00+00:00,876.42,886.94,866.09,881.9,874.488735,47.745000000000005,21.28344829751434,3030167,875.7066076785413,817.2083923214584,876.76,864.02,846.99,834.68,855.14,-0.000040102826460
2021-01-26 12:00:00+00:00,891.77,895.67,872.35,884.9,883.461278,46.54499999999996,21.55498852451242,3183710,882.1898136393344,814.3161863606655,881.9,876.76,864.02,839.53,851.21,0.956702943600249
2021-01-26 16:00:00+00:00,885.5,892.11,882.03,888.96,888.053297,44.460000000000036,20.024990054577437,3380860,888.8779469100755,811.9450530899244,884.9,881.9,876.76,846.99,846.77,0.956702943600249
2021-01-26 20:00:00+00:00,888.98,889.03,882.04,883.03,885.781876,43.91999999999996,18.286991380633783,3240938,893.3412911114593,811.5877088885408,888.96,884.9,881.9,864.02,846.03,0.999450790084666
2021-01-27 12:00:00+00:00,867.0,890.84,866.16,889.14,878.580403,34.0,19.13939252988262,3396815,897.357266951205,814.142733048795,883.03,888.96,884.9,876.76,844.83,-0.000013699769625
2021-01-27 16:00:00+00:00,889.48,890.855,858.87,868.185,879.939367,16.97499999999991,20.85214019256494,3100727,897.2147473351642,818.6047526648358,889.14,883.03,888.96,881.9,834.68,-0.000013699769625
2021-01-27 20:00:00+00:00,866.27,872.92,861.375,863.46,867.67043,16.690000000000055,19.611188166889608,2958335,897.104707267845,821.645292732155,868.185,889.14,883.03,884.9,839.53,-0.000013699769625
2021-01-28 12:00:00+00:00,821.51,847.33,802.32,841.49,822.429925,-4.539999999999964,25.14836307797099,2642744,896.918245630338,822.1452543696622,863.46,868.185,889.14,888.96,846.99,0.999345222953707
2021-01-28 16:00:00+00:00,844.41,847.61,831.69,845.76,839.854544,0.92999999999995,23.917914667574852,2896779,896.8786987791985,822.3108012208014,841.49,863.46,868.185,883.03,864.02,0.999345222953707
2021-01-28 20:00:00+00:00,845.28,846.93,832.79,836.27,838.40897,1.5900000000000318,22.614192711898205,2802624,897.0852014879241,821.820298512076,845.76,841.49,863.46,889.14,876.76,0.000231600366533
2021-01-29 12:00:00+00:00,829.21,841.81,818.42,822.44,829.370912,-17.089999999999918,22.71763368364511,2639765,898.9205377751094,816.7149622248904,836.27,845.76,841.49,868.185,881.9,-0.989254657179117
2021-01-29 16:00:00+00:00,822.53,825.57,780.45,789.87,797.666162,-57.120000000000005,25.704615859159098,2252808,905.8645355824618,803.636964417538,822.44,836.27,845.76,863.46,884.9,-0.989254657179117
2021-01-29 20:00:00+00:00,788.55,803.64,788.55,793.24,796.668207,-70.77999999999997,24.289333744604555,2356272,910.0879463206138,794.0605536793862,789.87,822.44,836.27,841.49,888.96,-0.998061025224160
2021-02-01 12:00:00+00:00,817.5,825.0,796.23,814.41,810.402224,-62.35000000000002,25.28542257865728,2527466,910.8755742064255,790.1109257935747,793.24,789.87,822.44,845.76,883.03,0.999422414883156
2021-02-01 16:00:00+00:00,814.63,838.51,811.58,832.72,828.434369,-49.17999999999995,25.504699568169634,2786024,910.7501530929941,789.0253469070061,814.41,793.24,789.87,836.27,889.14,0.999422414883156
2021-02-01 20:00:00+00:00,832.54,841.885,832.4,840.25,838.099102,-44.64999999999998,23.36873962574702,2839696,910.7861387698139,789.5463612301861,832.72,814.41,793.24,822.44,868.185,-0.002997602350661
2021-02-02 12:00:00+00:00,845.34,877.15,843.06,872.7,861.513298,-16.25999999999999,25.172907675647416,3019630,913.0315426634685,790.6179573365315,840.25,832.72,814.41,789.87,863.46,0.999344025229220
2021-02-02 16:00:00+00:00,871.9,880.0,868.95,878.29,876.114649,-4.740000000000009,23.28985331889442,3168804,915.6672945273764,791.1122054726235,872.7,840.25,832.72,793.24,841.49,0.999344025229220
2021-02-02 20:00:00+00:00,878.6,879.045,870.4,872.47,874.256505,-16.66999999999996,21.337206209708494,3107466,916.5067024091699,791.11779759083,878.29,872.7,840.25,814.41,845.76,0.999344025229220
2021-02-03 12:00:00+00:00,877.53,878.08,853.76,855.96,864.002688,-12.224999999999909,21.734912048414035,2970309,914.5472318610924,790.9972681389075,872.47,878.29,872.7,832.72,836.27,0.021654023265000
2021-02-03 16:00:00+00:00,855.91,866.89,854.63,857.64,860.61458,-5.82000000000005,20.471590441958828,3083114,911.8612035577884,791.2572964422117,855.96,872.47,878.29,840.25,822.44,0.021654023265000
2021-02-03 20:00:00+00:00,857.39,858.49,854.55,854.73,856.38989,13.240000000000009,18.26737838303099,3048262,908.3159932527893,791.7855067472107,857.64,855.96,872.47,872.7,789.87,0.021654023265000
2021-02-04 12:00:00+00:00,855.67,855.67,833.51,837.25,842.896967,-8.509999999999991,18.786394598626856,2946164,902.9852160126295,791.9452839873704,854.73,857.64,855.96,878.29,793.24,0.087792235775851
2021-02-04 16:00:00+00:00,837.15,848.47,837.15,846.98,843.751122,10.710000000000036,17.79087531880995,3061395,898.6018816289046,792.7236183710955,837.25,854.73,857.64,872.47,814.41,0.087792235775851
2021-02-04 20:00:00+00:00,847.32,851.12,847.305,849.79,848.963024,27.34999999999991,15.970758609635288,3107396,892.6021694839744,794.7883305160258,846.98,837.25,854.73,855.96,832.72,0.000037612822780
2021-02-05 12:00:00+00:00,845.45,849.61,839.35,843.85,843.511694,53.98000000000002,15.233324128350576,3005208,890.0115990606196,794.9454009393803,849.79,846.98,837.25,857.64,840.25,0.000135922797199
2021-02-05 16:00:00+00:00,843.62,864.48,843.26,852.25,857.047094,59.00999999999999,16.031547577903837,3210908,888.6672849817693,795.1687150182307,843.85,849.79,846.98,854.73,872.7,0.000135922797199
2021-02-05 20:00:00+00:00,852.22,852.92,848.465,852.72,850.868226,38.31000000000006,14.488007900849983,3246317,889.476249484365,795.4827505156351,852.25,843.85,849.79,837.25,878.29,0.997653130994877
2021-02-08 12:00:00+00:00,869.32,876.75,862.52,870.55,868.229945,37.82999999999993,15.760273514069983,3372815,892.3589506144936,795.0790493855066,852.72,852.25,843.85,846.98,872.47,0.000427755840064
2021-02-08 16:00:00+00:00,869.26,870.0,855.23,858.56,862.974373,18.309999999999945,15.701570378860644,3257015,893.775330682119,795.8916693178809,870.55,852.72,852.25,849.79,855.96,0.000427755840064
2021-02-08 20:00:00+00:00,858.84,865.15,858.285,863.0,861.816888,-9.700000000000045,14.52336099501256,3299015,895.2545953207971,798.4684046792029,858.56,870.55,852.72,843.85,857.64,0.000195751727006
2021-02-09 12:00:00+00:00,855.19,859.77,847.1,850.26,852.626256,-28.029999999999973,14.706912862344216,3199438,890.1567771788372,809.6052228211628,863.0,858.56,870.55,852.25,854.73,0.999513485832722
2021-02-09 16:00:00+00:00,848.98,850.705,841.88,847.07,847.088643,-25.399999999999977,13.92265781403166,3044123,882.8691802939371,822.2758197060629,850.26,863.0,858.56,852.72,837.25,0.999513485832722
2021-02-09 20:00:00+00:00,846.76,850.0,844.67,849.14,847.222284,-6.82000000000005,12.776970105494112,3074513,878.8256709337778,829.7923290662221,847.07,850.26,863.0,870.55,846.98,0.999513485832722
2021-02-10 12:00:00+00:00,843.635,844.68,800.32,817.67,821.120451,-39.97000000000003,17.582707424761555,2644320,881.5417414298265,825.5712585701735,849.14,847.07,850.26,858.56,849.79,0.000045458502427
2021-02-10 16:00:00+00:00,816.165,820.04,806.51,811.68,812.977899,-43.05000000000007,17.042346434793345,2403582,885.3919881773761,818.864011822624,817.67,849.14,847.07,863.0,843.85,0.000045458502427
2021-02-10 20:00:00+00:00,811.53,812.0,801.93,804.97,806.940507,-32.27999999999997,16.112700243487573,2243763,886.6531520206952,810.829847979305,811.68,817.67,849.14,850.26,852.25,-0.996079389762599
2021-02-11 12:00:00+00:00,811.95,829.21,808.6,811.86,819.124148,-35.120000000000005,17.196340211022566,2389848,884.0644723355898,806.7755276644103,804.97,811.68,817.67,847.07,852.72,-0.992928954772651
2021-02-11 16:00:00+00:00,814.16,817.49,801.73,810.68,810.944446,-39.110000000000014,17.00482818288622,2245116,881.7416720600743,802.9193279399258,811.86,804.97,811.68,849.14,870.55,-0.992928954772651
2021-02-11 20:00:00+00:00,810.35,811.26,806.27,811.26,808.879107,-32.59000000000003,15.402851091834727,2277588,881.2821112505831,798.908888749417,810.68,811.86,804.97,817.67,858.56,-0.992928954772651
2021-02-12 12:00:00+00:00,801.01,806.24,785.42,795.48,795.319227,-56.76999999999998,16.794470946256766,2084642,881.8196796433074,792.1553203566925,811.26,810.68,811.86,811.68,863.0,0.000018089696823
2021-02-12 16:00:00+00:00,795.34,807.125,795.34,803.07,801.732941,-49.64999999999998,16.12654148675586,2277696,880.8560668422077,787.9529331577922,795.48,811.26,810.68,804.97,850.26,0.000018089696823
2021-02-12 20:00:00+00:00,803.34,817.23,801.23,816.6,809.891178,-53.94999999999993,16.109669288521744,2321402,880.4707440215966,786.2732559784035,803.07,795.48,811.26,811.86,847.07,0.000823584057798
2021-02-16 12:00:00+00:00,818.89,820.68,804.78,805.11,812.366293,-53.44999999999993,16.08171338338551,2174321,879.5383092673098,783.0186907326902,816.6,803.07,795.48,810.68,849.14,0.067843034659745
2021-02-16 16:00:00+00:00,804.77,806.23,792.59,798.505,799.843888,-64.495,15.756151598934107,1963097,878.2653140678276,779.1631859321724,805.11,816.6,803.07,811.26,817.67,0.067843034659745
2021-02-16 20:00:00+00:00,798.33,799.55,794.48,796.56,796.957009,-53.700000000000045,14.331331385742883,1902294,877.3517116211112,775.3477883788887,798.505,805.11,816.6,795.48,811.68,-0.000043570264097
2021-02-17 12:00:00+00:00,786.73,789.78,762.63,779.21,777.287923,-67.86000000000001,16.94448720097716,1644518,876.2854379490764,769.1100620509235,796.56,798.505,805.11,803.07,804.97,0.906101119762752
2021-02-17 16:00:00+00:00,779.87,796.78,768.24,792.96,780.308032,-56.17999999999995,18.490555574180203,1839866,872.9119003793853,766.5075996206147,779.21,796.56,798.505,816.6,811.86,0.906101119762752
2021-02-17 20:00:00+00:00,793.14,799.7,791.54,798.31,795.910587,-19.360000000000014,17.11314816428952,1936486,864.3449516613254,767.8505483386747,792.96,779.21,796.56,805.11,810.68,-0.000013016571756
2021-02-18 12:00:00+00:00,780.85,793.7,776.51,784.14,785.300668,-27.539999999999964,17.738061742384243,1757689,858.2561170256563,766.4973829743437,798.31,792.96,779.21,798.505,811.26,0.000089510765974
2021-02-18 16:00:00+00:00,782.64,792.78,781.95,790.66,787.758926,-14.31000000000006,16.81698684339967,1887069,848.8795771594785,768.6399228405214,784.14,798.31,792.96,796.56,795.48,0.000089510765974
2021-02-18 20:00:00+00:00,789.46,794.59,785.725,787.24,789.378263,-24.620000000000005,15.75672193094638,1832565,841.7017742384152,769.5157257615848,790.66,784.14,798.31,779.21,803.07,-0.931355879642069
2021-02-19 12:00:00+00:00,794.67,796.355,786.44,789.69,790.419221,-20.989999999999895,14.977825673486858,1937551,833.7154740218014,771.7640259781986,787.24,790.66,784.14,792.96,816.6,0.999183251435170
2021-02-19 16:00:00+00:00,789.86,794.11,778.08,781.52,784.17008,-29.74000000000001,15.118115583688606,1779758,822.8725752443568,775.8449247556434,789.69,787.24,790.66,798.31,805.11,0.999183251435170
2021-02-19 20:00:00+00:00,781.39,782.19,777.61,781.05,780.15227,-14.430000000000064,13.713033505863464,1720547,820.7390545221964,774.3164454778035,781.52,789.69,787.24,784.14,798.505,0.000082262973592
2021-02-22 12:00:00+00:00,759.25,768.31,735.0,742.19,752.829508,-60.879999999999995,18.024629038414997,1400192,827.0753144376965,761.0311855623036,781.05,781.52,789.69,790.66,796.56,0.999171835588641
2021-02-22 16:00:00+00:00,742.45,749.61,733.73,735.41,742.522631,-81.19000000000005,17.73867849995966,1153596,832.2698670290728,748.8806329709274,742.19,781.05,781.52,787.24,779.21,0.999171835588641
2021-02-22 20:00:00+00:00,735.425,735.85,710.72,714.82,720.501346,-90.28999999999996,18.724188033298372,922477,838.1839107773959,733.2625892226041,735.41,742.19,781.05,789.69,792.96,0.999171835588641
2021-02-23 12:00:00+00:00,662.35,708.96,619.815,701.5,662.186154,-97.005,28.894962962191922,350598,843.421992807746,717.1065071922538,714.82,735.41,742.19,781.52,798.31,-0.998078287346289
2021-02-23 16:00:00+00:00,702.285,704.98,669.0,688.48,684.427755,-108.07999999999993,29.839634567233006,-55208,847.6201733817217,700.6303266182782,701.5,714.82,735.41,781.05,784.14,-0.998078287346289
2021-02-23 20:00:00+00:00,689.075,713.0,686.35,698.54,703.909576,-80.67000000000007,29.414349958268602,45688,849.3366226036057,689.2198773963944,688.48,701.5,714.82,742.19,790.66,-0.998078287346289
2021-02-24 12:00:00+00:00,722.8,723.71,694.76,717.97,708.842338,-74.99000000000001,29.35243663049946,343944,846.55197663082,683.4945233691799,698.54,688.48,701.5,735.41,787.24,0.998997040005634
2021-02-24 16:00:00+00:00,717.91,737.23,717.91,725.66,728.637753,-72.64999999999998,28.014778413099542,608403,840.0127138570577,680.9397861429421,717.97,698.54,688.48,714.82,789.69,0.998997040005634
2021-02-24 20:00:00+00:00,726.18,744.76,725.56,742.14,737.173713,-42.0,26.839474624686275,695389,834.371167046841,680.284332953159,725.66,717.97,698.54,701.5,781.52,0.000016667589080
2021-02-25 12:00:00+00:00,725.05,737.19,707.3,716.12,723.209212,-74.53999999999996,27.906211341394776,475352,829.7902992049284,676.6267007950715,742.14,725.66,717.97,688.48,781.05,-0.991783266421407
2021-02-25 16:00:00+00:00,714.8,719.0,684.27,691.17,700.538876,-96.07000000000005,28.81604982920881,5327,826.4404075367661,669.4375924632341,716.12,742.14,725.66,698.54,742.19,-0.991783266421407
2021-02-25 20:00:00+00:00,691.05,693.88,670.955,683.14,682.490883,-106.55000000000007,28.03057651864763,-154281,825.2538996241545,661.0171003758454,691.17,716.12,742.14,717.97,735.41,-0.000003636610927
2021-02-26 12:00:00+00:00,675.0,706.445,659.92,682.74,679.69449,-98.77999999999997,30.49649964949463,-488491,820.4547170834744,654.7942829165258,683.14,691.17,716.12,725.66,714.82,-0.971423392882571
2021-02-26 16:00:00+00:00,682.92,696.28,670.87,680.31,682.985135,-100.74000000000001,29.818299696228674,-843576,813.1525891597041,650.296410840296,682.74,683.14,691.17,742.14,701.5,-0.971423392882571
2021-02-26 20:00:00+00:00,681.38,688.98,673.38,673.38,681.671689,-68.81000000000006,27.922526403398187,-998807,807.6705536610864,644.7024463389137,680.31,682.74,683.14,716.12,688.48,-0.997909405268729
2021-03-01 12:00:00+00:00,689.25,712.265,685.48,709.86,698.957054,-25.549999999999955,29.38418954961176,-752788,797.9879310532224,646.3050689467777,673.38,680.31,682.74,691.17,698.54,-0.972230707760900
2021-03-01 16:00:00+00:00,711.09,717.93,704.72,711.95,712.101522,-2.8700000000000045,27.22763094299685,-499990,787.8233926612,648.9406073387999,709.86,673.38,680.31,683.14,717.97,-0.972230707760900
2021-03-01 20:00:00+00:00,712.12,718.88,711.22,718.64,714.222479,17.139999999999986,24.6186134839306,-425612,775.6447316359765,654.0142683640236,711.95,709.86,673.38,682.74,725.66,-0.000055197084293
2021-03-02 12:00:00+00:00,717.87,720.83,702.01,710.92,710.523451,22.43999999999994,23.84546501940653,-612052,763.3850213641907,659.2139786358092,718.64,711.95,709.86,680.31,742.14,-0.998002826236188
2021-03-02 16:00:00+00:00,710.99,712.39,690.35,694.55,701.874892,-3.990000000000009,23.604736350152322,-840714,747.8274668959381,666.121533104062,710.92,718.64,711.95,673.38,716.12,-0.998002826236188
2021-03-02 20:00:00+00:00,694.85,695.26,685.32,686.54,688.705542,-31.430000000000064,21.78277150346534,-911554,742.4437272260947,665.9402727739053,694.55,710.92,718.64,709.86,691.17,-0.989318298292346
2021-03-03 12:00:00+00:00,685.0,699.725,673.7,688.74,685.965628,-36.91999999999996,22.348401969669958,-682001,737.7104495321138,666.0065504678863,686.54,694.55,710.92,711.95,683.14,-0.978130385745317
2021-03-03 16:00:00+00:00,688.85,694.3,662.43,668.51,677.606703,-73.63,23.617948373713965,-959731,737.7732223239342,661.3127776760658,688.74,686.54,694.55,718.64,682.74,-0.978130385745317
2021-03-03 20:00:00+00:00,668.22,668.22,651.77,651.92,658.084148,-64.20000000000005,22.700888590552104,-1125354,740.794209911884,653.3337900881162,668.51,688.74,686.54,710.92,680.31,-0.978130385745317
2021-03-04 12:00:00+00:00,653.81,668.24,617.48,651.54,639.39492,-39.629999999999995,26.442103445145158,-1603133,743.3704713618922,647.0635286381078,651.92,668.51,688.74,694.55,673.38,0.997658150969073
2021-03-04 16:00:00+00:00,652.96,654.69,600.0,621.76,618.310244,-61.379999999999995,30.208489652459143,-2365780,749.6048249266836,633.1511750733163,651.54,651.92,668.51,686.54,709.86,0.997658150969073
2021-03-04 20:00:00+00:00,621.85,625.535,611.7,621.29,618.351562,-61.450000000000045,28.02535769879791,-2481783,751.175859635864,621.912140364136,621.76,651.54,651.92,688.74,711.95,0.999366679767263
2021-03-05 12:00:00+00:00,618.47,628.67,570.12,575.57,590.150572,-104.7399999999999,32.09531000562485,-3195079,757.8475731837632,600.231426816237,621.29,621.76,651.54,668.51,718.64,-0.000688832762535
2021-03-05 16:00:00+00:00,575.74,605.825,540.27,601.54,577.570796,-71.84000000000003,36.55660200487488,-2527580,752.1895149596975,591.8294850403023,575.57,621.29,621.76,651.92,710.92,-0.000688832762535
2021-03-05 20:00:00+00:00,601.86,604.175,593.055,597.74,598.389917,-112.12,33.16505507089157,-2664241,749.9531652958053,582.2278347041947,601.54,575.57,621.29,651.54,694.55,-0.996085274557117
2021-03-08 12:00:00+00:00,583.0,619.795,582.5,601.59,601.809518,-110.36000000000001,33.71571439477269,-2334267,749.3150687384704,573.9079312615296,597.74,601.54,575.57,621.76,686.54,0.998796045823838
2021-03-08 16:00:00+00:00,603.39,606.26,565.13,572.2,582.397543,-146.43999999999994,34.704285808803,-2737269,751.708749498311,560.4202505016891,601.59,597.74,601.54,621.29,688.74,0.998796045823838
2021-03-08 20:00:00+00:00,572.01,572.54,559.21,563.0,565.33091,-147.91999999999996,31.854381034295926,-2905812,753.3754259739333,546.7795740260667,572.2,601.59,597.74,575.57,668.51,0.998796045823838
2021-03-09 12:00:00+00:00,593.0,634.53,593.0,630.05,615.726598,-64.5,37.14446356305646,-2478453,750.2089917331065,544.9200082668934,563.0,572.2,601.59,601.54,651.92,0.001619011738512
2021-03-09 16:00:00+00:00,630.66,678.07,628.74,665.65,658.875783,-20.889999999999986,38.76920175464895,-1647116,749.4708130623085,544.8851869376915,630.05,563.0,572.2,597.74,651.54,0.001619011738512
2021-03-09 20:00:00+00:00,665.69,675.165,663.62,673.31,670.438285,-15.430000000000064,35.13930818736241,-1414050,744.175381050911,546.525618949089,665.65,630.05,563.0,601.59,621.76,0.999444049390149
2021-03-10 12:00:00+00:00,690.99,717.7,670.07,684.11,699.085522,15.600000000000023,36.804733762380756,-930399,739.5654238353218,548.3515761646781,673.31,665.65,630.05,572.2,621.29,-0.972230707760900
2021-03-10 16:00:00+00:00,685.745,692.99,656.7,682.09,674.763927,30.170000000000073,36.73610259406332,-1323973,733.0075943810926,551.2544056189073,684.11,673.31,665.65,563.0,575.57,-0.972230707760900
2021-03-10 20:00:00+00:00,681.43,683.64,664.99,668.01,671.976056,16.470000000000027,34.324622248188206,-1414821,725.9155460839505,554.0554539160495,682.09,684.11,673.31,630.05,601.54,0.998573893331923
2021-03-11 12:00:00+00:00,698.0,699.83,677.22,686.75,688.735018,64.99000000000001,33.99067261509645,-1090494,724.5480721489744,554.6429278510257,668.01,682.09,684.11,665.65,597.74,0.000387178162782
2021-03-11 16:00:00+00:00,688.12,699.33,685.595,691.67,692.776907,70.38,31.289916266416924,-635324,725.4300521788542,554.2739478211457,686.75,668.01,682.09,673.31,601.59,0.000387178162782
2021-03-11 20:00:00+00:00,691.39,702.21,690.02,699.6,697.590905,124.02999999999997,28.74326076422801,-482443,727.4049864806235,553.3850135193765,691.67,686.75,668.01,684.11,572.2,-0.988936991081573
2021-03-12 12:00:00+00:00,669.0,685.54,666.34,677.01,676.821605,75.47000000000003,29.34549266233094,-789269,728.4887507189502,553.1512492810497,699.6,691.67,686.75,682.09,563.0,-0.962419187882915
2021-03-12 16:00:00+00:00,676.71,694.77,673.95,689.26,687.249436,91.51999999999998,28.208760307353476,-371325,732.9044059760228,552.4695940239773,677.01,699.6,691.67,668.01,630.05,-0.962419187882915
2021-03-12 20:00:00+00:00,689.825,694.7,684.19,694.04,690.310622,92.44999999999993,25.848925599706348,-243729,737.8649550648751,551.759044935125,689.26,677.01,699.6,686.75,665.65,-0.000124049991427
2021-03-15 12:00:00+00:00,694.33,713.03,685.53,700.08,699.665929,127.88,26.069068853078836,169986,744.2553508587731,553.2006491412268,694.04,689.26,677.01,691.67,673.31,0.000031781644793
2021-03-15 16:00:00+00:00,699.94,709.8,699.82,707.41,704.981224,144.40999999999997,23.923859672668314,462682,751.084369096653,554.983630903347,700.08,694.04,689.26,699.6,684.11,0.000031781644793
2021-03-16 12:00:00+00:00,703.49,707.64,694.7,701.06,702.15244,71.00999999999999,22.459345049645865,184141,752.4234194388049,566.1935805611948,707.41,700.08,694.04,677.01,682.09,0.000045004708227
2021-03-16 16:00:00+00:00,700.65,701.13,671.43,676.52,685.515138,10.870000000000005,23.42476570969309,-291117,752.3379925648458,573.7770074351542,701.06,707.41,700.08,689.26,668.01,0.000045004708227
2021-03-17 12:00:00+00:00,656.87,683.72,651.21,667.39,670.293573,-5.919999999999959,24.63613028173401,-644324,750.3595038224549,582.7204961775452,676.52,701.06,707.41,694.04,686.75,0.998814825696172
2021-03-17 16:00:00+00:00,666.73,703.53,663.33,701.73,687.063129,17.620000000000005,26.711312910836135,-55406,750.8738407751016,592.2201592248985,667.39,676.52,701.06,700.08,691.67,0.998814825696172
2021-03-18 12:00:00+00:00,684.8,688.72,672.97,675.4,679.218052,-6.690000000000055,26.984471189391314,-376149,740.7843523008296,612.6296476991704,701.73,667.39,676.52,707.41,699.6,-0.000026248519134
2021-03-18 16:00:00+00:00,675.09,679.99,652.08,653.8,666.378379,-14.210000000000036,27.107875030805804,-799890,718.7654878495417,643.7285121504582,675.4,701.73,667.39,701.06,677.01,-0.000026248519134
2021-03-19 12:00:00+00:00,659.99,659.99,625.05,649.55,640.164825,-37.200000000000045,28.152158360031706,-1333495,714.8307812517846,649.6132187482153,653.8,675.4,701.73,676.52,689.26,0.998166551231407
2021-03-19 16:00:00+00:00,650.31,657.02,640.54,655.54,650.023634,-36.129999999999995,26.59587057869415,-873884,715.6917766301492,647.7412233698508,649.55,653.8,675.4,667.39,694.04,0.998166551231407
2021-03-22 12:00:00+00:00,683.0,694.35,672.97,688.61,685.606502,-10.990000000000009,28.224421168201605,-424571,716.3486206954536,648.6143793045463,655.54,649.55,653.8,701.73,700.08,0.564214202866424
2021-03-22 16:00:00+00:00,688.385,699.46,669.0,669.61,687.941779,-7.399999999999977,28.52249834577473,-1007127,716.0943718494289,647.4186281505713,688.61,655.54,649.55,675.4,707.41,0.564214202866424
2021-03-23 12:00:00+00:00,677.91,677.91,663.76,669.38,670.668325,-19.879999999999995,26.606165233004763,-1405299,715.9004984375687,646.3415015624313,669.61,688.61,655.54,653.8,701.06,-0.923118890728801
2021-03-23 16:00:00+00:00,669.43,674.41,657.84,663.05,665.512026,-30.99000000000001,25.26800986860412,-1758088,716.1138161084543,645.6321838915455,669.38,669.61,688.61,649.55,676.52,-0.923118890728801
2021-03-24 12:00:00+00:00,668.34,668.34,651.17,658.16,658.620024,-41.92000000000007,24.188275219456916,-2188293,715.9763076202948,642.9106923797051,663.05,669.38,669.61,655.54,667.39,0.001466667294153
2021-03-24 16:00:00+00:00,657.56,659.82,630.97,630.97,643.945504,-76.43999999999994,24.809838523529333,-2641469,718.3496544025851,634.4673455974149,658.16,663.05,669.38,688.61,701.73,0.001466667294153
2021-03-25 12:00:00+00:00,616.05,638.68,605.9,632.09,625.052694,-68.96999999999991,25.872526720392088,-2118291,717.881143351706,628.184856648294,630.97,658.16,663.05,669.61,675.4,0.931355741224252
2021-03-25 16:00:00+00:00,632.3,645.35,624.495,640.225,636.107091,-36.29499999999996,25.203523157673146,-1690276,718.3147193933482,624.0727806066518,632.09,630.97,658.16,669.38,653.8,0.931355741224252
2021-03-26 12:00:00+00:00,642.335,642.61,618.1,618.21,631.163749,-49.17999999999995,25.111053403316724,-2030190,719.502026363162,615.7804736368378,640.225,632.09,630.97,663.05,649.55,0.979170171252917
2021-03-26 16:00:00+00:00,619.76,620.33,600.0,618.75,612.179701,-82.98000000000002,24.473579616207832,-1376191,718.5246116400681,609.228888359932,618.21,640.225,632.09,658.16,655.54,0.979170171252917
2021-03-29 12:00:00+00:00,615.64,615.64,596.66,608.18,605.39932,-67.22000000000003,24.15576900071346,-1622856,716.506181410483,602.057318589517,618.75,618.21,640.225,630.97,688.61,0.997154402866727
2021-03-29 16:00:00+00:00,607.99,615.99,601.58,610.51,609.455818,-43.289999999999964,22.85633313395166,-1347457,710.9073171146757,597.9661828853244,608.18,618.75,618.21,632.09,669.61,0.997154402866727
2021-03-30 12:00:00+00:00,602.6,633.38,591.25,625.13,609.782288,-24.41999999999996,25.426155382758104,-837397,704.0390148658698,597.24148513413,610.51,608.18,618.75,640.225,669.38,0.000705646518327
2021-03-30 16:00:00+00:00,625.17,637.3,615.57,636.15,625.624462,-19.389999999999986,24.93333466505701,-355715,700.9426273137901,596.3008726862099,625.13,610.51,608.18,618.21,663.05,0.000705646518327
2021-03-31 12:00:00+00:00,646.06,663.72,641.57,658.07,654.328911,-30.539999999999964,25.284890043049415,56623,699.9360176574208,596.3754823425792,636.15,625.13,610.51,618.75,658.16,0.997279181669001
2021-03-31 16:00:00+00:00,658.32,671.95,658.08,668.01,664.467278,-1.6000000000000227,23.764238037309493,486042,692.8158635001511,600.1236364998489,658.07,636.15,625.13,608.18,630.97,0.997279181669001
2021-04-01 12:00:00+00:00,688.2,692.28,671.84,672.18,682.767731,2.7999999999999545,23.831672965668226,1063158,692.2523304889847,600.3651695110151,668.01,658.07,636.15,610.51,632.09,-0.978473245166242
2021-04-01 16:00:00+00:00,671.295,678.6,659.575,660.0,667.925759,-3.0499999999999545,23.19078323691246,586322,692.8578751367388,600.3796248632611,672.18,668.01,658.07,625.13,640.225,-0.978473245166242
2021-04-05 12:00:00+00:00,707.9,708.01,689.88,694.91,697.939746,36.75,26.50001213865746,1058354,699.9313031167103,597.8421968832895,660.0,672.18,668.01,636.15,618.21,0.471464573522098
2021-04-05 16:00:00+00:00,694.39,704.88,684.89,690.51,694.586541,59.539999999999964,25.6320105201698,577677,704.9315706540635,596.3389293459365,694.91,660.0,672.18,658.07,618.75,0.471464573522098
2021-04-05 20:00:00+00:00,690.97,690.97,690.97,690.97,690.97,58.879999999999995,22.27574245081383,578077,705.4061480571256,596.1003519428743,690.51,694.91,660.0,668.01,608.18,0.471464573522098
2021-04-06 12:00:00+00:00,693.25,695.695,681.61,692.67,689.339725,52.444999999999936,21.18364345737199,985801,709.1459312005213,594.6665687994787,690.97,690.51,694.91,672.18,610.51,-0.000010258776456
2021-04-06 16:00:00+00:00,692.66,696.47,684.51,691.48,691.191345,73.26999999999998,19.953824329722398,632397,712.4810822348616,593.5414177651385,692.67,690.97,690.51,660.0,625.13,-0.000010258776456
2021-04-07 12:00:00+00:00,686.9,691.32,682.58,684.07,686.98005,65.32000000000005,18.47998108575941,296116,715.0038388133482,593.1206611866519,691.48,692.67,690.97,694.91,636.15,0.000810053556052
2021-04-07 16:00:00+00:00,684.385,684.88,668.67,670.87,675.872711,62.690000000000055,18.177316940991492,-183300,716.0827278017944,593.3127721982057,684.07,691.48,692.67,690.51,658.07,0.000810053556052
2021-04-08 12:00:00+00:00,676.53,689.47,671.87,687.84,682.604109,77.33000000000004,18.233674682192632,277712,719.5637270694629,595.5187729305371,670.87,684.07,691.48,690.97,668.01,0.997027453384362
2021-04-08 16:00:00+00:00,687.85,688.695,679.4,683.775,683.777916,58.64499999999998,17.041851391233624,-96508,721.9897281553168,598.2612718446832,687.84,670.87,684.07,692.67,672.18,0.997027453384362
2021-04-09 12:00:00+00:00,678.055,680.94,669.51,675.09,675.198743,38.940000000000055,16.67160453906914,-404935,723.3354648158505,600.4020351841494,683.775,687.84,670.87,691.48,660.0,0.927750378905330
2021-04-09 16:00:00+00:00,674.99,678.64,671.12,676.95,675.123163,18.879999999999995,15.451390600526587,-116387,723.016047811519,606.595452188481,675.09,683.775,687.84,684.07,694.91,0.927750378905330
2021-04-12 12:00:00+00:00,685.39,704.73,682.25,696.34,696.533375,28.33000000000004,17.09520518712304,279433,724.2537957671348,613.1167042328652,676.95,675.09,683.775,670.87,690.51,0.000447422778961
2021-04-12 16:00:00+00:00,696.63,703.93,695.34,701.2,700.515316,29.020000000000095,15.961177828839956,657803,722.81998096537,623.8525190346302,696.34,676.95,675.09,687.84,690.97,0.000447422778961
2021-04-13 12:00:00+00:00,712.66,741.46,710.94,738.59,729.834196,78.59000000000003,19.201020784994626,1090738,728.1284349948437,631.3520650051564,701.2,696.34,676.95,683.775,692.67,0.998889559326926
2021-04-13 16:00:00+00:00,741.5,762.92,739.21,762.5,757.653814,67.59000000000003,19.884884680328664,1318258,740.9857944865774,632.2317055134228,738.59,701.2,696.34,675.09,691.48,0.998889559326926
2021-04-14 12:00:00+00:00,770.8,780.65,742.42,754.57,761.245519,64.06000000000006,22.330900056284843,657964,749.499881276148,635.559618723852,762.5,738.59,701.2,676.95,684.07,-0.000011236377759
2021-04-14 16:00:00+00:00,754.35,763.44,728.23,732.68,746.418323,41.70999999999992,24.048113382113534,115287,753.4999416459794,639.0205583540206,754.57,762.5,738.59,696.34,670.87,-0.000011236377759
2021-04-15 12:00:00+00:00,743.65,743.66,721.67,730.02,731.547721,37.35000000000002,23.7736982644984,-257696,756.8744975807258,641.8470024192743,732.68,754.57,762.5,701.2,687.84,0.000222538852540
2021-04-15 16:00:00+00:00,730.43,738.8,724.59,738.8,732.965184,47.319999999999936,22.498538495898604,72667,761.2839141315761,644.099585868424,730.02,732.68,754.57,738.59,683.775,0.000222538852540
2021-04-16 12:00:00+00:00,729.85,735.93,724.72,733.05,730.44424,48.979999999999905,21.376066696445445,-216323,762.7994875337307,649.8890124662693,738.8,730.02,732.68,762.5,675.09,0.000042403215048
2021-04-16 16:00:00+00:00,733.13,749.29,732.38,739.315,741.275881,68.44500000000005,20.78059113691938,174375,766.5969933390585,650.5320066609416,733.05,738.8,730.02,754.57,676.95,0.000042403215048
2021-04-19 12:00:00+00:00,719.9,724.63,692.03,710.78,707.46759,22.93999999999994,24.314512318663475,-412179,766.9875328045098,652.1684671954904,739.315,733.05,738.8,732.68,696.34,-0.992420115158893
2021-04-19 16:00:00+00:00,710.73,718.83,707.1,714.91,712.285189,31.13499999999999,22.636577342841683,-75588,767.545683779853,654.004316220147,710.78,739.315,733.05,730.02,701.2,-0.992420115158893
2021-04-20 12:00:00+00:00,717.42,737.15,711.79,717.99,725.145402,42.89999999999998,22.999700363796126,409998,768.2380876375042,655.8439123624956,714.91,710.78,739.315,738.8,738.59,0.000091458859970
2021-04-20 16:00:00+00:00,718.43,723.21,710.95,718.8,717.45275,41.84999999999991,21.567740315289974,835460,768.8224555107475,657.9915444892523,717.99,714.91,710.78,733.05,762.5,0.000091458859970
2021-04-21 12:00:00+00:00,713.8,730.09,698.29,727.5,713.950164,31.159999999999968,22.932041606584654,1217601,769.5381149277202,661.6188850722797,718.8,717.99,714.91,739.315,754.57,0.994808770105010
2021-04-21 16:00:00+00:00,727.64,744.78,722.96,744.29,732.229133,43.08999999999992,22.78376939237336,1698260,770.3145063411486,668.1844936588515,727.5,718.8,717.99,710.78,732.68,0.994808770105010
2021-04-22 12:00:00+00:00,741.07,753.42,733.68,734.48,742.304635,-4.110000000000014,22.37793347339025,1313287,770.8346860683621,672.3283139316379,744.29,727.5,718.8,714.91,730.02,-0.971423392882571
2021-04-22 16:00:00+00:00,734.47,745.47,718.27,719.67,729.883226,-42.83000000000004,23.020875676938225,948699,769.3346120332518,677.4178879667483,734.48,744.29,727.5,717.99,738.8,-0.971423392882571
2021-04-23 12:00:00+00:00,720.89,737.18,715.6,734.47,729.023448,-20.100000000000023,22.828758920013122,1315434,766.4714261885714,686.2190738114285,719.67,734.48,744.29,718.8,733.05,-0.005817203840706
2021-04-23 16:00:00+00:00,734.23,735.45,721.95,729.56,729.484651,-3.1200000000000045,21.584924397344707,988531,761.6788026941489,696.272697305851,734.47,719.67,734.48,727.5,739.315,-0.005817203840706
2021-04-26 12:00:00+00:00,741.05,749.09,732.7,738.06,740.011378,8.039999999999964,21.31093447769876,1346512,760.1187877875992,702.0047122124009,729.56,734.47,719.67,744.29,710.78,0.998866242443910
2021-04-26 16:00:00+00:00,738.22,740.8,733.6,737.94,737.200773,-0.8599999999999,19.429476547338915,1006407,758.4395293381582,707.3579706618417,738.06,729.56,734.47,734.48,714.91,0.998866242443910
2021-04-26 20:00:00+00:00,735.3,735.3,735.3,735.3,735.3,2.25,17.190879674360406,1006307,758.1628235001616,707.3056764998383,737.94,738.06,729.56,719.67,717.99,0.998866242443910
2021-04-27 12:00:00+00:00,718.16,723.72,705.27,713.78,712.470674,-25.535000000000082,18.90276238444568,463789,752.8976932334881,707.698806766512,735.3,737.94,738.06,734.47,718.8,0.999249511718517
2021-04-27 16:00:00+00:00,713.71,715.47,703.4,704.7,709.231173,-6.079999999999927,17.99172739985293,197611,750.1314730664219,705.4780269335781,713.78,735.3,737.94,729.56,727.5,0.999249511718517
2021-04-28 12:00:00+00:00,695.57,708.3,693.61,698.49,700.811719,-16.41999999999996,17.551497079872533,-71079,751.8263733772083,700.3641266227917,704.7,713.78,735.3,738.06,744.29,-0.971423392882571
2021-04-28 16:00:00+00:00,698.21,702.6,694.13,694.5,697.996214,-23.49000000000001,16.3406308025562,-375936,753.5720627795647,695.0664372204351,698.49,704.7,713.78,737.94,734.48,-0.971423392882571
2021-04-29 12:00:00+00:00,699.8,702.04,674.02,674.48,686.089994,-44.319999999999936,17.89788002888204,-702857,757.0333256988736,685.1731743011262,694.5,698.49,704.7,735.3,719.67,-0.996160554845119
2021-04-29 16:00:00+00:00,674.11,684.4,669.05,676.74,675.791019,-50.75999999999999,17.55816269169777,-313781,758.8078981363279,677.7676018636722,674.48,694.5,698.49,713.78,734.47,-0.996160554845119
2021-04-30 12:00:00+00:00,666.4,704.93,666.14,703.71,690.968252,-40.57999999999993,20.389074332804732,129314,756.2591531929037,676.7558468070962,676.74,674.48,694.5,704.7,729.56,-0.997802820580546
2021-04-30 16:00:00+00:00,703.585,715.04,700.49,709.8,706.134986,-24.680000000000064,19.61053108843076,573859,756.2422826122317,676.6747173877682,703.71,676.74,674.48,698.49,738.06,-0.997802820580546
2021-05-03 12:00:00+00:00,704.43,705.51,682.48,686.2,693.322404,-33.469999999999914,20.638460276639982,197214,757.0506230464835,672.9953769535164,709.8,703.71,676.74,694.5,737.94,0.011644456681097
2021-05-03 16:00:00+00:00,685.37,689.46,680.76,684.96,685.001868,-49.50999999999999,19.046665573087992,-133290,757.453856071699,669.289143928301,686.2,709.8,703.71,674.48,735.3,0.011644456681097
2021-05-04 12:00:00+00:00,673.5,683.16,657.85,660.6,667.662864,-68.95999999999992,20.121776830009594,-581115,760.338100683882,660.584899316118,684.96,686.2,709.8,676.74,713.78,0.575583986938000
2021-05-04 16:00:00+00:00,660.07,673.91,659.91,673.855,665.756195,-64.20499999999993,19.305539919341648,-206502,759.5322945861624,656.0262054138377,660.6,684.96,686.2,703.71,704.7,0.575583986938000
2021-05-05 12:00:00+00:00,681.0,685.12,667.71,678.67,676.632919,-59.270000000000095,19.052801263429423,93609,754.8053240316063,654.1911759683936,673.855,660.6,684.96,709.8,698.49,0.985500147682615
2021-05-05 16:00:00+00:00,678.69,679.67,667.6,671.15,672.086561,-64.14999999999998,18.121761094972157,-147400,751.6653195529069,650.9981804470932,678.67,673.855,660.6,686.2,694.5,0.985500147682615
2021-05-06 12:00:00+00:00,676.79,681.28,650.0,663.19,663.879716,-50.58999999999992,19.876192948975866,-541005,750.8084518644708,646.2070481355291,671.15,678.67,673.855,684.96,674.48,-0.992084579775110
2021-05-06 16:00:00+00:00,663.24,669.66,652.76,664.42,660.878762,-40.280000000000086,19.47936722244575,-228677,746.5422931390495,643.4682068609503,663.19,671.15,678.67,660.6,676.74,-0.992084579775110
2021-05-07 12:00:00+00:00,661.0,683.46,660.86,675.4,673.894131,-23.090000000000032,19.89545159278632,59116,741.8425236578581,642.7519763421418,664.42,663.19,671.15,673.855,703.71,0.007429590856191
2021-05-07 16:00:00+00:00,675.23,675.23,664.22,672.34,670.318652,-22.159999999999968,18.7333913804148,-231412,734.312798233569,643.7097017664311,675.4,664.42,663.19,678.67,709.8,0.007429590856191
2021-05-10 12:00:00+00:00,664.67,665.0,640.63,645.66,649.390992,-28.82000000000005,20.463605863026167,-630402,727.458093548347,641.3364064516529,672.34,675.4,664.42,671.15,686.2,-0.996175214299001
2021-05-10 16:00:00+00:00,645.55,648.12,627.66,629.36,635.341382,-47.379999999999995,20.463125081289352,-1117584,721.8589780685778,636.3415219314221,645.66,672.34,675.4,663.19,684.96,-0.996175214299001
2021-05-11 12:00:00+00:00,588.0,624.81,587.25,614.88,608.606841,-88.83000000000004,23.349375070450773,-1659448,722.5330654327229,625.7774345672772,629.36,645.66,672.34,664.42,660.6,-0.975629007909447
2021-05-11 16:00:00+00:00,614.14,626.9,609.27,617.125,618.810367,-92.67499999999995,22.586791727724002,-1222703,722.1977903814197,617.3552096185804,614.88,629.36,645.66,675.4,673.855,-0.975629007909447
2021-05-11 20:00:00+00:00,615.11,615.11,615.11,615.11,615.11,-71.09000000000003,19.843886164027467,-1222916,721.5573091336802,609.65769086632,617.125,614.88,629.36,672.34,678.67,0.001964724790014
2021-05-12 12:00:00+00:00,604.0,619.98,596.34,597.32,606.866756,-87.63999999999999,20.35003467549047,-1557329,722.691629953297,598.805370046703,615.11,617.125,614.88,645.66,671.15,-0.926670844375622
2021-05-12 16:00:00+00:00,597.93,606.7,586.84,590.055,596.159664,-70.54500000000007,20.28469671875841,-1986262,725.6239126107033,587.4305873892969,597.32,615.11,617.125,629.36,663.19,-0.926670844375622
2021-05-12 20:00:00+00:00,585.15,585.15,585.15,585.15,585.15,-88.70500000000004,18.23407048959062,-1986395,727.2644523814876,576.6310476185125,590.055,597.32,615.11,614.88,664.42,-0.926670844375622
2021-05-13 12:00:00+00:00,596.94,605.98,568.31,568.33,588.111917,-110.33999999999992,20.825527757645215,-2438132,725.1011956236399,565.2563043763602,585.15,590.055,597.32,617.125,675.4,-0.000041193707148
2021-05-13 16:00:00+00:00,569.72,579.67,560.0,571.85,570.908949,-99.29999999999995,20.67145738995918,-1922410,718.5318794367217,558.0306205632785,568.33,585.15,590.055,615.11,672.34,-0.000041193707148
2021-05-14 12:00:00+00:00,583.85,592.685,570.6,582.81,582.150505,-80.38000000000011,20.859929737964613,-1519718,713.6849009593384,552.5385990406617,571.85,568.33,585.15,597.32,645.66,-0.997564317891374
2021-05-14 16:00:00+00:00,582.87,591.27,575.51,589.76,584.847154,-74.65999999999997,20.179939106236,-1171729,707.2589390710554,549.4445609289447,582.81,571.85,568.33,590.055,629.36,-0.997564317891374
2021-05-17 12:00:00+00:00,578.5,589.53,573.55,575.1,579.674327,-100.29999999999995,19.650613892071206,-1531147,704.8694321382684,543.2840678617315,589.76,582.81,571.85,585.15,614.88,-0.985850315191783
2021-05-17 16:00:00+00:00,574.18,576.82,561.44,576.74,569.241208,-95.60000000000002,19.08119870646171,-1132649,699.0850300167499,539.3569699832501,575.1,589.76,582.81,568.33,617.125,-0.985850315191783
2021-05-18 12:00:00+00:00,569.07,596.0,563.88,587.74,581.284492,-57.91999999999996,20.81970554560015,-662790,690.541706902244,538.807293097756,576.74,575.1,589.76,571.85,615.11,0.000044880158384
2021-05-18 16:00:00+00:00,587.81,591.89,576.02,577.3,582.759823,-52.06000000000006,20.159744806186797,-1056659,682.6849821584153,537.2790178415846,587.74,576.74,575.1,582.81,597.32,0.000044880158384
2021-05-19 12:00:00+00:00,562.0,562.0,547.05,555.18,553.886198,-59.700000000000045,21.505112165361894,-1518476,676.6867550898266,532.4762449101734,577.3,587.74,576.74,589.76,590.055,0.000022590065782
2021-05-19 16:00:00+00:00,555.13,566.075,553.5,563.32,560.242816,-53.80499999999995,20.314430543313648,-1163138,668.0551753732411,530.9978246267588,555.18,577.3,587.74,575.1,585.15,0.000022590065782
2021-05-19 20:00:00+00:00,562.87,563.15,562.79,563.11,562.949286,-52.0,17.67650647087184,-1165211,654.1671996794557,533.6568003205443,563.32,555.18,577.3,576.74,568.33,0.000022590065782
2021-05-20 12:00:00+00:00,574.5,584.48,571.19,580.98,578.519615,-16.340000000000032,18.168972274755596,-812040,637.12579818597,541.5622018140299,563.11,563.32,555.18,587.74,571.85,-0.001194227297674
2021-05-20 16:00:00+00:00,579.96,588.6,574.91,586.725,581.821657,-3.3299999999999272,17.57177597145486,-467774,626.150241873377,546.644258126623,580.98,563.11,563.32,577.3,582.81,-0.001194227297674
2021-05-21 12:00:00+00:00,598.0,598.0,582.56,583.08,588.739118,-2.0699999999999363,17.287539175260886,-819725,618.3101740394251,549.856325960575,586.725,580.98,563.11,555.18,589.76,0.000002758260962
2021-05-21 16:00:00+00:00,583.04,589.92,580.01,580.64,585.421516,12.309999999999945,16.303867285226097,-1055046,613.3868262012461,551.3556737987537,583.08,586.725,580.98,563.32,575.1,0.000002758260962
2021-05-24 12:00:00+00:00,584.95,600.96,574.68,599.07,591.661672,27.220000000000027,17.63401831386263,-756038,609.0902469814246,553.8467530185753,580.64,583.08,586.725,563.11,576.74,0.998891759911203
2021-05-24 16:00:00+00:00,599.84,614.39,596.69,606.23,607.798654,23.420000000000073,17.64281587201427,-436057,606.5773469727172,555.4716530272827,599.07,580.64,583.08,580.98,587.74,0.998891759911203
2021-05-24 20:00:00+00:00,606.06,606.06,606.06,606.06,606.06,16.299999999999955,15.313107089079045,-436201,608.4465504615259,554.4764495384741,606.23,599.07,580.64,586.725,577.3,0.000002596985723
2021-05-25 12:00:00+00:00,607.74,613.83,595.93,600.2,604.249782,25.100000000000023,15.658026143868518,-747765,609.9952547249084,553.9422452750916,606.06,606.23,599.07,583.08,555.18,0.998914681011229
2021-05-25 16:00:00+00:00,600.16,605.01,598.21,604.835,601.547149,28.095000000000027,14.47695599135271,-521024,612.775011192557,553.1309888074429,600.2,606.06,606.23,580.64,563.32,0.998914681011229
2021-05-26 12:00:00+00:00,609.5,624.47,601.76,623.41,612.510877,35.66999999999996,15.574695192505686,-210591,619.7214553480078,551.6925446519922,604.835,600.2,606.06,599.07,563.11,-0.022137526801089
2021-05-26 16:00:00+00:00,623.28,626.07,617.14,619.11,621.71054,41.81000000000006,14.688735833504937,-454403,624.5109793904801,551.6290206095198,623.41,604.835,600.2,606.23,580.98,-0.022137526801089
2021-05-27 12:00:00+00:00,622.0,628.57,616.47,619.54,622.833095,64.36000000000001,14.343571055704283,-190469,628.8476899500627,550.9653100499372,619.11,623.41,604.835,606.06,586.725,0.998894842981827
2021-05-27 16:00:00+00:00,619.49,630.995,617.25,630.945,622.471597,67.625,14.263761581610378,42998,635.0135914733693,548.9179085266306,619.54,619.11,623.41,600.2,583.08,0.998894842981827
2021-05-28 12:00:00+00:00,627.47,634.55,622.56,624.1,627.59848,60.99000000000001,13.960593370728997,-175487,638.9730120667467,549.8584879332533,630.945,619.54,619.11,604.835,580.64,-0.654435442877002
2021-05-28 16:00:00+00:00,624.405,635.58,624.22,625.36,629.947488,44.379999999999995,13.629847587965132,104392,642.6319001177596,551.0615998822402,624.1,630.945,619.54,623.41,599.07,-0.654435442877002
2021-06-01 12:00:00+00:00,627.66,633.6,622.63,625.5,627.56355,38.77499999999998,13.275201242903119,304380,646.0280450042436,551.4414549957563,625.36,624.1,630.945,619.11,606.23,0.000064183535869
2021-06-01 16:00:00+00:00,624.9,628.07,620.63,623.7,624.682327,40.620000000000005,12.497174410516045,112370,648.472894481228,553.6366055187721,625.5,625.36,624.1,619.54,606.06,0.000064183535869
2021-06-02 12:00:00+00:00,620.42,623.0,604.13,605.35,611.112391,24.710000000000036,13.440217822447245,-161705,645.7866834132184,561.3398165867815,623.7,625.5,625.36,630.945,600.2,-0.995580903458176
2021-06-02 16:00:00+00:00,605.75,606.54,599.22,604.68,603.227478,5.6099999999999,12.624188779454272,-419772,643.3687994803179,567.8937005196822,605.35,623.7,625.5,624.1,604.835,-0.995580903458176
2021-06-03 12:00:00+00:00,592.35,604.54,592.35,598.22,598.670013,-8.009999999999991,12.58496360886036,-696408,639.6678080394734,575.1056919605267,604.68,605.35,623.7,625.36,623.41,-0.996998821909074
2021-06-03 16:00:00+00:00,598.73,603.37,571.48,572.935,582.941132,-33.125,15.15896846101231,-1169436,640.8143759116921,573.154624088308,598.22,604.68,605.35,625.5,619.11,-0.996998821909074
2021-06-04 12:00:00+00:00,581.5,598.24,577.24,593.33,591.054869,-6.8700000000000045,16.51177266621068,-795996,640.4333697389173,574.1961302610827,572.935,598.22,604.68,623.7,619.54,-0.986299726180732
2021-06-04 16:00:00+00:00,593.33,600.49,591.955,599.12,597.147859,-5.715000000000032,15.448202977382584,-577217,639.4954919280943,576.7380080719055,593.33,572.935,598.22,605.35,630.945,-0.986299726180732
2021-06-07 12:00:00+00:00,596.6,596.6,583.0,587.98,587.417071,-35.42999999999995,15.537775913731572,-755607,638.6579599489379,578.3095400510623,599.12,593.33,572.935,604.68,624.1,0.085247645678464
2021-06-07 16:00:00+00:00,588.045,608.1,586.63,605.24,597.966658,-13.870000000000005,16.328739125234033,-461206,638.6860753568129,578.8984246431872,587.98,599.12,593.33,598.22,625.36,0.085247645678464
2021-06-08 12:00:00+00:00,622.9,625.5,595.72,601.18,609.304632,-18.360000000000014,18.122240575202824,-831547,638.6094930500363,578.4700069499637,605.24,587.98,599.12,572.935,625.5,0.000518102497153
2021-06-08 16:00:00+00:00,601.0,605.815,597.91,603.685,601.784377,-27.260000000000105,16.75994183184246,-598466,638.5506751076942,578.2913248923059,601.18,605.24,587.98,593.33,623.7,0.000518102497153
2021-06-09 12:00:00+00:00,602.48,611.57,598.595,599.47,604.848035,-24.629999999999995,16.255282920930135,-807198,638.5578454871129,578.2111545128869,603.685,601.18,605.24,599.12,605.35,0.998251402081223
2021-06-09 16:00:00+00:00,599.32,604.45,597.79,598.915,600.512018,-26.44500000000005,14.975911864806129,-987421,638.5234741855347,577.6535258144654,599.47,603.685,601.18,587.98,604.68,0.998251402081223
2021-06-10 12:00:00+00:00,602.0,615.33,600.62,607.84,609.227363,-17.659999999999968,15.167790282831989,-723495,636.8790396403588,577.7409603596413,598.915,599.47,603.685,605.24,598.22,-0.861357455141842
2021-06-10 16:00:00+00:00,607.89,616.32,606.79,609.74,611.783488,-13.960000000000036,14.416084911787735,-488486,635.9161174521687,577.7668825478313,607.84,598.915,599.47,601.18,572.935,-0.861357455141842
2021-06-11 12:00:00+00:00,610.28,610.28,601.59,605.49,605.057565,0.13999999999998636,13.652606923549362,-676412,634.5940914136359,577.6839085863642,609.74,607.84,598.915,603.685,593.33,0.000012207205145
2021-06-11 16:00:00+00:00,605.73,612.42,604.75,609.84,608.953779,5.160000000000082,12.854926000409442,-505626,631.1287587902594,579.0387412097406,605.49,609.74,607.84,599.47,599.12,0.000012207205145
2021-06-14 12:00:00+00:00,612.27,625.0,609.49,617.71,618.746488,19.49000000000001,13.208935867021516,-328188,629.9703044677674,579.5581955322325,609.84,605.49,609.74,598.915,587.98,0.999158527658437
2021-06-14 16:00:00+00:00,617.68,622.36,611.98,617.65,616.92303,44.71500000000003,12.831744418085314,-551911,628.4696962954657,580.2878037045344,617.71,609.84,605.49,607.84,605.24,0.999158527658437
2021-06-14 20:00:00+00:00,616.93,617.25,616.59,616.59,617.0025,23.25999999999999,11.262178495673933,-552326,626.6711759513463,581.1953240486538,617.65,617.71,609.84,609.74,601.18,-0.995511717046611
2021-06-15 12:00:00+00:00,618.04,618.04,604.21,604.99,610.23883,5.8700000000000045,11.604554696250732,-763950,623.7656512126752,582.2298487873248,616.59,617.65,617.71,605.49,603.685,0.128698526648805
2021-06-15 16:00:00+00:00,605.4,606.39,598.31,598.905,601.843229,10.924999999999955,11.134614070083973,-952113,623.4896793519521,581.861320648048,604.99,616.59,617.65,609.84,599.47,0.128698526648805
2021-06-16 12:00:00+00:00,597.125,603.36,593.7,598.94,597.901807,-6.2999999999999545,10.937998860739441,-783080,623.2445548065839,581.5324451934162,598.905,604.99,616.59,617.71,598.915,-0.998018337471876
2021-06-16 16:00:00+00:00,598.86,608.29,595.32,604.545,602.245866,3.365000000000009,11.208932345974171,-449203,623.4863469889472,581.9231530110528,598.94,598.905,604.99,617.65,607.84,-0.998018337471876
2021-06-16 20:00:00+00:00,604.61,604.7,603.58,603.59,604.097778,-0.0949999999999136,9.86374136651095,-450404,619.5858369574158,588.8891630425841,604.545,598.94,598.905,616.59,609.74,-0.998018337471876
2021-06-17 12:00:00+00:00,601.89,618.88,601.73,615.08,611.284052,15.610000000000014,10.83524251764282,-291250,620.5004476216114,590.1495523783886,603.59,604.545,598.94,604.99,605.49,0.920009253430180
2021-06-17 16:00:00+00:00,615.15,621.38,611.66,616.28,617.885923,17.36500000000001,10.686543515290447,-54954,621.814844824637,590.5511551753632,615.08,603.59,604.545,598.905,609.84,0.920009253430180
2021-06-18 12:00:00+00:00,612.59,620.06,611.96,617.53,615.909272,9.68999999999994,10.341671046585041,108257,621.5353488466094,593.7856511533905,616.28,615.08,603.59,598.94,617.71,0.006138496522908
2021-06-18 16:00:00+00:00,618.175,628.3,617.41,623.47,622.54993,13.730000000000018,10.414781573707035,381850,624.0767980346474,593.0672019653526,617.53,616.28,615.08,604.545,617.65,0.006138496522908
2021-06-21 12:00:00+00:00,624.88,627.47,609.105,619.48,616.039368,13.990000000000009,11.474810697212765,173040,625.3116471313595,593.6623528686405,623.47,617.53,616.28,603.59,616.59,0.767365763138514
2021-06-21 16:00:00+00:00,620.4,631.2,619.02,620.715,624.882537,10.875,11.568835937584407,429483,626.6731332419137,594.0038667580865,619.48,623.47,617.53,615.08,604.99,0.767365763138514
2021-06-22 12:00:00+00:00,618.695,626.62,615.62,624.2,620.85179,6.490000000000009,11.492991145906487,644083,628.1871984346456,594.9628015653545,620.715,619.48,623.47,616.28,598.905,-0.997979990614112
2021-06-22 16:00:00+00:00,624.63,628.21,622.45,623.02,625.383835,5.3700000000000045,10.728592326452288,478005,629.0185690321513,596.5419309678488,624.2,620.715,619.48,617.53,598.94,-0.997979990614112
2021-06-23 12:00:00+00:00,631.97,655.805,630.3,648.9,647.269781,32.309999999999945,13.669446682925312,873127,637.5369634161937,592.1295365838062,623.02,624.2,620.715,623.47,604.545,0.000014975812519
2021-06-23 16:00:00+00:00,649.67,657.13,649.44,656.35,654.172355,51.360000000000014,12.944187125201939,1100280,646.3185206440249,588.0089793559749,648.9,623.02,624.2,619.48,603.59,0.000014975812519
2021-06-24 12:00:00+00:00,675.0,695.395,667.64,694.64,681.78501,95.73500000000001,16.424295508508344,1541667,666.3576942125138,576.884805787486,656.35,648.9,623.02,620.715,615.08,-0.975629007909447
2021-06-24 16:00:00+00:00,693.88,697.54,676.44,679.98,686.448407,81.03999999999996,17.04772277404055,1154155,676.483308611493,573.7731913885069,694.64,656.35,648.9,624.2,616.28,-0.975629007909447
2021-06-24 20:00:00+00:00,678.36,678.36,678.36,678.36,678.36,73.81500000000005,14.990693070835146,1154054,684.5840418752753,571.7374581247248,679.98,694.64,656.35,623.02,617.53,0.002953323302791
2021-06-25 12:00:00+00:00,689.58,693.65,677.44,679.1,684.5173,75.50999999999999,15.153267328057117,1426205,691.7878248868466,570.6786751131534,678.36,679.98,694.64,648.9,623.47,0.000028631144232
2021-06-25 16:00:00+00:00,679.09,679.21,668.85,672.27,672.989086,57.18999999999994,14.514165017649505,1141258,696.8154154504113,571.2190845495887,679.1,678.36,679.98,656.35,619.48,0.000028631144232
2021-06-25 20:00:00+00:00,672.2,672.21,672.2,672.2,672.203333,55.92000000000007,12.588276348629563,1140858,700.8254117688722,573.9300882311278,672.27,679.1,678.36,694.64,620.715,0.000180055740202
2021-06-28 12:00:00+00:00,671.54,694.295,670.47,687.71,686.013622,70.18000000000006,14.086506168812278,1337910,706.3495002149324,577.2864997850676,672.2,672.27,679.1,679.98,624.2,0.000419881136622
2021-06-28 16:00:00+00:00,687.28,689.75,682.2,688.5,686.757965,65.02999999999997,13.214972012970636,1472756,710.7289607216542,581.8630392783459,687.71,672.2,672.27,678.36,623.02,0.000419881136622
2021-06-29 12:00:00+00:00,684.6,687.46,676.05,682.09,681.143177,62.610000000000014,13.112975744574557,1318022,713.3480844528714,586.9984155471287,688.5,687.71,672.2,679.1,648.9,-0.000032069361623
2021-06-29 16:00:00+00:00,682.49,683.25,677.4,680.64,680.247079,59.924999999999955,12.144578978631285,1146260,714.5826778295034,593.4688221704967,682.09,688.5,687.71,672.27,656.35,-0.000032069361623
2021-06-30 12:00:00+00:00,679.77,692.49,679.47,689.26,687.224498,65.05999999999995,12.261301781480444,1304007,717.3271717607034,598.1423282392965,680.64,682.09,688.5,672.2,694.64,-0.991881081252359
2021-06-30 16:00:00+00:00,688.92,689.03,678.31,679.83,683.109647,56.81000000000006,12.086461543949724,1137676,717.91870046364,603.90579953636,689.26,680.64,682.09,687.71,679.98,-0.991881081252359
2021-07-01 12:00:00+00:00,683.92,687.73,673.305,681.62,680.442105,32.72000000000003,12.398266671423103,1374569,717.9735934076102,610.2599065923898,679.83,689.26,680.64,688.5,678.36,0.999387541334727
2021-07-01 16:00:00+00:00,681.68,681.68,674.26,677.955,677.135755,21.605000000000018,11.734497781900018,1217021,717.4552607945549,616.2267392054451,681.62,679.83,689.26,682.09,679.1,0.999387541334727
2021-07-01 20:00:00+00:00,677.4,678.03,677.13,678.03,677.504,-16.610000000000014,10.28989807764668,1217619,715.3738791955365,624.1631208044636,677.955,681.62,679.83,680.64,672.27,-0.149324822588824
2021-07-02 12:00:00+00:00,679.92,700.0,673.35,679.33,685.441957,-0.6499999999999773,12.471245000627118,1550147,712.1499011551921,633.2485988448079,678.03,677.955,681.62,689.26,672.2,-0.000012490701920
2021-07-02 16:00:00+00:00,679.43,682.31,675.63,678.53,678.662075,0.16999999999995907,11.699079000543495,1378552,707.6220385774978,643.2094614225022,679.33,678.03,677.955,679.83,687.71,-0.000012490701920
2021-07-06 12:00:00+00:00,681.61,683.94,655.71,657.48,665.617333,-21.620000000000005,13.903201800471033,1060356,699.821531755058,654.4559682449421,678.53,679.33,678.03,681.62,688.5,0.000810964185803
2021-07-06 16:00:00+00:00,656.94,660.78,651.6,659.745,656.026296,-12.524999999999977,13.273441560408221,1271185,697.9068335587829,657.4551664412172,657.48,678.53,679.33,677.955,682.09,0.000810964185803
2021-07-07 12:00:00+00:00,664.26,665.46,638.42,647.265,649.739563,-24.93500000000006,15.108982685687135,1027391,699.7475953786408,654.7059046213593,659.745,657.48,678.53,678.03,680.64,0.000262116423983
2021-07-07 16:00:00+00:00,647.49,648.62,642.48,644.48,645.045734,-43.23000000000002,13.913118327595516,845418,700.0688142320421,649.3686857679581,647.265,659.745,657.48,679.33,689.26,0.000262116423983
2021-07-08 12:00:00+00:00,626.5,643.71,620.825,643.53,632.536475,-44.97000000000003,15.21203588391611,577091,701.6642863331145,644.1282136668855,644.48,647.265,659.745,678.53,679.83,-0.998025042586960
2021-07-08 16:00:00+00:00,644.44,654.25,642.9,653.43,649.083318,-28.660000000000082,14.697097766060633,795589,701.558758231815,641.7407417681851,643.53,644.48,647.265,657.48,681.62,-0.998025042586960
2021-07-08 20:00:00+00:00,653.43,653.43,653.43,653.43,653.43,-27.210000000000036,12.737484730585882,795589,701.1203247619468,639.6121752380533,653.43,643.53,644.48,659.745,677.955,-0.998025042586960
2021-07-09 12:00:00+00:00,653.94,658.5,647.57,651.94,651.104713,-37.319999999999936,12.49648676650776,590856,701.1645074949648,637.5349925050353,653.43,653.43,643.53,647.265,678.03,0.997769924913882
2021-07-09 16:00:00+00:00,652.4,658.76,651.52,656.85,655.380577,-22.980000000000018,11.795621864306728,769689,700.8449479447464,636.3195520552534,651.94,653.43,653.43,644.48,679.33,0.997769924913882
2021-07-12 12:00:00+00:00,662.975,685.66,662.27,679.9,677.324908,-1.7200000000000273,14.06420561573249,1021294,699.658888460376,636.7246115396241,656.85,651.94,653.43,643.53,678.53,0.992428435245529
2021-07-12 16:00:00+00:00,679.42,687.05,678.875,685.61,683.840127,7.654999999999973,13.278978200301486,1224838,699.1461131496436,636.9483868503563,679.9,656.85,651.94,653.43,657.48,0.992428435245529
2021-07-13 12:00:00+00:00,684.0,692.83,675.455,681.24,681.259026,3.2100000000000364,13.825114440261288,1014646,699.0250330883999,636.9844669116,685.61,679.9,656.85,653.43,659.745,0.999144061206607
2021-07-13 16:00:00+00:00,681.65,682.41,666.35,668.99,673.350179,-10.340000000000032,14.123099181559777,830381,697.8758743585012,636.968625641499,681.24,685.61,679.9,651.94,647.265,0.999144061206607
2021-07-14 12:00:00+00:00,670.75,678.22,662.22,665.25,670.910856,-13.279999999999973,14.373352624018473,629263,694.8914395278154,637.5520604721847,668.99,681.24,685.61,656.85,644.48,0.925444778345991
2021-07-14 16:00:00+00:00,664.88,667.66,652.91,653.18,659.583367,-4.300000000000068,14.423572274149343,433166,693.37252067153,636.4059793284699,665.25,668.99,681.24,679.9,643.53,0.925444778345991
2021-07-15 12:00:00+00:00,656.6,665.82,650.33,650.33,658.202332,-9.414999999999964,14.5657626375961,248364,691.372678617397,635.276821382603,653.18,665.25,668.99,685.61,653.43,0.000788859077147
2021-07-15 16:00:00+00:00,650.95,651.43,637.985,650.8,645.799636,3.534999999999968,14.416327619249945,421780,689.6597327345198,634.2742672654801,650.33,653.18,665.25,681.24,653.43,0.000788859077147
2021-07-15 20:00:00+00:00,650.54,650.54,650.54,650.54,650.54,6.059999999999945,12.528817270016617,421680,687.6498921213929,633.535107878607,650.8,650.33,653.18,668.99,651.94,0.337182711344212
2021-07-16 12:00:00+00:00,654.35,656.415,642.62,646.18,647.321547,2.6499999999999773,12.697641634014396,283528,685.2095297917821,632.6604702082178,650.54,650.8,650.33,665.25,656.85,-0.000002508648322
2021-07-16 16:00:00+00:00,646.96,652.03,642.35,644.35,645.672357,-9.079999999999927,12.295289416145803,103899,682.5637664032481,631.8882335967519,646.18,650.54,650.8,653.18,679.9,-0.000002508648322
2021-07-19 12:00:00+00:00,629.7,642.32,621.44,637.97,631.541747,-15.459999999999923,13.710584160659693,-83275,683.0094963030692,629.4915036969307,644.35,646.18,650.54,650.33,685.61,-0.998130334366579
2021-07-19 16:00:00+00:00,638.025,646.95,633.84,646.4,641.548114,-5.540000000000077,13.630506272571735,63474,682.6392341175429,628.5272658824572,637.97,644.35,646.18,650.8,681.24,-0.998130334366579
2021-07-20 12:00:00+00:00,651.6,652.48,640.81,648.31,646.111683,-8.540000000000077,13.369105436228846,191499,682.6278072664924,628.6431927335078,646.4,637.97,644.35,650.54,668.99,0.998946859268472
2021-07-20 16:00:00+00:00,647.9,662.18,646.81,660.97,655.118072,-18.92999999999995,13.635891378065,335189,683.0215186627946,629.8984813372052,648.31,646.4,637.97,646.18,665.25,0.998946859268472
2021-07-21 12:00:00+00:00,659.2,664.67,653.38,654.98,659.971598,-30.629999999999995,13.323105860989664,212082,682.9052378363341,631.159762163666,660.97,648.31,646.4,644.35,653.18,0.001861732598627
2021-07-21 16:00:00+00:00,654.87,656.4,650.51,655.23,654.239766,-26.00999999999999,12.332025079524374,319009,682.9549649880379,631.2900350119622,654.98,660.97,648.31,637.97,650.33,0.001861732598627
2021-07-22 12:00:00+00:00,656.18,661.81,646.97,647.96,651.988035,-21.029999999999973,12.666421735587779,197156,682.9603928752281,630.7376071247718,655.23,654.98,660.97,646.4,650.8,-0.016007216647267
2021-07-22 16:00:00+00:00,648.23,656.04,644.72,649.04,650.178519,-16.210000000000036,12.4868988375094,329556,682.961969937772,630.4460300622279,647.96,655.23,654.98,648.31,650.54,-0.016007216647267
2021-07-22 20:00:00+00:00,649.08,649.27,648.62,649.27,648.912222,-3.909999999999968,10.908645659174812,330666,682.7920794521539,629.8579205478462,649.04,647.96,655.23,660.97,646.18,-0.016007216647267
2021-07-23 12:00:00+00:00,646.36,646.935,637.44,639.76,642.180582,-10.57000000000005,11.03149290461816,168822,679.3041541445889,629.3318458554111,649.27,649.04,647.96,654.98,644.35,0.996503359565395
2021-07-23 16:00:00+00:00,639.235,648.78,637.79,643.315,644.083111,-7.4849999999999,11.02596051733574,318862,672.8144166908552,631.5920833091449,639.76,649.27,649.04,655.23,637.97,0.996503359565395
2021-07-26 12:00:00+00:00,650.95,664.18,647.44,663.99,656.003247,13.450000000000045,12.337832448357627,522919,667.8765956801647,634.8049043198355,643.315,639.76,649.27,647.96,646.4,0.957674674049485
2021-07-26 16:00:00+00:00,663.48,668.05,653.76,658.165,660.616272,11.985000000000014,12.598121455243271,312449,665.5109545057247,636.0880454942752,663.99,643.315,639.76,649.04,648.31,0.957674674049485
2021-07-27 12:00:00+00:00,663.61,666.255,630.2,637.06,643.907163,-7.290000000000077,15.725705261210829,-47177,663.667334632218,635.112665367782,658.165,663.99,643.315,649.27,660.97,0.000543470745470
2021-07-27 16:00:00+00:00,637.1,645.9,627.37,644.825,638.684442,6.855000000000018,16.099611226382713,288095,663.2715740451324,634.6729259548677,637.06,658.165,663.99,639.76,654.98,0.000543470745470
2021-07-28 12:00:00+00:00,644.78,654.91,639.69,645.69,647.948617,-0.7099999999999227,15.982329729531672,503157,663.0972682632349,634.3832317367652,644.825,637.06,658.165,643.315,655.23,0.997038818735746
2021-07-28 16:00:00+00:00,644.82,649.865,642.7,646.935,646.262236,-1.375,14.806685765594112,683184,662.8913245329153,634.2026754670845,645.69,644.825,637.06,663.99,647.96,0.997038818735746
2021-07-29 12:00:00+00:00,649.43,680.725,649.39,678.28,670.053036,17.309999999999945,17.337794330181573,1048899,669.5028376329713,630.3651623670287,646.935,645.69,644.825,658.165,649.04,0.998387150553754
2021-07-29 16:00:00+00:00,678.42,683.67,673.15,677.3,678.520161,22.319999999999936,16.428755086157363,752089,674.4560843760695,628.5239156239305,678.28,646.935,645.69,637.06,649.27,0.998387150553754
2021-07-30 12:00:00+00:00,671.365,692.765,669.26,692.29,684.769442,37.059999999999945,17.372254408003048,1076299,682.9208935146728,624.8531064853271,677.3,678.28,646.935,644.825,639.76,-0.008139345445670
2021-07-30 16:00:00+00:00,692.26,697.34,682.95,687.58,689.116821,39.620000000000005,16.974620486935972,801839,688.0331974457633,624.7018025542368,692.29,677.3,678.28,645.69,643.315,-0.008139345445670
2021-07-30 20:00:00+00:00,687.34,687.34,687.34,687.34,687.34,38.30000000000007,14.74333775534451,801563,692.5629172244797,624.2660827755204,687.58,692.29,677.3,646.935,663.99,0.999193312163698
2021-08-02 12:00:00+00:00,701.5,726.79,698.4,715.67,717.812136,66.39999999999998,18.037559387965235,1232680,704.0554633016843,619.5095366983157,687.34,687.58,692.29,678.28,658.165,0.997816395218251
2021-08-02 16:00:00+00:00,715.42,722.99,706.97,710.245,715.291873,70.48500000000001,17.768551469569868,922711,711.7410003884737,616.7514996115261,715.67,687.34,687.58,677.3,637.06,0.997816395218251
2021-08-03 12:00:00+00:00,718.89,722.32,701.23,709.44,711.691259,66.125,18.211411273627224,640337,718.3156193457457,615.6228806542542,710.245,715.67,687.34,692.29,644.825,-0.988253001531120
2021-08-03 16:00:00+00:00,709.53,712.51,704.78,710.08,709.202594,46.09000000000003,16.81388977047693,767910,724.1822856639352,615.2412143360647,709.44,710.245,715.67,687.58,645.69,-0.988253001531120
2021-08-04 12:00:00+00:00,710.8,724.88,709.19,716.25,715.616213,58.085000000000036,16.66403780108,999658,730.3477592861916,615.9047407138085,710.08,709.44,710.245,687.34,646.935,-0.995019346475601
2021-08-04 16:00:00+00:00,716.46,716.59,709.13,710.99,712.441266,73.93000000000006,15.436832760936005,862224,734.6496929466073,617.7978070533925,716.25,710.08,709.44,715.67,678.28,-0.995019346475601
2021-08-05 12:00:00+00:00,715.4,720.1,711.72,719.43,716.650847,74.6049999999999,14.593255059477872,1006458,739.7470295697211,619.716470430279,710.99,716.25,710.08,710.245,677.3,0.997103353322018
2021-08-05 16:00:00+00:00,720.47,720.79,713.34,714.58,715.303098,68.88999999999999,13.64082105154748,894112,742.313245496323,624.632254503677,719.43,710.99,716.25,709.44,692.29,0.997103353322018
2021-08-06 12:00:00+00:00,711.745,716.32,697.84,703.66,706.092135,56.72500000000002,14.286044911341152,697287,742.7941978428472,630.1858021571528,714.58,719.43,710.99,710.08,687.58,0.999467427100171
2021-08-06 16:00:00+00:00,703.22,704.62,698.11,698.86,700.715636,20.58000000000004,13.24923892316233,543819,743.7582575978988,632.7087424021013,703.66,714.58,719.43,716.25,687.34,0.999467427100171
2021-08-09 12:00:00+00:00,710.19,718.72,705.26,713.8,713.95332,36.5,14.130673733407354,689655,745.7663853858734,636.2641146141265,698.86,703.66,714.58,710.99,715.67,0.998436302703340
2021-08-09 16:00:00+00:00,714.1,717.49,712.54,713.805,714.90896,21.514999999999986,12.90658390228638,782172,744.1693624411794,645.5356375588206,713.8,698.86,703.66,719.43,710.245,0.998436302703340
2021-08-10 12:00:00+00:00,713.88,713.88,701.93,711.86,706.456763,24.279999999999973,12.779039381981535,659198,742.0089508140749,654.3995491859251,713.805,713.8,698.86,714.58,709.44,-0.997803342761472
2021-08-10 16:00:00+00:00,711.88,716.32,708.21,709.72,711.91891,22.379999999999995,12.156500797717333,540806,737.779309262335,665.032190737665,711.86,713.805,713.8,703.66,710.08,-0.997803342761472
2021-08-11 12:00:00+00:00,714.25,714.78,704.53,706.11,708.663721,-9.559999999999945,11.902300691355023,446850,730.1751605676201,678.55383943238,709.72,711.86,713.805,698.86,716.25,0.000860328116687
2021-08-11 16:00:00+00:00,705.9,710.13,705.5,707.63,707.60895,-2.615000000000009,10.932660599174353,537556,728.5503888881613,683.1136111118387,706.11,709.72,711.86,713.8,710.99,0.000860328116687
2021-08-12 12:00:00+00:00,706.34,720.49,699.76,719.83,707.652507,10.389999999999986,12.238972519284443,689168,727.1145000491815,688.8024999508186,707.63,706.11,709.72,713.805,719.43,0.999283311481122
2021-08-12 16:00:00+00:00,721.15,722.59,715.22,722.26,718.887561,12.17999999999995,11.589776183379852,878268,728.1351300199492,690.7788699800508,719.83,707.63,706.11,711.86,714.58,0.999283311481122
2021-08-13 12:00:00+00:00,722.765,729.73,715.47,716.4,721.49627,0.14999999999997726,11.945806025595871,711390,726.6941825498245,695.1018174501755,722.26,719.83,707.63,709.72,703.66,-0.049689421197399
2021-08-13 16:00:00+00:00,716.45,720.38,714.73,717.07,717.72295,6.080000000000041,11.106365222183086,836701,723.8473704492743,700.9216295507257,716.4,722.26,719.83,706.11,698.86,-0.049689421197399
2021-08-16 12:00:00+00:00,705.61,709.03,678.21,683.41,689.623016,-36.01999999999998,14.806849859225343,538781,727.9444861606449,693.5985138393552,717.07,716.4,722.26,707.63,713.8,-0.997813685447909
2021-08-16 16:00:00+00:00,683.71,688.24,680.01,686.14,683.807126,-28.440000000000055,13.929936544661967,730708,729.9737328572376,689.1587671427626,683.41,717.07,716.4,719.83,713.805,-0.997813685447909
2021-08-17 12:00:00+00:00,672.5,674.09,656.62,656.62,665.477885,-47.039999999999964,16.00861167204037,545412,738.1864661722551,675.6640338277449,686.14,683.41,717.07,722.26,711.86,0.993604699149728
2021-08-17 16:00:00+00:00,656.53,666.825,649.09,665.91,658.002989,-32.950000000000045,16.23879678243499,798287,740.8939487327298,668.5395512672703,656.62,686.14,683.41,716.4,709.72,0.993604699149728
2021-08-18 12:00:00+00:00,672.94,693.47,670.0,690.595,685.224064,-23.204999999999927,17.748290544777,986409,739.708538351592,667.159461648408,665.91,656.62,686.14,717.07,706.11,-0.992608989239670
2021-08-18 16:00:00+00:00,690.5,695.62,684.77,689.205,691.269238,-24.59999999999991,16.82851847214007,800315,738.9705738598205,665.7189261401794,690.595,665.91,656.62,683.41,707.63,-0.992608989239670
2021-08-19 12:00:00+00:00,678.56,686.085,673.37,679.48,678.224348,-32.379999999999995,16.6960493425214,664160,737.404767239245,663.2897327607551,689.205,690.595,665.91,686.14,719.83,0.999292863765731
2021-08-19 16:00:00+00:00,680.88,680.88,667.7,673.45,674.861913,-36.26999999999998,16.22724276351854,554952,736.5675536494841,660.0139463505159,679.48,689.205,690.595,656.62,722.26,0.999292863765731
2021-08-20 12:00:00+00:00,684.6,691.61,673.8,674.8,682.215062,-31.31000000000006,16.48494372838273,689732,736.4261374400918,657.2693625599082,673.45,679.48,689.205,665.91,716.4,0.988654710818082
2021-08-20 16:00:00+00:00,675.61,681.51,675.0,680.1,678.717883,-27.529999999999973,15.181617897931705,789546,736.1706692085316,655.6488307914684,674.8,673.45,679.48,690.595,717.07,0.988654710818082
2021-08-23 12:00:00+00:00,684.055,709.545,681.4,708.96,700.954111,-10.870000000000005,17.08340217820747,1001295,735.532123683781,655.8033763162191,680.1,674.8,673.45,689.205,683.41,-0.000010963067325
2021-08-23 16:00:00+00:00,708.955,711.92,704.29,706.43,708.361021,-15.830000000000041,15.822948554446475,822428,734.5892720783353,656.0087279216649,708.96,680.1,674.8,679.48,686.14,-0.000010963067325
2021-08-24 12:00:00+00:00,710.675,714.99,702.69,708.03,708.045342,-8.370000000000005,15.353222080520272,956233,734.094067794699,656.120932205301,706.43,708.96,680.1,673.45,656.62,0.000090272475063
2021-08-24 16:00:00+00:00,707.87,710.2,705.42,708.67,707.864738,-8.400000000000091,13.943459136450914,1061746,733.9614609705479,656.1485390294522,708.03,706.43,708.96,674.8,665.91,0.000090272475063
2021-08-25 12:00:00+00:00,707.02,714.89,704.64,709.86,710.443896,26.450000000000045,13.450997918257459,1165349,734.4085627126427,656.0764372873574,708.67,708.03,706.43,680.1,690.595,-0.991881081252359
2021-08-25 16:00:00+00:00,709.77,716.61,709.39,711.01,713.23816,24.870000000000005,12.620198195823136,1292189,734.8309712906162,655.9920287093839,709.86,708.67,708.03,708.96,689.205,-0.991881081252359
2021-08-26 12:00:00+00:00,708.29,715.3,701.37,705.165,707.835878,48.54499999999996,12.794838436380044,1142073,732.7062574452076,656.6502425547925,711.01,709.86,708.67,706.43,679.48,0.997837432892993
2021-08-26 16:00:00+00:00,704.99,707.98,697.75,701.2,702.347401,35.29000000000008,12.45285997819604,995419,729.5453910256892,657.7051089743109,705.165,711.01,709.86,708.03,673.45,0.997837432892993
2021-08-27 12:00:00+00:00,705.21,713.82,702.885,711.33,709.112315,20.735000000000014,12.475145314436569,1142251,728.6815137121897,658.0619862878103,701.2,705.165,711.01,708.67,674.8,0.999337442321121
2021-08-27 16:00:00+00:00,711.73,714.96,709.8,711.8,712.427243,22.594999999999914,11.499792605845037,1311116,727.7456405474559,658.4708594525441,711.33,701.2,705.165,709.86,680.1,0.999337442321121
2021-08-30 12:00:00+00:00,714.685,728.67,713.05,728.67,722.330896,49.18999999999994,12.215820258399035,1460863,733.1154459112868,657.6270540887131,711.8,711.33,701.2,711.01,708.96,0.990526397246867
2021-08-30 16:00:00+00:00,728.87,730.92,722.15,730.83,727.74991,57.379999999999995,11.75637755727916,1673532,738.2303801066898,656.98111989331,728.67,711.8,711.33,705.165,706.43,0.990526397246867
2021-08-31 12:00:00+00:00,732.91,740.215,726.64,737.94,734.195698,63.1400000000001,11.998860549641945,1843918,741.2898894225592,662.0536105774407,730.83,728.67,711.8,701.2,708.03,0.999153086944716
2021-08-31 16:00:00+00:00,737.71,738.83,728.64,735.48,734.381195,55.379999999999995,11.757679143023026,1636080,743.7512627320112,666.5492372679886,737.94,730.83,728.67,711.33,708.67,0.999153086944716
2021-09-01 12:00:00+00:00,734.7,741.78,731.79,736.96,738.104954,28.0,11.521988590619957,1732334,747.9139163819005,667.0230836180996,735.48,737.94,730.83,711.8,709.86,-0.000013253455108
2021-09-01 16:00:00+00:00,736.73,737.81,731.5,734.08,734.755018,27.65000000000009,10.827056778537289,1634531,750.8644164677512,668.5600835322489,736.96,735.48,737.94,728.67,711.01,-0.000013253455108
2021-09-02 12:00:00+00:00,734.25,740.73,732.51,739.17,737.311741,31.139999999999986,10.479449208065654,1733194,753.2709292761955,672.1225707238046,734.08,736.96,735.48,730.83,705.165,-0.991881081252359
2021-09-02 16:00:00+00:00,739.28,739.7,730.605,731.92,733.777996,23.25,10.294855980323572,1589049,752.5498929891389,678.6906070108612,739.17,734.08,736.96,737.94,701.2,-0.991881081252359
2021-09-03 12:00:00+00:00,731.725,733.32,725.53,726.095,729.422654,16.235000000000014,9.960875182947106,1446776,749.9403534647886,686.4296465352115,731.92,739.17,734.08,735.48,711.33,-0.370858145877719
2021-09-03 16:00:00+00:00,726.09,733.98,724.25,733.82,728.636068,22.81000000000006,9.930091825220828,1641539,747.7806180416468,693.9613819583532,726.095,731.92,739.17,736.96,711.8,-0.370858145877719
2021-09-07 12:00:00+00:00,741.54,760.11,739.26,750.81,753.574076,45.64499999999998,12.11141291519138,1852543,752.3663516517119,693.5606483482883,733.82,726.095,731.92,734.08,728.67,-0.992084579775110
2021-09-07 16:00:00+00:00,751.26,755.46,749.26,752.92,752.878965,51.719999999999914,11.323224526499203,1976271,756.4833969949672,694.0926030050326,750.81,733.82,726.095,739.17,730.83,-0.992084579775110
2021-09-08 12:00:00+00:00,761.42,764.37,742.33,742.79,752.025004,31.459999999999923,12.752127922965972,1757848,758.0456689043704,696.0063310956298,752.92,750.81,733.82,731.92,737.94,0.000005347552360
2021-09-08 16:00:00+00:00,742.495,754.585,740.935,753.835,749.931798,42.03500000000008,12.871844199903855,1917598,761.2392519598268,697.3292480401731,742.79,752.92,750.81,726.095,735.48,0.000005347552360
2021-09-09 12:00:00+00:00,753.66,762.02,753.07,755.81,757.894481,27.139999999999986,12.348931639916666,2058108,764.2558150853225,698.9076849146776,753.835,742.79,752.92,733.82,736.96,0.424649709661026
2021-09-09 16:00:00+00:00,755.08,759.59,751.66,754.85,755.989778,24.019999999999982,11.759740754594452,1897231,766.5189908553298,701.0285091446701,755.81,753.835,742.79,750.81,734.08,0.424649709661026
2021-09-10 12:00:00+00:00,759.67,762.51,753.645,754.14,756.618821,16.199999999999932,11.373775320648527,1799007,767.2389212023223,705.2060787976778,754.85,755.81,753.835,752.92,739.17,0.000001012111170
2021-09-10 16:00:00+00:00,753.98,755.79,734.63,735.83,745.841407,0.35000000000002274,12.678605277895386,1586036,764.2446988954341,711.6633011045658,754.14,754.85,755.81,742.79,731.92,0.000001012111170
2021-09-13 12:00:00+00:00,739.98,741.66,709.075,721.6,722.10539,-15.360000000000014,15.332791240842658,1371534,762.9045138797225,714.0304861202775,735.83,754.14,754.85,753.835,726.095,-0.000016410027456
2021-09-13 16:00:00+00:00,722.08,744.55,721.5,742.97,734.406793,8.889999999999986,16.361752408730297,1640489,761.0377001488984,719.0142998511018,721.6,735.83,754.14,755.81,733.82,-0.000016410027456
2021-09-14 12:00:00+00:00,743.79,754.27,743.15,747.87,749.567316,8.700000000000045,15.686852087566251,1801103,761.5630563592165,720.4089436407837,742.97,721.6,735.83,754.85,750.81,0.032248364615953
2021-09-14 16:00:00+00:00,747.72,748.35,736.51,744.49,742.169899,12.57000000000005,15.173938475890756,1660578,761.7269493623074,721.6110506376928,747.87,742.97,721.6,754.14,752.92,0.032248364615953
2021-09-15 12:00:00+00:00,745.65,746.74,738.83,745.95,742.389539,19.855000000000018,14.205413345771985,1754768,762.1338168202406,722.0051831797593,744.49,747.87,742.97,735.83,742.79,0.000031150164432
2021-09-15 16:00:00+00:00,746.08,756.8,746.08,755.61,753.310962,21.789999999999964,13.758024899669042,1946886,763.758576597855,722.393423402145,745.95,744.49,747.87,721.6,753.835,0.000031150164432
2021-09-16 12:00:00+00:00,752.4,755.6,747.86,750.63,749.52354,-0.17999999999994998,12.956954913046504,1762841,764.4945029251282,723.0244970748715,755.61,745.95,744.49,742.97,755.81,0.000016446141672
2021-09-16 16:00:00+00:00,750.7,758.9,750.1,756.79,755.774506,3.8700000000000045,12.40269425797363,1919637,765.883872490211,723.9061275097889,750.63,755.61,745.95,747.87,754.85,0.000016446141672
2021-09-17 12:00:00+00:00,756.5,760.87,751.08,751.96,755.883314,9.170000000000073,12.054335023577142,1779892,766.5682575537845,724.5007424462154,756.79,750.63,755.61,744.49,754.14,-0.004691724927397
2021-09-17 16:00:00+00:00,752.26,760.67,750.57,759.9,756.892693,6.064999999999941,11.793757020433512,2050478,767.8763244460662,725.9906755539338,751.96,756.79,750.63,745.95,735.83,-0.004691724927397
2021-09-20 12:00:00+00:00,734.4,741.77,724.755,728.51,732.374616,-27.299999999999955,14.907256084375707,1761185,767.5134502915124,726.5950497084876,759.9,751.96,756.79,755.61,721.6,-0.000021455118258
2021-09-20 16:00:00+00:00,728.3,732.76,718.78,730.29,726.226521,-24.56000000000006,14.783621939792281,2041423,767.8715903181758,725.8839096818242,728.51,759.9,751.96,750.63,742.97,-0.000021455118258
2021-09-21 12:00:00+00:00,734.16,744.53,730.47,742.655,739.026852,-11.485000000000014,14.711139014486644,2222834,767.4590455135108,725.4809544864893,730.29,728.51,759.9,756.79,747.87,0.000006700218364
2021-09-21 16:00:00+00:00,742.88,743.34,738.28,739.27,740.610855,3.439999999999941,13.424320479221766,2107939,766.7811658364479,724.7938341635521,742.655,730.29,728.51,751.96,744.49,0.000006700218364
2021-09-22 12:00:00+00:00,743.27,749.99,739.51,748.78,745.590941,27.17999999999995,13.063744415325536,2213068,767.07151845352,725.10248154648,739.27,742.655,730.29,759.9,745.95,0.000022373060347
2021-09-22 16:00:00+00:00,748.28,753.55,746.44,752.1,750.190615,9.129999999999995,12.26991182661545,2394173,766.8639012104518,725.1365987895483,748.78,739.27,742.655,728.51,755.61,0.000022373060347
2021-09-23 12:00:00+00:00,755.3,757.9,748.11,749.34,753.403769,1.4700000000000273,11.939256916400051,2274536,766.0958659852934,725.2576340147066,752.1,748.78,739.27,730.29,750.63,0.899758757906966
2021-09-23 16:00:00+00:00,749.19,755.18,748.65,753.94,753.40244,9.450000000000045,11.218022660880042,2385218,765.9681896533248,725.2943103466755,749.34,752.1,748.78,742.655,756.79,0.899758757906966
2021-09-23 20:00:00+00:00,753.82,753.82,753.45,753.45,753.635,7.5,9.787619639429371,2384919,765.8751700240919,725.318329975908,753.94,749.34,752.1,739.27,751.96,0.899758757906966
2021-09-24 12:00:00+00:00,745.82,765.36,744.82,762.89,757.379167,7.279999999999973,11.221270354172116,2582085,768.0775462270163,725.8219537729836,753.45,753.94,749.34,748.78,759.9,0.996999143084395
2021-09-24 16:00:00+00:00,762.84,774.75,761.0,774.55,768.786456,23.91999999999996,11.558434306949168,2844215,770.6200535272926,728.5744464727075,762.89,753.45,753.94,752.1,728.51,0.996999143084395
2021-09-27 12:00:00+00:00,773.0,792.81,769.43,792.06,779.659072,35.26999999999998,13.134643066022612,3124125,780.1042386360094,723.9992613639905,774.55,762.89,753.45,749.34,730.29,0.988422439550050
2021-09-27 16:00:00+00:00,792.01,798.84,789.82,791.0,794.417826,39.039999999999964,12.586023990552928,2916796,787.1178370328604,721.2986629671394,792.06,774.55,762.89,753.94,742.655,0.988422439550050
2021-09-28 12:00:00+00:00,787.09,795.61,775.3,779.94,783.870815,20.040000000000077,13.615887458479211,2699654,790.4673234779834,721.4941765220165,791.0,792.06,774.55,753.45,739.27,-0.991881081252359
2021-09-28 16:00:00+00:00,779.38,785.07,766.41,777.65,778.28651,49.139999999999986,14.288435797348662,2474382,793.0117319226787,722.1197680773213,779.94,791.0,792.06,762.89,748.78,-0.991881081252359
2021-09-29 12:00:00+00:00,780.27,793.33,779.365,782.75,785.72379,52.460000000000036,14.473977691035515,2628060,796.0897310271614,721.7557689728385,777.65,779.94,791.0,774.55,752.1,-0.338594364002347
2021-09-29 16:00:00+00:00,782.44,785.335,770.97,781.33,778.859569,38.67500000000007,14.45944733223078,2428687,798.7028512995156,722.2126487004845,782.75,777.65,779.94,792.06,749.34,-0.338594364002347
2021-09-30 12:00:00+00:00,780.0,788.83,776.45,781.35,782.909672,42.08000000000004,14.182187687933343,2591483,800.9973017071092,722.3741982928908,781.33,782.75,777.65,791.0,753.94,0.000071850194217
2021-09-30 16:00:00+00:00,780.96,788.93,775.01,775.01,781.319673,26.230000000000018,14.147229329542226,2439504,802.3004804800782,723.3760195199218,781.35,781.33,782.75,779.94,753.45,0.000071850194217
2021-10-01 12:00:00+00:00,778.04,780.38,763.76,775.75,770.811955,23.649999999999977,14.476932085603265,2610128,803.4792528806759,723.7822471193242,775.01,781.35,781.33,777.65,762.89,-0.975804080022499
2021-10-01 16:00:00+00:00,775.925,777.32,766.94,774.88,772.718234,25.539999999999964,13.930674474189495,2464717,802.4490259580671,729.4494740419327,775.75,775.01,781.35,782.75,774.55,-0.975804080022499
2021-10-04 12:00:00+00:00,795.755,806.78,783.19,787.395,794.829243,33.45499999999993,16.32658454429756,2819348,802.3757873714807,735.2332126285193,774.88,775.75,775.01,781.33,792.06,-0.991881081252359
2021-10-04 16:00:00+00:00,786.675,788.48,776.15,780.89,781.883992,27.43999999999994,15.793706605057892,2580090,802.3142714027397,739.1182285972602,787.395,774.88,775.75,781.35,791.0,-0.991881081252359
2021-10-05 12:00:00+00:00,784.42,797.22,778.92,780.59,789.631264,17.700000000000045,16.12787905771685,2403839,800.9390411737036,744.6254588262964,780.89,787.395,774.88,775.01,779.94,0.998431137471925
2021-10-05 16:00:00+00:00,781.23,786.48,774.61,780.61,781.106518,6.060000000000059,15.56016185002127,2524734,800.3305215278094,748.4169784721905,780.59,780.89,787.395,775.75,777.65,0.998431137471925
2021-10-06 12:00:00+00:00,776.26,786.38,773.27,785.1,781.231449,-6.959999999999923,15.233473603351769,2647640,800.1497959547362,751.8977040452639,780.61,780.59,780.89,774.88,782.75,-0.988867073319852
2021-10-06 16:00:00+00:00,785.07,785.07,776.25,782.73,780.991367,-8.269999999999982,14.382343789571536,2538673,798.4272577304877,756.9592422695124,785.1,780.61,780.59,787.395,781.33,-0.988867073319852
2021-10-07 12:00:00+00:00,784.56,789.67,783.76,787.54,786.980532,7.599999999999909,13.390031284295324,2641816,797.2518712449543,761.4946287550457,782.73,785.1,780.61,780.89,781.35,-0.000029550730687
2021-10-07 16:00:00+00:00,787.62,804.57,785.52,793.31,795.120162,15.659999999999968,14.144693779722623,2838519,795.5907014736342,767.1417985263658,787.54,782.73,785.1,780.59,775.01,-0.000029550730687
2021-10-08 12:00:00+00:00,796.1,796.1,782.43,782.73,786.414473,-0.01999999999998181,14.081401275759617,2674401,793.6150426973461,771.1014573026539,793.31,787.54,782.73,780.61,775.75,0.999251030560117
2021-10-08 16:00:00+00:00,782.6,793.37,781.92,785.5,787.333873,4.169999999999959,13.730547772325009,2783164,793.6153596906355,772.1961403093645,782.73,793.31,787.54,785.1,774.88,0.999251030560117
2021-10-11 12:00:00+00:00,787.77,801.13,785.67,793.36,794.993727,12.009999999999991,13.98380806934834,2902654,793.9272315106938,772.0142684893063,785.5,782.73,793.31,782.73,787.395,0.999265623497195
2021-10-11 16:00:00+00:00,793.51,799.26,791.6,791.65,794.805156,16.639999999999986,13.14063366010189,2803391,794.0633795671226,771.9431204328773,793.36,785.5,782.73,787.54,780.89,0.999265623497195
2021-10-12 12:00:00+00:00,800.355,810.2,798.0,806.885,805.63226,31.13499999999999,13.861882505421647,2978540,799.6076194421851,769.093380557815,791.65,793.36,785.5,793.31,780.59,0.989334172598319
2021-10-12 16:00:00+00:00,807.87,812.3,803.54,805.925,808.51781,31.04499999999996,13.18163150469876,2821027,803.4533314595786,768.0751685404213,806.885,791.65,793.36,782.73,780.61,0.989334172598319
2021-10-13 12:00:00+00:00,810.81,811.735,805.89,810.23,808.731638,22.835000000000036,12.20341397073893,2920630,807.8519465299828,766.4245534700171,805.925,806.885,791.65,785.5,785.1,0.999283298704540
2021-10-13 16:00:00+00:00,810.07,815.18,807.47,811.19,810.602041,30.300000000000068,11.60429210797373,3046605,811.7473949330935,765.5151050669066,810.23,805.925,806.885,793.36,782.73,0.999283298704540
2021-10-14 12:00:00+00:00,815.99,817.575,813.73,817.05,816.021575,36.45999999999992,10.908386493577233,3139990,816.4893294567353,764.3431705432647,811.19,810.23,805.925,791.65,787.54,-0.000017491332983
2021-10-14 16:00:00+00:00,816.99,820.22,816.65,818.325,818.248437,37.71500000000003,9.929934961100274,3229880,820.4040371570403,764.7599628429597,817.05,811.19,810.23,806.885,793.31,-0.000017491332983
2021-10-14 20:00:00+00:00,817.87,817.87,817.87,817.87,817.87,32.76999999999998,8.666610299620244,3229778,823.5042027519482,765.8717972480517,818.325,817.05,811.19,805.925,782.73,0.000803910304967
2021-10-15 12:00:00+00:00,825.57,835.39,822.755,833.57,829.751695,50.84000000000003,9.847062259670876,3604356,829.7128381916096,765.5321618083905,817.87,818.325,817.05,810.23,785.5,0.999516570562264
2021-10-15 16:00:00+00:00,833.31,843.21,831.44,843.1,837.480719,55.56000000000006,10.103453958381424,3769299,837.9645854524075,762.8509145475927,833.57,817.87,818.325,811.19,793.36,0.999516570562264
2021-10-18 12:00:00+00:00,851.52,864.4,851.52,859.64,860.590938,66.33000000000004,11.596326763930563,3975623,849.1075208226376,759.5829791773625,843.1,833.57,817.87,817.05,791.65,0.999393212608993
2021-10-18 16:00:00+00:00,861.26,874.74,860.755,870.26,869.778607,87.52999999999997,12.06348319540649,4184988,860.9334949979784,756.7240050020216,859.64,843.1,833.57,818.325,806.885,0.999393212608993
2021-10-19 12:00:00+00:00,877.755,877.755,862.62,870.56,869.496343,85.05999999999995,12.473018769352292,4408055,870.4608010614069,756.191698938593,870.26,859.64,843.1,817.87,805.925,0.999345632124459
2021-10-19 16:00:00+00:00,870.49,875.885,862.98,863.69,869.493581,70.33000000000004,12.530616266771982,4278363,876.9685047226504,757.5429952773496,870.56,870.26,859.64,833.57,810.23,0.999345632124459
2021-10-20 12:00:00+00:00,866.01,869.29,857.52,868.065,864.619518,76.41500000000008,12.429200764535716,4396965,883.0163789849851,760.028621015015,863.69,870.56,870.26,843.1,811.19,0.000094934061053
2021-10-20 16:00:00+00:00,868.09,868.095,861.14,865.22,865.213529,58.335000000000036,11.699307329264293,4200657,887.6708998224627,763.1421001775369,868.065,863.69,870.56,859.64,817.05,0.000094934061053
2021-10-20 20:00:00+00:00,865.31,870.17,854.29,859.13,861.219143,53.20500000000004,12.256733018695721,4182088,890.7764634255302,766.6185365744698,865.22,868.065,863.69,870.26,818.325,0.000094934061053
2021-10-21 12:00:00+00:00,855.775,900.0,855.725,891.72,888.571006,81.49000000000001,16.525835282869622,4624721,898.3349190468673,769.9590809531326,859.13,865.22,868.065,870.56,817.87,-0.000014371526049
2021-10-21 16:00:00+00:00,891.67,896.02,888.78,893.91,893.247928,82.71999999999991,15.28772391182034,4860565,904.760124179094,774.3748758209058,891.72,859.13,865.22,863.69,833.57,-0.000014371526049
2021-10-21 20:00:00+00:00,893.25,893.72,892.04,892.04,893.038333,74.99000000000001,13.498694056910963,4859793,909.905853235036,779.0971467649639,893.91,891.72,859.13,868.065,843.1,0.997745913278777
2021-10-22 12:00:00+00:00,894.79,910.0,891.23,902.45,901.866956,84.125,14.201534849322833,5139721,915.366807991609,784.7161920083911,892.04,893.91,891.72,865.22,859.64,0.000228738757869
2021-10-22 16:00:00+00:00,901.75,910.0,900.92,909.74,906.775737,91.87,13.518663536079794,5319391,922.3722818504372,787.9962181495629,902.45,892.04,893.91,859.13,870.26,0.000228738757869
2021-10-25 12:00:00+00:00,949.98,979.44,944.325,974.36,961.535909,140.78999999999996,21.00950839793583,5850926,945.4279741813607,781.7840258186393,909.74,902.45,892.04,891.72,870.56,-0.995921645080671
2021-10-25 16:00:00+00:00,975.75,1044.98,972.44,1024.47,1011.465006,181.37,27.88024061154438,6527592,979.4832921231914,769.1527078768086,974.36,909.74,902.45,893.91,863.69,-0.995921645080671
2021-10-25 20:00:00+00:00,1026.82,1027.57,1026.82,1027.57,1027.195,167.92999999999995,24.57620853000512,6527837,1006.2665735717411,764.0074264282588,1024.47,974.36,909.74,892.04,868.065,-0.995921645080671
2021-10-26 12:00:00+00:00,1019.0,1094.6,1019.0,1033.83,1057.846332,163.56999999999994,31.379380726004424,7349511,1029.6038137057437,762.3481862942562,1027.57,1024.47,974.36,902.45,865.22,0.074001595843583
2021-10-26 16:00:00+00:00,1033.18,1044.17,1001.61,1018.29,1021.775211,147.73000000000002,32.87012996253718,6888282,1044.9552040633384,766.9932959366613,1033.83,1027.57,1024.47,909.74,859.13,0.074001595843583
2021-10-27 12:00:00+00:00,1038.15,1070.5,1033.02,1056.01,1051.716566,192.31999999999994,35.44877930086556,7685928,1065.6096180797754,770.1528819202248,1018.29,1033.83,1027.57,974.36,891.72,-0.000001809064997
2021-10-27 16:00:00+00:00,1055.0,1057.25,1031.12,1038.39,1041.442745,170.32500000000005,34.2062753940835,7340511,1079.5914383371448,776.6530616628552,1056.01,1018.29,1033.83,1024.47,893.91,-0.000001809064997
2021-10-28 12:00:00+00:00,1068.24,1080.65,1054.6,1072.0,1067.201335,206.77999999999997,35.280105341539034,7615988,1098.399243180274,780.7352568197261,1038.39,1056.01,1018.29,1027.57,892.04,0.999014334636740
2021-10-28 16:00:00+00:00,1072.61,1079.52,1065.14,1077.09,1071.745694,217.95999999999992,32.493424629333816,7828012,1115.8680783343975,785.0114216656027,1072.0,1038.39,1056.01,1033.83,902.45,0.999014334636740
2021-10-29 12:00:00+00:00,1084.69,1100.0,1073.9,1090.76,1089.836265,199.03999999999996,31.640968012089296,8046917,1133.6464128623365,789.2830871376632,1077.09,1072.0,1038.39,1018.29,909.74,0.014306977929664
2021-10-29 16:00:00+00:00,1091.16,1115.065,1091.16,1114.34,1102.794143,220.42999999999995,30.662838943810733,8287024,1153.1012810757911,794.2062189242085,1090.76,1077.09,1072.0,1056.01,974.36,0.014306977929664
2021-10-29 20:00:00+00:00,1113.45,1119.02,1113.45,1118.39,1117.465455,226.35000000000014,27.31712708463596,8292240,1169.0991502419276,803.6783497580725,1114.34,1090.76,1077.09,1038.39,1024.47,0.000005613168469
2021-11-01 12:00:00+00:00,1150.23,1169.27,1119.035,1166.51,1138.529489,264.05999999999995,30.458843473351152,8959022,1191.910808460684,810.7111915393161,1118.39,1114.34,1090.76,1072.0,1027.57,-0.918544825166464
2021-11-01 16:00:00+00:00,1166.96,1209.75,1162.95,1209.11,1187.415599,299.3699999999999,32.63766434357099,9917763,1219.191696884554,817.819303115446,1166.51,1118.39,1114.34,1077.09,1033.83,-0.918544825166464
2021-11-01 20:00:00+00:00,1209.0,1209.0,1209.0,1209.0,1209.0,234.64,28.300642431094843,9917216,1239.1702600790059,832.8277399209942,1209.11,1166.51,1118.39,1090.76,1018.29,0.000376066018362
2021-11-02 12:00:00+00:00,1167.0,1208.095,1146.6,1171.185,1182.831421,146.71499999999992,32.847223440282214,9283435,1249.7758139657276,850.1686860342724,1209.0,1209.11,1166.51,1114.34,1056.01,0.999157421087148
2021-11-02 16:00:00+00:00,1171.175,1189.05,1152.76,1171.85,1170.83027,144.27999999999997,33.30626031491125,9647916,1256.5037185305257,871.2347814694747,1171.185,1209.0,1209.11,1118.39,1038.39,0.999157421087148
2021-11-02 20:00:00+00:00,1171.75,1177.77,1166.46,1166.46,1171.78,132.6300000000001,30.373425606256408,9644727,1257.3546787298355,897.8258212701644,1171.85,1171.185,1209.0,1166.51,1072.0,0.999157421087148
2021-11-03 12:00:00+00:00,1177.33,1190.63,1161.03,1165.87,1178.523422,147.57999999999993,30.270302192088906,9408555,1254.3699867334376,927.1525132665623,1166.46,1171.85,1171.185,1209.11,1077.09,0.998326591827208
2021-11-03 16:00:00+00:00,1165.68,1215.19,1152.855,1213.65,1188.045659,157.6400000000001,34.54559523314372,9802397,1254.5374220544186,957.3760779455812,1165.87,1166.46,1171.85,1209.0,1090.76,0.998326591827208
2021-11-03 20:00:00+00:00,1215.95,1216.0,1203.38,1206.1,1208.733,167.7099999999998,31.62218253539121,9795933,1258.8815842044912,976.2059157955089,1213.65,1165.87,1166.46,1171.185,1114.34,0.003922094496374
2021-11-04 12:00:00+00:00,1237.0,1242.86,1217.32,1234.0,1232.624116,162.0,32.30722486400572,10059539,1271.357919213333,984.6825807866672,1206.1,1213.65,1165.87,1171.85,1118.39,0.584912337013520
2021-11-04 16:00:00+00:00,1236.275,1241.2,1226.52,1229.73,1234.42613,152.6400000000001,29.95692821547163,9818265,1280.1461899072901,996.1103100927098,1234.0,1206.1,1213.65,1166.46,1166.51,0.584912337013520
2021-11-05 12:00:00+00:00,1228.01,1238.43,1208.42,1233.87,1227.881969,143.1099999999999,29.964004453408744,9986568,1287.3693553084206,1008.8911446915791,1229.73,1234.0,1206.1,1165.87,1209.11,0.454661256691907
2021-11-05 16:00:00+00:00,1233.44,1239.64,1216.96,1221.68,1227.316427,107.34000000000015,28.99280385962092,9719172,1286.9146060819633,1029.684893918037,1233.87,1229.73,1234.0,1213.65,1209.0,0.454661256691907
2021-11-05 20:00:00+00:00,1221.0,1221.0,1221.0,1221.0,1221.0,102.6099999999999,25.217763345004805,9718372,1288.5332904692127,1044.5652095307873,1221.68,1233.87,1229.73,1206.1,1171.185,0.022891791770235
2021-11-08 12:00:00+00:00,1152.0,1196.7,1133.45,1188.7,1173.857357,22.190000000000055,33.52872823233749,9443300,1280.3084734541644,1067.8210265458356,1221.0,1221.68,1233.87,1234.0,1171.85,0.001139839994721
2021-11-08 16:00:00+00:00,1186.98,1194.34,1179.33,1184.11,1186.374023,-25.0,31.059564468025826,9354943,1274.451963674575,1084.8885363254249,1188.7,1221.0,1221.68,1229.73,1166.46,0.001139839994721
2021-11-08 20:00:00+00:00,1183.94,1185.98,1159.34,1159.4,1168.391267,-49.59999999999991,30.470289205622397,9298109,1266.1474701114732,1101.4240298885268,1184.11,1188.7,1221.0,1233.87,1165.87,0.001139839994721
2021-11-09 12:00:00+00:00,1173.6,1173.6,1033.98,1082.51,1103.338969,-88.67499999999995,45.02358397820606,8846350,1267.754572095995,1098.9919279040053,1159.4,1184.11,1188.7,1221.68,1213.65,0.999508580222027
2021-11-09 16:00:00+00:00,1081.79,1090.0,1025.0,1049.82,1049.510829,-122.02999999999997,47.68710611444525,8409145,1279.2842898395158,1081.0102101604841,1082.51,1159.4,1184.11,1221.0,1206.1,0.999508580222027
2021-11-09 20:00:00+00:00,1049.41,1049.41,1011.85,1021.43,1024.466181,-145.0300000000001,46.391491965852545,8255408,1294.5873758604546,1056.011124139545,1049.82,1082.51,1159.4,1188.7,1234.0,0.954465044720564
2021-11-10 12:00:00+00:00,1021.96,1077.5,988.23,1067.78,1048.788556,-98.08999999999992,52.108626370405545,8546561,1298.9883823588762,1041.7371176411239,1021.43,1049.82,1082.51,1184.11,1229.73,-0.992691486608237
2021-11-10 16:00:00+00:00,1069.33,1076.66,1013.01,1021.02,1053.363939,-192.6300000000001,53.647476187684816,8302940,1304.316207107503,1017.6002928924971,1067.78,1021.43,1049.82,1159.4,1233.87,-0.992691486608237
2021-11-10 20:00:00+00:00,1021.49,1075.17,1021.49,1067.1,1058.742252,-139.0,53.714479362660185,8462355,1301.2004745197885,1006.5260254802112,1021.02,1067.78,1021.43,1082.51,1221.68,-0.000175765708263
2021-11-11 12:00:00+00:00,1103.08,1104.0,1054.96,1074.24,1075.954081,-159.76,53.091215447638824,8686572,1300.2802348098708,997.7517651901294,1067.1,1021.02,1067.78,1049.82,1221.0,0.162118462729268
2021-11-11 16:00:00+00:00,1074.81,1077.84,1056.23,1066.67,1067.690331,-163.05999999999995,48.8937200546203,8560367,1298.941411194807,988.5725888051932,1074.24,1067.1,1021.02,1021.43,1188.7,0.162118462729268
2021-11-11 20:00:00+00:00,1065.57,1066.33,1060.12,1063.2,1063.479001,-170.66999999999985,43.247890714004285,8512643,1297.4261389192643,979.7618610807359,1066.67,1074.24,1067.1,1067.78,1184.11,-0.974723004270345
2021-11-12 12:00:00+00:00,1056.5,1056.5,1027.88,1039.9,1041.087446,-181.77999999999997,42.19083861880371,8364065,1296.4741146051563,968.1168853948435,1063.2,1066.67,1074.24,1021.02,1159.4,0.998981096141506
2021-11-12 16:00:00+00:00,1039.74,1041.79,1019.5,1022.905,1028.384865,-198.09500000000003,39.537393469629876,8099519,1289.1838155738124,956.3326844261878,1039.9,1063.2,1066.67,1067.1,1082.51,0.998981096141506
2021-11-12 20:00:00+00:00,1022.65,1035.305,1022.54,1033.98,1030.014932,-154.72000000000003,35.96774100701257,8202600,1280.2324099885625,948.0720900114377,1022.905,1039.9,1063.2,1074.24,1049.82,-0.006844448449556
2021-11-15 12:00:00+00:00,1016.13,1022.455,979.01,990.56,995.355507,-193.54999999999995,38.5013755394109,7951727,1266.7549620504244,937.2055379495757,1033.98,1022.905,1039.9,1066.67,1021.43,0.000093467409897
2021-11-15 16:00:00+00:00,990.04,1019.665,983.61,1016.96,992.575965,-142.44000000000005,38.175192134156106,8231881,1248.6953530485257,933.9881469514745,990.56,1033.98,1022.905,1063.2,1067.78,0.000093467409897
2021-11-15 20:00:00+00:00,1016.97,1031.79,1003.58,1013.445,1014.611352,-69.06499999999994,36.846499849601955,8052106,1226.092481601351,934.5485183986491,1016.96,990.56,1033.98,1039.9,1021.02,0.000093467409897
2021-11-16 12:00:00+00:00,1003.99,1056.78,1003.42,1042.89,1038.817097,-6.929999999999836,39.048299869655025,8296710,1201.7692674169139,940.992732583086,1013.445,1016.96,990.56,1022.905,1067.1,0.024950638762675
2021-11-16 16:00:00+00:00,1043.2,1054.04,1036.0,1045.15,1045.643484,23.72000000000014,36.247193220367684,8411823,1172.6232173969029,952.5537826030973,1042.89,1013.445,1016.96,1033.98,1074.24,0.024950638762675
2021-11-16 20:00:00+00:00,1046.41,1056.99,1038.05,1054.54,1048.616971,-13.240000000000009,33.939567457652004,8475833,1148.528115409342,963.2328845906579,1045.15,1042.89,1013.445,990.56,1066.67,-0.000020355553715
2021-11-17 12:00:00+00:00,1064.35,1119.315,1056.32,1110.56,1088.201377,89.53999999999996,38.050958463298414,8728829,1127.6644868238689,976.7415131761311,1054.54,1045.15,1042.89,1016.96,1063.2,0.000039847473090
2021-11-17 16:00:00+00:00,1110.17,1111.95,1072.33,1101.935,1091.687044,34.835000000000036,38.26016400152531,8496969,1110.658089244255,988.0014107557452,1110.56,1054.54,1045.15,1013.445,1039.9,0.000039847473090
2021-11-17 20:00:00+00:00,1101.675,1101.675,1084.55,1089.84,1091.37025,15.599999999999909,35.47680880132194,8410759,1111.9402513489824,987.452248651018,1101.935,1110.56,1054.54,1042.89,1022.905,0.998324766391306
2021-11-18 12:00:00+00:00,1104.925,1111.83,1086.19,1102.57,1100.269212,35.899999999999864,34.165234294479,8538005,1118.918859120311,985.7486408796896,1089.84,1101.935,1110.56,1045.15,1033.98,-0.006274145096540
2021-11-18 16:00:00+00:00,1102.29,1108.25,1075.31,1087.1,1091.287977,23.899999999999864,34.00186972188181,8361459,1122.262441754035,988.9720582459651,1102.57,1089.84,1101.935,1054.54,990.56,-0.006274145096540
2021-11-18 20:00:00+00:00,1086.18,1101.99,1086.18,1093.71,1096.027559,53.809999999999945,31.576287092297562,8427317,1125.5347831322883,988.2927168677115,1087.1,1102.57,1089.84,1110.56,1016.96,-0.006274145096540
2021-11-19 12:00:00+00:00,1101.55,1111.0,1093.01,1105.17,1102.135063,82.2650000000001,29.76478214665789,8514180,1130.787012403784,991.4554875962158,1093.71,1087.1,1102.57,1101.935,1013.445,-0.971222488908097
2021-11-19 16:00:00+00:00,1105.38,1137.98,1100.19,1133.53,1116.474938,99.54999999999995,30.834811193770165,8681646,1141.2746197905435,987.6108802094565,1105.17,1093.71,1087.1,1089.84,1042.89,-0.971222488908097
2021-11-19 20:00:00+00:00,1133.28,1138.535,1127.22,1136.28,1133.468906,145.72000000000003,28.232169701267484,8805995,1150.784484089559,984.3050159104409,1133.53,1105.17,1093.71,1102.57,1045.15,0.998824279755354
2021-11-22 12:00:00+00:00,1168.0,1201.43,1156.71,1191.58,1185.561824,174.6199999999999,33.15454707443183,9041161,1173.8069917287594,973.7735082712408,1136.28,1133.53,1105.17,1087.1,1054.54,0.015811895369552
2021-11-22 16:00:00+00:00,1194.29,1194.89,1134.5,1183.53,1170.713153,170.08499999999992,36.78594079784094,8683194,1190.9942160331796,968.6192839668205,1191.58,1136.28,1133.53,1093.71,1110.56,0.015811895369552
2021-11-22 20:00:00+00:00,1181.29,1190.31,1153.4,1155.73,1170.657326,112.83999999999992,36.80248202479546,8591534,1200.0521585476195,971.1443414523807,1183.53,1191.58,1136.28,1105.17,1101.935,0.000210231453821
2021-11-23 12:00:00+00:00,1173.0,1179.56,1113.35,1114.205,1146.236789,69.05499999999984,40.7234844214894,8367035,1201.3242803390417,979.0022196609583,1155.73,1183.53,1191.58,1133.53,1089.84,-0.996624607127160
2021-11-23 16:00:00+00:00,1114.69,1135.92,1063.22,1089.1,1095.058165,34.559999999999945,44.98701983195748,7994805,1200.903012779096,984.9354872209038,1114.205,1155.73,1183.53,1136.28,1102.57,-0.996624607127160
2021-11-23 20:00:00+00:00,1090.33,1114.25,1084.09,1110.0,1103.108936,-0.5599999999999454,43.01008385436317,8105801,1195.6692185059705,1002.1132814940296,1089.1,1114.205,1155.73,1191.58,1087.1,0.000511234207806
2021-11-24 12:00:00+00:00,1080.39,1121.54,1062.41,1110.135,1092.689982,8.200000000000045,45.15940600711473,8282838,1192.3644076741552,1014.7355923258447,1110.0,1089.1,1114.205,1183.53,1093.71,0.269748050603084
2021-11-24 16:00:00+00:00,1110.73,1130.345,1104.01,1127.54,1120.719719,37.700000000000045,42.64948520616611,8401781,1187.7588175093401,1030.7506824906595,1110.135,1110.0,1089.1,1155.73,1105.17,0.269748050603084
2021-11-24 20:00:00+00:00,1126.91,1131.95,1111.73,1116.0,1119.485115,13.430000000000064,39.658887178677304,8314243,1184.944869854736,1040.8756301452638,1127.54,1110.135,1110.0,1114.205,1133.53,-0.972074595163576
2021-11-26 12:00:00+00:00,1098.95,1107.16,1081.6,1101.11,1094.489539,14.009999999999991,38.95770222152034,8192933,1180.6598984352663,1050.7566015647335,1116.0,1127.54,1110.135,1089.1,1136.28,0.996627071523108
2021-11-26 16:00:00+00:00,1099.51,1099.51,1081.24,1081.93,1089.771997,-11.779999999999973,36.41267525865095,8089807,1177.6031840164487,1056.5523159835511,1101.11,1116.0,1127.54,1110.0,1191.58,0.996627071523108
2021-11-29 12:00:00+00:00,1100.99,1139.09,1100.53,1133.265,1126.199529,28.095000000000027,39.17898522416414,8247414,1179.0744974994823,1057.3515025005177,1081.93,1101.11,1116.0,1110.135,1183.53,-0.989453512360342
2021-11-29 16:00:00+00:00,1132.57,1142.42,1122.0,1128.01,1132.220159,-5.519999999999982,36.677787194275595,8101156,1180.0261517291226,1059.0073482708774,1133.265,1081.93,1101.11,1127.54,1155.73,-0.989453512360342
2021-11-29 20:00:00+00:00,1129.45,1137.38,1126.63,1137.0,1133.524445,0.7200000000000273,33.22074890170551,8171746,1181.1783272839123,1062.5711727160876,1128.01,1133.265,1081.93,1116.0,1114.205,-0.955177983269095
2021-11-30 12:00:00+00:00,1138.49,1167.675,1135.33,1135.33,1155.924472,-56.25,33.10398238147812,8001034,1182.3793294267493,1064.6461705732504,1137.0,1128.01,1133.265,1101.11,1089.1,-0.996424275799654
2021-11-30 16:00:00+00:00,1134.01,1143.205,1118.24,1136.84,1132.928529,-46.690000000000055,32.01878473061436,8206566,1182.546100198525,1069.453399801475,1135.33,1137.0,1128.01,1081.93,1110.0,-0.996424275799654
2021-11-30 20:00:00+00:00,1137.94,1147.0,1134.14,1147.0,1139.979039,-8.730000000000018,29.46428009986576,8309228,1183.8089734936877,1073.5195265063123,1136.84,1135.33,1137.0,1133.265,1110.135,-0.000159169780090
2021-12-01 12:00:00+00:00,1160.695,1171.68,1147.99,1156.53,1158.571846,42.325000000000045,28.826376086550333,8483852,1186.5535036937467,1075.9109963062529,1147.0,1136.84,1135.33,1128.01,1127.54,0.000155829246069
2021-12-01 16:00:00+00:00,1157.21,1162.36,1118.05,1121.53,1142.005021,32.430000000000064,30.89085927501028,8236298,1186.10865422772,1075.1558457722801,1156.53,1147.0,1136.84,1137.0,1116.0,0.000155829246069
2021-12-01 20:00:00+00:00,1122.23,1122.43,1092.09,1093.41,1104.686703,-16.589999999999918,30.817411371675597,8105260,1186.3096281154124,1070.6678718845876,1121.53,1156.53,1147.0,1135.33,1101.11,0.999094183353009
2021-12-02 12:00:00+00:00,1099.17,1111.76,1057.04,1084.37,1081.67315,-25.7650000000001,34.00442318878552,7877422,1175.9869799241599,1070.26952007584,1093.41,1121.53,1156.53,1136.84,1081.93,-0.000054244592320
2021-12-02 16:00:00+00:00,1084.69,1099.79,1069.29,1082.85,1084.969216,-44.690000000000055,33.537166763614124,7691010,1165.6422494901055,1070.5462505098947,1084.37,1093.41,1121.53,1147.0,1133.265,-0.000054244592320
2021-12-02 20:00:00+00:00,1082.06,1089.63,1075.59,1084.71,1083.137403,-31.289999999999964,30.9375445284656,7774100,1160.8482449873038,1068.2382550126965,1082.85,1084.37,1093.41,1156.53,1128.01,-0.048211175948381
2021-12-03 12:00:00+00:00,1086.99,1089.18,1035.26,1039.94,1052.054551,-61.169999999999845,34.0018719246702,7577944,1167.9070313282662,1053.7529686717337,1084.71,1082.85,1084.37,1121.53,1137.0,-0.973494205332827
2021-12-03 16:00:00+00:00,1039.53,1041.09,1006.78,1009.01,1019.887681,-72.92000000000007,34.0429556680475,7210247,1179.4440270617376,1034.2069729382627,1039.94,1084.71,1082.85,1093.41,1135.33,-0.973494205332827
2021-12-03 20:00:00+00:00,1008.39,1023.3,1000.25,1014.0,1010.701724,-119.2650000000001,32.57722824564116,7353393,1185.6217549462438,1018.4292450537567,1009.01,1039.94,1084.71,1084.37,1136.84,0.000003730288881
2021-12-06 12:00:00+00:00,1001.51,1002.41,950.53,980.59,977.715982,-147.41999999999996,36.69626447955568,7081981,1195.058955124918,996.0375448750821,1014.0,1009.01,1039.94,1082.85,1147.0,0.998247728959541
2021-12-06 16:00:00+00:00,981.005,1020.32,970.95,1008.29,994.224558,-128.71000000000004,38.38609588228159,7270520,1195.1327553066178,984.0387446933821,980.59,1014.0,1009.01,1084.71,1156.53,0.998247728959541
2021-12-06 20:00:00+00:00,1008.46,1011.45,1003.005,1008.21,1007.876469,-127.11999999999989,34.39394976464405,7221283,1194.944114366889,973.4483856331115,1008.29,980.59,1014.0,1039.94,1121.53,0.999477986566490
2021-12-07 12:00:00+00:00,1044.81,1053.39,1029.12,1034.47,1044.229726,-102.36999999999989,35.832089796024846,7381118,1193.4639185642288,968.2645814357713,1008.21,1008.29,980.59,1009.01,1093.41,0.480600411188789
2021-12-07 16:00:00+00:00,1034.52,1056.78,1027.01,1049.755,1042.468316,-97.24499999999989,35.02381115655486,7552608,1192.7072226747987,965.8037773252013,1034.47,1008.21,1008.29,1014.0,1084.37,0.480600411188789
2021-12-07 20:00:00+00:00,1049.58,1052.79,1041.09,1051.55,1047.417901,-104.98000000000002,31.91396966901422,7607549,1186.293526529813,964.0459734701868,1049.755,1034.47,1008.21,980.59,1082.85,0.480600411188789
2021-12-08 12:00:00+00:00,1052.87,1055.01,1033.43,1038.47,1041.329158,-83.05999999999995,30.536107046478982,7519635,1180.0538170391071,961.3316829608929,1051.55,1049.755,1034.47,1008.29,1084.71,0.999386152092484
2021-12-08 16:00:00+00:00,1038.01,1067.5,1037.35,1065.455,1058.440138,-27.955000000000155,30.48462610694846,7595244,1171.930226210161,962.3007737898388,1038.47,1051.55,1049.755,1008.21,1039.94,0.999386152092484
2021-12-08 20:00:00+00:00,1063.43,1072.07,1061.76,1068.51,1068.911441,-15.8599999999999,27.794675959355327,7636756,1163.5738602394088,963.9751397605913,1065.455,1038.47,1051.55,1034.47,1009.01,-0.000020881456294
2021-12-09 12:00:00+00:00,1060.99,1062.0,1032.78,1032.8,1043.39753,-50.049999999999955,28.85271916477462,7502659,1153.039670265016,964.105329734984,1068.51,1065.455,1038.47,1049.755,1014.0,-0.000020835610485
2021-12-09 16:00:00+00:00,1032.82,1039.4,1011.6,1012.335,1026.347992,-72.375,28.71235660947135,7277036,1138.6554142282162,965.0230857717839,1032.8,1068.51,1065.455,1051.55,980.59,0.000257769075688
2021-12-09 20:00:00+00:00,1012.97,1017.88,1002.71,1003.01,1007.590393,-36.930000000000064,26.906709061541832,7158961,1118.214005372924,970.1124946270762,1012.335,1032.8,1068.51,1038.47,1008.29,0.000257769075688
2021-12-10 12:00:00+00:00,1009.99,1012.4,982.77,995.4,994.921946,-13.610000000000014,27.26981452000292,6961420,1105.3587888989189,970.354711101081,1003.01,1012.335,1032.8,1065.455,1008.21,-0.000009602816135
2021-12-10 16:00:00+00:00,992.84,1020.18,986.99,1011.29,1009.829836,-2.7100000000000364,28.059172584002525,7122841,1096.8729187034514,970.6285812965485,995.4,1003.01,1012.335,1068.51,1034.47,-0.000009602816135
2021-12-10 20:00:00+00:00,1010.97,1018.95,1008.0,1016.565,1015.465864,35.97500000000002,25.777949572802193,7177423,1089.1717135654208,971.5492864345792,1011.29,995.4,1003.01,1032.8,1049.755,0.994703138087061
2021-12-13 12:00:00+00:00,1001.26,1002.92,960.31,967.16,979.016234,-41.129999999999995,29.841556296428582,6778304,1084.3986348289648,964.7533651710353,1016.565,1011.29,995.4,1012.335,1051.55,0.000070469184720
2021-12-13 16:00:00+00:00,966.16,972.76,952.18,971.07,961.404179,-37.139999999999986,28.606682123571446,7119792,1076.2022943935758,961.5857056064242,967.16,1016.565,1011.29,1003.01,1038.47,0.000070469184720
2021-12-13 20:00:00+00:00,969.71,975.37,964.66,966.41,968.402284,-68.06000000000006,26.22045784042859,6990758,1076.1600026258423,954.2749973741579,971.07,967.16,1016.565,995.4,1065.455,0.144976069859695
2021-12-14 12:00:00+00:00,944.23,957.92,931.02,945.73,945.854001,-104.02500000000009,27.443063461704778,6796425,1080.4658836972728,943.641116302727,966.41,971.07,967.16,1011.29,1068.51,-0.449017799226567
2021-12-14 16:00:00+00:00,944.46,948.06,930.0,944.64,938.885132,-106.90999999999997,26.191988333477468,6595603,1083.3221721720563,933.8488278279434,945.73,966.41,971.07,1016.565,1032.8,-0.449017799226567
2021-12-14 20:00:00+00:00,945.79,965.92,945.79,959.15,958.094789,-79.32000000000005,25.53705655568047,6702609,1084.5214903645394,930.5055096354602,944.64,945.73,966.41,967.16,1012.335,-0.449017799226567
2021-12-15 12:00:00+00:00,952.91,969.8,941.61,942.85,955.347206,-122.6049999999999,25.8907823482564,6613933,1086.4930280356273,921.9899719643729,959.15,944.64,945.73,971.07,1003.01,0.999344163443311
2021-12-15 16:00:00+00:00,942.94,961.22,928.49,949.5,941.222944,-119.00999999999999,26.80267803515555,6855948,1087.0765390224149,915.5354609775851,942.85,959.15,944.64,966.41,995.4,0.999344163443311
2021-12-15 20:00:00+00:00,950.56,977.93,950.15,975.72,970.047781,-57.07999999999993,27.019654297134807,6972086,1083.3774714831127,913.3595285168875,949.5,942.85,959.15,945.73,1011.29,-0.000183236086741
2021-12-16 12:00:00+00:00,997.49,997.49,939.67,941.56,964.555704,-70.77500000000009,31.12636705751684,6732319,1077.9693626423473,907.9481373576527,975.72,949.5,942.85,944.64,1016.565,0.138183428556658
2021-12-16 16:00:00+00:00,941.595,945.375,925.3,930.44,935.048416,-72.56999999999994,29.652851449847937,6443180,1071.5941407842352,902.212359215765,941.56,975.72,949.5,959.15,967.16,0.138183428556658
2021-12-16 20:00:00+00:00,928.94,936.5,923.355,927.0,929.309435,-68.39999999999998,27.45180458986821,6328823,1066.4025853869475,896.2569146130527,930.44,941.56,975.72,942.85,971.07,-0.996655826951610
2021-12-17 12:00:00+00:00,913.87,959.31,910.0,952.95,932.865587,-58.33999999999992,30.36623064455244,6595939,1051.7558310654542,899.6531689345459,927.0,930.44,941.56,949.5,966.41,-0.000026270688977
2021-12-17 16:00:00+00:00,953.71,960.28,939.025,942.61,947.957913,-73.95500000000004,29.15139989194545,6403711,1032.9256283205088,905.8933716794911,952.95,927.0,930.44,975.72,945.73,-0.000026270688977
2021-12-17 20:00:00+00:00,942.49,946.58,931.155,935.23,936.063382,-31.92999999999995,27.321213239686067,6264788,1022.2723573025709,906.789642697429,942.61,952.95,927.0,941.56,944.64,0.000143879693496
2021-12-20 12:00:00+00:00,909.89,921.0,895.22,898.18,907.3642,-72.8900000000001,29.013051474394594,6098105,1019.1774156237844,898.4690843762156,935.23,942.61,952.95,930.44,959.15,0.995368435978889
2021-12-20 16:00:00+00:00,899.035,909.3,893.61,900.89,900.930695,-65.51999999999998,27.236644611141973,6241065,1015.5912102973663,891.8432897026336,898.18,935.23,942.61,927.0,942.85,0.995368435978889
2021-12-20 20:00:00+00:00,901.3,904.05,897.61,900.0,901.15145,-45.73000000000002,24.4637586629897,6184434,1011.98920991757,885.9052900824299,900.89,898.18,935.23,952.95,949.5,-0.000667331201839
2021-12-21 12:00:00+00:00,917.63,923.01,886.5,896.58,906.741049,-48.059999999999945,26.069924174591073,5963893,1003.1690375403475,883.2544624596526,900.0,900.89,898.18,942.61,975.72,0.000375253592210
2021-12-21 16:00:00+00:00,894.29,935.245,893.56,933.29,918.335668,-25.860000000000014,28.151934284645606,6191038,988.1379670742795,889.9580329257208,896.58,900.0,900.89,935.23,941.56,0.000375253592210
2021-12-21 20:00:00+00:00,934.105,939.33,929.31,939.33,934.101099,-3.519999999999982,25.73434304669287,6241477,984.935598875843,890.3774011241571,933.29,896.58,900.0,898.18,930.44,0.000053089737776
2021-12-22 12:00:00+00:00,965.83,999.52,957.99,998.56,979.701182,49.059999999999945,30.328430640467147,6480774,991.6922350784274,886.3697649215725,939.33,933.29,896.58,900.89,927.0,0.686444024904631
2021-12-22 16:00:00+00:00,998.345,1015.375,989.03,1005.28,1002.600332,29.559999999999945,29.797306555071533,6718090,1000.3333613434033,881.6156386565965,998.56,939.33,933.29,900.0,952.95,0.686444024904631
2021-12-22 20:00:00+00:00,1003.87,1010.08,999.18,1008.87,1004.390901,67.31000000000006,27.277665681062008,6792112,1010.8190742468769,877.4439257531228,1005.28,998.56,939.33,896.58,942.61,0.686444024904631
2021-12-23 12:00:00+00:00,1006.8,1042.98,997.98,1042.71,1018.807183,112.26999999999998,29.64064359025374,6999882,1028.9835762355442,869.086423764456,1008.87,1005.28,998.56,933.29,935.23,-0.964432467706501
2021-12-23 16:00:00+00:00,1042.765,1072.82,1040.63,1066.87,1059.102917,139.8699999999999,29.980557778219886,7297036,1050.1877391771113,858.6542608228887,1042.71,1008.87,1005.28,939.33,898.18,-0.964432467706501
2021-12-23 20:00:00+00:00,1067.11,1069.0,1058.76,1067.6,1065.028869,114.64999999999986,27.34848340779057,7395668,1068.714035872147,852.6029641278529,1066.87,1042.71,1008.87,998.56,900.89,-0.964432467706501
2021-12-27 12:00:00+00:00,1073.45,1112.98,1071.45,1110.06,1094.39688,167.44999999999993,29.752685620085177,7591052,1095.4837395971572,841.8892604028429,1067.6,1066.87,1042.71,1005.28,900.0,-0.000019157523639
2021-12-27 16:00:00+00:00,1108.62,1117.0,1100.0,1106.25,1108.772343,171.01999999999998,28.052327537407155,7414265,1116.1800788143773,834.2459211856227,1110.06,1067.6,1066.87,1008.87,896.58,-0.000019157523639
2021-12-27 20:00:00+00:00,1103.53,1104.52,1087.64,1093.17,1094.947382,194.99000000000012,26.793350532419524,7320364,1132.1942024960088,833.3927975039912,1106.25,1110.06,1067.6,1042.71,933.29,0.998802210582653
2021-12-28 12:00:00+00:00,1108.93,1116.63,1078.88,1084.51,1094.915108,183.62,28.254237128096918,7122527,1144.3535197769656,836.6404802230343,1093.17,1106.25,1110.06,1066.87,939.33,0.000179341841431
2021-12-28 16:00:00+00:00,1088.31,1101.29,1081.19,1091.04,1090.149108,191.03999999999996,27.16700551101732,7262853,1155.7593343538829,841.6386656461171,1084.51,1093.17,1106.25,1067.6,998.56,0.000179341841431
2021-12-28 20:00:00+00:00,1090.61,1098.76,1086.37,1088.32,1092.26998,191.7399999999999,25.196738109548356,7204855,1165.8587694663825,845.0762305336178,1091.04,1084.51,1093.17,1110.06,1005.28,-0.998129521962255
2021-12-29 12:00:00+00:00,1098.985,1102.77,1064.56,1083.38,1082.229268,150.09000000000015,26.931839694941914,7027048,1173.636179132754,851.3758208672459,1088.32,1091.04,1084.51,1106.25,1008.87,-0.000026923837140
2021-12-29 16:00:00+00:00,1084.55,1096.97,1072.68,1093.33,1084.207367,153.9999999999999,26.579594402282986,7174374,1181.090542325992,859.7314576740082,1083.38,1088.32,1091.04,1093.17,1042.71,-0.000026923837140
2021-12-29 20:00:00+00:00,1092.83,1092.83,1084.41,1085.35,1088.685148,86.78999999999996,24.2249818153119,7119461,1182.0574016481805,877.4815983518192,1093.33,1083.38,1088.32,1084.51,1066.87,0.000198005873244
2021-12-30 12:00:00+00:00,1060.87,1083.85,1056.5,1075.83,1072.011934,70.54999999999995,24.841650906603633,6981256,1179.2974553918339,897.7355446081665,1085.35,1093.33,1083.38,1091.04,1067.6,0.005891523236642
2021-12-30 16:00:00+00:00,1075.39,1095.11,1075.39,1081.76,1086.45928,72.88999999999999,24.158764119056457,7104492,1173.405439076846,921.8035609231538,1075.83,1085.35,1093.33,1088.32,1110.06,0.005891523236642
2021-12-30 20:00:00+00:00,1081.05,1081.25,1068.54,1070.85,1073.060632,28.139999999999873,22.700262236515602,7031518,1160.3284896733498,952.3075103266501,1081.76,1075.83,1085.35,1083.38,1106.25,0.005891523236642
2021-12-31 12:00:00+00:00,1073.39,1080.76,1063.37,1065.41,1072.265886,-1.459999999999809,21.99222727164687,6954635,1149.3261872041958,976.5218127958041,1070.85,1081.76,1075.83,1093.33,1093.17,0.000326942004904
2021-12-31 16:00:00+00:00,1067.64,1076.06,1060.0,1061.26,1068.085232,-6.339999999999918,21.201263635427278,6868792,1133.001255486445,1005.0397445135551,1065.41,1070.85,1081.76,1085.35,1084.51,0.000326942004904
2021-12-31 20:00:00+00:00,1063.325,1064.42,1054.74,1056.86,1058.518753,-53.200000000000045,19.66509515070365,6779230,1127.1051947606625,1016.7658052393376,1061.26,1065.41,1070.85,1075.83,1091.04,0.999508553592023
2022-01-03 12:00:00+00:00,1145.93,1168.4,1137.0,1168.17,1154.101189,61.92000000000007,31.91508246394319,7119413,1141.5514619279838,1018.608538072016,1056.86,1061.26,1065.41,1081.76,1088.32,0.999337990273489
2022-01-03 16:00:00+00:00,1167.64,1194.625,1160.57,1194.455,1174.912814,101.28499999999985,32.20040480208411,7444031,1160.7922586071472,1017.9262413928527,1168.17,1056.86,1061.26,1070.85,1083.38,0.999337990273489
2022-01-03 20:00:00+00:00,1194.53,1200.7,1187.575,1200.0,1196.599165,115.49000000000001,29.657017495139563,7639286,1180.6578345958828,1013.7896654041169,1194.455,1168.17,1056.86,1065.41,1093.33,-0.960348441556562
2022-01-04 12:00:00+00:00,1189.49,1206.61,1151.89,1151.89,1182.600724,60.850000000000136,32.998748495787595,7358649,1187.0336548842054,1015.9158451157945,1200.0,1194.455,1168.17,1061.26,1085.35,-0.997333105187863
2022-01-04 16:00:00+00:00,1152.09,1165.34,1123.26,1145.85,1146.550273,57.52999999999997,34.20958202968257,7027497,1191.5780548260568,1019.1964451739431,1151.89,1200.0,1194.455,1056.86,1075.83,-0.997333105187863
2022-01-04 20:00:00+00:00,1145.76,1154.95,1141.34,1149.67,1150.217213,66.28999999999996,31.462971092391584,7090878,1195.8017756303816,1018.9337243696182,1145.85,1151.89,1200.0,1168.17,1081.76,-0.997333105187863
2022-01-05 12:00:00+00:00,1146.92,1169.82,1130.8,1152.595,1152.294362,59.2650000000001,32.47057494673937,7271989,1200.3951828554473,1018.9748171445526,1149.67,1145.85,1151.89,1194.455,1070.85,0.002427748331684
2022-01-05 16:00:00+00:00,1152.53,1157.3,1104.63,1104.73,1133.448577,19.38000000000011,35.16383162050743,7025813,1200.6769336838909,1019.8490663161094,1152.595,1149.67,1145.85,1200.0,1065.41,0.002427748331684
2022-01-05 20:00:00+00:00,1105.42,1106.65,1081.5,1087.875,1092.281406,12.045000000000073,33.82865407110645,6823024,1200.655726249287,1020.2067737507131,1104.73,1152.595,1149.67,1151.89,1061.26,0.000179341841431
2022-01-06 12:00:00+00:00,1075.63,1085.01,1021.565,1065.14,1049.192102,-16.61999999999989,38.159500194958916,6431210,1201.2561978868105,1017.0163021131896,1087.875,1104.73,1152.595,1145.85,1056.86,0.999526116836932
2022-01-06 16:00:00+00:00,1067.12,1079.775,1050.06,1075.37,1066.960655,4.519999999999982,37.03356683563108,6668855,1201.403380929547,1015.5741190704529,1065.14,1087.875,1104.73,1149.67,1168.17,0.999526116836932
2022-01-06 20:00:00+00:00,1076.31,1084.14,1058.25,1065.13,1070.041558,-0.2799999999999727,35.54775792421361,6586493,1201.8772683498917,1013.2752316501085,1075.37,1065.14,1087.875,1152.595,1194.455,0.000285380359855
2022-01-07 12:00:00+00:00,1080.37,1080.49,1030.195,1040.86,1055.99548,-20.40000000000009,37.51405686765181,6390889,1203.7355389586955,1006.1699610413044,1065.13,1075.37,1065.14,1104.73,1200.0,0.000025124580134
2022-01-07 16:00:00+00:00,1040.87,1045.64,1010.71,1032.1,1030.335305,-24.75999999999999,37.16951595196491,6102737,1206.0431592793636,998.5373407206363,1040.86,1065.13,1075.37,1087.875,1151.89,0.000025124580134
2022-01-07 20:00:00+00:00,1032.15,1039.06,1019.88,1026.42,1027.565512,-141.75,34.770913825036246,5995780,1208.4632975097848,991.1762024902155,1032.1,1040.86,1065.13,1065.14,1145.85,0.985237443121150
2022-01-10 12:00:00+00:00,1001.76,1015.52,980.04,1006.94,994.420032,-187.51499999999987,36.31879198169809,5672066,1212.2336726305125,979.9238273694876,1026.42,1032.1,1040.86,1075.37,1149.67,0.000179341841431
2022-01-10 16:00:00+00:00,1004.83,1043.89,999.52,1038.5,1024.40758,-161.5,37.392286384138366,5973104,1212.972484416317,975.9500155836826,1006.94,1026.42,1032.1,1065.13,1152.595,0.000179341841431
2022-01-10 20:00:00+00:00,1040.98,1058.96,1034.105,1058.47,1048.750639,-93.42000000000007,35.720648199586584,6069157,1213.0236113362953,975.2048886637049,1038.5,1006.94,1026.42,1040.86,1104.73,0.000032927942812
2022-01-11 12:00:00+00:00,1053.85,1074.85,1041.39,1052.77,1056.897394,-93.07999999999993,35.419228439641685,5882211,1213.1522860993996,974.2272139006004,1058.47,1038.5,1006.94,1032.1,1087.875,0.000285380359855
2022-01-11 16:00:00+00:00,1055.08,1075.1,1053.54,1062.02,1063.505933,-87.65000000000009,33.67399798102279,6030027,1213.0972576507056,974.798242349294,1052.77,1058.47,1038.5,1026.42,1065.14,0.000285380359855
2022-01-11 20:00:00+00:00,1060.43,1065.94,1054.55,1064.45,1060.175887,-88.14499999999998,30.70279825021976,6082530,1203.2465524974466,974.2769475025536,1062.02,1052.77,1058.47,1006.94,1075.37,0.998696074268082
2022-01-12 12:00:00+00:00,1079.96,1102.655,1073.47,1089.05,1087.078248,-15.680000000000064,31.703091816857118,6328804,1186.632350863403,980.3506491365968,1064.45,1062.02,1052.77,1038.5,1065.13,0.000285380359855
2022-01-12 16:00:00+00:00,1089.62,1113.83,1084.25,1113.0,1100.471674,25.125,31.420012907942827,6514381,1167.9330806877956,990.3499193122043,1089.05,1064.45,1062.02,1058.47,1040.86,0.000285380359855
2022-01-12 20:00:00+00:00,1113.07,1114.46,1105.0,1105.55,1109.442654,40.409999999999854,28.492011186883786,6442464,1159.854529627748,993.7944703722522,1113.0,1089.05,1064.45,1052.77,1032.1,0.956744903465733
2022-01-13 12:00:00+00:00,1109.69,1115.17,1069.565,1073.22,1091.062685,-2.1499999999998636,30.77374302863262,6231461,1149.6007008655781,996.7852991344218,1105.55,1113.0,1089.05,1062.02,1026.42,-0.996311066759517
2022-01-13 16:00:00+00:00,1075.0,1083.97,1051.62,1058.91,1065.788107,-6.220000000000027,30.983910624814953,5905160,1136.205454047993,1001.1045459520069,1073.22,1105.55,1113.0,1064.45,1006.94,-0.996311066759517
2022-01-13 20:00:00+00:00,1057.45,1057.45,1026.61,1032.27,1037.769533,-8.589999999999918,31.159389208172982,5725788,1119.2604728049962,1006.0170271950034,1058.91,1073.22,1105.55,1089.05,1038.5,-0.979661588848103
2022-01-14 12:00:00+00:00,1019.99,1048.015,1013.51,1033.9,1032.230019,1.800000000000182,31.605470647083266,5945040,1113.4489130717868,1004.7455869282131,1032.27,1058.91,1073.22,1113.0,1058.47,-0.996753754909150
2022-01-14 16:00:00+00:00,1034.14,1045.25,1020.53,1036.6,1033.546732,10.179999999999836,30.687407894138833,6088225,1109.999675544481,1003.0673244555188,1033.9,1032.27,1058.91,1105.55,1052.77,-0.996753754909150
2022-01-14 20:00:00+00:00,1036.04,1051.1,1036.04,1049.89,1047.345734,42.950000000000045,28.603753508253646,6152585,1109.1552826858206,1002.3867173141795,1036.6,1033.9,1032.27,1073.22,1062.02,0.000285380359855
2022-01-18 12:00:00+00:00,1024.01,1070.7,1017.13,1048.45,1043.998732,9.950000000000045,31.932586373819834,5944389,1107.081143141244,1001.768856858756,1049.89,1036.6,1033.9,1058.91,1064.45,-0.992437932756729
2022-01-18 16:00:00+00:00,1049.0,1055.39,1032.7,1049.72,1043.98811,-8.75,30.700241523977198,6075511,1106.1016589615947,1001.2073410384055,1048.45,1049.89,1036.6,1032.27,1089.05,-0.992437932756729
2022-01-18 20:00:00+00:00,1051.98,1051.98,1026.84,1030.5,1032.568093,-22.269999999999982,29.95887598744692,5985973,1106.3152679335676,999.9577320664324,1049.72,1048.45,1049.89,1033.9,1113.0,0.000179341841431
2022-01-19 12:00:00+00:00,1041.35,1054.17,1003.18,1013.97,1031.352754,-48.049999999999955,32.76302585578735,5791428,1107.4957826944212,996.9642173055788,1030.5,1049.72,1048.45,1036.6,1105.55,-0.997298084665090
2022-01-19 16:00:00+00:00,1014.98,1027.79,995.71,1007.37,1011.886264,-57.08000000000004,32.67195574168236,5574850,1109.017526023964,993.5374739760359,1013.97,1030.5,1049.72,1049.89,1073.22,-0.997298084665090
2022-01-19 20:00:00+00:00,1007.2,1011.28,995.0,995.61,1000.397057,-93.43999999999994,30.486361642791376,5488356,1110.4696612615642,990.9523387384359,1007.37,1013.97,1030.5,1048.45,1058.91,0.999365011288319
2022-01-20 12:00:00+00:00,1008.14,1041.34,1003.38,1039.08,1026.037484,-73.92000000000007,32.518846757085846,5686987,1110.4742683979432,991.0057316020567,995.61,1007.37,1013.97,1049.72,1032.27,0.000057464480051
2022-01-20 16:00:00+00:00,1039.67,1040.1,1010.41,1010.545,1030.546566,-95.005,32.14166718947439,5515735,1110.5656165975206,986.1218834024794,1039.08,995.61,1007.37,1030.5,1033.9,0.000057464480051
2022-01-20 20:00:00+00:00,1010.97,1013.95,994.12,996.45,999.539833,-76.76999999999998,30.500111564211146,5384761,1111.867681173787,979.1878188262127,1010.545,1039.08,995.61,1013.97,1036.6,0.000057464480051
2022-01-21 12:00:00+00:00,996.95,1003.85,951.76,972.0,973.506079,-86.91000000000008,33.37876335564967,5017067,1114.4882922677295,967.5652077322709,996.45,1010.545,1039.08,1007.37,1049.89,-0.057871729135513
2022-01-21 16:00:00+00:00,972.89,983.7,949.06,949.06,964.437096,-83.21000000000004,33.54692824156306,4766448,1118.4530662835746,952.0614337164257,972.0,996.45,1010.545,995.61,1048.45,-0.057871729135513
2022-01-21 20:00:00+00:00,948.47,961.67,940.57,943.6,949.680409,-90.30000000000007,31.88733780935464,4594895,1116.6318203926285,939.3376796073718,949.06,972.0,996.45,1039.08,1049.72,-0.057871729135513
2022-01-24 12:00:00+00:00,887.45,914.74,852.51,890.27,883.913127,-146.32999999999993,39.781026101440695,4001232,1115.8796290394685,917.8168709605317,943.6,949.06,972.0,1010.545,1030.5,0.000285380359855
2022-01-24 16:00:00+00:00,885.01,906.07,852.0,890.31,876.111271,-159.58000000000015,41.68622262124861,4524792,1111.129381034908,901.0431189650919,890.27,943.6,949.06,996.45,1013.97,0.000285380359855
2022-01-24 20:00:00+00:00,890.09,933.04,884.39,929.85,910.980449,-118.60000000000002,42.61472627174879,4664236,1104.238372885479,893.5971271145208,890.31,890.27,943.6,972.0,1007.37,-0.852980799973011
2022-01-25 12:00:00+00:00,907.3,931.89,905.665,922.995,918.691983,-126.72500000000002,40.42942943551562,4431084,1098.6762700074826,885.5677299925176,929.85,890.31,890.27,949.06,995.61,0.011164853480295
2022-01-25 16:00:00+00:00,923.44,950.72,904.15,948.16,924.397251,-82.34000000000003,41.24817217744688,4687671,1094.4382349750308,881.3947650249694,922.995,929.85,890.31,943.6,1039.08,0.011164853480295
2022-01-25 20:00:00+00:00,947.68,947.68,916.51,918.33,930.886411,-95.63999999999999,39.968415887120635,4543811,1090.6762858184452,873.5997141815546,948.16,922.995,929.85,890.27,1010.545,0.011164853480295
2022-01-26 12:00:00+00:00,952.56,963.3,939.365,942.665,950.784145,-64.70500000000004,40.635293768837876,4736853,1084.1710876311656,870.7114123688344,918.33,948.16,922.995,890.31,996.45,0.999399506195914
2022-01-26 16:00:00+00:00,942.59,987.4,938.845,952.09,961.538175,-43.51999999999998,41.69125459965949,5111960,1074.1428981686224,870.9596018313779,942.665,918.33,948.16,929.85,972.0,0.999399506195914
2022-01-26 20:00:00+00:00,950.64,950.64,880.44,922.0,927.460614,-117.07999999999993,45.68575398637155,4827149,1063.5826109443667,868.8748890556333,952.09,942.665,918.33,922.995,949.06,0.772678636014462
2022-01-27 12:00:00+00:00,934.035,934.41,858.18,874.33,887.244608,-136.21499999999992,49.75832012152201,4234237,1054.7444373440385,860.1740626559617,922.0,952.09,942.665,948.16,943.6,-0.998001139028929
2022-01-27 16:00:00+00:00,874.795,878.275,840.0,845.14,862.194665,-151.31000000000006,48.227210771985746,3586548,1051.3198694834623,845.062630516538,874.33,922.0,952.09,918.33,890.27,-0.998001139028929
2022-01-27 20:00:00+00:00,844.56,848.35,821.86,838.5,837.072652,-133.5,45.32891600238765,3333643,1048.6586938122257,830.1768061877742,845.14,874.33,922.0,942.665,890.31,-0.998001139028929
2022-01-28 12:00:00+00:00,832.0,852.81,792.35,851.43,824.260893,-97.63,47.34639386873595,3844512,1042.6854487961077,820.5560512038923,838.5,845.14,874.33,952.09,929.85,0.999492835369892
2022-01-28 16:00:00+00:00,851.025,857.29,813.45,828.95,838.836169,-114.64999999999998,46.878874686237815,3450725,1039.046915396987,807.5285846030126,851.43,838.5,845.14,922.0,922.995,0.999492835369892
2022-01-28 20:00:00+00:00,830.65,847.29,823.255,846.365,836.921831,-43.90499999999997,43.83302472807277,3592838,1020.573699358317,806.7303006416831,828.95,851.43,838.5,874.33,948.16,0.946587530139368
2022-01-31 12:00:00+00:00,871.62,920.79,862.66,919.13,895.730593,28.82000000000005,47.91195476432973,3956233,1005.9013288698013,812.2611711301986,846.365,828.95,851.43,845.14,918.33,0.000179341841431
2022-01-31 16:00:00+00:00,919.0,936.87,912.39,934.92,924.164841,5.069999999999936,44.78769412908577,4365733,994.7054910206798,817.3040089793199,919.13,846.365,828.95,838.5,942.665,0.000179341841431
2022-01-31 20:00:00+00:00,934.71,937.5,918.75,936.5,930.069574,13.504999999999995,41.316001578541005,4557954,988.6893032893009,819.7701967106988,934.92,919.13,846.365,851.43,952.09,0.000020103558199
2022-02-01 12:00:00+00:00,934.4,936.99,905.02,936.81,922.399422,-11.350000000000023,40.06986803473554,4883473,986.8770778361298,820.3574221638702,936.5,934.92,919.13,828.95,922.0,-0.997029301361181
2022-02-01 16:00:00+00:00,936.8,943.35,918.49,924.16,931.257053,5.829999999999927,38.04188563010414,4658982,984.3796510853181,820.9108489146818,936.81,936.5,934.92,846.365,874.33,-0.997029301361181
2022-02-01 20:00:00+00:00,924.99,935.0,924.34,930.48,931.397245,-12.184999999999945,34.41496754609026,4748202,987.0836678736562,822.2278321263441,924.16,936.81,936.5,919.13,845.14,-0.000027077883715
2022-02-02 12:00:00+00:00,926.58,931.35,911.49,913.65,919.533534,-38.440000000000055,32.47430520661156,4592210,988.0561482908396,823.5893517091605,930.48,924.16,936.81,934.92,838.5,0.999417920887936
2022-02-02 16:00:00+00:00,913.82,913.82,889.48,907.05,902.739387,-14.950000000000045,31.389731179063357,4309120,986.1421766764743,823.2233233235261,913.65,930.48,924.16,936.5,851.43,0.999417920887936
2022-02-02 20:00:00+00:00,906.57,911.37,901.16,905.64,905.481707,31.309999999999945,28.565767021854914,4220735,984.8215617224397,822.8084382775602,907.05,913.65,930.48,936.81,828.95,0.999417920887936
2022-02-03 12:00:00+00:00,877.5,929.5,877.5,926.24,909.174077,81.10000000000002,31.690331418940925,4485358,981.7688533304465,823.6691466695531,905.64,907.05,913.65,924.16,846.365,0.001793992167222
2022-02-03 16:00:00+00:00,925.91,936.98,896.55,903.14,917.537433,64.63999999999999,32.85562056308214,4161503,980.6689775874639,823.2500224125364,926.24,905.64,907.05,930.48,919.13,0.001793992167222
2022-02-03 20:00:00+00:00,904.94,908.91,887.15,891.17,896.861698,39.74000000000001,31.37620448800452,4057077,975.8239279868283,822.9455720131716,903.14,926.24,905.64,913.65,934.92,0.999458286198205
2022-02-04 12:00:00+00:00,896.93,913.11,881.81,900.29,902.000876,71.33999999999992,31.36604388960393,4281834,969.1139500038495,824.4755499961506,891.17,903.14,926.24,907.05,936.5,-0.000024951874366
2022-02-04 16:00:00+00:00,899.28,934.47,892.73,931.5,917.593404,85.13499999999999,32.74923803765674,4636735,970.4061820239699,824.1333179760302,900.29,891.17,903.14,905.64,936.81,-0.000024951874366
2022-02-04 20:00:00+00:00,931.71,936.47,923.11,923.32,929.513634,4.190000000000055,30.16400629930251,4523094,972.9022742232438,826.5362257767559,931.5,900.29,891.17,926.24,924.16,0.997015492437640
2022-02-07 12:00:00+00:00,923.69,946.99,915.1,926.03,931.13879,-8.889999999999986,30.394138792728842,4723717,973.0853314252815,834.4421685747182,923.32,931.5,900.29,903.14,930.48,0.000285380359855
2022-02-07 16:00:00+00:00,925.23,928.38,907.7,919.36,915.905799,-17.139999999999986,29.09892028703166,4522067,970.1859078108959,845.4275921891041,926.03,923.32,931.5,891.17,913.65,0.000285380359855
2022-02-07 20:00:00+00:00,918.92,926.31,903.0,906.945,913.437231,-29.864999999999895,28.327064248760767,4432068,967.0603777835486,854.1046222164512,919.36,926.03,923.32,900.29,907.05,-0.888428131351247
2022-02-08 12:00:00+00:00,905.01,916.41,895.78,913.97,906.137871,-10.18999999999994,27.300789015592667,4575321,956.2238263677416,873.4431736322585,906.945,919.36,926.03,931.5,905.64,0.000021686224500
2022-02-08 16:00:00+00:00,916.7,926.04,913.46,916.67,919.78977,-13.81000000000006,25.33801714684697,4805184,944.3277025889245,892.3697974110753,913.97,906.945,919.36,923.32,926.24,0.000021686224500
2022-02-08 20:00:00+00:00,916.535,925.0,915.01,921.62,920.929683,7.970000000000027,23.291614860600706,4878490,944.4918025455387,892.4546974544613,916.67,913.97,906.945,926.03,903.14,0.924707232741639
2022-02-09 12:00:00+00:00,935.21,945.63,922.42,929.38,931.83766,22.33000000000004,23.387399545853942,5051999,943.5879649508241,892.8045350491758,921.62,916.67,913.97,919.36,891.17,-0.994948643143289
2022-02-09 16:00:00+00:00,929.82,938.55,926.32,930.3,932.904635,24.659999999999968,21.899746273073404,5207577,942.4757755564495,893.2967244435507,929.38,921.62,916.67,906.945,900.29,-0.994948643143289
2022-02-09 20:00:00+00:00,929.44,935.9,927.15,931.51,932.039635,5.269999999999982,20.146446769996952,5293388,941.4546913164784,893.7878086835215,930.3,929.38,921.62,913.97,931.5,-0.997361615794944
2022-02-10 12:00:00+00:00,908.37,943.7,906.655,936.5,929.702465,33.360000000000014,22.399587200664037,5487190,943.3870474544921,893.0894525455079,931.51,930.3,929.38,916.67,923.32,-0.000025250032195
2022-02-10 16:00:00+00:00,936.99,938.27,909.2,910.97,922.787645,19.800000000000068,23.28897557390882,5248518,941.9209591537532,892.604540846247,936.5,931.51,930.3,921.62,926.03,-0.000025250032195
2022-02-10 20:00:00+00:00,910.53,912.29,896.99,904.5,904.601312,4.210000000000036,22.223778830720974,5126330,942.0775742581105,891.5329257418895,910.97,936.5,931.51,929.38,919.36,0.000015421144781
2022-02-11 12:00:00+00:00,909.32,915.39,884.57,886.0,896.542845,-45.5,23.3699416532915,4899185,944.2794601934262,887.2260398065738,904.5,910.97,936.5,930.3,906.945,0.004531214697636
2022-02-11 16:00:00+00:00,885.99,892.17,852.05,855.48,875.760826,-67.84000000000003,25.60328276618597,4548133,952.3671169332488,874.1223830667514,886.0,904.5,910.97,931.51,913.97,0.004531214697636
2022-02-11 20:00:00+00:00,855.455,865.81,850.8,860.0,858.659134,-66.02999999999997,24.19084506402784,4718650,955.1617534419789,864.7037465580214,855.48,886.0,904.5,936.5,916.67,0.998366164334584
2022-02-14 12:00:00+00:00,853.45,886.89,853.405,884.97,873.571602,-34.389999999999986,25.430065722157465,4945423,955.5394157525382,862.5090842474615,860.0,855.48,886.0,910.97,921.62,-0.986122216563672
2022-02-14 16:00:00+00:00,885.04,898.68,859.3,873.67,883.949031,-33.27500000000009,27.290056959203135,4623731,956.6927179083095,859.6057820916906,884.97,860.0,855.48,904.5,929.38,-0.986122216563672
2022-02-14 20:00:00+00:00,874.48,878.49,868.2,875.66,873.299771,-38.31000000000006,25.023382697976047,4712877,957.5072767373836,856.3282232626163,873.67,884.97,860.0,886.0,930.3,-0.986122216563672
2022-02-15 12:00:00+00:00,899.26,921.35,894.47,916.29,913.451197,-0.37999999999999545,27.77893167157925,5012889,955.6359234998215,856.6785765001785,875.66,873.67,884.97,855.48,931.51,0.001654847568716
2022-02-15 16:00:00+00:00,916.65,920.68,908.51,916.0,915.633862,-5.6200000000000045,25.697740782035346,4835267,954.841817878432,856.7406821215679,916.29,875.66,873.67,860.0,936.5,0.001654847568716
2022-02-15 20:00:00+00:00,917.075,922.84,913.53,922.17,918.086275,-7.210000000000036,23.512708677763975,4920251,954.3429403206886,856.8535596793114,916.0,916.29,875.66,884.97,910.97,0.999184767773841
2022-02-16 12:00:00+00:00,914.01,916.44,903.04,911.63,908.51948,-18.66999999999996,22.928347520728778,4793552,953.6184080102676,856.8050919897325,922.17,916.0,916.29,873.67,904.5,0.999271764696459
2022-02-16 16:00:00+00:00,913.07,925.52,901.5,921.76,911.534719,-9.75,23.07390118463161,4960014,954.9209920716946,856.9840079283053,911.63,922.17,916.0,875.66,886.0,0.999271764696459
2022-02-16 20:00:00+00:00,922.29,926.14,920.25,923.39,923.322683,-13.110000000000014,20.782714360014058,5018199,955.895314527241,856.9516854727592,921.76,911.63,922.17,916.29,855.48,-0.959866201621480
2022-02-17 12:00:00+00:00,912.19,918.18,888.25,892.09,903.855772,-18.879999999999995,22.697019112012182,4850507,954.815562367834,855.5734376321659,923.39,921.76,911.63,916.0,860.0,0.976941530127078
2022-02-17 16:00:00+00:00,892.99,898.93,876.43,878.25,886.266501,-26.25,22.670749897077226,4573008,953.4094723943525,852.6425276056472,892.09,923.39,921.76,922.17,884.97,0.976941530127078
2022-02-17 20:00:00+00:00,878.71,880.38,874.22,876.02,877.481701,-9.980000000000018,20.469316577466923,4461291,950.5162214910388,850.1997785089611,878.25,892.09,923.39,911.63,873.67,0.999467646834091
2022-02-18 12:00:00+00:00,885.6,886.085,852.41,854.02,864.064168,-1.4600000000000364,22.23007436713801,4292771,948.6774907610608,844.410509238939,876.02,878.25,892.09,921.76,875.66,-0.997502079117112
2022-02-18 16:00:00+00:00,851.22,862.66,837.86,858.2,848.683026,-1.7999999999999545,22.57273111818627,4569449,944.9694173918365,840.7875826081636,854.02,876.02,878.25,923.39,916.29,-0.997502079117112
2022-02-18 20:00:00+00:00,859.09,862.26,850.72,856.97,856.042382,-28.0,21.101700302428096,4453874,939.079131549269,838.724868450731,858.2,854.02,876.02,892.09,916.0,0.999410205506138
2022-02-22 12:00:00+00:00,834.19,856.62,827.4,838.27,843.757029,-35.39999999999998,22.230806928771024,4223717,939.1120502439718,831.4219497560283,856.97,858.2,854.02,878.25,922.17,-0.996980963740498
2022-02-22 16:00:00+00:00,838.27,840.23,801.27,823.8,813.622189,-51.860000000000014,24.461366004934895,3777984,940.7993596950464,821.6646403049535,838.27,856.97,858.2,876.02,911.63,-0.996980963740498
2022-02-22 20:00:00+00:00,824.71,831.93,817.555,821.25,822.937021,-95.03999999999996,23.11651720427691,3634461,943.2385963168084,812.7504036831916,823.8,838.27,856.97,854.02,921.76,-0.996980963740498
2022-02-23 12:00:00+00:00,830.56,834.79,795.3,798.49,808.687817,-117.50999999999999,25.299648243706656,3376330,948.946201387933,801.3437986120667,821.25,823.8,838.27,858.2,923.39,-0.997913883533329
2022-02-23 16:00:00+00:00,797.41,800.49,771.04,773.02,785.821152,-149.14999999999998,25.85302847787911,2965379,957.4815185865441,784.1104814134558,798.49,821.25,823.8,856.97,892.09,-0.997913883533329
2022-02-23 20:00:00+00:00,772.72,774.03,760.65,764.04,766.96,-147.59000000000003,24.189958014161896,2761714,963.3267888276919,766.1722111723084,773.02,798.49,821.25,838.27,878.25,-0.997913883533329
2022-02-24 12:00:00+00:00,702.25,774.32,700.01,759.12,740.495708,-162.64,30.872630278940317,2101486,968.1621510564202,749.8818489435797,764.04,773.02,798.49,823.8,876.02,-0.000035707322240
2022-02-24 16:00:00+00:00,759.17,779.78,750.72,776.14,764.1864,-147.25,30.63094624174827,2567978,968.9165093205634,739.1754906794365,759.12,764.04,773.02,821.25,854.02,-0.000035707322240
2022-02-24 20:00:00+00:00,777.04,802.37,775.85,800.53,792.46913,-91.56000000000006,30.082820076181832,2760045,961.5782159879944,734.9377840120056,776.14,759.12,764.04,798.49,858.2,0.000022179228836
2022-02-25 12:00:00+00:00,811.48,819.06,783.03,799.2,796.128616,-79.04999999999995,30.875777399357588,2501074,953.0454789504587,731.7905210495413,800.53,776.14,759.12,773.02,856.97,-0.769942499697208
2022-02-25 16:00:00+00:00,799.63,814.79,794.57,803.66,804.73407,-72.36000000000001,29.45500707944323,2755377,941.6962179400422,731.288782059958,799.2,800.53,776.14,764.04,838.27,-0.769942499697208
2022-02-25 20:00:00+00:00,802.99,810.5,799.57,810.5,805.856202,-43.51999999999998,26.985006135517462,2836775,931.0042871515963,731.8677128484038,803.66,799.2,800.53,759.12,823.8,0.999300747847883
2022-02-28 12:00:00+00:00,815.5,868.39,815.0,865.15,841.429911,6.949999999999932,31.105671984115133,3090451,920.2670425240144,736.9439574759856,810.5,803.66,799.2,776.14,821.25,-0.000024865188607
2022-02-28 16:00:00+00:00,865.14,876.58,852.74,861.85,865.088671,4.8799999999999955,30.136915719566456,2749005,907.4019184161434,743.6550815838566,865.15,810.5,803.66,800.53,798.49,-0.000024865188607
2022-02-28 20:00:00+00:00,861.41,871.82,856.02,871.14,864.472542,32.870000000000005,28.225326956957606,2881400,903.2458058996406,745.7161941003594,861.85,865.15,810.5,799.2,773.02,0.629697016847786
2022-03-01 12:00:00+00:00,870.89,888.9,856.86,870.23,870.82409,46.430000000000064,28.733950029363253,2621793,901.7664808396555,746.3935191603443,871.14,861.85,865.15,803.66,764.04,0.998651001864346
2022-03-01 16:00:00+00:00,869.66,874.47,857.88,863.86,865.478719,42.610000000000014,27.114756692114824,2374320,899.6220467842941,747.3219532157059,870.23,871.14,861.85,810.5,759.12,0.998651001864346
2022-03-01 20:00:00+00:00,864.11,871.33,854.16,864.2,862.136968,65.71000000000004,25.78878913316619,2485813,901.120448273805,746.8415517261952,863.86,870.23,871.14,865.15,776.14,0.000430162424891
2022-03-02 12:00:00+00:00,872.78,885.76,845.555,848.56,866.193124,75.53999999999996,27.710950582077373,2235932,899.854663051191,747.1433369488091,864.2,863.86,870.23,861.85,800.53,-0.000045100328862
2022-03-02 16:00:00+00:00,848.615,874.74,845.96,869.92,861.242889,105.88,27.853490504467054,2561040,901.9040257551702,746.3889742448299,848.56,864.2,863.86,871.14,799.2,-0.000045100328862
2022-03-02 20:00:00+00:00,870.37,883.33,870.37,879.95,878.952129,120.83000000000004,25.927691770538125,2758908,907.7261273866573,744.7348726133428,869.92,848.56,864.2,870.23,803.66,-0.000045100328862
2022-03-03 12:00:00+00:00,878.69,885.45,851.32,851.32,864.890003,75.18000000000006,27.021332867799707,2585622,909.8551733278871,745.3578266721127,879.95,869.92,848.56,863.86,810.5,-0.997350200399524
2022-03-03 16:00:00+00:00,852.56,863.94,842.4,845.14,853.957319,44.610000000000014,26.290488485426422,2339322,911.3543220727678,746.2476779272323,851.32,879.95,869.92,864.2,865.15,-0.997350200399524
2022-03-03 20:00:00+00:00,842.52,843.635,832.92,839.38,837.851349,40.17999999999995,24.414423354036238,2192040,912.2555098525818,749.4354901474182,845.14,851.32,879.95,848.56,861.85,-0.000026681191230
2022-03-04 12:00:00+00:00,849.05,854.95,833.96,834.21,844.623611,30.550000000000068,23.957833573498075,1953500,910.6292110966805,757.1807889033197,839.38,845.14,851.32,869.92,871.14,0.008102927880827
2022-03-04 16:00:00+00:00,833.89,851.57,825.28,831.0,838.815056,20.5,24.268789097031675,1636490,906.6329765136852,767.8730234863149,834.21,839.38,845.14,879.95,870.23,0.996028023073450
2022-03-04 20:00:00+00:00,830.93,839.44,828.53,838.23,834.491156,-26.91999999999996,22.487617217427463,1747295,900.0531297776702,782.36387022233,831.0,834.21,839.38,851.32,863.86,-0.998098805022892
2022-03-07 12:00:00+00:00,857.5,866.13,825.32,829.23,849.56316,-32.620000000000005,24.930601588437128,1471560,894.5767000485904,793.1492999514095,838.23,831.0,834.21,845.14,864.2,0.987653792370111
2022-03-07 16:00:00+00:00,828.21,842.48,811.45,812.28,828.254346,-58.860000000000014,25.74385470997884,1132824,893.2880629697976,795.6129370302027,829.23,838.23,831.0,839.38,848.56,0.987653792370111
2022-03-07 20:00:00+00:00,812.4,812.86,803.3,803.3,807.791479,-66.93000000000006,23.586007415315006,996577,892.7216305307319,796.5893694692683,812.28,829.23,838.23,834.21,869.92,0.973782076500356
2022-03-08 12:00:00+00:00,795.49,821.64,782.51,820.71,801.061288,-43.14999999999998,25.65853975993967,1225519,891.0512636880059,799.9647363119942,803.3,812.28,829.23,831.0,879.95,-0.000020728846721
2022-03-08 16:00:00+00:00,820.41,849.63,807.49,838.41,832.384013,-25.790000000000077,27.856067791947716,1652600,889.5483497660122,804.2586502339879,820.71,803.3,812.28,838.23,851.32,-0.000020728846721
2022-03-08 20:00:00+00:00,838.855,843.685,823.0,824.38,831.700336,-24.17999999999995,26.899925419688014,1545478,887.7345300943821,801.9954699056179,838.41,820.71,803.3,829.23,845.14,0.000179341841431
2022-03-09 12:00:00+00:00,844.0,857.18,832.795,856.74,845.233042,-13.17999999999995,27.686602030396273,1765186,887.1121406484594,802.1068593515404,824.38,838.41,820.71,812.28,839.38,0.883945466950536
2022-03-09 16:00:00+00:00,856.26,858.06,846.83,856.605,852.490129,-23.345000000000027,25.492388426343425,1564327,884.9480765796352,802.817423420365,856.74,824.38,838.41,803.3,834.21,0.883945466950536
2022-03-09 20:00:00+00:00,854.9,860.52,854.08,858.725,858.114938,7.404999999999973,22.952069969497625,1676403,883.1221006673759,803.4928993326239,856.605,856.74,824.38,820.71,831.0,-0.231743049807847
2022-03-10 12:00:00+00:00,851.5,853.355,824.96,825.7,837.723818,-19.43999999999994,24.39379397356461,1479122,880.7214398914773,802.0775601085229,858.725,856.605,856.74,838.41,838.23,-0.987134607508779
2022-03-10 16:00:00+00:00,824.6,836.09,810.76,835.3,820.908069,-4.080000000000041,24.518621443756,1772406,877.8465951204658,802.0624048795343,825.7,858.725,856.605,824.38,829.23,-0.987134607508779
2022-03-10 20:00:00+00:00,836.34,839.41,829.26,838.21,835.968052,4.0,22.602805251255198,1862484,877.1163512346026,801.7576487653977,835.3,825.7,858.725,856.74,812.28,0.996142100833822
2022-03-11 12:00:00+00:00,840.38,843.055,813.85,820.38,824.217981,-10.620000000000005,23.483097884421163,1686223,872.6633967127636,801.2566032872364,838.21,835.3,825.7,856.605,803.3,-0.000013374257833
2022-03-11 16:00:00+00:00,819.95,819.95,794.19,795.63,802.139803,-42.60000000000002,23.844018166498337,1334202,866.9554638525491,798.532536147451,820.38,838.21,835.3,858.725,820.71,-0.000013374257833
2022-03-11 20:00:00+00:00,795.94,801.21,793.9,796.0,796.629532,-33.23000000000002,21.639482410965233,1456355,866.7176354734744,793.2383645265257,795.63,820.38,838.21,825.7,838.41,0.000116185387014
2022-03-14 12:00:00+00:00,779.8,800.7,757.47,771.41,780.196865,-40.870000000000005,24.518218089503204,1118178,870.6348317954775,781.9481682045226,796.0,795.63,820.38,835.3,824.38,-0.997524069389328
2022-03-14 16:00:00+00:00,770.4,775.98,756.06,766.6,765.187907,-36.69999999999993,23.90512234423612,836718,873.88364292352,771.4213570764798,771.41,796.0,795.63,838.21,856.74,-0.997524069389328
2022-03-15 12:00:00+00:00,765.0,800.84,756.67,789.9,780.945021,-30.81000000000006,26.607106031671314,1192310,873.3678867545084,767.5061132454919,766.6,771.41,796.0,820.38,856.605,-0.087734907865524
2022-03-15 16:00:00+00:00,790.7,805.385,785.34,801.35,797.45679,-37.059999999999945,25.7321585607818,1530357,872.298970724051,765.6100292759492,789.9,766.6,771.41,795.63,858.725,-0.087734907865524
2022-03-16 12:00:00+00:00,808.59,840.54,804.2,836.01,828.119266,11.629999999999995,27.52653741934422,1935664,872.0280909717197,765.6589090282804,801.35,789.9,766.6,796.0,825.7,0.000179341841431
2022-03-16 16:00:00+00:00,835.18,842.0,803.26,840.42,826.132884,-16.32000000000005,29.021665763431656,2419624,873.2786044194953,765.5273955805045,836.01,801.35,789.9,771.41,835.3,0.000179341841431
2022-03-17 12:00:00+00:00,830.99,854.135,826.5,849.685,844.990593,-6.920000000000073,28.8367769949741,2674362,876.6828525568972,765.8636474431028,840.42,836.01,801.35,766.6,838.21,-0.470540178008378
2022-03-17 16:00:00+00:00,849.46,874.82,849.43,871.53,867.626394,12.80499999999995,28.37720672897757,3053033,883.7181942653406,765.6513057346594,849.685,840.42,836.01,789.9,820.38,-0.470540178008378
2022-03-18 12:00:00+00:00,875.0,900.19,867.39,896.85,887.708067,71.14999999999998,28.966912498447236,3435817,895.7002402432453,761.2832597567545,871.53,849.685,840.42,801.35,795.63,-0.000011000691302
2022-03-18 16:00:00+00:00,895.765,907.83,892.46,905.39,900.813168,70.09000000000003,27.153990831987606,3838734,907.2990879839676,756.3824120160325,896.85,871.53,849.685,836.01,796.0,-0.000011000691302
2022-03-18 20:00:00+00:00,905.39,905.39,905.39,905.39,905.39,67.17999999999995,23.533458721055926,3838734,918.0618197650514,753.7206802349486,905.39,896.85,871.53,840.42,771.41,-0.000011120187992
2022-03-21 12:00:00+00:00,914.98,942.63,909.815,930.21,925.59382,109.83000000000004,25.36099755824847,4240175,931.6327754499355,747.4967245500643,905.39,905.39,896.85,849.685,766.6,0.999451279727509
2022-03-21 16:00:00+00:00,928.63,929.43,907.32,920.83,919.980237,125.20000000000005,25.031531217148675,3953327,941.5803302161423,743.9716697838578,930.21,905.39,905.39,871.53,789.9,0.999451279727509
2022-03-22 12:00:00+00:00,930.0,948.4,922.07,939.67,936.191568,143.66999999999996,25.369993721528843,4259149,954.602142976791,739.044357023209,920.83,930.21,905.39,896.85,801.35,-0.000007722479495
2022-03-22 16:00:00+00:00,939.4,997.66,938.8,994.25,979.208115,222.84000000000003,29.835327891991668,4879543,980.9449287486694,729.5565712513304,939.67,920.83,930.21,905.39,836.01,-0.000007722479495
2022-03-22 20:00:00+00:00,995.55,995.55,993.98,994.5,994.754304,227.89999999999998,26.066617506392774,4880663,1002.9627599949127,723.4587400050872,994.25,939.67,920.83,905.39,840.42,-0.000007722479495
2022-03-23 12:00:00+00:00,980.49,1040.35,976.4,1036.05,1013.318709,246.14999999999998,31.117735172207063,5513586,1032.087556274182,714.1179437258181,994.5,994.25,939.67,930.21,849.685,0.000001956144843
2022-03-23 16:00:00+00:00,1035.07,1037.98,985.13,998.73,1005.885479,197.38,34.015370482579456,5116499,1048.389454149076,715.6510458509238,1036.05,994.5,994.25,920.83,871.53,0.000001956144843
2022-03-24 12:00:00+00:00,1009.99,1023.73,988.96,1012.23,1007.363569,176.22000000000003,34.11598775156886,5420215,1063.6806726102507,722.019827389749,998.73,1036.05,994.5,939.67,896.85,0.000115824019304
2022-03-24 16:00:00+00:00,1008.04,1018.25,1001.61,1014.0,1010.208287,173.58000000000004,31.785856051359676,5636620,1076.3712215402868,731.1292784597127,1012.23,998.73,1036.05,994.25,905.39,0.000115824019304
2022-03-25 12:00:00+00:00,1008.26,1021.14,997.49,1001.98,1008.12824,152.29500000000007,30.701075244511717,5338180,1081.3589556672011,749.1985443327986,1014.0,1012.23,998.73,994.5,905.39,0.000285380359855
2022-03-25 16:00:00+00:00,999.38,1011.39,998.83,1011.155,1005.340458,139.625,28.28226521191015,5556824,1083.180952560419,771.8320474395813,1001.98,1014.0,1012.23,1036.05,930.21,0.000285380359855
2022-03-25 20:00:00+00:00,1010.15,1010.15,1009.75,1009.75,1010.098964,112.89999999999998,24.698629850322128,5555899,1083.9751947825384,793.0228052174617,1011.155,1001.98,1014.0,998.73,920.83,0.998678725445643
2022-03-28 12:00:00+00:00,1066.98,1096.31,1053.63,1086.15,1074.824849,180.7600000000001,32.946812536945835,5998016,1097.442837675027,808.0351623249728,1009.75,1011.155,1001.98,1012.23,939.67,0.873604568885639
2022-03-28 16:00:00+00:00,1086.44,1097.18,1071.96,1092.14,1087.97963,186.7500000000001,31.916570865353062,6317554,1112.0759376822582,819.0150623177417,1086.15,1009.75,1011.155,1014.0,994.25,0.873604568885639
2022-03-29 12:00:00+00:00,1107.56,1114.47,1073.3,1100.47,1093.658441,170.26,33.150361416639335,6691367,1124.4787574592046,832.6172425407954,1092.14,1086.15,1009.75,1001.98,994.5,0.000008098060789
2022-03-29 16:00:00+00:00,1101.61,1105.1,1090.39,1099.0,1098.342179,178.16999999999996,30.6916465610874,6431526,1133.1405254644874,848.8869745355123,1100.47,1092.14,1086.15,1011.155,1036.05,0.000008098060789
2022-03-30 12:00:00+00:00,1091.17,1113.645,1084.75,1105.1,1099.215187,165.42999999999995,30.452093686275745,6685127,1141.8337191854685,863.5507808145317,1099.0,1100.47,1092.14,1009.75,998.73,0.000179341841431
2022-03-30 16:00:00+00:00,1106.4,1112.47,1085.04,1093.3,1096.586985,99.04999999999995,30.04914786143899,6469427,1147.8810814072945,877.1484185927055,1105.1,1099.0,1100.47,1086.15,1012.23,0.000179341841431
2022-03-31 12:00:00+00:00,1094.65,1102.72,1082.425,1097.1,1091.591793,102.59999999999991,28.748594813247134,6683756,1152.5896314786069,891.610868521393,1093.3,1105.1,1099.0,1092.14,1014.0,0.000179341841431
2022-03-31 16:00:00+00:00,1096.26,1096.74,1077.2,1077.7,1086.478963,41.65000000000009,27.568782171480834,6480574,1151.1238601164998,910.3076398834999,1097.1,1093.3,1105.1,1100.47,1001.98,0.000179341841431
2022-04-01 12:00:00+00:00,1081.04,1094.62,1067.59,1079.0,1079.875303,80.26999999999998,27.496944548616717,6709917,1150.5353161043433,925.7751838956566,1077.7,1097.1,1093.3,1099.0,1011.155,0.000005546695320
2022-04-01 16:00:00+00:00,1079.26,1085.22,1074.48,1084.59,1080.562913,72.3599999999999,25.262685275467824,6918031,1145.8569954813245,946.8295045186759,1079.0,1077.7,1097.1,1105.1,1009.75,0.000005546695320
2022-04-04 12:00:00+00:00,1089.25,1136.305,1073.2,1132.56,1107.976796,118.55999999999995,30.308327238738784,7307563,1149.1576563948036,962.8178436051966,1084.59,1079.0,1077.7,1093.3,1086.15,0.987633857119363
2022-04-04 16:00:00+00:00,1132.075,1149.9,1127.63,1145.75,1141.130691,143.76999999999998,29.236550273573613,7640506,1160.1694934430384,966.9560065569618,1132.56,1084.59,1079.0,1097.1,1092.14,0.987633857119363
2022-04-05 12:00:00+00:00,1136.62,1151.305,1101.66,1103.415,1123.302283,92.25999999999999,31.957676903763794,7270889,1161.4109529236132,976.6060470763867,1145.75,1132.56,1084.59,1077.7,1100.47,-0.767707958933897
2022-04-05 16:00:00+00:00,1103.65,1108.36,1087.7,1091.15,1095.71599,81.40000000000009,30.451319983261936,7008797,1163.310089812513,980.216910187487,1103.415,1145.75,1132.56,1079.0,1099.0,-0.767707958933897
2022-04-06 12:00:00+00:00,1071.69,1077.615,1033.0,1041.79,1047.652248,-44.36000000000013,34.14447731882702,6613638,1160.0993000973297,987.7336999026703,1091.15,1103.415,1145.75,1084.59,1105.1,-0.000012110809621
2022-04-06 16:00:00+00:00,1042.0,1063.96,1028.01,1045.52,1044.838783,-46.62000000000012,34.38521367631676,7080236,1157.948893757762,993.2131062422382,1041.79,1091.15,1103.415,1132.56,1093.3,-0.000012110809621
2022-04-07 12:00:00+00:00,1053.61,1076.0,1027.96,1032.23,1054.937537,-68.24000000000001,36.205851852807854,6734983,1156.3564700397558,996.6285299602444,1045.52,1041.79,1091.15,1145.75,1097.1,0.882577443146147
2022-04-07 16:00:00+00:00,1033.47,1065.78,1022.13,1056.53,1044.443707,-42.47000000000003,37.198404939100136,7101533,1151.759366807457,1006.6806331925433,1032.23,1045.52,1041.79,1103.415,1077.7,0.882577443146147
2022-04-08 12:00:00+00:00,1043.32,1047.81,1022.555,1034.1,1033.121847,-71.0,36.76861761388679,6798912,1148.9943204201943,1011.7401795798053,1056.53,1032.23,1045.52,1091.15,1079.0,0.000179341841431
2022-04-08 16:00:00+00:00,1034.8,1043.77,1025.0,1025.25,1033.236649,-68.04999999999995,34.36880193203522,6663096,1146.6926452754985,1015.5918547245012,1034.1,1056.53,1032.23,1041.79,1084.59,0.000179341841431
2022-04-11 12:00:00+00:00,980.35,1007.85,976.21,985.03,991.413588,-112.06999999999994,36.32496167443052,6383689,1154.3722067209953,997.8002932790048,1025.25,1034.1,1056.53,1045.52,1132.56,0.000811021804111
2022-04-11 16:00:00+00:00,984.405,992.9,974.76,975.725,981.915808,-101.97500000000002,33.900300117839784,6131410,1159.9999824232816,980.5310175767183,985.03,1025.25,1034.1,1032.23,1145.75,0.000811021804111
2022-04-12 12:00:00+00:00,997.87,1020.42,988.37,998.4,1005.204063,-80.60000000000002,35.33959343546114,6452104,1159.1717882584887,971.1522117415112,975.725,985.03,1025.25,1056.53,1103.415,0.000285380359855
2022-04-12 16:00:00+00:00,998.14,1004.7,976.85,987.01,988.382101,-97.57999999999993,34.34098097739966,6250275,1158.3076565500312,960.8173434499688,998.4,975.725,985.03,1034.1,1091.15,0.000285380359855
2022-04-13 12:00:00+00:00,980.76,1009.62,973.42,1006.8,992.93842,-125.75999999999999,34.58885018041305,6467343,1153.634422288732,955.6605777112676,987.01,998.4,975.725,1025.25,1041.79,0.999226063082460
2022-04-13 16:00:00+00:00,1005.89,1026.06,1003.56,1022.78,1017.972212,-122.97000000000003,32.97700348969131,6694835,1149.3321431202357,952.9108568797643,1006.8,987.01,998.4,985.03,1045.52,0.999226063082460
2022-04-14 12:00:00+00:00,999.075,1011.43,983.34,988.1,991.752775,-115.31499999999994,33.838736357732465,6439856,1145.2273097962927,946.1156902037071,1022.78,1006.8,987.01,975.725,1032.23,0.980974608450197
2022-04-14 16:00:00+00:00,987.24,997.11,982.35,984.56,987.89472,-106.59000000000015,31.294904843368137,6181063,1142.9473924186264,939.0816075813735,988.1,1022.78,1006.8,998.4,1056.53,0.980974608450197
2022-04-18 12:00:00+00:00,991.98,1009.07,974.21,999.79,993.892601,-42.0,31.77025086425239,6359486,1138.9278581517458,935.1801418482539,984.56,988.1,1022.78,987.01,1034.1,0.000261726054305
2022-04-18 16:00:00+00:00,998.495,1014.58,986.51,1003.84,1004.090382,-41.67999999999995,31.276884082352076,6579155,1133.346811844039,932.6861881559608,999.79,984.56,988.1,1006.8,1025.25,0.000261726054305
2022-04-19 12:00:00+00:00,1003.845,1034.66,995.4,1029.05,1020.416648,-3.1800000000000637,32.341299538038484,6753451,1116.5574889793743,939.1245110206255,1003.84,999.79,984.56,1022.78,985.03,-0.000023635315301
2022-04-19 16:00:00+00:00,1028.89,1029.69,1018.15,1028.55,1025.410809,-27.980000000000018,29.5677929329667,6607225,1091.2578688211993,952.7041311788007,1029.05,1003.84,999.79,988.1,975.725,-0.000023635315301
2022-04-19 20:00:00+00:00,1023.12,1023.12,1023.12,1023.12,1023.12,-10.979999999999905,26.34942054190447,6606764,1075.7207909354947,960.2117090645055,1028.55,1029.05,1003.84,984.56,998.4,0.996073394431733
2022-04-20 12:00:00+00:00,1030.33,1033.38,987.8,989.165,1002.934046,-36.085000000000036,28.913497802983894,6269633,1060.5449590916335,965.1890409083665,1023.12,1028.55,1029.05,999.79,987.01,-0.959458796307445
2022-04-20 16:00:00+00:00,989.625,990.73,975.31,977.24,983.435831,-7.789999999999964,27.11436476258605,5979317,1057.8103582901185,961.4686417098814,989.165,1023.12,1028.55,1003.84,1006.8,-0.959458796307445
2022-04-20 20:00:00+00:00,998.43,1025.0,993.62,1018.5,1011.249272,42.77499999999998,29.867116127574576,5992686,1053.6563397683733,962.9206602316264,977.24,989.165,1023.12,1029.05,1022.78,-0.959458796307445
2022-04-21 12:00:00+00:00,1074.96,1090.08,1036.21,1036.21,1066.16556,37.81000000000006,35.42883397723129,6489507,1054.3299462581679,962.645053741832,1018.5,977.24,989.165,1028.55,988.1,0.000012558557501
2022-04-21 16:00:00+00:00,1037.435,1041.965,996.79,1009.52,1018.913267,22.50999999999999,36.72832278026711,6147452,1046.0441400284315,966.2298599715684,1036.21,1018.5,977.24,1023.12,984.56,0.000012558557501
2022-04-22 12:00:00+00:00,1016.0,1034.455,994.45,1015.32,1018.037552,8.520000000000095,37.16521307623148,6512063,1043.171724627576,967.2242753724242,1009.52,1036.21,1018.5,989.165,999.79,0.999380188863142
2022-04-22 16:00:00+00:00,1014.8,1021.54,1002.28,1005.085,1010.162562,-17.694999999999936,34.77785133273395,6284057,1040.9739473326424,967.4055526673578,1015.32,1009.52,1036.21,977.24,1003.84,0.999380188863142
2022-04-22 20:00:00+00:00,1005.05,1005.05,1005.05,1005.05,1005.05,16.949999999999932,30.145471155036102,6283955,1040.8520826305355,969.5294173694645,1005.085,1015.32,1009.52,1018.5,1029.05,0.000061716054915
2022-04-25 12:00:00+00:00,977.96,1008.47,976.2,992.26,991.263592,7.7000000000000455,30.428741667697953,6031000,1039.5028436122102,972.5321563877897,1005.05,1005.085,1015.32,1036.21,1028.55,0.000582498156291
2022-04-25 16:00:00+00:00,986.99,1006.11,979.0,998.76,993.964337,-1.0299999999999727,29.98624277867156,6281888,1039.5039852390455,972.5670147609543,992.26,1005.05,1005.085,1009.52,1023.12,0.000582498156291
2022-04-26 12:00:00+00:00,996.1,999.93,893.6,893.6,933.639326,-110.24000000000001,40.16541040818201,5540921,1061.4774617081794,941.2525382918207,998.76,992.26,1005.05,1015.32,989.165,-0.996886154112872
2022-04-26 16:00:00+00:00,895.405,906.8,875.25,875.7,891.773245,-153.3499999999999,39.01668902042441,5171295,1076.9740922338792,912.6459077661208,893.6,998.76,992.26,1005.085,977.24,-0.996886154112872
2022-04-26 20:00:00+00:00,872.0,872.0,872.0,872.0,872.0,-156.54999999999995,34.30779715103449,5170395,1084.852491482688,889.6895085173118,875.7,893.6,998.76,1005.05,1018.5,-0.996886154112872
2022-04-27 12:00:00+00:00,899.005,917.57,881.82,900.16,901.19492,-122.96000000000004,35.80942419756323,5567163,1087.9365552305148,877.8114447694853,872.0,875.7,893.6,992.26,1036.21,0.000285380359855
2022-04-27 16:00:00+00:00,902.2,909.3,877.455,881.78,889.736844,-107.38499999999999,35.28083430455479,5291117,1092.0937478530277,863.3762521469721,900.16,872.0,875.7,998.76,1009.52,0.000285380359855
2022-04-28 12:00:00+00:00,896.775,898.94,821.755,837.98,841.24233,-139.26,40.868056397280824,4691194,1099.3048242037355,839.9841757962647,881.78,900.16,872.0,893.6,1015.32,0.998770995502127
2022-04-28 16:00:00+00:00,838.28,895.0,837.05,877.34,871.11326,-141.15999999999997,43.14564887764339,5340096,1098.1931051154133,828.4458948845871,837.98,881.78,900.16,875.7,1005.085,0.998770995502127
2022-04-28 20:00:00+00:00,867.0,867.0,867.0,867.0,867.0,-169.21000000000004,38.77156236062427,5339975,1092.9051768955799,817.5288231044201,877.34,837.98,881.78,872.0,1005.05,-0.000025779921998
2022-04-29 12:00:00+00:00,901.86,933.82,890.84,910.89,913.865993,-98.63,42.511354045874384,5782338,1083.8472527455829,814.8207472544174,867.0,877.34,837.98,900.16,992.26,0.910986664472148
2022-04-29 16:00:00+00:00,909.46,909.46,870.085,870.77,888.055651,-144.55000000000007,42.28384017309113,5433990,1075.8907968600222,807.542203139978,910.89,867.0,877.34,881.78,998.76,0.910986664472148
2022-05-02 12:00:00+00:00,860.2,895.0,848.79,877.24,874.331816,-127.84500000000003,42.80732815001232,5773377,1071.2946191242704,800.9458808757294,870.77,910.89,867.0,837.98,893.6,0.000285380359855
2022-05-02 16:00:00+00:00,880.73,905.29,859.11,903.17,878.381986,-101.88,43.257017730010666,6101677,1066.9045422174092,797.9289577825909,877.24,870.77,910.89,877.34,875.7,0.000285380359855
2022-05-03 12:00:00+00:00,902.65,923.8,889.57,914.13,909.051756,-78.13,42.05341536600923,6379106,1055.5829631117108,798.8135368882894,903.17,877.24,870.77,867.0,872.0,-0.000004088193236
2022-05-03 16:00:00+00:00,914.11,920.5,900.2,909.32,907.952009,-89.43999999999994,39.152959983874666,6156326,1038.6613815494995,803.0461184505003,914.13,903.17,877.24,910.89,900.16,-0.000004088193236
2022-05-04 12:00:00+00:00,904.15,915.56,885.8,896.3,896.256136,2.699999999999932,37.900565319358044,5939425,1025.7166460336662,804.6688539663342,909.32,914.13,903.17,870.77,881.78,-0.000057394721807
2022-05-04 16:00:00+00:00,896.66,955.03,894.135,952.48,927.54154,76.77999999999997,40.966489943443634,6478768,1013.8153955138813,810.2861044861187,896.3,909.32,914.13,877.24,837.98,0.988192684977548
2022-05-04 20:00:00+00:00,948.5,948.5,948.5,948.5,948.5,76.5,36.034957950984484,6478668,1002.9223539588545,815.5206460411455,952.48,896.3,909.32,903.17,877.34,0.988192684977548
2022-05-05 12:00:00+00:00,947.6,950.0,877.41,878.66,904.186475,-21.5,40.90896355751989,6032488,985.8178989514946,819.9861010485055,948.5,952.48,896.3,914.13,867.0,0.696352101862431
2022-05-05 16:00:00+00:00,877.75,888.18,857.88,873.77,873.860445,-8.009999999999991,39.494435083183895,5537541,969.2610020485881,824.6939979514123,878.66,948.5,952.48,909.32,910.89,0.696352101862431
2022-05-06 12:00:00+00:00,876.0,887.4,843.58,870.78,867.26053,32.799999999999955,40.0711770720927,5105592,945.4965918419986,835.6604081580014,873.77,878.66,948.5,896.3,870.77,0.000010428055248
2022-05-06 16:00:00+00:00,870.32,880.59,856.87,866.0,866.396549,-11.340000000000032,37.89102012914701,4882386,945.1738142111762,833.2231857888239,870.78,873.77,878.66,952.48,877.24,0.000010428055248
2022-05-09 12:00:00+00:00,830.07,845.35,797.77,814.64,817.918844,-52.360000000000014,41.93621744526074,4477309,951.1527292254196,821.1382707745803,866.0,870.78,873.77,948.5,903.17,-0.766395926009864
2022-05-09 16:00:00+00:00,814.47,822.93,781.27,788.13,800.150713,-122.75999999999999,41.8993884525593,4044123,960.261034929351,803.642965070649,814.64,866.0,870.78,878.66,914.13,-0.766395926009864
2022-05-10 12:00:00+00:00,804.1,825.08,774.31,788.145,799.793439,-82.625,43.082136658884735,4453419,964.5726252517112,788.1298747482889,788.13,814.64,866.0,873.77,909.32,0.000031417970604
2022-05-10 16:00:00+00:00,787.1,816.655,782.49,800.75,800.25576,-76.49000000000001,41.89318510436677,4758763,966.6976615778028,777.9018384221974,788.145,788.13,814.64,870.78,896.3,0.000031417970604
2022-05-11 12:00:00+00:00,793.93,809.7,768.43,782.02,789.329367,-121.14999999999998,41.81009375711788,4395276,971.2166239976409,767.7868760023591,800.75,788.145,788.13,866.0,952.48,-0.997419278020971
2022-05-11 16:00:00+00:00,781.63,783.86,727.54,734.495,745.873806,-179.635,43.74474792283551,3823335,980.4925639084954,744.2264360915044,782.02,800.75,788.145,814.64,948.5,-0.997419278020971
2022-05-11 20:00:00+00:00,737.0,740.25,737.0,740.25,739.567227,-169.07000000000005,38.67944819979078,3823812,986.102271872848,725.9417281271519,734.495,782.02,800.75,788.13,878.66,-0.997419278020971
2022-05-12 12:00:00+00:00,701.1,759.03,680.0,723.07,720.859538,-173.2299999999999,44.05952177315201,2993769,986.7633326678579,706.4986673321421,740.25,734.495,782.02,788.145,873.77,0.998602444888093
2022-05-12 16:00:00+00:00,722.48,739.06,705.77,728.5,720.356904,-223.98000000000002,42.62358553673174,3413744,988.6456962289969,690.3893037710029,723.07,740.25,734.495,800.75,870.78,0.998602444888093
2022-05-13 12:00:00+00:00,773.27,776.16,752.24,769.6,767.073235,-178.89999999999998,43.295107465167504,3787969,985.2871778429034,682.9838221570966,728.5,723.07,740.25,782.02,866.0,-0.000027984508051
2022-05-13 16:00:00+00:00,770.09,787.11,758.28,769.2,771.102245,-109.45999999999992,41.36642646981185,3470019,977.5779163138652,677.296083686135,769.6,728.5,723.07,734.495,814.64,-0.000027984508051
2022-05-16 12:00:00+00:00,767.67,769.22,732.0,742.05,749.21257,-131.72000000000003,40.81356960717027,3134096,967.7735301807219,669.8924698192781,769.2,769.6,728.5,740.25,788.13,-0.997472516930429
2022-05-16 16:00:00+00:00,742.94,745.63,719.13,724.73,730.785118,-146.04999999999995,38.90509365954757,2751281,957.8098932884384,661.3971067115615,742.05,769.2,769.6,723.07,788.145,-0.997472516930429
2022-05-17 12:00:00+00:00,743.65,758.51,729.11,754.77,745.471112,-111.23000000000002,38.22174783827456,3103545,946.7660441848423,658.2879558151578,724.73,742.05,769.2,728.5,800.75,0.999178832877078
2022-05-17 16:00:00+00:00,754.08,764.19,744.97,761.78,755.491316,-52.860000000000014,35.688181459837956,3425802,919.6322905621776,666.3517094378224,754.77,724.73,742.05,769.6,782.02,0.987380668055266
2022-05-18 12:00:00+00:00,744.52,760.15,727.7,728.98,744.364218,-59.14999999999998,35.47375726519289,3120594,888.327084464362,675.7049155356382,761.78,754.77,724.73,769.2,734.495,-0.998138639610261
2022-05-18 16:00:00+00:00,728.07,729.03,700.87,710.24,710.767843,-77.90499999999997,34.49858962983383,2547439,874.2017784155059,672.9882215844941,728.98,761.78,754.77,742.05,740.25,-0.998138639610261
2022-05-19 12:00:00+00:00,698.0,733.61,694.18,727.44,711.89153,-73.30999999999995,35.15611101252266,3017986,857.0098191501465,675.5471808498535,710.24,728.98,761.78,724.73,723.07,0.908891366911121
2022-05-19 16:00:00+00:00,728.56,730.0,704.69,709.36,713.727088,-72.65999999999997,33.84329621085296,2633058,837.8371025687193,678.5778974312807,727.44,710.24,728.98,754.77,728.5,0.908891366911121
2022-05-20 12:00:00+00:00,714.62,721.39,658.54,665.14,681.795259,-69.35500000000002,37.71085671607257,2063600,820.9211226248761,675.407877375124,709.36,727.44,710.24,761.78,769.6,-0.997825883387122
2022-05-20 16:00:00+00:00,664.24,665.21,633.01,664.42,648.678297,-75.83000000000004,36.97607582059623,1489731,815.5008476729367,665.8061523270633,665.14,709.36,727.44,728.98,769.2,-0.997825883387122
2022-05-20 20:00:00+00:00,664.13,664.13,661.0,661.0,663.076553,-62.07000000000005,32.50193237785006,1485986,813.6266335020418,654.967366497958,664.42,665.14,709.36,710.24,742.05,-0.997825883387122
2022-05-23 12:00:00+00:00,654.34,672.235,638.64,668.31,657.40555,-60.190000000000055,32.64767472747006,1937053,808.6064091627678,648.0040908372324,661.0,664.42,665.14,727.44,724.73,-0.000563722991501
2022-05-23 16:00:00+00:00,667.68,679.84,661.79,674.89,671.69033,-94.71000000000004,30.70131809714073,2217725,798.0208671343336,646.0036328656664,668.31,661.0,664.42,709.36,754.77,-0.000563722991501
2022-05-24 12:00:00+00:00,653.63,653.63,627.72,643.0,640.920744,-126.20000000000005,32.8971423508553,1800709,793.3561036235745,636.7663963764254,674.89,668.31,661.0,665.14,761.78,-0.000013165852579
2022-05-24 16:00:00+00:00,642.87,653.5,620.85,628.58,634.112119,-113.46999999999991,32.86419003740792,1375585,796.408550068963,623.122449931037,643.0,674.89,668.31,664.42,728.98,-0.000013165852579
2022-05-25 12:00:00+00:00,623.54,666.27,623.54,657.63,648.598668,-67.10000000000002,34.179631365753536,1758631,794.0186358651047,617.2503641348951,628.58,643.0,674.89,661.0,710.24,-0.980928295291960
2022-05-25 16:00:00+00:00,657.6,668.96,650.9,658.345,660.389099,-96.42499999999995,32.03034718365307,2139716,792.8109556321543,611.9855443678456,657.63,628.58,643.0,668.31,727.44,-0.980928295291960
2022-05-25 20:00:00+00:00,649.95,649.95,649.95,649.95,649.95,-111.82999999999993,28.878967559165993,2139475,790.9109836803871,606.0305163196131,658.345,657.63,628.58,674.89,709.36,0.996559847684694
2022-05-26 12:00:00+00:00,661.19,706.71,654.09,706.06,684.947586,-22.920000000000073,32.596438551277195,2642571,781.6053577376213,608.9821422623788,649.95,658.345,657.63,643.0,665.14,0.997120519765303
2022-05-26 16:00:00+00:00,706.09,718.62,700.615,707.61,709.670111,-2.6299999999999955,30.650913411106902,3063112,771.5349641774546,612.8935358225453,706.06,649.95,658.345,628.58,664.42,0.997120519765303
2022-05-27 12:00:00+00:00,723.13,755.09,720.92,753.09,743.650108,25.649999999999977,32.89479162295932,3506352,773.6847866099457,611.8477133900541,707.61,706.06,649.95,657.63,661.0,-0.396415880182758
2022-05-27 16:00:00+00:00,753.46,759.69,747.17,759.54,755.075804,50.17999999999995,30.17815273989809,3830617,779.7044285126052,609.3090714873948,753.09,707.61,706.06,658.345,668.31,-0.396415880182758
2022-05-31 12:00:00+00:00,770.87,778.405,734.29,768.25,755.835077,103.11000000000001,32.03639904124501,4309880,782.5708411084158,607.7906588915841,759.54,753.09,707.61,649.95,674.89,0.000179341841431
2022-05-31 16:00:00+00:00,768.45,778.09,748.85,758.55,763.423143,94.13,31.66354583574568,3918971,781.9015820585793,608.1369179414208,768.25,759.54,753.09,706.06,643.0,0.000179341841431
2022-06-01 12:00:00+00:00,755.63,771.03,734.52,735.985,750.928846,74.98500000000001,32.30973972431292,3596420,782.8824702807433,607.8565297192567,758.55,768.25,759.54,707.61,628.58,0.000412055291235
2022-06-01 16:00:00+00:00,736.46,750.33,730.955,740.23,740.918532,71.92000000000007,30.585107761071196,3885144,786.4579238101646,607.2800761898352,735.985,758.55,768.25,753.09,657.63,0.000412055291235
2022-06-02 12:00:00+00:00,732.5,791.42,726.57,784.95,763.259975,110.06000000000006,35.15376005959503,4249869,796.841997441816,602.647002558184,740.23,735.985,758.55,759.54,658.345,0.999442990621901
2022-06-02 16:00:00+00:00,785.74,792.48,772.34,774.89,779.816987,131.89,33.151925384982356,3700513,805.744254508567,600.2977454914329,784.95,740.23,735.985,768.25,649.95,0.999442990621901
2022-06-03 12:00:00+00:00,729.0,743.33,702.0,711.56,719.330231,82.9799999999999,38.450335333651374,3113106,806.547909823229,604.1360901767707,774.89,784.95,740.23,758.55,706.06,-0.998169833765132
2022-06-03 16:00:00+00:00,711.86,716.61,700.33,703.55,706.2631,45.91999999999996,35.49429062249786,2659104,806.669749898074,607.9272501019262,711.56,774.89,784.95,735.985,707.61,-0.998169833765132
2022-06-03 20:00:00+00:00,701.17,701.17,700.9,700.9,701.035,42.55499999999995,31.115051872831476,2658834,806.3256210028176,612.2613789971824,703.55,711.56,774.89,740.23,753.09,-0.998169833765132
2022-06-06 12:00:00+00:00,733.18,734.45,706.88,712.285,718.205926,62.33499999999992,31.439711623120623,3052209,806.5877324027443,616.3967675972557,700.9,703.55,711.56,784.95,759.54,-0.000010501629731
2022-06-06 16:00:00+00:00,711.88,722.69,703.23,714.33,712.984124,8.270000000000095,29.84241674003788,3400997,806.9865733848762,619.9419266151237,712.285,700.9,703.55,774.89,768.25,-0.000010501629731
2022-06-07 12:00:00+00:00,701.97,719.5,690.41,713.48,707.395953,5.8700000000000045,29.742094508032835,3043976,804.4458328781259,629.5306671218741,714.33,712.285,700.9,711.56,758.55,-0.000225038536882
2022-06-07 16:00:00+00:00,713.18,719.91,707.88,716.36,715.41111,-36.73000000000002,27.380481906961787,3374406,798.3338972949816,644.4206027050184,713.48,714.33,712.285,703.55,735.985,-0.000225038536882
2022-06-08 12:00:00+00:00,720.0,749.57,717.74,734.54,740.760448,-25.0,28.157750986033555,3711639,796.2228762025561,654.2226237974442,716.36,713.48,714.33,700.9,740.23,0.000285380359855
2022-06-08 16:00:00+00:00,734.14,736.26,723.115,725.48,728.133102,-42.76999999999998,26.156050854562412,3464674,792.234677066424,664.9243229335761,734.54,716.36,713.48,712.285,784.95,0.000285380359855
2022-06-09 12:00:00+00:00,747.59,766.26,731.71,743.77,751.055195,-14.779999999999973,28.105910740620757,3886484,785.2926730964164,681.2483269035836,725.48,734.54,716.36,714.33,774.89,0.000403475569328
2022-06-09 16:00:00+00:00,743.06,746.12,718.07,719.15,733.240369,-16.835000000000036,28.09845597520465,3560478,784.8229694558253,683.0270305441746,743.77,725.48,734.54,713.48,711.56,0.000403475569328
2022-06-10 12:00:00+00:00,711.19,718.32,683.84,692.02,697.788434,-48.210000000000036,29.05999517851069,3104006,786.1733239674809,680.1176760325191,719.15,743.77,725.48,716.36,703.55,-0.000021859232220
2022-06-10 16:00:00+00:00,691.74,703.48,685.23,697.27,694.574138,-87.68000000000006,27.6186624880426,3418258,784.8188540500996,675.8901459499004,692.02,719.15,743.77,734.54,700.9,-0.000021859232220
2022-06-10 20:00:00+00:00,711.04,711.14,703.56,704.32,706.821429,-70.56999999999994,25.78550748963692,3426937,781.4232065411392,673.7637934588607,697.27,692.02,719.15,725.48,712.285,-0.000021859232220
2022-06-13 12:00:00+00:00,668.04,679.61,644.25,663.46,657.412438,-48.09999999999991,30.35677315768534,2833784,779.7994154278099,664.9085845721902,704.32,697.27,692.02,743.77,714.33,-0.995926827512449
2022-06-13 16:00:00+00:00,663.86,669.22,644.18,647.2,653.293954,-56.34999999999991,29.64787006999397,2435487,780.6826608350862,652.8903391649137,663.46,704.32,697.27,719.15,713.48,-0.995926827512449
2022-06-14 12:00:00+00:00,652.59,666.61,635.22,664.63,648.264575,-36.26999999999998,29.880154060661443,2867350,780.4810930953292,645.9564069046708,647.2,663.46,704.32,692.02,716.36,0.042550313897664
2022-06-14 16:00:00+00:00,663.58,678.99,653.38,662.72,664.573213,-49.56499999999994,29.310800185906587,2401893,778.94389188104,639.74260811896,664.63,647.2,663.46,697.27,734.54,0.042550313897664
2022-06-15 12:00:00+00:00,661.98,685.31,655.0,679.17,673.825797,-35.16000000000008,29.444026827785702,2728376,765.0024736927826,643.1060263072172,662.72,664.63,647.2,704.32,725.48,0.999201698985416
2022-06-15 16:00:00+00:00,678.56,706.66,671.03,698.83,689.714224,-14.649999999999977,30.26882325074761,3368012,751.2725902074925,649.2299097925076,679.17,662.72,664.63,663.46,743.77,0.999201698985416
2022-06-16 12:00:00+00:00,669.01,675.27,646.64,649.12,657.984675,-67.24000000000001,33.191646817314606,2910976,752.6775612893188,641.5809387106814,698.83,679.17,662.72,647.2,719.15,0.000055343298300
2022-06-16 16:00:00+00:00,649.27,649.495,626.2,639.13,637.432216,-95.40999999999997,31.87209390833932,2340198,755.0755974360156,632.7409025639843,649.12,698.83,679.17,664.63,692.02,0.000055343298300
2022-06-17 12:00:00+00:00,640.395,662.85,639.77,647.42,649.697595,-78.06000000000006,30.78514805389408,2676766,755.7015051132121,626.7669948867879,639.13,649.12,698.83,662.72,697.27,-0.001150432406575
2022-06-17 16:00:00+00:00,645.23,659.4,644.59,650.075,651.985884,-93.69499999999994,28.655128313374863,2933133,754.2950965477111,621.9524034522889,647.42,639.13,649.12,679.17,704.32,-0.001150432406575
2022-06-17 20:00:00+00:00,649.9,649.9,649.9,649.9,649.9,-69.25,24.85777787159156,2932611,751.9690666810293,617.8354333189707,650.075,647.42,639.13,698.83,663.46,-0.000008878305380
2022-06-21 12:00:00+00:00,671.7,728.14,671.7,715.26,705.629514,23.24000000000001,31.975407488712683,3754978,752.2222685205144,617.7602314794857,649.9,650.075,647.42,649.12,647.2,0.999272663466400
2022-06-21 16:00:00+00:00,716.18,730.61,709.6,710.74,722.502496,13.470000000000027,30.513353156884325,3180118,751.434296361748,617.9862036382519,715.26,649.9,650.075,639.13,664.63,0.999272663466400
2022-06-22 12:00:00+00:00,703.13,740.29,701.84,713.67,723.368565,9.349999999999909,31.571572735966406,3668655,747.7084346382555,619.6250653617446,710.74,715.26,649.9,647.42,662.72,0.999274559260812
2022-06-22 16:00:00+00:00,715.58,722.43,704.33,708.48,712.55884,45.01999999999998,29.77536303783754,3216230,744.9443809640123,620.6891190359876,713.67,710.74,715.26,650.075,679.17,0.999274559260812
2022-06-23 12:00:00+00:00,711.15,717.46,687.88,706.44,704.867967,59.24000000000001,29.74931463279254,2818468,737.346096849144,624.5544031508559,708.48,713.67,710.74,649.9,698.83,0.000842175839352
2022-06-23 16:00:00+00:00,705.84,709.95,686.0,705.22,697.774822,40.59000000000003,28.976072681753543,2405805,734.9826174788391,625.5248825211609,706.44,708.48,713.67,715.26,649.12,0.000842175839352
2022-06-24 12:00:00+00:00,712.56,738.2,708.5,730.66,728.161165,67.93999999999994,29.50992965751974,2861808,741.2220909287292,623.1494090712707,705.22,706.44,708.48,710.74,639.13,0.998071131994948
2022-06-24 16:00:00+00:00,730.045,737.36,728.36,737.36,733.568921,58.190000000000055,26.77527236985044,3258768,747.9189979106025,620.4615020893975,730.66,705.22,706.44,713.67,647.42,0.000285380359855
2022-06-27 12:00:00+00:00,748.6,755.485,730.63,739.56,741.123872,40.729999999999905,26.519236053870387,3702574,753.8375057027816,618.0669942972185,737.36,730.66,705.22,708.48,650.075,-0.990597619209439
2022-06-27 16:00:00+00:00,739.31,739.41,727.87,734.8,733.258824,85.67999999999995,24.542004580020997,3392557,759.8802279916202,619.1582720083799,739.56,737.36,730.66,706.44,649.9,-0.990597619209439
2022-06-27 20:00:00+00:00,735.4,735.4,735.4,735.4,735.4,96.26999999999998,21.349737302684865,3392757,764.1781782386148,623.6803217613852,734.8,739.56,737.36,705.22,715.26,0.000108504405944
2022-06-28 12:00:00+00:00,733.45,749.8,708.86,709.66,730.513886,62.24000000000001,23.961772328993543,2972059,765.3539985768452,627.0075014231547,735.4,734.8,739.56,730.66,710.74,-0.997346004121937
2022-06-28 16:00:00+00:00,709.16,711.71,697.05,697.98,703.521896,47.90499999999997,22.721536018461084,2529999,765.2996924076404,630.5878075923597,709.66,735.4,734.8,737.36,713.67,-0.997346004121937
2022-06-28 20:00:00+00:00,697.17,697.17,697.17,697.17,697.17,47.26999999999998,19.799997882666283,2529399,765.622022772388,632.065477227612,697.98,709.66,735.4,739.56,708.48,-0.997346004121937
2022-06-29 12:00:00+00:00,691.7,693.475,666.89,675.3,678.447819,-39.960000000000036,21.197331498310774,2001797,765.2705496293767,630.0639503706235,697.17,697.98,709.66,734.8,706.44,-0.991047390270978
2022-06-29 16:00:00+00:00,675.08,687.06,667.14,685.2,678.141378,-25.539999999999964,21.027020631869334,2326658,763.4481991279993,635.4943008720006,675.3,697.17,697.98,735.4,705.22,-0.991047390270978
2022-06-30 12:00:00+00:00,674.99,686.94,656.81,685.76,670.990689,-27.909999999999968,22.24075121428677,2901119,759.6231646678158,643.9823353321843,685.2,675.3,697.17,709.66,730.66,-0.997355548199266
2022-06-30 16:00:00+00:00,685.69,688.0,668.815,674.5,678.040892,-33.98000000000002,21.833317719048527,2534287,756.7271503378558,649.5863496621441,685.76,685.2,675.3,697.98,737.36,-0.997355548199266
2022-07-01 12:00:00+00:00,681.02,690.46,667.11,671.72,678.098446,-34.72000000000003,22.035542023175395,2207058,754.0357738966694,654.4422261033304,674.5,685.76,685.2,697.17,739.56,-0.023841882910347
2022-07-01 16:00:00+00:00,671.04,681.7,666.53,681.7,674.110661,-23.519999999999982,21.120136420085352,2532392,750.0375521136996,661.6204478863003,671.72,674.5,685.76,675.3,734.8,-0.023841882910347
2022-07-05 12:00:00+00:00,668.05,674.435,648.63,673.58,661.645136,-57.07999999999993,22.713451564073978,2142733,749.9654659612377,657.5245340387623,681.7,671.72,674.5,685.2,735.4,-0.000012707008864
2022-07-05 16:00:00+00:00,674.24,699.44,673.95,699.44,688.257669,-37.91999999999996,23.13299135553078,2484964,749.3166231966507,657.0433768033495,673.58,681.7,671.72,685.76,709.66,-0.000012707008864
2022-07-06 12:00:00+00:00,692.45,703.0,682.04,684.25,689.239745,-55.309999999999945,22.84325917479335,2243929,748.3110577362513,655.1069422637488,699.44,673.58,681.7,674.5,697.98,0.000014997647668
2022-07-06 16:00:00+00:00,684.41,700.55,683.395,694.36,693.059699,-40.43999999999994,22.084824618154233,2475940,747.6009751535494,654.4050248464507,684.25,699.44,673.58,671.72,697.17,0.000014997647668
2022-07-07 12:00:00+00:00,702.07,725.86,696.69,724.34,718.56387,-11.059999999999945,23.340181335733668,2799197,749.6099597054774,654.1860402945224,694.36,684.25,699.44,681.7,675.3,-0.000030778977816
2022-07-07 16:00:00+00:00,724.32,736.04,724.32,733.63,731.724367,23.970000000000027,21.7908238243025,3128260,753.0939440725676,653.5430559274325,724.34,694.36,684.25,673.58,685.2,-0.000030778977816
2022-07-08 12:00:00+00:00,726.76,763.87,724.11,762.15,749.369387,64.16999999999996,24.186713981062166,3477022,760.0150315490546,649.7709684509455,733.63,724.34,694.36,699.44,685.76,0.999102904868778
2022-07-08 16:00:00+00:00,762.29,762.32,743.55,752.2,753.138902,55.030000000000086,23.464485450253893,3201823,762.9529811962245,648.3170188037755,762.15,733.63,724.34,684.25,674.5,0.999102904868778
2022-07-11 12:00:00+00:00,755.81,758.86,703.59,704.75,724.797704,29.450000000000045,27.70522072355337,2782892,758.9441577645105,648.8448422354898,752.2,762.15,733.63,694.36,671.72,-0.997986470698379
2022-07-11 16:00:00+00:00,704.84,716.2,700.935,703.05,707.087505,17.84999999999991,26.046524627079602,2366087,755.4004985016775,649.2135014983226,704.75,752.2,762.15,724.34,681.7,-0.997986470698379
2022-07-12 12:00:00+00:00,710.6,719.3,685.45,703.81,698.80296,18.049999999999955,27.086988010135645,2715261,751.5047928424783,649.9502071575216,703.05,704.75,752.2,733.63,673.58,0.320787424221635
2022-07-12 16:00:00+00:00,704.37,706.29,692.04,699.36,699.147432,24.860000000000014,25.375389608784225,2481968,750.8169723943007,649.6080276056992,703.81,703.05,704.75,762.15,699.44,0.320787424221635
2022-07-13 12:00:00+00:00,676.57,725.74,675.15,716.54,708.11253,44.819999999999936,28.737337660946334,2927127,752.2507821974751,650.030217802525,699.36,703.81,703.05,752.2,684.25,0.000025958303013
2022-07-13 16:00:00+00:00,717.6,724.97,711.02,711.02,718.63715,29.319999999999936,26.76569263948683,2637404,753.0918642294677,650.5741357705323,716.54,699.36,703.81,704.75,694.36,0.000025958303013
2022-07-13 20:00:00+00:00,711.0,713.8,711.0,711.3,711.8875,37.719999999999914,23.570266954221914,2638304,753.4776259996236,653.7883740003765,711.02,716.54,699.36,703.05,724.34,-0.000011274394637
2022-07-14 12:00:00+00:00,704.7,710.08,688.12,704.47,697.219719,5.029999999999973,23.518231360325654,2334656,753.6800387883729,655.512961211627,711.3,711.02,716.54,703.81,733.63,0.999328306104871
2022-07-14 16:00:00+00:00,705.41,715.875,695.52,714.94,706.022305,30.690000000000055,23.096467178948902,2615395,754.5122546645592,657.5987453354409,704.47,711.3,711.02,699.36,762.15,0.999328306104871
2022-07-15 12:00:00+00:00,720.78,730.0,711.44,719.6,718.999086,25.24000000000001,22.491604888422376,2844579,754.7393351757736,661.8816648242265,714.94,704.47,711.3,716.54,752.2,-0.000028988692065
2022-07-15 16:00:00+00:00,719.61,721.46,714.72,720.19,718.476299,-4.149999999999977,20.391390903299396,3048688,754.0785565815687,667.3894434184314,719.6,714.94,704.47,711.02,704.75,-0.000028988692065
2022-07-18 12:00:00+00:00,735.17,751.25,731.76,745.8,744.675838,12.169999999999959,21.8138721161928,3350909,757.7214189179335,670.1565810820666,720.19,719.6,714.94,711.3,703.05,-0.915585894603282
2022-07-18 16:00:00+00:00,745.09,748.16,718.95,721.235,733.369118,-40.914999999999964,22.80002250070042,3045852,755.8348624503742,676.8086375496257,745.8,720.19,719.6,704.47,703.81,-0.915585894603282
2022-07-18 20:00:00+00:00,721.64,722.0,721.64,722.0,721.85,-30.200000000000045,19.862019500607026,3046152,756.2146557883425,678.6848442116575,721.235,745.8,720.19,714.94,699.36,0.020549752895022
2022-07-19 12:00:00+00:00,734.98,740.08,711.2,729.19,724.677521,24.440000000000055,21.064416900526087,3329752,755.4518821710398,683.9416178289601,722.0,721.235,745.8,719.6,716.54,0.999484744694200
2022-07-19 16:00:00+00:00,728.92,741.12,722.81,736.0,734.43024,32.950000000000045,20.697161313789284,3632910,756.1442485910376,687.4132514089623,729.19,722.0,721.235,720.19,711.02,0.999484744694200
2022-07-20 12:00:00+00:00,740.93,751.99,730.53,744.21,742.955977,40.40000000000009,20.798873138617385,3945484,758.5686059559685,686.9758940440317,736.0,729.19,722.0,745.8,711.3,0.384102046489716
2022-07-20 16:00:00+00:00,744.8,748.86,737.37,742.04,743.053374,42.67999999999995,19.557690053468402,3719550,759.7163394174835,686.6691605825164,744.21,736.0,729.19,721.235,704.47,0.384102046489716
2022-07-20 20:00:00+00:00,770.0,770.0,758.5,758.5,761.789941,41.960000000000036,20.677998046339287,3723984,758.7421117179633,687.2783882820368,742.04,744.21,736.0,722.0,714.94,0.384102046489716
2022-07-21 12:00:00+00:00,763.25,800.0,763.25,799.31,785.375049,88.28999999999996,23.45426497349405,4414170,773.3202919915684,677.4112080084315,758.5,742.04,744.21,729.19,719.6,-0.000122542925965
2022-07-21 16:00:00+00:00,799.38,819.57,799.19,815.16,813.60258,103.86000000000001,23.044362977028175,4995325,792.3624083974247,669.4100916025751,799.31,758.5,742.04,736.0,720.19,-0.000122542925965
2022-07-22 12:00:00+00:00,828.5,841.95,813.01,824.73,830.84703,120.25999999999999,23.83044791342443,5442586,809.8699680323762,664.070531967624,815.16,799.31,758.5,744.21,745.8,-0.997083719965303
2022-07-22 16:00:00+00:00,825.74,826.81,812.37,816.7,818.600547,101.75999999999999,22.578388191634495,5187391,821.9053885576766,663.3241114423233,824.73,815.16,799.31,742.04,721.235,-0.997083719965303
2022-07-25 12:00:00+00:00,816.675,822.2,805.39,812.475,812.46755,92.875,21.809269766083236,4858743,830.6470506298579,665.8939493701421,816.7,824.73,815.16,758.5,722.0,-0.002591582364403
2022-07-25 16:00:00+00:00,812.46,814.3,802.42,805.0,806.957977,84.80999999999995,20.48536713060547,4640594,837.3639564208531,668.0230435791468,812.475,816.7,824.73,799.31,729.19,-0.002591582364403
2022-07-26 12:00:00+00:00,799.87,801.78,769.64,770.61,787.031075,24.81000000000006,22.46865151319141,4359162,838.3390133434202,673.0069866565798,805.0,812.475,816.7,815.16,736.0,-0.000012816220988
2022-07-26 16:00:00+00:00,770.75,778.19,769.37,776.63,774.515041,55.39499999999998,20.648831311432563,4584812,839.3552141555499,678.52378584445,770.61,805.0,812.475,824.73,744.21,-0.000012816220988
2022-07-27 12:00:00+00:00,791.685,810.95,785.54,806.71,802.568541,84.71000000000004,22.471653803241562,4869117,842.8706894948227,685.2323105051773,776.63,770.61,805.0,816.7,742.04,0.000179341841431
2022-07-27 16:00:00+00:00,806.75,827.53,806.33,824.24,818.781428,95.04999999999995,22.302099962809343,5197824,849.1506616789234,689.8823383210765,806.71,776.63,770.61,812.475,758.5,0.000179341841431
2022-07-28 12:00:00+00:00,840.95,849.82,818.67,839.71,834.636299,103.71000000000004,23.48181996776811,5560153,857.3906347882651,693.6533652117348,824.24,806.71,776.63,805.0,799.31,-0.000593705815845
2022-07-28 16:00:00+00:00,839.78,845.93,832.19,842.68,841.135386,98.46999999999991,22.18291063873235,5746295,864.4082063813145,698.8847936186856,839.71,824.24,806.71,770.61,815.16,-0.000593705815845
2022-07-28 20:00:00+00:00,842.56,842.56,842.56,842.56,842.56,100.51999999999998,19.241189220234705,5745995,871.6993779262691,701.2696220737307,842.68,839.71,824.24,776.63,824.73,-0.000593705815845
2022-07-29 12:00:00+00:00,842.39,867.12,837.64,863.61,858.145013,105.11000000000001,20.60636399087008,6026110,879.6507236944636,707.5557763055364,842.56,842.68,839.71,806.71,816.7,-0.000012727439753
2022-07-29 16:00:00+00:00,863.42,894.96,860.495,891.47,879.562229,92.16000000000008,22.454182125420743,6439570,891.7365373997466,712.4169626002536,863.61,842.56,842.68,824.24,812.475,-0.000012727439753
2022-07-29 20:00:00+00:00,891.99,891.99,891.99,891.99,891.99,76.83000000000004,19.529624508697975,6439670,901.559240503076,718.8742594969241,891.47,863.61,842.56,839.71,805.0,-0.000012727439753
2022-08-01 12:00:00+00:00,903.0,934.95,897.44,915.27,915.713859,90.53999999999996,22.653674574204917,6927291,914.9349397833988,723.4255602166012,891.99,891.47,863.61,842.68,770.61,-0.000022266318410
2022-08-01 16:00:00+00:00,914.53,917.5,885.0,891.79,896.251306,75.08999999999992,23.966517964310928,6612068,920.7205981029635,732.3979018970363,915.27,891.99,891.47,842.56,776.63,-0.000022266318410
2022-08-02 12:00:00+00:00,882.23,920.0,878.0,914.28,899.824882,101.80499999999995,26.370982235736136,6908670,928.2849925480484,742.0575074519516,891.79,915.27,891.99,863.61,806.71,0.000176121699042
2022-08-02 16:00:00+00:00,914.57,923.23,899.24,901.85,910.319465,96.85000000000002,26.053517937637988,6622010,932.6288287155604,752.0486712844398,914.28,891.79,915.27,891.47,824.24,0.000176121699042
2022-08-03 12:00:00+00:00,915.17,928.24,903.63,914.385,915.593284,143.77499999999998,26.098382212619587,6921340,941.4514485181222,754.733551481878,901.85,914.28,891.79,891.99,839.71,0.903594471106771
2022-08-03 16:00:00+00:00,912.63,927.95,910.04,922.22,922.580655,145.59000000000003,25.006597917603656,7155280,951.0351214768162,755.8558785231838,914.385,901.85,914.28,915.27,842.68,0.903594471106771
2022-08-04 12:00:00+00:00,933.99,940.5,915.23,922.86,928.095502,116.14999999999998,25.0417181952565,7524552,959.6593027657555,757.0446972342447,922.22,914.385,901.85,891.79,842.56,-0.000013108692656
2022-08-04 16:00:00+00:00,922.4,927.51,919.12,925.88,923.86814,101.63999999999999,22.821489102555635,7716319,967.4085854523989,760.2134145476011,922.86,922.22,914.385,914.28,863.61,-0.000013108692656
2022-08-05 12:00:00+00:00,907.99,912.0,872.33,874.68,895.625999,34.969999999999914,26.918623888881545,7238989,967.7269106531843,766.1155893468157,925.88,922.86,922.22,901.85,891.47,0.000179341841431
2022-08-05 16:00:00+00:00,874.02,884.28,856.7,864.47,869.29395,21.790000000000077,27.006807370363994,6631822,966.4276941161145,773.3618058838852,874.68,925.88,922.86,914.385,891.99,0.000179341841431
2022-08-05 20:00:00+00:00,861.01,865.01,861.0,865.0,863.753492,22.440000000000055,23.940566387648794,6633302,959.199202703985,790.029297296015,864.47,874.68,925.88,922.22,915.27,0.000353748939233
2022-08-08 12:00:00+00:00,884.77,915.48,879.42,905.03,903.629356,41.41999999999996,27.47915753596229,7059037,952.8297111726112,809.2387888273889,865.0,864.47,874.68,922.86,891.79,-0.000019406576030
2022-08-08 16:00:00+00:00,904.71,907.38,867.45,871.28,881.719396,-20.190000000000055,29.139269864500648,6565948,947.2529433448332,821.272556655167,905.03,865.0,864.47,925.88,914.28,-0.000019406576030
2022-08-09 12:00:00+00:00,871.13,877.14,846.11,846.31,858.081278,-45.680000000000064,29.39136721590056,6333812,944.5896586786143,826.1428413213857,871.28,905.03,865.0,874.68,901.85,0.000326942004904
2022-08-09 16:00:00+00:00,846.52,856.22,838.45,849.9,847.720187,-65.37,27.841851587113815,6863418,943.6017407962514,828.1497592037484,846.31,871.28,905.03,864.47,914.385,0.000326942004904
2022-08-10 12:00:00+00:00,891.74,892.5,850.12,872.12,868.592888,-19.66999999999996,29.809604708831976,7270191,941.8471748616535,832.8483251383468,849.9,846.31,871.28,865.0,922.22,0.000021355954232
2022-08-10 16:00:00+00:00,872.07,884.48,866.88,882.38,878.505111,-31.899999999999977,28.18165741432105,7498416,939.701317748785,838.9761822512148,872.12,849.9,846.31,905.03,922.86,0.000021355954232
2022-08-11 12:00:00+00:00,889.685,894.63,864.435,869.79,878.350429,-32.06000000000006,28.450103092411585,7175024,939.4180000944236,839.8774999055761,882.38,872.12,849.9,871.28,925.88,0.997496233903803
2022-08-11 16:00:00+00:00,868.17,875.91,857.63,860.62,865.860635,-53.764999999999986,27.094089346756704,6941844,939.5226811497614,836.6878188502385,869.79,882.38,872.12,846.31,874.68,0.997496233903803
2022-08-12 12:00:00+00:00,867.57,885.315,855.31,879.235,870.188374,-42.985000000000014,27.48221076718916,7188257,938.9983361947989,835.9366638052011,860.62,869.79,882.38,849.9,864.47,0.999438287137309
2022-08-12 16:00:00+00:00,879.45,900.3,879.45,899.99,893.810099,-22.870000000000005,26.626582664897263,7435721,936.935464461606,836.4715355383939,879.235,860.62,869.79,872.12,865.0,0.999438287137309
2022-08-15 12:00:00+00:00,905.23,927.8,904.15,926.26,915.791762,0.37999999999999545,26.784371642910955,7740739,941.668997411901,835.185002588099,899.99,879.235,860.62,882.38,905.03,0.999441571577336
2022-08-15 16:00:00+00:00,926.785,939.06,925.17,927.84,932.217121,53.16000000000008,25.065122090522824,8001716,944.0512649464615,834.1587350535383,926.26,899.99,879.235,869.79,871.28,0.999441571577336
2022-08-16 12:00:00+00:00,934.8,943.76,908.8,927.71,926.589288,63.24000000000001,26.384439145119785,7658404,947.7705794947598,833.02542050524,927.84,926.26,899.99,860.62,846.31,0.000398008378397
2022-08-16 16:00:00+00:00,927.63,933.44,915.14,919.8,923.948289,54.799999999999955,25.30651392577049,7460892,948.5666574136754,832.7708425863246,927.71,927.84,926.26,879.235,849.9,0.000398008378397
2022-08-17 12:00:00+00:00,908.97,916.46,900.4,906.38,907.568192,1.3500000000000227,24.518978735667755,7291267,946.3738169265546,833.3796830734454,919.8,927.71,927.84,899.99,872.12,0.000100275272416
2022-08-17 16:00:00+00:00,906.0,928.89,905.455,912.0,917.965388,40.72000000000003,24.374448237578715,7510047,944.693358387138,833.974141612862,906.38,919.8,927.71,926.26,882.38,0.000100275272416
2022-08-18 12:00:00+00:00,917.07,919.1,905.73,916.36,913.558715,70.05000000000007,22.907188472568222,7616365,943.0455674766482,834.6699325233516,912.0,906.38,919.8,927.84,869.79,-0.000027088033676
2022-08-18 16:00:00+00:00,915.91,917.09,907.08,908.39,910.750781,58.49000000000001,21.18756334289246,7478462,944.970797037936,836.1157029620639,916.36,912.0,906.38,927.71,860.62,-0.000027088033676
2022-08-19 12:00:00+00:00,897.21,900.61,877.71,883.5,886.458419,11.379999999999995,22.453221563840128,7216409,944.6536693856585,838.3358306143416,908.39,916.36,912.0,919.8,879.235,0.000179341841431
2022-08-19 16:00:00+00:00,883.0,892.02,880.57,890.08,887.822733,7.7000000000000455,20.986125355328102,7456680,944.439053058223,841.0584469417772,883.5,908.39,916.36,906.38,899.99,0.000179341841431
2022-08-19 20:00:00+00:00,890.0,890.0,890.0,890.0,890.0,20.210000000000036,18.198641974617697,7456180,943.3718223991772,840.6226776008228,890.08,883.5,908.39,912.0,926.26,0.003188013302861
2022-08-22 12:00:00+00:00,871.04,877.0,859.19,868.74,867.117163,8.120000000000005,19.880156378002,7241960,943.4725131565953,840.2679868434046,890.0,890.08,883.5,916.36,927.84,-0.784404037287459
2022-08-22 16:00:00+00:00,868.02,871.91,864.58,869.89,868.757087,-9.345000000000027,18.20680219426839,7348623,941.2328104497981,844.865689550202,868.74,890.0,890.08,908.39,927.71,-0.784404037287459
2022-08-23 12:00:00+00:00,874.67,890.52,863.93,883.6,880.008194,-16.389999999999986,19.324561901699276,7554293,938.740253570546,850.7282464294542,869.89,868.74,890.0,883.5,919.8,-0.000012418764527
2022-08-23 16:00:00+00:00,883.53,896.26,880.53,889.3,890.000913,-36.960000000000036,18.845286981472707,7728546,938.394821082064,852.7916789179358,883.6,869.89,868.74,890.08,906.38,-0.000012418764527
2022-08-24 12:00:00+00:00,897.59,910.68,891.34,904.07,903.298669,-23.769999999999982,19.183248717276346,7938495,939.1676777815632,854.187822218437,889.3,883.6,869.89,890.0,912.0,0.994929097505519
2022-08-24 16:00:00+00:00,904.2,907.54,889.73,890.91,896.001551,-36.80000000000007,19.00014888830616,7763042,938.4216104518053,857.0458895481946,904.07,889.3,883.6,868.74,916.36,0.994929097505519
2022-08-25 12:00:00+00:00,301.95,302.94,291.67,294.29,296.006349,-625.51,96.36546236986534,7312206,1142.6413068793672,596.1931931206329,890.91,904.07,889.3,869.89,908.39,-0.995259472052567
2022-08-25 16:00:00+00:00,294.21,296.15,291.83,296.11,294.002218,-610.27,84.09273405388329,7698443,1214.7577588588424,465.76424114115764,294.29,890.91,904.07,883.6,883.5,-0.995259472052567
2022-08-26 12:00:00+00:00,297.48,301.99,289.64,291.45,294.792662,-620.55,74.5270361800322,7203074,1255.9369076652129,363.73109233478715,296.11,294.29,890.91,889.3,890.08,0.998817109328229
2022-08-26 16:00:00+00:00,291.51,291.56,287.5,288.22,289.175683,-628.14,65.1314313560279,6767381,1277.0804263001178,278.7835736998822,291.45,296.11,294.29,904.07,890.0,0.998817109328229
2022-08-29 12:00:00+00:00,282.82,287.68,280.75,282.64,283.792434,-625.75,57.44324050855752,6424362,1285.7472529085185,205.59674709148146,288.22,291.45,296.11,890.91,868.74,-0.000013214892533
2022-08-29 16:00:00+00:00,282.63,287.5,282.26,284.85,285.381938,-598.65,50.48280844074986,6689298,1283.6705719995302,143.38742800046975,282.64,288.22,291.45,294.29,869.89,-0.000013214892533
2022-08-30 12:00:00+00:00,288.31,288.32,280.15,281.01,283.929375,-609.07,44.84110064864988,6436700,1274.204407231182,88.9745927688183,284.85,282.64,288.22,296.11,883.6,-0.000012970522221
2022-08-30 16:00:00+00:00,281.11,281.95,272.66,277.79,276.612342,-612.21,40.10095389549655,6126748,1259.0297090251838,41.290290974816116,281.01,284.85,282.64,291.45,889.3,-0.000012970522221
2022-08-31 12:00:00+00:00,280.63,280.88,271.84,275.81,276.715088,-592.9300000000001,35.959493376097015,5857705,1236.032394504719,0.6686054952810991,277.79,281.01,284.85,288.22,904.07,0.914510261267424
2022-08-31 16:00:00+00:00,275.83,278.72,274.67,275.47,276.488219,-594.42,31.70489425928408,5581467,1205.3871967627954,-32.775196762795304,275.81,277.79,281.01,282.64,890.91,0.914510261267424
2022-09-01 12:00:00+00:00,272.195,275.75,266.15,266.8,270.54021,-616.8,28.757575024712878,5109351,1169.51528174227,-61.0622817422701,275.47,275.81,277.79,284.85,294.29,-0.000013487580873
2022-09-01 16:00:00+00:00,266.92,277.53,266.92,277.44,272.529865,-611.8599999999999,26.353898354751156,5475193,1130.5675291611174,-82.7205291611175,266.8,275.47,275.81,281.01,296.11,-0.000013487580873
2022-09-01 20:00:00+00:00,277.2,278.7,277.2,278.7,277.95,-625.3700000000001,23.040045240784334,5475643,1083.7077133249982,-96.99871332499822,277.44,266.8,275.47,277.79,291.45,0.999195868615061
2022-09-02 12:00:00+00:00,281.53,282.32,274.28,277.61,277.604464,-613.3,21.040039208679758,5088058,1029.5213821674968,-104.0513821674968,278.7,277.44,266.8,275.81,288.22,0.000002305707312
2022-09-02 16:00:00+00:00,277.68,278.05,269.14,270.23,271.424084,-24.060000000000002,19.42270064752246,4700703,971.859291332659,-106.24029133265896,277.61,278.7,277.44,275.47,282.64,0.000002305707312
2022-09-06 12:00:00+00:00,272.06,275.25,265.81,274.96,270.472242,-21.150000000000034,18.091673894519467,5194811,904.935228281257,-98.80922828125699,270.23,277.61,278.7,266.8,284.85,0.839340012928005
2022-09-06 16:00:00+00:00,275.01,275.98,271.38,274.465,274.096652,-16.985000000000014,16.292784041916875,4696611,822.9813215368654,-77.7688215368654,274.96,270.23,277.61,277.44,281.01,0.839340012928005
2022-09-07 12:00:00+00:00,273.75,280.965,272.52,279.92,278.376274,-8.300000000000011,15.246412836327957,5098991,722.3117831800635,-38.03728318006341,274.465,274.96,270.23,278.7,277.79,-0.000107240681245
2022-09-07 16:00:00+00:00,279.79,283.84,276.9,283.73,281.445915,1.0900000000000318,14.138891124817563,5598822,584.4745083010389,37.7659916989611,279.92,274.465,274.96,277.61,275.81,-0.000107240681245
2022-09-08 12:00:00+00:00,281.11,288.53,279.82,286.88,284.870605,2.0299999999999727,13.415038974841885,5978126,296.2806200460418,265.5568799539582,283.73,279.92,274.465,270.23,275.47,0.000179341841431
2022-09-08 16:00:00+00:00,286.98,289.48,282.63,289.28,287.151417,8.269999999999982,12.53970044486297,6419979,295.255942460135,266.080557539865,286.88,283.73,279.92,274.96,266.8,0.000179341841431
2022-09-09 12:00:00+00:00,291.64,298.81,291.29,298.06,296.112291,20.269999999999982,12.138407052214578,6888346,295.8070185896224,265.72448141037756,289.28,286.88,283.73,274.465,277.44,-0.993116948753595
2022-09-09 16:00:00+00:00,298.18,299.83,296.7,299.71,298.933471,23.899999999999977,10.937286111919303,7247553,297.8233881044245,264.53411189557545,298.06,289.28,286.88,279.92,278.7,-0.993116948753595
2022-09-12 12:00:00+00:00,300.64,305.45,300.48,302.13,303.692887,26.659999999999968,10.244314630330063,7671554,300.7681931326797,262.9803068673202,299.71,298.06,289.28,283.73,277.61,0.999412651246530
2022-09-12 16:00:00+00:00,302.17,304.64,301.23,304.47,303.704247,37.670000000000016,9.333072679619384,8009050,304.3977195473811,261.53378045261894,302.13,299.71,298.06,286.88,270.23,0.999412651246530
2022-09-13 12:00:00+00:00,292.94,297.37,290.59,290.94,294.091145,13.5,9.939329655670141,7425463,304.9861094663917,261.5543905336082,304.47,302.13,299.71,289.28,274.96,0.000027807036531
2022-09-13 16:00:00+00:00,290.99,295.93,290.68,291.94,293.276937,13.240000000000009,9.314085701580789,7969947,305.8410462190173,261.79245378098284,290.94,304.47,302.13,298.06,274.465,0.000027807036531
2022-09-14 12:00:00+00:00,292.26,305.94,291.64,303.63,299.656713,26.019999999999982,9.978874274703351,8761923,308.62554620915654,261.59195379084343,291.94,290.94,304.47,299.71,279.92,0.964146969839931
2022-09-14 16:00:00+00:00,303.74,305.75,298.74,302.66,302.262018,32.43000000000001,9.58302437140957,8030705,310.78434244945055,262.1181575505495,303.63,291.94,290.94,302.13,283.73,0.964146969839931
2022-09-15 12:00:00+00:00,302.07,309.07,300.76,304.33,304.29126,29.370000000000005,9.41328778855496,8738413,312.89904517687955,262.88945482312045,302.66,303.63,291.94,304.47,286.88,0.355865778459702
2022-09-15 16:00:00+00:00,304.43,307.85,302.29,303.75,304.907324,29.285000000000025,8.8995160834143,8166124,313.61889724972485,265.8646027502752,304.33,302.66,303.63,290.94,289.28,0.355865778459702
2022-09-16 12:00:00+00:00,299.62,300.59,295.62,299.4,297.503202,19.47999999999996,8.79691393895906,7271655,314.351887621277,267.32761237872296,303.75,304.33,302.66,291.94,298.06,-0.000013686396414
2022-09-16 16:00:00+00:00,299.38,303.7,298.14,303.1,301.362924,19.370000000000005,8.36532541376452,8005135,315.45147198935166,268.66802801064836,299.4,303.75,304.33,303.63,299.71,-0.000013686396414
2022-09-16 20:00:00+00:00,303.3,303.4,303.3,303.4,303.397946,16.519999999999982,7.289948691929244,8014982,316.2247478719646,270.47375212803536,303.1,299.4,303.75,302.66,302.13,-0.000013686396414
2022-09-19 12:00:00+00:00,300.09,309.84,297.81,306.495,304.985153,17.215000000000032,7.921955533005342,8781574,315.9783513738101,274.34664862618996,303.4,303.1,299.4,304.33,304.47,0.999042075971374
2022-09-19 16:00:00+00:00,306.57,309.2,304.945,309.2,307.20385,11.139999999999986,7.433028128604629,9258107,316.27859585074634,277.4704041492537,306.495,303.4,303.1,303.75,290.94,0.999042075971374
2022-09-20 12:00:00+00:00,306.9,313.3,305.58,313.05,309.520214,13.340000000000032,7.471291044790683,9878565,316.41646038485317,281.1910396151468,309.2,306.495,303.4,299.4,291.94,0.000285380359855
2022-09-20 16:00:00+00:00,313.04,313.09,305.91,308.62,309.204032,6.490000000000009,7.432452238818585,9129966,315.9470394222885,284.53046057771144,313.05,309.2,306.495,303.1,303.63,0.000285380359855
2022-09-21 12:00:00+00:00,308.28,310.48,306.29,308.42,308.101187,3.9499999999999886,7.000125273642774,8836935,315.5106317751276,287.4358682248724,308.62,313.05,309.2,303.4,302.66,-0.991350803698879
2022-09-21 16:00:00+00:00,308.61,313.76,300.68,300.68,307.112609,9.740000000000009,7.810775237157069,7938574,314.4246375211079,289.9018624788921,308.42,308.62,313.05,306.495,304.33,-0.991350803698879
2022-09-21 20:00:00+00:00,300.8,301.7,299.99,299.99,301.058496,8.050000000000011,6.997338538869457,7932657,313.43121323546785,291.9662867645322,300.68,308.42,308.62,309.2,303.75,-0.991350803698879
2022-09-22 12:00:00+00:00,299.71,301.21,287.74,291.49,292.633914,-12.139999999999986,7.860360067020192,7014698,314.06003162623637,290.68046837376363,299.99,300.68,308.42,313.05,299.4,0.023701702069957
2022-09-22 16:00:00+00:00,291.49,292.59,285.86,288.52,289.48187,-14.140000000000043,7.709645391417494,6257572,315.0103027334769,288.61119726652305,291.49,299.99,300.68,308.62,303.1,0.023701702069957
2022-09-23 12:00:00+00:00,282.62,284.5,274.77,277.9,277.721009,-26.430000000000007,8.515026005895162,5536087,317.58129199319353,283.61720800680644,288.52,291.49,299.99,308.42,303.4,0.538934541458730
2022-09-23 16:00:00+00:00,277.68,278.055,272.88,275.33,275.148038,-28.420000000000016,8.069689205109142,4909035,319.4086163490881,278.8758836509119,277.9,288.52,291.49,300.68,306.495,0.538934541458730
2022-09-26 12:00:00+00:00,271.91,284.0,270.345,279.16,278.417735,-20.239999999999952,8.814397311094586,5578970,320.44302946429474,276.66347053570536,275.33,277.9,288.52,299.99,309.2,-0.000014480407117
2022-09-26 16:00:00+00:00,279.25,280.47,275.8,276.08,277.869982,-27.02000000000004,8.261811002948644,5103147,321.71088574028647,273.8096142597135,279.16,275.33,277.9,291.49,313.05,-0.000014480407117
2022-09-27 12:00:00+00:00,283.96,288.63,282.23,282.23,286.427506,-21.16999999999996,8.833569535888827,5658191,321.4356620095382,271.9448379904618,276.08,279.16,275.33,288.52,308.62,0.998995539877797
2022-09-27 16:00:00+00:00,282.03,283.73,277.57,283.02,281.168248,-23.475000000000023,8.47709359777032,6405060,321.0087370505588,270.40776294944123,282.23,276.08,279.16,277.9,308.42,0.998995539877797
2022-09-28 12:00:00+00:00,283.06,285.515,277.57,284.54,281.06521,-24.659999999999968,8.406147784734276,6879776,320.14711209195775,269.29038790804225,283.02,282.23,276.08,275.33,300.68,0.000001378706656
2022-09-28 16:00:00+00:00,284.45,288.99,282.19,287.75,285.492795,-25.30000000000001,8.191994746769709,7344603,319.1568064508554,268.68069354914456,284.54,283.02,282.23,279.16,299.99,0.000001378706656
2022-09-28 20:00:00+00:00,288.25,288.45,288.25,288.45,288.283333,-20.170000000000016,7.19306211386708,7345303,318.58371806737006,268.15878193263,287.75,284.54,283.02,276.08,291.49,0.000001378706656
2022-09-29 12:00:00+00:00,282.79,283.45,269.03,272.98,274.392339,-35.44,8.823320498684804,6644967,318.2040122045764,265.5264877954235,288.45,287.75,284.54,282.23,288.52,0.000233957223827
2022-09-29 16:00:00+00:00,272.94,273.01,265.81,268.27,268.400456,-32.410000000000025,8.606877765526828,5866154,317.85648160469316,262.3610183953068,272.98,288.45,287.75,283.02,277.9,0.000233957223827
2022-09-30 12:00:00+00:00,268.4,275.52,262.54,270.71,269.546544,-29.28000000000003,9.189960730123246,6619315,316.232797698707,260.40620230129304,268.27,272.98,288.45,284.54,275.33,-0.000031093968573
2022-09-30 16:00:00+00:00,270.52,272.41,265.02,265.11,267.657611,-26.379999999999995,8.94996596610682,5919126,314.04899023630406,258.18100976369595,270.71,268.27,272.98,287.75,279.16,-0.000031093968573
2022-09-30 20:00:00+00:00,265.3,266.21,265.3,266.1,266.095426,-22.41999999999996,7.903303837292573,5921206,310.01070653939473,257.52429346060535,265.11,270.71,268.27,288.45,276.08,-0.000011864925909
2022-10-03 12:00:00+00:00,254.27,254.98,241.81,242.68,246.354681,-35.21999999999997,10.088196658986899,4859911,309.93764386166583,251.00335613833423,266.1,265.11,270.71,272.98,282.23,-0.000013827346265
2022-10-03 16:00:00+00:00,242.73,247.215,241.01,242.4,243.761332,-32.92999999999998,9.570437104455316,3968383,308.2034070762413,246.1355929237587,242.68,266.1,265.11,268.27,283.02,-0.000013827346265
2022-10-03 20:00:00+00:00,242.82,242.85,242.82,242.85,242.82431,-36.31000000000003,8.354378823861273,3969083,306.82791347706143,241.72808652293853,242.4,242.68,266.1,270.71,284.54,0.999521907317103
2022-10-04 12:00:00+00:00,250.7,256.82,248.86,255.45,252.995316,-20.629999999999995,9.103128314013103,4786088,303.2610057504507,240.8409942495494,242.85,242.4,242.68,265.11,287.75,0.000179017391929
2022-10-04 16:00:00+00:00,255.4,256.66,242.08,249.67,247.695394,-32.56000000000003,9.833377872144691,3437162,301.28980756565676,238.63019243434331,255.45,242.85,242.4,266.1,288.45,0.000179017391929
2022-10-05 12:00:00+00:00,244.795,246.63,233.28,235.74,237.346615,-47.27999999999997,10.707594155858732,2407856,300.8805100020069,233.76148999799318,249.67,255.45,242.85,242.68,272.98,0.000310214767524
2022-10-05 16:00:00+00:00,235.83,242.25,235.26,240.76,238.575823,-43.78000000000003,10.21191493507757,3245352,300.63050882805646,230.29749117194365,235.74,249.67,255.45,242.4,268.27,0.000310214767524
2022-10-06 12:00:00+00:00,239.46,244.45,235.35,237.92,238.925567,-49.83000000000001,10.06365961040056,2469457,300.48767142665025,226.6993285733498,240.76,235.74,249.67,242.85,270.71,0.998354333394673
2022-10-06 16:00:00+00:00,237.93,242.79,236.97,238.11,239.445812,-50.339999999999975,9.497838329013819,3108991,299.34504372684466,223.73695627315533,237.92,240.76,235.74,255.45,265.11,0.998354333394673
2022-10-07 12:00:00+00:00,233.94,234.54,225.89,226.11,229.88661,-46.870000000000005,9.860793218478646,2394414,299.3245722170696,218.76042778293032,238.11,237.92,240.76,249.67,266.1,0.997561030744691
2022-10-07 16:00:00+00:00,226.12,226.12,222.03,222.91,223.532154,-45.359999999999985,9.091354122681494,1526736,297.87682650333556,214.27617349666446,226.11,238.11,237.92,235.74,242.68,0.997561030744691
2022-10-07 20:00:00+00:00,222.6,222.6,222.5,222.5,222.58,-48.20999999999998,7.933840239657295,1526120,295.3969788692944,210.70402113070554,222.91,226.11,238.11,240.76,242.4,0.999282750766724
2022-10-10 12:00:00+00:00,223.64,226.97,218.39,224.86,223.052138,-40.25,8.019994874369658,2194629,291.4704048628362,208.6625951371638,222.5,222.91,226.11,237.92,242.85,0.000107049967482
2022-10-10 16:00:00+00:00,224.95,226.25,221.74,222.93,223.654941,-43.170000000000016,7.551995557787036,1765941,285.8911874480095,207.7598125519905,224.86,222.5,222.91,238.11,255.45,0.000107049967482
2022-10-11 12:00:00+00:00,220.93,225.64,219.6,222.94,222.252313,-19.74000000000001,7.350396150082097,2350349,278.71112626177,208.38887373823005,222.93,224.86,222.5,226.11,249.67,-0.993787182174856
2022-10-11 16:00:00+00:00,222.89,224.61,215.0,216.55,218.707944,-25.849999999999994,7.651676663404486,1696960,274.9909718897537,206.46602811024633,222.94,222.93,224.86,222.91,235.74,-0.993787182174856
2022-10-12 12:00:00+00:00,215.78,217.53,211.55,216.27,214.353118,-26.579999999999984,7.42878644161722,1108103,271.47071176315916,204.7862882368408,216.55,222.94,222.93,222.5,240.76,-0.000022274325602
2022-10-12 16:00:00+00:00,216.28,219.26,214.02,217.16,216.817385,-38.28999999999999,7.136948249401589,1647898,266.28274502114425,204.6192549788557,216.27,216.55,222.94,224.86,237.92,-0.000011693759006
2022-10-13 12:00:00+00:00,208.4,220.33,206.32,219.6,211.838634,-30.069999999999993,8.05335514948138,2585711,261.3978252239939,204.95317477600614,217.16,216.27,216.55,222.93,238.11,0.000198005873244
2022-10-13 16:00:00+00:00,219.75,222.99,216.3,221.83,220.692832,-13.909999999999997,7.871574462883863,3522537,254.93601804139024,206.98798195860974,219.6,217.16,216.27,222.94,226.11,0.000198005873244
2022-10-14 12:00:00+00:00,224.02,226.24,209.24,209.55,215.60786,-31.20999999999998,9.088697867832682,2730087,254.42149069153646,204.18950930846358,221.83,219.6,217.16,216.55,222.91,-0.413185447454453
2022-10-14 16:00:00+00:00,209.36,210.4,204.17,205.1,207.459164,-32.81999999999999,8.70753815212166,1671410,253.96253649790705,200.91846350209292,209.55,221.83,219.6,216.27,222.5,-0.413185447454453
2022-10-17 12:00:00+00:00,209.78,220.735,209.49,219.85,215.928798,-18.26000000000002,9.631199731838775,2488388,251.98076231650944,200.60023768349058,205.1,209.55,221.83,217.16,224.86,0.059959945443552
2022-10-17 16:00:00+00:00,219.905,221.8,217.62,219.45,219.654044,-6.660000000000025,8.90437310092694,1878866,246.3352464236172,202.64575357638273,219.85,205.1,209.55,219.6,222.93,0.059959945443552
2022-10-18 12:00:00+00:00,229.33,229.65,217.57,219.63,222.450323,-3.280000000000001,9.327790020803349,2644778,241.40567536478974,204.57132463521023,219.45,219.85,205.1,221.83,222.94,0.997438231424894
2022-10-18 16:00:00+00:00,219.55,222.47,217.27,220.25,220.207783,-2.25,8.777418018029568,3187951,239.6499898816864,204.7780101183136,219.63,219.45,219.85,209.55,216.55,0.997438231424894
2022-10-18 20:00:00+00:00,222.0,224.0,222.0,224.0,223.485531,-0.8600000000000136,8.107095615625626,3191330,236.51921859678677,206.23278140321318,220.25,219.63,219.45,205.1,216.27,-0.000013058241166
2022-10-19 12:00:00+00:00,219.8,222.85,217.81,221.54,220.717669,-1.3900000000000148,7.851482866875543,2695225,233.5522527363113,207.56174726368874,224.0,220.25,219.63,219.85,217.16,-0.000029449671274
2022-10-19 16:00:00+00:00,221.52,222.825,218.68,222.17,220.865795,-0.7700000000000102,7.357285151292135,3168036,229.8538084198907,209.66619158010928,221.54,224.0,220.25,219.45,219.6,-0.000029449671274
2022-10-19 20:00:00+00:00,211.0,215.05,211.0,215.0,214.24375,-1.5500000000000114,7.865647131119849,3165678,229.04659108058422,209.36240891941577,222.17,221.54,224.0,219.63,221.83,-0.000029449671274
2022-10-20 12:00:00+00:00,209.1,215.51,202.0,212.0,208.759345,-4.27000000000001,8.618227513637201,1354846,228.8398879768131,208.47811202318695,215.0,222.17,221.54,220.25,209.55,-0.997581070201704
2022-10-20 16:00:00+00:00,212.02,212.29,205.03,207.17,207.738001,-9.990000000000009,8.437130511818907,480012,229.11121720768017,206.67378279231986,212.0,215.0,222.17,224.0,205.1,-0.997581070201704
2022-10-21 12:00:00+00:00,206.3,211.73,203.81,211.73,208.304939,-7.8700000000000045,8.368179776909718,1282482,228.27319720317143,206.1988027968285,207.17,212.0,215.0,221.54,219.85,0.999380102613941
2022-10-21 16:00:00+00:00,211.85,214.65,210.77,214.54,213.014851,-7.2900000000000205,7.769755806655089,2072473,227.57676662732734,206.05623337267264,211.73,207.17,212.0,222.17,219.45,0.999380102613941
2022-10-21 20:00:00+00:00,214.53,214.6,214.45,214.45,214.556,4.899999999999977,6.753788365767745,2071973,226.79918294441623,205.98481705558376,214.54,211.73,207.17,215.0,219.63,-0.000012601754861
2022-10-24 12:00:00+00:00,205.8,206.64,198.59,205.44,202.732763,0.3400000000000034,7.967949916998711,847318,227.33679432102207,204.33620567897788,214.45,214.54,211.73,212.0,220.25,-0.000001913889719
2022-10-24 16:00:00+00:00,205.45,213.47,205.29,211.25,209.111747,-8.599999999999994,7.9962232613988835,1844081,227.26370908208415,203.90729091791584,205.44,214.45,214.54,207.17,224.0,-0.000001913889719
2022-10-25 12:00:00+00:00,210.32,222.78,210.22,222.335,218.504583,2.8850000000000193,8.6047268265457,2673025,227.89279534773593,203.7957046522641,211.25,205.44,214.45,211.73,221.54,-0.000012261283700
2022-10-25 16:00:00+00:00,222.39,224.25,218.23,222.42,221.637618,2.789999999999992,8.260096583006275,3529888,228.28229777350302,203.688202226497,222.335,211.25,205.44,214.54,222.17,-0.000012261283700
2022-10-25 20:00:00+00:00,219.58,219.58,219.58,219.58,219.58,-0.6699999999999875,7.537417038605435,3529696,227.9844283463263,203.7610716536737,222.42,222.335,211.25,214.45,215.0,-0.000012261283700
2022-10-26 12:00:00+00:00,219.34,230.6,218.25,228.87,227.268297,4.8700000000000045,8.179094766791376,4362351,229.87375383568943,203.80374616431064,219.58,222.42,222.335,205.44,212.0,-0.007167448988184
2022-10-26 16:00:00+00:00,228.85,230.0,222.62,224.62,225.781535,3.0800000000000125,8.07254879788586,3626774,230.04737999421522,205.5821200057848,228.87,219.58,222.42,211.25,207.17,-0.007167448988184
2022-10-27 12:00:00+00:00,229.82,233.8,222.86,224.44,226.443142,2.2700000000000102,8.454875624834411,3118557,230.6054698848847,205.48303011511524,224.62,228.87,219.58,222.335,211.73,-0.010796496644616
2022-10-27 16:00:00+00:00,224.23,227.29,223.64,225.02,225.37159,10.02000000000001,7.814225541523157,3600777,231.25666196354106,205.3888380364589,224.44,224.62,228.87,222.42,214.54,-0.010796496644616
2022-10-28 12:00:00+00:00,225.03,227.2,216.45,224.63,221.632014,12.629999999999995,8.205662135986737,2698034,231.80294969402524,205.34255030597473,225.02,224.44,224.62,219.58,214.45,0.999199649566435
2022-10-28 16:00:00+00:00,224.73,228.79,224.35,228.44,226.872338,21.27000000000001,7.703573851188505,3285843,232.9191531048618,205.04534689513812,224.63,225.02,224.44,228.87,205.44,0.999199649566435
2022-10-31 12:00:00+00:00,226.16,228.95,222.0,226.92,225.35615,15.189999999999998,7.603097337696703,2697692,233.34485085017698,204.91164914982298,228.44,224.63,225.02,224.62,211.25,0.014321551105240
2022-10-31 16:00:00+00:00,227.11,229.825,225.39,227.48,227.985828,12.939999999999998,7.180684359337143,3330789,234.09495938421955,204.75554061578035,226.92,228.44,224.63,224.44,222.335,0.014321551105240
2022-11-01 12:00:00+00:00,234.62,237.33,228.07,229.44,232.372625,14.990000000000009,7.536593111425527,4083787,235.09145491213832,204.48604508786167,227.48,226.92,228.44,225.02,222.42,0.000198005873244
2022-11-01 16:00:00+00:00,229.37,230.73,227.28,227.88,228.646197,22.439999999999998,6.9917140299021225,3619065,235.9692074552745,204.8962925447255,229.44,227.48,226.92,224.63,219.58,0.000198005873244
2022-11-02 12:00:00+00:00,225.91,227.71,223.16,223.43,224.935387,12.180000000000007,6.688818825915173,3158142,236.06833879793857,205.94016120206135,227.88,229.44,227.48,228.44,228.87,-0.000027532296372
2022-11-02 16:00:00+00:00,223.37,227.005,214.83,214.89,220.96515,-7.445000000000022,7.420309649126481,1803360,235.31425293119636,207.46624706880365,223.43,227.88,229.44,226.92,224.62,-0.000027532296372
2022-11-03 12:00:00+00:00,211.16,221.18,210.15,215.32,216.938646,-7.099999999999994,7.901601695909617,2545715,235.05504744209026,208.08445255790969,214.89,223.43,227.88,227.48,224.44,-0.000010644860595
2022-11-03 16:00:00+00:00,215.02,217.64,214.54,215.4,215.841707,-4.180000000000007,7.261388136455001,3033286,235.0088560621347,208.2166439378653,215.32,214.89,223.43,229.44,225.02,-0.000010644860595
2022-11-04 12:00:00+00:00,222.66,223.79,210.97,211.38,218.603501,-17.49000000000001,8.002536384927666,2183023,235.2650254027099,207.65347459729014,215.4,215.32,214.89,227.88,224.63,-0.997551572712837
2022-11-04 16:00:00+00:00,211.28,212.28,203.09,207.53,206.918812,-17.090000000000003,8.16086486693731,756316,234.8820124418528,208.24548755814715,211.38,215.4,215.32,223.43,228.44,-0.997551572712837
2022-11-07 12:00:00+00:00,208.74,208.83,199.37,200.25,202.24306,-24.189999999999998,8.334082884679002,-73961,236.80441375547574,205.22308624452424,207.53,211.38,215.4,214.89,226.92,-0.000022446529329
2022-11-07 16:00:00+00:00,200.27,200.65,196.675,199.0,198.876108,-26.02000000000001,7.752871833388468,-1117348,238.42838525221248,201.26561474778748,200.25,207.53,211.38,215.32,227.48,-0.000022446529329
2022-11-07 20:00:00+00:00,199.035,199.5,197.0,197.03,198.272386,-27.599999999999994,7.052488922270006,-1673905,239.71257922106346,197.44242077893657,199.0,200.25,207.53,215.4,229.44,0.000028306618333
2022-11-08 12:00:00+00:00,193.97,194.02,186.76,190.36,189.066432,-38.079999999999984,7.4814903993006725,-3144635,241.71567352048987,192.51732647951013,197.03,199.0,200.25,211.38,227.88,-0.996386766142678
2022-11-08 16:00:00+00:00,190.37,195.2,188.97,190.45,192.645181,-36.47,7.314625012727248,-1826916,241.84515486093545,188.5458451390645,190.36,197.03,199.0,207.53,223.43,-0.996386766142678
2022-11-08 20:00:00+00:00,190.44,192.46,190.22,191.27,191.522578,-36.20999999999998,6.638008344363616,-1048177,241.8177292873998,185.23827071260013,190.45,190.36,197.03,200.25,214.89,-0.997582190611865
2022-11-09 12:00:00+00:00,190.71,195.88,187.19,188.21,191.094904,-41.22999999999999,6.9116072317818,-1971304,241.65596684116696,181.77703315883304,191.27,190.45,190.36,199.0,215.32,0.835498199216090
2022-11-09 16:00:00+00:00,188.21,189.48,178.01,179.33,181.824052,-48.54999999999998,7.519392934210893,-3668793,241.95822883307838,176.90577116692154,188.21,191.27,190.45,197.03,215.4,0.835498199216090
2022-11-09 20:00:00+00:00,179.18,180.89,177.13,177.62,178.890115,-45.81,7.018140542982773,-4159111,241.70980012389043,172.45319987610958,179.33,188.21,191.27,190.36,211.38,0.000198005873244
2022-11-10 12:00:00+00:00,181.93,193.52,180.03,188.5,186.291582,-26.389999999999986,8.20238847058507,-2713426,239.1282566576456,171.04074334235443,177.62,179.33,188.21,190.45,207.53,-0.000025815923436
2022-11-10 16:00:00+00:00,188.44,191.0,185.63,186.11,188.448667,-29.20999999999998,7.8247366745070615,-3937847,236.46354133668632,169.6244586633137,188.5,177.62,179.33,191.27,200.25,-0.000025815923436
2022-11-10 20:00:00+00:00,186.115,191.73,185.12,191.65,188.652656,-23.75,7.662771784572785,-3435690,232.95382979108172,169.55117020891828,186.11,188.5,177.62,188.21,199.0,-0.988813916686922
2022-11-11 12:00:00+00:00,187.69,193.85,182.63,189.71,187.669506,-21.669999999999987,8.13706887996308,-4560062,228.40594718769913,170.12605281230086,191.65,186.11,188.5,179.33,197.03,0.001982459536521
2022-11-11 16:00:00+00:00,189.69,196.5,187.57,196.36,193.549462,-11.169999999999987,8.242793029301337,-2980692,223.53735270974403,171.84264729025597,189.71,191.65,186.11,177.62,190.36,0.001982459536521
2022-11-11 20:00:00+00:00,196.36,196.36,193.39,195.92,195.315972,-4.3300000000000125,7.539753958727829,-3359535,219.1463894945513,173.48261050544872,196.36,189.71,191.65,188.5,190.45,0.001982459536521
2022-11-14 12:00:00+00:00,192.78,194.77,186.39,192.51,190.274905,-6.490000000000009,7.805120097564119,-4252759,216.3243473045202,174.06665269547983,195.92,196.36,189.71,186.11,191.27,-0.972656717174686
2022-11-14 16:00:00+00:00,192.5,195.72,188.89,192.73,193.077963,-4.300000000000011,7.675104084555572,-3362167,212.9624027764923,175.16959722350765,192.51,195.92,196.36,191.65,188.21,-0.972656717174686
2022-11-14 20:00:00+00:00,192.74,194.08,190.51,191.0,191.671359,0.6399999999999864,7.127756873281498,-3728092,208.8761983438781,176.81580165612192,192.73,192.51,195.92,189.71,179.33,-0.000012906129996
2022-11-15 12:00:00+00:00,195.9,200.76,194.44,198.01,198.318299,7.560000000000002,7.478722623510631,-3237128,205.90273127968783,178.4522687203122,191.0,192.73,192.51,196.36,177.62,-0.000026388221158
2022-11-15 16:00:00+00:00,197.85,200.18,192.09,194.07,196.211775,2.799999999999983,7.560226273709214,-3856386,203.23514448343388,179.77385551656613,198.01,191.0,192.73,195.92,188.5,-0.000026388221158
2022-11-15 20:00:00+00:00,194.09,195.13,193.26,194.44,194.185088,6.22999999999999,6.801529437214653,-3689436,202.30295780765167,180.12504219234833,194.07,198.01,191.0,192.51,186.11,-0.000026388221158
2022-11-16 12:00:00+00:00,191.42,192.55,186.895,187.47,189.006947,8.139999999999986,6.900658845586031,-4149474,201.20888516029254,180.06611483970744,194.44,194.07,198.01,192.73,191.65,0.567100492771715
2022-11-16 16:00:00+00:00,187.49,190.03,186.59,187.295,188.195346,9.674999999999983,6.439237666174561,-4905382,200.37355334128694,179.9279466587131,187.47,194.44,194.07,191.0,189.71,0.567100492771715
2022-11-16 20:00:00+00:00,187.29,187.72,184.45,187.72,186.579632,-0.7800000000000011,6.016672644017955,-4519691,200.29819698220152,179.7393030177985,187.295,187.47,194.44,198.01,196.36,0.000285380359855
2022-11-17 12:00:00+00:00,184.0,186.13,182.4,183.17,184.219854,-2.940000000000026,5.923782958148894,-4896081,200.37598199651293,178.93351800348702,187.72,187.295,187.47,194.07,195.92,0.000140612552059
2022-11-17 16:00:00+00:00,183.07,185.81,181.39,181.82,183.550395,-9.830000000000013,5.723278563729043,-5354328,200.4240612769347,177.9404387230653,183.17,187.72,187.295,194.44,192.51,0.000140612552059
2022-11-17 20:00:00+00:00,181.83,183.22,180.92,183.2,182.13534,-6.510000000000019,5.266841421898506,-5188610,200.4837747825086,177.3797252174914,181.82,183.17,187.72,187.47,192.73,-0.000024409677280
2022-11-18 12:00:00+00:00,185.13,185.13,176.85,177.45,179.45324,-18.910000000000025,5.6685958989787055,-5792771,200.74391225883,176.93158774116995,183.2,181.82,183.17,187.295,191.0,0.333646777668037
2022-11-18 16:00:00+00:00,177.4,179.6,176.57,178.52,178.081506,-17.399999999999977,5.316783112448212,-5291820,200.61594065265209,177.1495593473479,177.45,183.2,181.82,187.72,198.01,0.333646777668037
2022-11-18 20:00:00+00:00,178.49,180.75,178.49,180.25,179.98608,-12.259999999999991,4.909212030788449,-4997705,200.82378453563254,176.11671546436745,178.52,177.45,183.2,183.17,194.07,-0.000013367971405
2022-11-21 12:00:00+00:00,175.88,176.75,170.04,171.04,173.901587,-21.689999999999998,5.6159837600166576,-5589584,202.31151628423677,173.1219837157632,180.25,178.52,177.45,181.82,194.44,0.064671273052227
2022-11-21 16:00:00+00:00,171.05,172.38,167.55,168.45,169.88636,-22.55000000000001,5.5111859253477675,-6366589,203.35655835564037,169.7569416443596,171.04,180.25,178.52,183.2,187.47,0.064671273052227
2022-11-21 20:00:00+00:00,168.44,169.21,167.59,167.91,168.23612,-30.099999999999994,4.992361135301399,-6609612,204.1305664638635,166.8029335361365,168.45,171.04,180.25,177.45,187.295,-0.000013107921404
2022-11-22 12:00:00+00:00,168.47,170.81,166.19,169.71,168.87235,-24.359999999999985,4.94271298392788,-5806198,203.32145441903532,164.9470455809647,167.91,168.45,171.04,178.52,187.72,0.000198005873244
2022-11-22 16:00:00+00:00,169.71,169.87,167.44,168.69,168.604546,-25.75,4.60768458607083,-6181709,202.3000813116438,163.2454186883562,169.71,167.91,168.45,180.25,183.17,0.000198005873244
2022-11-22 20:00:00+00:00,168.73,170.005,168.71,169.87,169.589845,-17.599999999999994,4.168659974594719,-5974168,201.41469678137395,161.866803218626,168.69,169.71,167.91,171.04,181.82,-0.000011587901099
2022-11-23 12:00:00+00:00,173.69,181.18,172.52,181.18,177.29582,-6.114999999999981,5.120838644648757,-5224004,200.13576157106496,161.99073842893506,169.87,168.69,169.71,168.45,183.2,-0.000019448892999
2022-11-23 16:00:00+00:00,181.17,183.35,177.58,183.12,180.200872,-4.599999999999994,5.20739349202892,-4631150,199.19519092352922,162.14330907647079,181.18,169.87,168.69,167.91,177.45,-0.000019448892999
2022-11-23 20:00:00+00:00,183.07,183.61,182.53,183.21,183.105656,0.040000000000020464,4.6570743597584,-4409420,196.63129282327532,163.22720717672468,183.12,181.18,169.87,169.71,178.52,0.995146771223517
2022-11-25 12:00:00+00:00,185.16,185.16,180.69,183.29,182.550784,1.4699999999999989,4.632131111790613,-3996324,194.8180105137793,163.96248948622065,183.21,183.12,181.18,168.69,180.25,0.999302458658349
2022-11-25 16:00:00+00:00,183.31,183.87,182.01,182.84,182.734832,-0.3599999999999852,4.262513630218534,-4215529,192.64577120818416,164.97472879181583,183.29,183.21,183.12,169.87,171.04,0.999302458658349
2022-11-28 12:00:00+00:00,178.96,186.26,178.96,184.57,183.458694,7.1200000000000045,4.66751181285606,-3835175,192.1756029404601,165.15489705953988,182.84,183.29,183.21,181.18,168.45,-0.988824193365872
2022-11-28 16:00:00+00:00,184.57,188.47,182.92,183.61,186.135637,5.090000000000003,4.785176904475254,-4256469,191.5903761542931,165.3716238457069,184.57,182.84,183.29,183.12,167.91,-0.988824193365872
2022-11-28 20:00:00+00:00,183.6,183.99,182.66,182.93,183.219965,2.680000000000007,4.3244866505452215,-4392254,190.80378318993903,165.67921681006098,183.61,184.57,182.84,183.21,169.71,-0.988824193365872
2022-11-29 12:00:00+00:00,184.98,186.37,181.48,184.58,183.915221,13.54000000000002,4.399888430472528,-4051777,191.00587850799758,165.6181214920024,182.93,183.61,184.57,183.29,168.69,-0.000025248573365
2022-11-29 16:00:00+00:00,184.51,184.8,179.2,179.56,181.436422,11.110000000000014,4.559903306409527,-4503604,190.80129870414268,165.59670129585734,184.58,182.93,183.61,182.84,169.87,-0.000025248573365
2022-11-29 20:00:00+00:00,179.52,181.0,178.8,180.86,180.242706,12.950000000000017,4.245249532221589,-4332685,190.53132735435153,165.63267264564846,179.56,184.58,182.93,184.57,181.18,0.000198005873244
2022-11-30 12:00:00+00:00,181.48,185.44,181.48,183.67,184.029841,13.95999999999998,4.289882927925375,-3952390,191.08426695168612,165.70173304831388,180.86,179.56,184.58,183.61,183.12,-0.000012058779248
2022-11-30 16:00:00+00:00,183.68,190.68,180.66,188.97,185.731488,20.28,5.053898537535327,-3253468,192.46051963228385,165.37048036771617,183.67,180.86,179.56,182.93,183.21,-0.000012058779248
2022-11-30 20:00:00+00:00,188.96,196.55,188.83,195.9,192.311621,26.03,5.409378732530616,-2719959,195.2300864493643,164.1659135506357,188.97,183.67,180.86,184.58,183.29,0.002234626939753
2022-12-01 12:00:00+00:00,197.03,198.87,191.83,196.52,195.663124,15.340000000000003,5.626794901526533,-1933400,197.65148200625038,164.2925179937497,195.9,188.97,183.67,179.56,182.84,-0.935712210834026
2022-12-01 16:00:00+00:00,196.6,196.6,193.8,194.49,194.913559,11.370000000000005,5.249888914656327,-2405544,198.90311891190538,165.64488108809462,196.52,195.9,188.97,180.86,184.57,-0.935712210834026
2022-12-01 20:00:00+00:00,194.45,194.95,193.16,194.8,194.26476,11.590000000000003,4.788570392702149,-2200741,199.69678646921918,167.54021353078085,194.49,196.52,195.9,183.67,183.61,0.000198005873244
2022-12-02 12:00:00+00:00,191.76,196.18,191.64,192.57,194.11682,9.280000000000001,4.755427673675198,-2552619,199.8993414298303,169.62365857016974,194.8,194.49,196.52,188.97,182.93,0.999435008241562
2022-12-02 16:00:00+00:00,192.65,193.8,191.14,193.48,192.402396,10.639999999999986,4.476037317185176,-2178720,199.57709803631056,172.42490196368945,192.57,194.8,194.49,195.9,184.58,0.999435008241562
2022-12-02 20:00:00+00:00,193.62,195.0,193.35,194.88,194.334246,10.310000000000002,4.099232341560486,-1993271,199.06431244630184,175.4386875536982,193.48,192.57,194.8,196.52,179.56,0.000101108395029
2022-12-05 12:00:00+00:00,189.52,191.18,183.84,186.12,186.53452,2.509999999999991,5.02466802935242,-2499398,198.97868022034064,176.01831977965932,194.88,193.48,192.57,194.49,180.86,-0.000008192095265
2022-12-05 16:00:00+00:00,186.13,187.4,180.9,181.38,183.702153,-1.5500000000000114,5.221378958772098,-2915736,199.0565798734883,175.7664201265117,186.12,194.88,193.48,194.8,183.67,-0.000008192095265
2022-12-05 20:00:00+00:00,181.41,182.55,180.65,182.5,181.548376,-2.0800000000000125,4.778528430935819,-2715371,199.07919326629892,175.6728067337011,181.38,186.12,194.88,192.57,188.97,0.000310214767524
2022-12-06 12:00:00+00:00,181.23,183.64,175.35,176.56,178.247316,-3.0,5.246724640144376,-3256111,199.59345341366844,174.48554658633157,182.5,181.38,186.12,193.48,195.9,0.000198005873244
2022-12-06 16:00:00+00:00,176.61,180.4,176.41,179.1,178.668102,-1.7600000000000193,5.079161354791793,-2785527,199.775826726543,173.929173273457,176.56,182.5,181.38,194.88,196.52,0.000198005873244
2022-12-06 20:00:00+00:00,179.13,180.6,178.57,179.84,179.695383,-3.829999999999984,4.672606507486221,-2562633,199.883732761416,173.34826723858401,179.1,176.56,182.5,186.12,194.49,-0.000014006051060
2022-12-07 12:00:00+00:00,175.0,179.36,172.59,174.53,175.022204,-14.439999999999998,5.016258973154725,-3040256,200.4453618332637,171.87863816673627,179.84,179.1,176.56,181.38,194.8,-0.000020436047635
2022-12-07 16:00:00+00:00,174.56,175.57,172.23,173.05,173.55253,-22.849999999999994,4.7927577767340965,-3397712,201.06223350673687,170.27376649326314,174.53,179.84,179.1,182.5,192.57,-0.000020436047635
2022-12-07 20:00:00+00:00,173.06,174.3,172.26,173.96,173.446151,-22.560000000000002,4.425723406502887,-3225728,201.39751607897736,168.87648392102264,173.05,174.53,179.84,176.56,193.48,0.014165005617542
2022-12-08 12:00:00+00:00,171.15,175.18,169.07,172.5,172.618962,-21.99000000000001,4.650293618969171,-3917725,201.84129959490875,167.72670040509124,173.96,173.05,174.53,179.1,194.88,0.998407219711225
2022-12-08 16:00:00+00:00,172.4,174.34,169.475,173.55,171.639032,-21.25,4.678921136439949,-3299969,202.13053964589756,166.7064603541025,172.5,173.96,173.05,179.84,186.12,0.998407219711225
2022-12-08 20:00:00+00:00,173.51,174.43,173.06,173.4,173.582793,-19.169999999999987,4.2377316515812895,-3457674,202.29107081452696,165.5189291854731,173.55,172.5,173.96,174.53,181.38,0.834874380379915
2022-12-09 12:00:00+00:00,172.72,182.2,172.72,182.12,178.349752,-11.359999999999985,4.936700764703783,-2799938,201.80595289908172,165.31904710091828,173.4,173.55,172.5,173.05,182.5,0.998808798292885
2022-12-09 16:00:00+00:00,182.14,182.5,178.55,180.97,180.919015,-13.909999999999997,4.805140662743278,-3308943,200.13209461248084,165.49990538751916,182.12,173.4,173.55,173.96,176.56,0.998808798292885
2022-12-09 20:00:00+00:00,181.045,181.21,178.65,179.02,179.712812,-7.099999999999994,4.505788574377508,-3541865,198.06924511604203,165.81275488395798,180.97,182.12,173.4,172.5,179.1,0.998808798292885
2022-12-12 12:00:00+00:00,175.83,177.36,170.4,171.85,172.646525,-9.530000000000001,5.054350097793841,-4036466,196.39775289556331,165.22024710443668,179.02,180.97,182.12,173.55,179.84,-0.808275965275243
2022-12-12 16:00:00+00:00,171.84,172.8,167.76,168.65,170.19419,-13.849999999999994,5.0524367514213315,-4585826,194.5256619784511,164.4773380215489,171.85,179.02,180.97,173.4,174.53,-0.808275965275243
2022-12-12 20:00:00+00:00,168.7,168.88,167.54,167.75,167.935976,-8.810000000000002,4.557445184565155,-4865648,192.8330502228283,163.68794977717172,168.65,171.85,179.02,182.12,173.05,-0.808275965275243
2022-12-13 12:00:00+00:00,177.08,177.08,161.32,162.05,168.788337,-17.049999999999983,6.05111915995647,-5922764,191.12915731059616,162.2488426894039,167.75,168.65,171.85,180.97,173.96,-0.998043099709321
2022-12-13 16:00:00+00:00,162.08,163.2,156.94,161.48,160.758934,-18.360000000000014,6.07896993862894,-6821388,188.2782321757944,161.75976782420562,162.05,167.75,168.65,179.02,172.5,-0.998043099709321
2022-12-13 20:00:00+00:00,161.32,162.18,159.97,160.98,161.130283,-13.550000000000011,5.563107280145083,-7089130,187.3525905528731,160.1714094471269,161.48,162.05,167.75,171.85,173.55,0.001216106677020
2022-12-14 12:00:00+00:00,158.61,161.59,155.895,156.56,158.867558,-16.49000000000001,5.580692976125738,-8078191,187.6305506916047,157.41144930839533,160.98,161.48,162.05,168.65,173.4,0.000198005873244
2022-12-14 16:00:00+00:00,156.56,160.21,155.33,156.37,157.983143,-17.590000000000003,5.487267245975639,-9044307,187.18521988612696,155.24378011387302,156.56,160.98,161.48,167.75,182.12,0.000198005873244
2022-12-14 20:00:00+00:00,156.3,159.75,156.03,156.825,157.228703,-15.675000000000011,5.251631613178887,-8577836,187.21420481264983,153.2412951873502,156.37,156.56,160.98,162.05,180.97,0.092127699870616
2022-12-15 12:00:00+00:00,153.66,160.87,153.31,157.4,157.970806,-16.150000000000006,5.559414064755035,-7714574,186.51091915318892,151.7745808468111,156.825,156.37,156.56,161.48,179.02,-0.000020105715521
2022-12-15 16:00:00+00:00,157.37,158.77,155.61,157.76,157.505781,-15.640000000000015,5.239492189454364,-7188180,185.3508248474372,150.7266751525628,157.4,156.825,156.37,160.98,171.85,-0.000020105715521
2022-12-15 20:00:00+00:00,157.745,158.17,157.24,157.78,157.670714,-24.340000000000003,4.664893230860446,-7003134,184.8092039068693,149.59329609313068,157.76,157.4,156.825,156.56,168.65,0.000198005873244
2022-12-16 12:00:00+00:00,159.72,160.9,151.25,151.92,154.859925,-29.05000000000001,5.329574133412388,-7671661,184.78073710890533,147.50876289109465,157.78,157.76,157.4,156.37,167.75,-0.000027524038160
2022-12-16 16:00:00+00:00,151.94,152.07,150.05,151.28,151.031325,-27.74000000000001,4.888297582290734,-8275098,184.38973272130843,145.63176727869157,151.92,157.78,157.76,156.825,162.05,-0.000027524038160
2022-12-16 20:00:00+00:00,151.32,151.385,150.16,150.175,150.664663,-21.674999999999983,4.399857904651969,-8606343,184.01481675478252,143.77418324521747,151.28,151.92,157.78,157.4,161.48,-0.000014598263078
2022-12-19 12:00:00+00:00,154.35,155.225,147.75,148.13,151.985879,-20.52000000000001,4.809876850698373,-9688581,183.37724870379233,141.86975129620762,150.175,151.28,151.92,157.76,160.98,0.000198005873244
2022-12-19 16:00:00+00:00,148.13,153.86,145.84,150.04,149.26425,-17.710000000000008,5.237893270605258,-8924419,182.28482116025424,140.6261788397457,148.13,150.175,151.28,157.78,156.56,0.000198005873244
2022-12-19 20:00:00+00:00,149.94,150.49,149.2,149.875,149.667263,-12.175000000000011,4.711507501191226,-9190126,178.8498270540837,140.83667294591626,150.04,148.13,150.175,151.92,156.37,-0.997950312797911
2022-12-20 12:00:00+00:00,146.78,148.46,144.13,144.2,146.15122,-17.28,4.849306501032397,-9767806,175.45668353025445,140.55281646974555,149.875,150.04,148.13,151.28,156.825,0.000310214767524
2022-12-20 16:00:00+00:00,144.22,144.37,140.1,140.24,141.920551,-20.73999999999998,4.772065634228079,-10646290,172.2583968935169,139.87310310648311,144.2,149.875,150.04,150.175,157.4,0.000310214767524
2022-12-20 20:00:00+00:00,140.34,140.545,137.68,137.765,139.267742,-18.795000000000016,4.517790216330999,-11083817,170.7331324298507,137.9898675701493,140.24,144.2,149.875,148.13,157.76,-0.000011039192032
2022-12-21 12:00:00+00:00,139.39,141.25,135.9,139.335,138.949484,-17.034999999999997,4.628751520820199,-9714582,169.12963375710527,136.66186624289472,137.765,140.24,144.2,150.04,157.78,-0.996619216341060
2022-12-21 16:00:00+00:00,139.315,140.73,136.42,138.76,138.823171,-18.064999999999998,4.586251318044173,-10525668,167.26735411834244,135.6251458816576,139.335,137.765,140.24,149.875,151.92,-0.996619216341060
2022-12-21 20:00:00+00:00,138.85,138.99,137.24,137.48,138.016202,-19.920000000000016,4.208084475638283,-10995319,166.3839409958072,134.0515590041928,138.76,139.335,137.765,144.2,151.28,0.000310214767524
2022-12-22 12:00:00+00:00,135.89,136.56,128.28,128.39,132.139586,-29.370000000000005,4.873673212219844,-11977133,166.54720316144181,130.57929683855815,137.48,138.76,139.335,140.24,150.175,-0.090824319049716
2022-12-22 16:00:00+00:00,128.31,129.72,122.31,124.88,125.57158,-32.900000000000006,5.211850117257198,-13365712,166.64115651069287,126.87534348930716,128.39,137.48,138.76,137.765,148.13,-0.090824319049716
2022-12-22 20:00:00+00:00,124.87,126.79,124.67,124.97,125.492731,-26.94999999999999,4.799603434956239,-12979490,166.7319863853178,123.62551361468215,124.88,128.39,137.48,139.335,150.04,0.000108423046186
2022-12-23 12:00:00+00:00,126.18,128.58,121.05,122.535,124.023782,-28.745000000000005,5.163656310295409,-15381516,166.5969407637159,120.37705923628408,124.97,124.88,128.39,138.76,149.875,0.000310214767524
2022-12-23 16:00:00+00:00,122.48,125.745,121.67,124.67,124.309267,-25.50500000000001,5.0185021355893555,-13491469,165.54939336886184,118.20910663113817,122.535,124.97,124.88,137.48,144.2,0.000310214767524
2022-12-23 20:00:00+00:00,124.66,124.84,122.515,123.13,123.618224,-25.0,4.659368517510775,-14165217,164.0656665985633,116.26583340143672,124.67,122.535,124.97,128.39,140.24,-0.991059246356599
2022-12-27 12:00:00+00:00,116.35,119.655,113.68,113.89,115.723453,-36.14999999999999,5.298119381842671,-15235999,163.0945073731654,112.84999262683453,123.13,124.67,122.535,124.88,137.765,-0.003054860018892
2022-12-27 16:00:00+00:00,113.92,114.1,111.64,112.03,112.691831,-37.845,4.919703464263648,-17364301,161.53393760298115,109.83556239701886,113.89,123.13,124.67,124.97,139.335,-0.003054860018892
2022-12-27 20:00:00+00:00,112.01,112.065,107.58,107.58,110.611181,-36.61999999999999,4.861743002361829,-18098202,161.00470784037438,105.93079215962561,112.03,113.89,123.13,122.535,138.76,0.138964809186291
2022-12-28 12:00:00+00:00,112.84,116.21,108.31,108.74,112.797923,-31.500000000000014,5.3641772687135845,-16830354,159.6456761613118,103.03582383868817,107.58,112.03,113.89,124.67,137.48,0.994825414440129
2022-12-28 16:00:00+00:00,108.69,114.59,108.35,111.805,111.649234,-25.95999999999998,5.480953632885107,-15784569,157.5529813645166,101.29151863548346,108.74,107.58,112.03,123.13,128.39,0.994825414440129
2022-12-28 20:00:00+00:00,111.78,113.71,110.57,113.71,111.762421,-25.625000000000014,5.16882648183376,-15331157,155.2178049929776,100.18469500702241,111.805,108.74,107.58,113.89,124.88,-0.000504711548274
2022-12-29 12:00:00+00:00,118.56,122.88,117.5,122.635,120.545371,-16.124999999999986,5.702316284255925,-14625916,151.81828983543085,100.84371016456912,113.71,111.805,108.74,112.03,124.97,0.000310214767524
2022-12-29 16:00:00+00:00,122.64,123.56,118.44,119.325,120.532629,-18.154999999999987,5.624674113021802,-15377874,147.89921938004073,101.7077806199593,122.635,113.71,111.805,107.58,122.535,0.000310214767524
2022-12-29 20:00:00+00:00,119.28,122.55,119.245,122.4,121.155271,-5.989999999999981,5.315384231285561,-15051259,144.93661949384492,102.49038050615508,119.325,122.635,113.71,108.74,124.67,0.999349564066506
2022-12-30 12:00:00+00:00,119.955,124.43,119.78,122.32,122.596687,-2.5600000000000023,5.226666333780821,-15648049,142.56463370266889,103.0703662973311,122.4,119.325,122.635,111.805,123.13,-0.000025577530323
2022-12-30 16:00:00+00:00,122.34,122.51,120.67,121.54,121.42618,-3.4299999999999926,4.775110822610046,-15968920,140.45846905775292,103.55403094224708,122.32,122.4,119.325,113.71,113.89,-0.000025577530323
2022-12-30 20:00:00+00:00,121.51,123.28,121.5,123.22,122.788329,0.6850000000000023,4.375762712928707,-15758710,137.77888665877774,104.62211334122227,121.54,122.32,122.4,122.635,112.03,0.999440614934429
2023-01-03 12:00:00+00:00,118.28,118.8,110.3,111.0,113.193761,-13.670000000000002,5.51499435120488,-16539319,134.7698926449187,104.85510735508129,123.22,121.54,122.32,119.325,107.58,-0.998156990826828
2023-01-03 16:00:00+00:00,110.83,111.01,104.66,108.31,106.842119,-14.819999999999993,5.626328437710897,-17769406,131.65464960809962,105.05335039190038,111.0,123.22,121.54,122.4,108.74,-0.998156990826828
2023-01-03 20:00:00+00:00,108.33,108.98,107.215,108.045,108.031605,-5.844999999999999,5.111484646016111,-18114222,130.51702085208393,104.1564791479161,108.31,111.0,123.22,122.32,111.805,-0.998156990826828
2023-01-04 12:00:00+00:00,109.26,112.67,107.62,111.82,110.124252,-0.21000000000000796,5.103286693213962,-17512189,129.58151434105758,103.7859856589424,108.045,108.31,111.0,121.54,113.71,0.999421077503939
2023-01-04 16:00:00+00:00,111.96,114.57,110.68,113.66,112.760449,6.079999999999998,4.941515134118766,-16990014,128.4663490545355,103.77015094546454,111.82,108.045,108.31,123.22,122.635,0.999421077503939
2023-01-04 20:00:00+00:00,113.61,113.82,112.255,113.01,113.112639,4.27000000000001,4.491313116236264,-17190567,127.6788654775146,103.60513452248541,113.66,111.82,108.045,111.0,119.325,0.999421077503939
2023-01-05 12:00:00+00:00,110.6,111.3,107.18,107.86,108.634453,-3.9450000000000074,4.669804700738095,-17642135,126.52762966155416,103.07537033844585,113.01,113.66,111.82,108.31,122.4,-0.996944034704939
2023-01-05 16:00:00+00:00,107.93,111.71,107.71,110.85,110.073474,-2.8599999999999994,4.580497407306349,-17152570,125.349895281414,103.025104718586,107.86,113.01,113.66,108.045,122.32,-0.996944034704939
2023-01-05 20:00:00+00:00,110.765,111.18,110.07,110.25,110.525708,-12.385000000000005,4.117764419665504,-17289422,125.30616132194362,102.7048386780564,110.85,107.86,113.01,111.82,121.54,0.725667335093021
2023-01-06 12:00:00+00:00,102.94,109.265,101.87,108.75,105.208425,-10.575000000000003,4.686062497043436,-18180914,125.35605148006026,102.32694851993973,110.25,110.85,107.86,113.66,123.22,-0.994962440570816
2023-01-06 16:00:00+00:00,108.85,114.01,107.95,113.51,111.485712,-8.89,4.869254164104312,-17238382,125.27280574347168,103.00319425652833,108.75,110.25,110.85,113.01,111.0,-0.994962440570816
2023-01-06 20:00:00+00:00,113.59,114.38,112.48,113.01,113.352969,-9.309999999999988,4.4733536088904025,-17583488,125.21084819201293,103.4921518079871,113.51,108.75,110.25,107.86,108.31,0.977503786882153
2023-01-09 12:00:00+00:00,118.92,123.3,117.15,121.53,120.879569,-0.010000000000005116,5.248906461038348,-16535208,126.08111785785061,103.59438214214939,113.01,113.51,108.75,110.85,108.045,0.999153462500544
2023-01-09 16:00:00+00:00,121.525,123.5,120.505,120.605,121.897287,-2.614999999999995,4.948385599566569,-17046612,126.69976918462687,103.66523081537314,121.53,113.01,113.51,110.25,111.82,0.999153462500544
2023-01-09 20:00:00+00:00,120.55,120.99,119.28,119.79,120.089935,8.790000000000006,4.516600852957692,-17281037,126.23573944641733,103.8447605535827,120.605,121.53,113.01,108.75,113.66,0.939102258242201
2023-01-10 12:00:00+00:00,121.34,122.75,114.97,115.98,118.7474,7.670000000000002,4.951720739230001,-17869674,125.89761141444812,103.84838858555189,119.79,120.605,121.53,113.51,113.01,0.177520763973007
2023-01-10 16:00:00+00:00,115.88,118.16,115.47,117.62,116.984143,9.575000000000003,4.650157973999334,-17258435,125.16788147573556,104.10011852426442,115.98,119.79,120.605,113.01,107.86,0.177520763973007
2023-01-10 20:00:00+00:00,117.665,118.87,116.65,118.85,118.058521,7.030000000000001,4.326136910799422,-17057123,124.56699238947573,104.35400761052426,117.62,115.98,119.79,121.53,110.85,0.000310214767524
2023-01-11 12:00:00+00:00,122.09,125.91,120.52,122.77,122.998626,9.11,4.690651989359499,-16460957,124.82298074010451,104.2210192598955,118.85,117.62,115.98,120.605,110.25,0.000105316878035
2023-01-11 16:00:00+00:00,122.6,123.44,121.32,121.55,122.310664,8.539999999999992,4.347898390778234,-16987284,124.46605787016878,104.41094212983123,122.77,118.85,117.62,119.79,108.75,0.000105316878035
2023-01-11 20:00:00+00:00,121.58,123.25,121.58,123.24,122.689312,15.379999999999995,3.9948452720078027,-16640858,125.67097520978619,104.43002479021378,121.55,122.77,118.85,115.98,113.51,0.000105316878035
2023-01-12 12:00:00+00:00,122.46,122.88,117.045,119.18,119.570077,8.330000000000013,4.288199235740095,-17200721,125.8690021640461,105.31899783595392,123.24,121.55,122.77,117.62,113.01,-0.993955265381373
2023-01-12 16:00:00+00:00,118.91,124.09,118.62,123.24,121.401071,12.989999999999995,4.4457726709747485,-16703446,126.52506098249992,106.18243901750006,119.18,123.24,121.55,118.85,121.53,-0.993955265381373
2023-01-12 20:00:00+00:00,123.24,123.75,122.37,123.52,123.275764,14.769999999999996,4.037002981511448,-16524719,127.35502970497106,106.52247029502894,123.24,119.18,123.24,122.77,120.605,-0.996390555286780
2023-01-13 12:00:00+00:00,116.11,121.62,115.6,120.73,118.060005,7.219999999999999,4.554735917309922,-17221343,127.71988356853112,106.86461643146887,123.52,123.24,119.18,121.55,119.79,-0.997921562782722
2023-01-13 16:00:00+00:00,120.89,121.39,118.4,120.69,120.167006,7.679999999999993,4.346104461668599,-17818726,128.00507266422593,107.34742733577407,120.73,123.52,123.24,123.24,115.98,-0.997921562782722
2023-01-13 20:00:00+00:00,120.78,122.62,120.62,122.42,122.000046,0.8900000000000006,4.033290533446119,-17556848,127.83316927432048,108.97533072567953,120.69,120.73,123.52,119.18,117.62,-0.995001550589222
2023-01-17 12:00:00+00:00,125.67,130.55,125.02,128.8,128.399005,8.195000000000007,4.579518462319971,-16807392,129.1124988177944,109.4910011822056,122.42,120.69,120.73,123.24,118.85,0.000198005873244
2023-01-17 16:00:00+00:00,128.895,131.36,127.47,130.7,129.841729,10.909999999999982,4.487582667343977,-16134866,130.42132684366607,110.22717315633395,128.8,122.42,120.69,123.52,122.77,0.000198005873244
2023-01-17 20:00:00+00:00,130.64,131.69,130.39,131.49,131.152582,15.510000000000005,4.062571645031449,-15833744,131.18503953351777,111.7374604664822,130.7,128.8,122.42,120.73,121.55,0.000198005873244
2023-01-18 12:00:00+00:00,136.67,137.13,129.35,130.76,133.256169,13.139999999999986,4.558228759027256,-16699465,132.13768899928135,112.50981100071863,131.49,130.7,128.8,120.69,123.24,-0.000017860835214
2023-01-18 16:00:00+00:00,130.65,130.9,127.01,128.56,128.829827,9.710000000000008,4.469131591156955,-17460314,132.24965674926676,113.95284325073325,130.76,131.49,130.7,122.42,119.18,0.999253004411003
2023-01-18 20:00:00+00:00,128.57,129.07,128.0,128.75,128.601876,5.980000000000004,4.01591404566936,-17203589,132.91436225335514,114.01013774664487,128.56,130.76,131.49,128.8,123.24,0.999253004411003
2023-01-19 12:00:00+00:00,127.3,129.99,125.665,125.84,128.006418,4.290000000000006,4.057125506246779,-17625738,133.13279856962131,114.31520143037869,128.75,128.56,130.76,130.7,123.52,-0.000029991999327
2023-01-19 16:00:00+00:00,125.82,128.68,124.31,127.59,126.337935,4.3500000000000085,4.098842105413875,-16918901,133.48274625086933,114.74525374913067,125.84,128.75,128.56,131.49,120.73,-0.000029991999327
2023-01-19 20:00:00+00:00,127.63,128.19,126.98,127.14,127.502502,7.959999999999994,3.7136631580253576,-17093706,133.30109545771953,116.04290454228045,127.59,125.84,128.75,130.76,120.69,-0.000029991999327
2023-01-20 12:00:00+00:00,128.63,131.69,127.4,129.91,129.970335,6.670000000000002,3.8251747369553097,-16732228,133.54348880996602,117.029511190034,127.14,127.59,125.84,128.56,122.42,-0.000027191767003
2023-01-20 16:00:00+00:00,129.89,132.56,129.82,132.16,131.217695,8.64,3.680484772027936,-16371131,134.170125282281,117.733874717719,129.91,127.14,127.59,128.75,128.8,-0.000027191767003
2023-01-20 20:00:00+00:00,132.35,133.5,132.17,133.45,133.066682,12.719999999999985,3.368420135757545,-16074094,135.20615547890714,117.76584452109292,132.16,129.91,127.14,125.84,130.7,-0.000027191767003
2023-01-23 12:00:00+00:00,135.82,140.33,134.32,139.94,138.206842,19.25,3.836630784323209,-15460047,137.67483806084326,117.13616193915674,133.45,132.16,129.91,127.59,131.49,-0.000049858041166
2023-01-23 16:00:00+00:00,140.06,145.31,139.99,142.72,142.728865,20.299999999999997,4.041080013080116,-14806104,140.51158616579156,116.24741383420846,139.94,133.45,132.16,127.14,130.76,-0.000049858041166
2023-01-23 20:00:00+00:00,142.82,143.89,141.365,143.81,142.90283,15.009999999999991,3.8389360113360973,-14481915,142.76817438860158,116.45382561139839,142.72,139.94,133.45,129.91,128.56,0.999269350955728
2023-01-24 12:00:00+00:00,143.04,146.4,141.13,144.08,143.239582,13.380000000000024,4.029744543157952,-14027025,144.93825496695845,116.36774503304152,143.81,142.72,139.94,132.16,128.75,0.000861515305587
2023-01-24 16:00:00+00:00,144.08,145.3,142.5,143.98,143.855997,12.48999999999998,3.865778604070227,-14368812,146.72066389043852,116.63133610956145,144.08,143.81,142.72,133.45,125.84,0.000861515305587
2023-01-24 20:00:00+00:00,143.99,144.09,142.84,143.97,143.58347,13.210000000000008,3.51700812352753,-14497552,147.91287781210644,117.76312218789359,143.98,144.08,143.81,139.94,127.59,0.000861515305587
2023-01-25 12:00:00+00:00,141.825,142.81,138.08,141.61,140.419993,13.050000000000011,3.8334070403905245,-14970672,148.29845531758173,119.46954468241825,143.97,143.98,144.08,142.72,127.14,0.000198005873244
2023-01-25 16:00:00+00:00,141.63,146.41,141.28,145.26,144.032207,16.50999999999999,4.006286101671788,-14335205,149.23382052982842,120.81817947017161,141.61,143.97,143.98,143.81,129.91,0.000198005873244
2023-01-25 20:00:00+00:00,145.38,149.53,143.41,147.83,144.988682,21.99000000000001,4.288114621448884,-14006682,150.9576101463667,120.99738985363332,145.26,141.61,143.97,144.08,132.16,-0.001356966793537
2023-01-26 12:00:00+00:00,154.96,161.38,154.8,156.145,158.270062,28.555000000000007,5.523032671922364,-12776536,154.49364273268117,120.00585726731885,147.83,145.26,141.61,143.98,133.45,0.999483680832782
2023-01-26 16:00:00+00:00,156.13,159.16,154.88,158.315,157.396657,31.174999999999997,5.357294982332715,-11973485,157.98721357507404,119.19478642492598,156.145,147.83,145.26,143.97,139.94,0.999483680832782
2023-01-26 20:00:00+00:00,158.31,160.43,157.895,159.93,159.361163,30.02000000000001,4.980988984688352,-11489602,161.267645883514,118.83135411648597,158.315,156.145,147.83,141.61,142.72,0.935682365321554
2023-01-27 12:00:00+00:00,163.61,167.65,161.21,166.88,165.344391,34.72,5.346190453396572,-10844556,165.5984036681212,118.33259633187879,159.93,158.315,156.145,145.26,143.81,-0.005477974191308
2023-01-27 16:00:00+00:00,166.835,180.67,166.83,179.28,175.3779,45.83000000000001,6.478698392943692,-9227129,172.56333983259796,116.42066016740208,166.88,159.93,158.315,147.83,144.08,-0.005477974191308
2023-01-27 20:00:00+00:00,179.32,180.0,177.61,177.85,178.679538,37.91,5.933538607217865,-9674514,177.4330499897643,116.7519500102357,179.28,166.88,159.93,156.145,143.98,-0.005477974191308
2023-01-30 12:00:00+00:00,178.03,179.73,168.39,171.635,174.716728,28.914999999999992,6.654400126255483,-10643692,180.06587906515657,118.52362093484342,177.85,179.28,166.88,158.315,143.97,-0.995880590373417
2023-01-30 16:00:00+00:00,171.61,173.8,168.8,169.73,171.421774,25.919999999999987,6.433813442754753,-11645330,181.6293991383641,121.21910086163584,171.635,177.85,179.28,159.93,141.61,-0.995880590373417
2023-01-30 20:00:00+00:00,169.73,170.19,166.13,166.13,167.907086,22.049999999999983,6.117304983720786,-11962241,182.3320724842736,124.13842751572642,169.73,171.635,177.85,166.88,145.26,-0.000011009062291
2023-01-31 12:00:00+00:00,164.54,173.195,162.82,173.195,168.631755,29.215000000000003,6.684997652558014,-11349149,183.90977716485034,126.66422283514966,166.13,169.73,171.635,179.28,147.83,0.000310214767524
2023-01-31 16:00:00+00:00,173.48,173.735,169.93,173.21,172.144871,29.24000000000001,6.3009979655502795,-10765345,185.02136059581275,129.52863940418726,173.195,166.13,169.73,177.85,156.145,0.000310214767524
2023-01-31 20:00:00+00:00,173.22,174.26,171.51,173.2,172.948524,31.589999999999975,5.8275315701435755,-11112573,186.29385964357857,131.58214035642146,173.21,173.195,166.13,171.635,158.315,0.663732034852728
2023-02-01 12:00:00+00:00,173.89,175.83,170.265,170.265,172.994247,25.004999999999995,5.7925273607911025,-11585677,186.99846204422457,133.63203795577542,173.2,173.21,173.195,169.73,159.93,-0.986906948033720
2023-02-01 16:00:00+00:00,170.13,179.72,169.95,178.505,174.120515,30.674999999999983,6.322857046018957,-11028128,188.7263334890327,135.37366651096733,170.265,173.2,173.21,166.13,166.88,-0.986906948033720
2023-02-01 20:00:00+00:00,178.99,183.78,178.505,181.32,181.77768,25.174999999999983,6.18314277321643,-10714982,190.50562119791266,137.31837880208735,178.505,170.265,173.2,173.195,179.28,-0.986906948033720
2023-02-02 12:00:00+00:00,185.91,194.02,185.205,193.76,189.827256,35.44499999999999,7.052057070120908,-10074301,194.41984452324982,138.3821554767502,181.32,178.505,170.265,173.21,177.85,-0.000008543815056
2023-02-02 16:00:00+00:00,193.74,196.72,185.03,185.405,192.769387,25.474999999999994,7.6704494607714535,-11047279,195.62213643771423,141.32336356228575,193.76,181.32,178.505,173.2,171.635,-0.000008543815056
2023-02-02 20:00:00+00:00,185.335,188.41,182.63,184.82,186.477643,17.939999999999998,7.418389532668594,-11432434,195.56871898331784,145.69778101668217,185.405,193.76,181.32,170.265,169.73,0.999486854183488
2023-02-03 12:00:00+00:00,185.67,198.99,183.795,196.27,194.050728,16.99000000000001,8.455270928312785,-10719850,197.6217867621133,148.74571323788666,184.82,185.405,193.76,178.505,166.13,0.236631148494780
2023-02-03 16:00:00+00:00,196.31,198.41,188.92,189.99,194.036249,12.140000000000015,8.59323480453775,-11440660,197.71142140815272,152.8720785918473,196.27,184.82,185.405,181.32,173.195,0.236631148494780
2023-02-03 20:00:00+00:00,189.64,191.15,188.21,190.16,189.994241,18.525000000000006,7.839470163932716,-11178459,198.4360058258242,155.54899417417582,189.99,196.27,184.82,193.76,173.21,0.000204603122256
2023-02-06 12:00:00+00:00,193.08,197.44,190.01,194.72,194.226248,24.99000000000001,7.784874142075021,-10668004,199.75534207671325,157.87015792328674,190.16,189.99,196.27,185.405,173.2,-0.994724564603530
2023-02-06 16:00:00+00:00,194.79,196.87,193.45,195.11,194.955894,28.980000000000018,7.2028909231316876,-10162350,200.7314976160846,160.41200238391542,194.72,190.16,189.99,184.82,170.265,-0.994724564603530
2023-02-06 20:00:00+00:00,195.05,195.29,193.16,194.81,194.433834,21.61500000000001,6.526505466714129,-10333814,202.00365426206105,161.93284573793892,195.11,194.72,190.16,196.27,178.505,0.001295496433158
2023-02-07 12:00:00+00:00,196.72,197.22,191.12,192.9,193.590532,19.689999999999998,6.469638071152245,-10703869,203.2186908681524,162.07980913184758,194.81,195.11,194.72,189.99,181.32,-0.000020636864065
2023-02-07 16:00:00+00:00,192.975,197.2,189.56,195.0,193.662078,21.80000000000001,6.625686328331944,-10166818,204.65552681536934,162.35797318463062,192.9,194.81,195.11,190.16,193.76,-0.000020636864065
2023-02-07 20:00:00+00:00,194.91,197.48,193.68,196.8,196.168984,26.535000000000025,6.2489281512210155,-9975304,205.93421448949115,163.59578551050888,195.0,192.9,194.81,194.72,185.405,0.905403821729124
2023-02-08 12:00:00+00:00,196.28,202.84,194.42,200.13,199.956757,21.625,6.538404397724882,-9488435,207.27355979104016,165.2964402089599,196.8,195.0,192.9,195.11,184.82,-0.000137685732625
2023-02-08 16:00:00+00:00,200.13,202.87,197.83,201.1,200.403352,19.78,6.338617144694897,-8887462,207.73967565496042,168.32732434503959,200.13,196.8,195.0,194.81,196.27,-0.000137685732625
2023-02-08 20:00:00+00:00,201.03,201.83,199.55,201.06,200.873598,7.300000000000011,5.797468192068911,-9096339,208.64992222156454,170.20357777843546,201.1,200.13,196.8,192.9,189.99,0.000083906656073
2023-02-09 12:00:00+00:00,207.79,214.0,205.56,211.975,209.822294,26.569999999999993,6.749805766459723,-8469307,211.49914747968222,171.23085252031774,201.06,201.1,200.13,195.0,190.16,-0.000077936747402
2023-02-09 16:00:00+00:00,211.9,213.49,209.04,209.76,211.439186,24.939999999999998,6.443164997598428,-9350787,213.0193547090575,173.36664529094253,211.975,201.06,201.1,196.8,194.72,-0.000077936747402
2023-02-09 20:00:00+00:00,209.61,210.1,204.78,207.33,207.401891,11.060000000000002,6.293409664585304,-9713899,212.65379320251114,177.4387067974889,209.76,211.975,201.06,200.13,195.11,0.998893727140967
2023-02-10 12:00:00+00:00,202.2,206.2,195.92,197.63,200.472262,7.639999999999986,6.975621709307267,-10547966,211.8131960796488,180.1918039203512,207.33,209.76,211.975,201.1,194.81,-0.000043335821829
2023-02-10 16:00:00+00:00,197.48,199.77,192.92,197.18,196.271707,7.02000000000001,6.958872148066302,-11218223,211.01653516096246,182.57446483903755,197.63,207.33,209.76,201.06,192.9,-0.000043335821829
2023-02-10 20:00:00+00:00,197.23,197.68,195.6,195.87,196.600118,1.1500000000000057,6.308355861657463,-11445161,211.05838178280385,182.74361821719617,197.18,197.63,207.33,211.975,195.0,-0.000016575126210
2023-02-13 12:00:00+00:00,196.1,196.28,187.61,193.96,191.174456,-1.1500000000000057,6.6232417467698,-12080022,210.50673398233957,184.1507660176604,195.87,197.18,197.63,209.76,196.8,-0.997023754869588
2023-02-13 16:00:00+00:00,194.17,195.62,192.54,194.04,194.124791,-0.7700000000000102,6.150809513867162,-11534798,209.71034803987484,185.86915196012515,193.96,195.87,197.18,207.33,200.13,-0.997023754869588
2023-02-13 20:00:00+00:00,193.99,195.69,193.08,194.55,194.74396,1.6500000000000057,5.678701578684872,-11381491,209.69512008751033,185.7123799124897,194.04,193.96,195.87,197.63,201.1,0.000310214767524
2023-02-14 12:00:00+00:00,191.82,204.43,189.48,200.47,198.654821,5.469999999999999,6.914874701526892,-10767538,209.70473129882274,186.75076870117724,194.55,194.04,193.96,197.18,201.06,0.510057513020001
2023-02-14 16:00:00+00:00,200.53,206.72,197.65,205.875,201.958511,9.074999999999989,7.202224741323306,-10260794,210.31528379012724,187.71171620987275,200.47,194.55,194.04,195.87,211.975,0.510057513020001
2023-02-14 20:00:00+00:00,206.03,210.01,205.01,210.0,208.27506,9.870000000000005,6.908594775813532,-10011933,211.89372770010866,187.6612722998913,205.875,200.47,194.55,193.96,209.76,-0.000023597491236
2023-02-15 12:00:00+00:00,211.77,213.98,206.19,210.165,210.007979,9.064999999999998,7.0261154723717265,-9275608,213.2796241743965,187.7808758256035,210.0,205.875,200.47,194.04,207.33,0.989377882389817
2023-02-15 16:00:00+00:00,210.0,214.65,209.69,210.19,212.256079,9.129999999999995,6.750633409388831,-8711523,214.44505872757242,188.15344127242759,210.165,210.0,205.875,194.55,197.63,0.989377882389817
2023-02-15 20:00:00+00:00,210.32,214.15,210.315,214.15,212.99399,2.1750000000000114,6.378548954803655,-8550543,216.0720965635039,188.6514034364961,210.19,210.165,210.0,200.47,197.18,0.000059935729951
2023-02-16 12:00:00+00:00,210.98,217.585,208.38,216.61,213.943926,6.850000000000023,6.75540909416317,-8156780,218.0842391784518,188.8002608215482,214.15,210.19,210.165,205.875,195.87,-0.983481312054209
2023-02-16 16:00:00+00:00,216.74,217.38,209.76,211.05,213.323576,3.719999999999999,6.870687881608082,-8802041,218.82263488848656,189.4868651115134,216.61,214.15,210.19,210.0,193.96,-0.983481312054209
2023-02-16 20:00:00+00:00,211.11,211.12,200.57,201.05,204.512438,3.420000000000016,7.361262830727006,-9158183,218.82118316900224,189.58031683099776,211.05,216.61,214.15,210.165,194.04,-0.977243371540681
2023-02-17 12:00:00+00:00,200.5,204.52,199.25,200.87,202.03628,3.6899999999999977,7.082427786630074,-9592580,218.82031042661146,189.55818957338852,201.05,211.05,216.61,210.19,194.55,0.000015441597498
2023-02-17 16:00:00+00:00,200.815,207.86,197.51,207.65,201.819169,11.780000000000001,7.518104081746067,-9067995,219.14990524980837,189.88759475019165,200.87,201.05,211.05,214.15,200.47,0.000015441597498
2023-02-17 20:00:00+00:00,207.51,208.41,205.125,208.41,207.222164,14.449999999999989,6.9536902041799245,-8789862,218.67299194173106,190.00800805826893,207.65,200.87,201.05,216.61,205.875,-0.871260834624991
2023-02-21 12:00:00+00:00,204.7,209.67,203.21,204.11,205.489934,10.070000000000022,6.887864843622599,-9215377,218.16162081157285,189.95437918842714,208.41,207.65,200.87,211.05,210.0,0.987690970825497
2023-02-21 16:00:00+00:00,204.16,204.92,198.72,200.13,201.370436,5.579999999999984,6.7961495311395845,-9705256,217.81751818161104,189.57848181838898,204.11,208.41,207.65,201.05,210.165,0.987690970825497
2023-02-21 20:00:00+00:00,200.16,200.51,197.28,197.35,199.020542,-3.1200000000000045,6.320662926987639,-9905529,217.82938295501407,189.53861704498593,200.13,204.11,208.41,200.87,210.19,-0.997014668362681
2023-02-22 12:00:00+00:00,198.54,200.845,191.805,195.035,196.191147,-10.840000000000003,6.6832412033892865,-10416287,217.96028930336246,189.19321069663755,197.35,200.13,204.11,207.65,214.15,-0.000028847000067
2023-02-22 16:00:00+00:00,194.9,201.98,193.63,198.06,197.807893,-11.939999999999998,6.9054757096040476,-9960578,217.85448871038776,189.5180112896123,195.035,197.35,200.13,208.41,216.61,-0.000028847000067
2023-02-22 20:00:00+00:00,198.21,200.995,197.82,200.45,199.970134,-9.715000000000003,6.408078948323509,-9782539,217.5231424698696,190.4983575301304,198.06,195.035,197.35,204.11,211.05,0.000311989424517
2023-02-23 12:00:00+00:00,204.055,205.03,197.38,198.06,201.040277,-12.129999999999995,6.573668421880376,-10157277,217.20944302391766,191.21405697608233,200.45,198.06,195.035,200.13,201.05,0.000003712564649
2023-02-23 16:00:00+00:00,197.82,203.22,196.41,201.28,199.833752,-12.870000000000005,6.605179298962993,-9626735,216.82099441691597,192.27550558308403,198.06,200.45,198.06,197.35,200.87,0.951607313007116
2023-02-23 20:00:00+00:00,201.29,203.08,200.92,202.07,202.140351,-14.54000000000002,6.0124887257679305,-9487612,216.80958009532876,192.44691990467126,201.28,198.06,200.45,195.035,207.65,0.951607313007116
2023-02-24 12:00:00+00:00,196.46,197.4,192.8,194.04,194.713598,-17.01000000000002,6.446823562332204,-9778314,217.08201630967915,190.99098369032083,202.07,201.28,198.06,198.06,208.41,-0.000014016797650
2023-02-24 16:00:00+00:00,194.06,197.65,193.6,196.85,195.573332,-4.200000000000017,6.127247087354579,-9478472,216.48438202004712,190.27361797995286,194.04,202.07,201.28,200.45,204.11,-0.000014016797650
2023-02-24 20:00:00+00:00,196.885,197.315,195.69,196.89,196.650168,-3.980000000000018,5.526947475707303,-9284510,215.71778800111073,189.71271199888932,196.85,194.04,202.07,198.06,200.13,-0.000014016797650
2023-02-27 12:00:00+00:00,202.08,208.06,201.305,205.21,205.39471,-2.4399999999999977,6.279354478946331,-8943564,215.05007707859636,189.88242292140364,196.89,196.85,194.04,201.28,197.35,0.994588966947049
2023-02-27 16:00:00+00:00,205.25,209.35,204.34,208.2,206.571617,-0.21000000000000796,6.110107215086819,-8464328,213.83761179209287,190.4998882079071,205.21,196.89,196.85,202.07,195.035,0.994588966947049
2023-02-27 20:00:00+00:00,208.1,208.38,206.36,207.63,207.597476,3.519999999999982,5.564759586408575,-8685073,211.6034380367189,191.8360619632811,208.2,205.21,196.89,194.04,198.06,0.999292157022865
2023-02-28 12:00:00+00:00,210.66,211.22,203.75,204.77,207.196492,4.640000000000015,5.818791641554098,-9246525,210.40040529878857,192.41109470121145,207.63,208.2,205.21,196.85,200.45,-0.994253510609269
2023-02-28 16:00:00+00:00,204.61,209.39,204.61,207.9,207.065543,10.550000000000011,5.680286089346882,-8788375,211.19612097971205,192.30037902028798,204.77,207.63,208.2,196.89,198.06,-0.994253510609269
2023-02-28 20:00:00+00:00,208.025,208.105,204.94,205.815,206.194267,10.780000000000001,5.3449146107672965,-8985066,211.60405150904202,192.38694849095796,207.9,204.77,207.63,205.21,201.28,-0.203607531846501
2023-03-01 12:00:00+00:00,206.12,207.2,198.68,201.55,201.669447,3.490000000000009,5.768259329331655,-9364337,210.9232203607502,192.45777963924976,205.815,207.9,204.77,208.2,202.07,0.000074545921962
2023-03-01 16:00:00+00:00,201.47,202.81,198.86,202.24,201.094645,1.7900000000000205,5.525824752087433,-9055966,210.0653375827273,192.69866241727271,201.55,205.815,207.9,207.63,194.04,0.000074545921962
2023-03-01 20:00:00+00:00,202.27,203.39,199.98,202.49,202.860252,4.430000000000007,5.243714785142442,-8904871,209.9070704399691,192.6949295600309,202.24,201.55,205.815,204.77,196.85,0.000074545921962
2023-03-02 12:00:00+00:00,187.1,193.62,186.02,191.44,189.769059,-9.840000000000003,6.740552813790116,-9677309,210.53357276201723,191.19942723798277,202.49,202.24,201.55,207.9,196.89,0.000310214767524
2023-03-02 16:00:00+00:00,191.32,191.55,188.1,189.33,189.887518,-12.73999999999998,6.301812438618104,-10354025,211.3370703120247,189.59392968797528,191.44,202.49,202.24,205.815,205.21,0.000310214767524
2023-03-02 20:00:00+00:00,189.34,191.49,188.9,190.95,190.398268,-3.0900000000000034,5.806904113469024,-10185463,211.70104659125545,188.8214534087446,189.33,191.44,202.49,201.55,208.2,0.000223614260904
2023-03-03 12:00:00+00:00,194.94,197.74,192.89,196.22,195.984691,-0.6299999999999955,5.93798356500649,-9766676,211.71270942614188,188.62579057385807,190.95,189.33,191.44,202.24,207.63,0.000198005873244
2023-03-03 16:00:00+00:00,196.27,200.48,195.48,199.86,198.953306,2.9700000000000273,5.812919089672292,-9326644,211.6832040460149,188.59629595398508,196.22,190.95,189.33,202.49,204.77,0.000198005873244
2023-03-03 20:00:00+00:00,199.83,200.09,196.82,197.76,198.238858,-7.450000000000017,5.473863211049322,-9540823,211.68035628334215,188.56914371665786,199.86,196.22,190.95,191.44,207.9,-0.000011576579709
2023-03-06 12:00:00+00:00,198.52,198.58,194.55,196.14,196.243888,-12.060000000000002,5.281348116242746,-9833186,211.54318371207648,188.19231628792346,197.76,199.86,196.22,189.33,205.815,0.297704275988508
2023-03-06 16:00:00+00:00,196.12,196.6,192.3,194.74,194.552414,-12.889999999999986,5.15050170074371,-10259718,211.3445896226625,187.6579103773375,196.14,197.76,199.86,190.95,201.55,0.297704275988508
2023-03-06 20:00:00+00:00,194.77,195.48,193.66,193.8,194.503667,-10.969999999999999,4.706434807311215,-10403243,211.35635104035265,187.6221489596474,194.74,196.14,197.76,196.22,202.24,0.000310214767524
2023-03-07 12:00:00+00:00,191.11,192.3,186.13,188.93,189.379188,-18.97,5.101576833003055,-10780293,211.82802802368255,186.35847197631747,193.8,194.74,196.14,199.86,202.49,0.000002642875188
2023-03-07 16:00:00+00:00,189.0,194.18,188.42,189.04,190.830681,-16.775000000000006,5.18936658860265,-10237448,212.18338299081836,185.21811700918164,188.93,193.8,194.74,197.76,191.44,0.000002642875188
2023-03-07 20:00:00+00:00,189.0,190.14,187.48,187.7,188.687821,-13.850000000000023,4.852117710122296,-10388233,211.79346786269988,183.85703213730008,189.04,188.93,193.8,196.14,189.33,-0.993320565321483
2023-03-08 12:00:00+00:00,185.06,186.45,180.02,182.35,182.047821,-19.890000000000015,5.229168682105987,-10873810,211.2240619598614,181.84143804013866,187.7,189.04,188.93,194.74,190.95,-0.000740933668567
2023-03-08 16:00:00+00:00,182.34,183.29,180.0,181.83,181.484321,-20.659999999999997,4.970612857825188,-11310035,210.3560378009588,180.1294621990412,182.35,187.7,189.04,193.8,196.22,-0.000740933668567
2023-03-08 20:00:00+00:00,182.05,182.36,180.17,182.01,181.446094,-9.430000000000007,4.599864476781833,-11132756,209.61970559458643,178.58979440541356,181.83,182.35,187.7,188.93,199.86,-0.998260455031414
2023-03-09 12:00:00+00:00,177.95,185.1,177.95,181.35,182.68964,-7.980000000000018,4.939882546544256,-11468948,207.85962293723344,177.69487706276658,182.01,181.83,182.35,189.04,197.76,0.557242946058977
2023-03-09 16:00:00+00:00,181.34,181.88,175.57,175.96,178.566287,-14.98999999999998,5.122564873671689,-11955385,206.83605294316683,175.73294705683318,181.35,182.01,181.83,187.7,196.14,0.557242946058977
2023-03-09 20:00:00+00:00,175.97,176.24,172.07,172.07,173.946635,-24.150000000000006,4.9955562238488,-12227230,206.7882209739838,172.83277902601617,175.96,181.35,182.01,182.35,194.74,0.999322390300222
2023-03-10 12:00:00+00:00,176.38,177.77,168.44,176.86,173.652704,-23.0,5.573482060668962,-11568530,205.40110638227355,171.68189361772642,172.07,175.96,181.35,181.83,193.8,-0.072041852050461
2023-03-10 16:00:00+00:00,176.8,178.25,171.85,174.57,174.939693,-23.189999999999998,5.683684452579768,-12240419,203.7640431940206,170.5269568059794,176.86,172.07,175.96,182.01,188.93,-0.072041852050461
2023-03-10 20:00:00+00:00,174.69,175.1,172.47,173.44,173.660764,-22.69999999999999,5.276526525569132,-12435342,203.80762368757982,168.68337631242017,174.57,176.86,172.07,181.35,189.04,-0.923527528066188
2023-03-13 12:00:00+00:00,167.47,172.86,163.96,172.34,169.1209,-22.400000000000006,5.836989655493246,-13063157,203.94578893331382,166.8462110666862,173.44,174.57,176.86,175.96,187.7,-0.995575932087377
2023-03-13 16:00:00+00:00,172.35,177.34,170.98,174.46,174.450607,-19.340000000000003,5.906724368094149,-12416685,203.54296252989292,165.60003747010705,172.34,173.44,174.57,172.07,182.35,-0.995575932087377
2023-03-14 12:00:00+00:00,177.28,182.09,177.175,181.525,180.448111,-7.405000000000001,6.136494452348261,-11786850,202.0310192755303,165.6424807244697,174.46,172.34,173.44,176.86,181.83,0.973691777850036
2023-03-14 16:00:00+00:00,181.54,183.73,180.0,183.27,181.913239,-5.769999999999982,5.815628525368491,-11129497,199.5647388366496,166.4497611633504,181.525,174.46,172.34,174.57,182.01,0.973691777850036
2023-03-15 12:00:00+00:00,180.88,182.31,177.845,179.63,180.193895,-8.069999999999993,5.763544721986027,-11755714,197.17629250562624,167.02520749437377,183.27,181.525,174.46,173.44,181.35,-0.923527528066188
2023-03-15 16:00:00+00:00,179.77,180.83,176.12,180.51,178.91351,-1.8400000000000034,5.623072092387892,-11301171,194.87426083293758,167.76423916706239,179.63,183.27,181.525,172.34,175.96,-0.923527528066188
2023-03-16 12:00:00+00:00,180.85,185.39,178.91,184.95,181.730751,3.119999999999976,5.737329146736172,-10691241,192.97822292751368,168.6812770724863,180.51,179.63,183.27,174.46,172.07,0.002648062072694
2023-03-16 16:00:00+00:00,185.03,185.77,183.59,184.07,184.581695,2.0600000000000023,5.263018593838017,-11116749,190.99139106568597,169.695108934314,184.95,180.51,179.63,181.525,176.86,0.002648062072694
2023-03-17 12:00:00+00:00,185.0,186.03,177.33,178.69,180.766925,-2.6599999999999966,5.72128278132628,-11572656,189.69694701685782,169.9655529831422,184.07,184.95,180.51,183.27,174.57,-0.996587627218105
2023-03-17 16:00:00+00:00,178.66,180.78,178.33,180.09,179.729754,4.1299999999999955,5.285111743816108,-11024000,188.2522352291708,170.51526477082925,178.69,184.07,184.95,179.63,173.44,-0.923527528066188
2023-03-20 12:00:00+00:00,178.29,186.41,176.415,183.9,183.136236,11.830000000000013,5.913096844640628,-10595670,187.45401817119287,170.93348182880712,180.09,178.69,184.07,180.51,172.34,-0.000011144962627
2023-03-20 16:00:00+00:00,183.93,184.45,181.34,183.23,183.009764,6.369999999999976,5.539350598688542,-10935028,187.57779699892225,170.8977030010777,183.9,180.09,178.69,184.95,174.46,-0.000011144962627
2023-03-21 12:00:00+00:00,188.45,194.96,188.08,194.19,191.913711,19.620000000000005,6.364770518863406,-10401001,190.5141231723499,169.1973768276501,183.23,183.9,180.09,184.07,181.525,-0.923527528066188
2023-03-21 16:00:00+00:00,194.21,197.98,193.71,197.53,196.111106,24.090000000000003,6.085467783014949,-9790919,193.8926872038015,167.37081279619852,194.19,183.23,183.9,178.69,183.27,-0.923527528066188
2023-03-21 20:00:00+00:00,197.27,197.27,197.27,197.27,197.27,24.930000000000007,5.308738745279622,-9791019,196.63815034585065,166.21734965414936,197.53,194.19,183.23,180.09,179.63,-0.657658070325851
2023-03-22 12:00:00+00:00,199.13,200.65,195.65,197.12,197.632198,22.659999999999997,5.26757357924234,-10236948,198.9839506274685,165.9875493725315,197.27,197.53,194.19,183.9,180.51,0.000862045417307
2023-03-22 16:00:00+00:00,197.08,200.5,190.95,191.0,195.930428,9.474999999999994,5.838563768676696,-11085916,199.58281019060976,167.28168980939026,197.12,197.27,197.53,183.23,184.95,-0.923527528066188
2023-03-22 20:00:00+00:00,190.85,190.85,190.85,190.85,190.85,7.579999999999984,5.080088599519804,-11086016,200.29561720099971,167.96788279900025,191.0,197.12,197.27,194.19,184.07,-0.923527528066188
2023-03-23 12:00:00+00:00,195.265,199.31,194.77,194.92,197.27194,15.289999999999992,5.530743452917165,-10616966,201.3407910906913,168.95770890930868,190.85,191.0,197.12,197.53,178.69,-0.923527528066188
2023-03-23 16:00:00+00:00,194.86,196.2,188.685,192.27,192.671014,11.76000000000002,5.795310992528208,-11122516,201.59055382717827,170.59094617282176,194.92,190.85,191.0,197.27,180.09,-0.923527528066188
2023-03-23 20:00:00+00:00,191.94,191.94,191.94,191.94,191.94,6.990000000000009,5.066602860191115,-11122616,201.33945859597287,172.80204140402714,192.27,194.92,190.85,197.12,183.9,-0.000011028649169
2023-03-24 12:00:00+00:00,190.48,192.28,187.195,189.51,189.234103,5.439999999999998,5.069055812165634,-11533583,200.8226428095829,174.8238571904171,191.94,192.27,194.92,191.0,183.23,-0.007298349461053
2023-03-24 16:00:00+00:00,189.6,190.78,187.83,190.4,189.536723,11.710000000000008,4.786515037210215,-10929890,200.9635260062884,175.5704739937116,189.51,191.94,192.27,190.85,194.19,0.975840592640452
2023-03-27 12:00:00+00:00,194.575,197.35,192.37,192.49,195.350456,12.400000000000006,5.074979698915518,-10573341,201.3297686309642,176.12623136903582,190.4,189.51,191.94,194.92,197.53,-0.000011009062291
2023-03-27 16:00:00+00:00,192.52,193.85,190.02,191.82,192.102883,7.9199999999999875,4.908982405726781,-10867232,201.24661879708503,177.42838120291498,192.49,190.4,189.51,192.27,197.27,-0.000011009062291
2023-03-28 12:00:00+00:00,191.94,192.3,187.74,188.74,188.892363,5.510000000000019,4.862451418296544,-11271120,200.91967947784573,178.57832052215426,191.82,192.49,190.4,191.94,197.12,-0.000010156843928
2023-03-28 16:00:00+00:00,188.83,189.33,185.45,189.21,187.524843,-4.97999999999999,4.731457895857009,-10909207,200.9075794488207,179.01642055117932,188.74,191.82,192.49,189.51,191.0,-0.000010156843928
2023-03-28 20:00:00+00:00,189.55,189.55,189.5,189.5,189.525,-8.030000000000001,4.145930176409408,-10909007,200.8274471793503,179.6395528206497,189.21,188.74,191.82,190.4,190.85,0.996289056405658
2023-03-29 12:00:00+00:00,193.15,195.18,189.47,192.58,192.458421,-4.689999999999998,4.354472819554822,-10581081,200.0552607291457,181.8007392708543,189.5,189.21,188.74,192.49,194.92,-0.000142213408253
2023-03-29 16:00:00+00:00,192.71,193.95,190.64,193.86,192.507786,-3.259999999999991,4.215209776947512,-10191616,199.25795832023596,183.97504167976405,192.58,189.5,189.21,191.82,192.27,-0.000142213408253
2023-03-30 12:00:00+00:00,195.69,197.25,194.5,196.33,195.894215,5.3300000000000125,4.105181806687842,-9905054,199.23136407241688,185.24463592758312,193.86,192.58,189.5,188.74,191.94,0.000061112055846
2023-03-30 16:00:00+00:00,196.3,197.19,194.99,195.28,195.894045,4.430000000000007,3.851157565796128,-10302501,198.51887068893396,187.16212931106608,196.33,193.86,192.58,189.21,189.51,0.000061112055846
2023-03-30 20:00:00+00:00,195.21,195.85,195.21,195.85,195.5065,0.9300000000000068,3.423003223689976,-10299087,198.7319630630338,187.11503693696625,195.28,196.33,193.86,189.5,190.4,-0.205939233303070
2023-03-31 12:00:00+00:00,197.54,204.34,197.27,203.98,200.824315,11.70999999999998,4.098602793864647,-9821556,200.63308517381185,185.85891482618817,195.85,195.28,196.33,192.58,192.49,-0.923527528066188
2023-03-31 16:00:00+00:00,204.14,207.78,203.93,207.41,206.198973,15.469999999999999,4.065455754682694,-9030650,203.36098155027415,184.14501844972582,203.98,195.85,195.28,193.86,191.82,-0.923527528066188
2023-03-31 20:00:00+00:00,207.46,207.46,207.46,207.46,207.46,17.950000000000017,3.5300616540583367,-9030550,205.5993991105992,182.94060088940083,207.41,203.98,195.85,196.33,188.74,0.999378486856585
2023-04-03 12:00:00+00:00,199.79,202.655,193.84,194.88,197.624995,4.47999999999999,4.875386766850559,-9722742,205.69004190437676,183.23795809562324,207.46,207.41,203.98,195.28,189.21,-0.001353850791929
2023-04-03 16:00:00+00:00,194.88,196.02,192.21,194.75,194.246828,2.259999999999991,4.733335197937151,-10217274,205.75546107629674,183.5625389237033,194.88,207.46,207.41,195.85,189.5,-0.001353850791929
2023-04-03 20:00:00+00:00,194.84,194.84,194.84,194.84,194.84,3.0200000000000102,4.114223838212198,-10217174,205.7511226038117,183.5588773961883,194.75,194.88,207.46,203.98,192.58,-0.001353850791929
2023-04-04 12:00:00+00:00,197.35,198.63,190.62,191.62,194.138702,2.8799999999999955,4.633660659783904,-10722635,205.7517934942397,183.4932065057603,194.84,194.75,194.88,207.41,193.86,0.000059934413002
2023-04-04 16:00:00+00:00,191.59,192.69,190.34,192.66,191.737252,3.4499999999999886,4.329172571812716,-10438198,205.7558705276653,183.5611294723347,191.62,194.84,194.75,207.46,196.33,0.000059934413002
2023-04-05 12:00:00+00:00,190.51,190.59,183.88,184.72,186.399461,-4.780000000000001,4.922616228904354,-10887091,206.17162371588762,182.66637628411235,192.66,191.62,194.84,194.88,195.28,-0.000013669516193
2023-04-05 16:00:00+00:00,184.81,186.98,183.85,185.51,185.586179,-7.070000000000022,4.683600731717106,-10494535,206.47008838286854,181.8789116171315,184.72,192.66,191.62,194.75,195.85,-0.000013669516193
2023-04-06 12:00:00+00:00,183.26,185.09,179.84,184.87,183.166028,-8.990000000000009,4.815120634154823,-10832099,206.76265413371638,180.8243458662836,185.51,184.72,192.66,194.84,203.98,-0.900742380297743
2023-04-06 16:00:00+00:00,185.04,186.38,184.4,185.04,185.376065,-11.29000000000002,4.437104549600845,-10559313,206.983227290547,179.92577270945299,184.87,185.51,184.72,191.62,207.41,-0.900742380297743
2023-04-10 12:00:00+00:00,180.1,182.5,176.16,180.7,178.81081,-14.580000000000013,5.029490609654065,-11005335,207.6097870157832,178.4952129842168,185.04,184.87,185.51,192.66,207.46,0.000234384628129
2023-04-10 16:00:00+00:00,180.67,185.08,179.57,184.5,183.141199,-11.349999999999994,5.093558528366859,-10616562,207.78268439699366,177.85131560300636,180.7,185.04,184.87,184.72,194.88,0.000234384628129
2023-04-11 12:00:00+00:00,186.67,189.17,185.67,186.63,187.293463,-17.349999999999994,5.0370840579179434,-10111535,207.8269623799975,177.52003762000248,184.5,180.7,185.04,185.51,194.75,-0.000025158984499
2023-04-11 16:00:00+00:00,186.64,188.59,186.22,186.81,187.373076,-20.599999999999994,4.681472850195552,-9735215,207.76398429323197,177.006015706768,186.63,184.5,180.7,184.87,194.84,-0.000025158984499
2023-04-12 12:00:00+00:00,190.58,191.57,181.9,184.05,186.3325,-23.409999999999997,5.34660980350281,-10370760,207.69538135439575,176.09361864560424,186.81,186.63,184.5,185.04,191.62,-0.000008008646546
2023-04-12 16:00:00+00:00,184.18,185.0,180.35,180.54,182.554931,-14.340000000000003,5.253728496369103,-10938843,207.5380033772513,174.67199662274868,184.05,186.81,186.63,180.7,192.66,-0.000008008646546
2023-04-12 20:00:00+00:00,180.05,180.05,180.05,180.05,180.05,-14.699999999999989,4.61856469685322,-10938943,207.36294309178933,173.32405690821068,180.54,184.05,186.81,184.5,184.72,-0.997269417042844
2023-04-13 12:00:00+00:00,182.28,186.15,181.06,185.21,184.290295,-9.629999999999995,4.816089403939457,-10421135,206.7712831104841,172.8517168895159,180.05,180.54,184.05,186.63,185.51,-0.923527528066188
2023-04-13 16:00:00+00:00,185.2,186.44,184.43,185.87,185.605447,-5.75,4.441944150080862,-10003652,204.56454789251032,173.2474521074897,185.21,180.05,180.54,186.81,184.87,-0.923527528066188
2023-04-14 12:00:00+00:00,184.22,186.23,182.23,182.88,183.905309,-9.780000000000001,4.383018263403414,-10402354,200.88621037556888,174.47278962443116,185.87,185.21,180.05,184.05,185.04,0.999386670271633
2023-04-14 16:00:00+00:00,182.79,185.31,182.035,185.01,183.91022,0.28999999999999204,4.235282494949626,-9977542,195.95061059427107,177.1633894057289,182.88,185.87,185.21,180.54,180.7,0.999386670271633
2023-04-17 12:00:00+00:00,186.43,189.68,182.74,183.46,185.44811,-2.049999999999983,4.5959114956230085,-10382396,194.60590206300253,177.36609793699745,185.01,182.88,185.87,180.05,184.5,-0.000014033750631
2023-04-17 16:00:00+00:00,183.39,187.52,182.83,187.0,185.334589,2.1299999999999955,4.6084566295399405,-10056727,193.1956636672041,178.00133633279592,183.46,185.01,182.88,185.21,186.63,-0.000014033750631
2023-04-17 20:00:00+00:00,187.1,187.1,187.1,187.1,187.1,2.0600000000000023,4.007329078934615,-10056627,191.50283163018983,178.92016836981017,187.0,183.46,185.01,185.87,186.81,-0.000014033750631
2023-04-18 12:00:00+00:00,187.15,187.675,183.615,184.5,185.090388,3.8000000000000114,4.0143518684099995,-10430175,190.37887987648668,179.33212012351328,187.1,187.0,183.46,182.88,184.05,0.999187353736488
2023-04-18 16:00:00+00:00,184.62,186.01,183.86,184.31,184.94662,-0.18999999999999773,3.765771619288663,-10685849,188.562711664179,180.31328833582103,184.5,187.1,187.0,185.01,180.54,0.999187353736488
2023-04-19 12:00:00+00:00,178.55,182.11,177.75,181.29,180.491521,-5.340000000000003,4.1383354033835085,-11190400,188.62068866658245,179.91231133341756,184.31,184.5,187.1,183.46,180.05,-0.000032796640880
2023-04-19 16:00:00+00:00,181.36,183.49,180.07,180.48,182.072628,-6.3300000000000125,4.042557349599043,-11769065,188.6394498958184,179.39055010418164,181.29,184.31,184.5,187.0,185.21,-0.000032796640880
2023-04-19 20:00:00+00:00,182.11,182.11,172.9,173.13,175.912881,-10.920000000000016,4.731549702985838,-11814380,190.1156495750705,176.7403504249295,180.48,181.29,184.31,187.1,185.87,-0.000032796640880
2023-04-20 12:00:00+00:00,164.75,169.48,163.8,163.82,166.726165,-16.72,5.344676409254391,-13136489,193.33876107329536,171.39523892670468,173.13,180.48,181.29,184.5,182.88,-0.997569936676882
2023-04-20 16:00:00+00:00,163.82,164.66,160.57,162.99,162.559636,-17.060000000000002,5.177386221353806,-14131811,195.4650230481793,167.49797695182068,163.82,173.13,180.48,184.31,185.01,-0.997569936676882
2023-04-20 20:00:00+00:00,162.76,162.76,162.76,162.76,162.76,-22.450000000000017,4.517734725173302,-14131911,196.59431608073066,164.19468391926932,162.99,163.82,173.13,181.29,183.46,-0.997885867720470
2023-04-21 12:00:00+00:00,164.41,165.34,161.34,165.1,163.181718,-20.77000000000001,4.448703428483529,-13450831,196.59850267291029,162.03749732708974,162.76,162.99,163.82,180.48,187.0,-0.997907623590436
2023-04-21 16:00:00+00:00,165.23,165.995,164.22,165.035,165.106708,-17.845,4.092209638019059,-13778868,196.25024018095718,160.20825981904284,165.1,162.76,162.99,173.13,187.1,-0.997907623590436
2023-04-21 20:00:00+00:00,165.14,165.14,165.14,165.14,165.14,-19.870000000000005,3.560581686283183,-13778668,195.99012011532807,158.57737988467193,165.035,165.1,162.76,163.82,184.5,-0.974972547963262
2023-04-24 12:00:00+00:00,164.64,165.64,158.61,159.75,161.4594,-23.710000000000008,4.023170794778755,-14360297,196.44001486992073,156.0484851300793,165.14,165.035,165.1,162.99,184.31,-0.000472202431411
2023-04-24 16:00:00+00:00,159.86,163.21,159.75,162.56,161.477136,-24.439999999999998,3.9480813554749226,-13998254,196.37028795669545,154.36921204330457,159.75,165.14,165.035,162.76,181.29,-0.000472202431411
2023-04-24 20:00:00+00:00,162.15,162.15,162.15,162.15,162.15,-24.94999999999999,3.4763371747449328,-13998354,195.47308237530797,152.960417624692,162.56,159.75,165.14,165.1,180.48,-0.000010268820915
2023-04-25 12:00:00+00:00,160.17,163.45,158.81,162.49,161.496289,-22.00999999999999,3.6314922181122733,-13571576,194.17686497753252,151.9186350224675,162.15,162.56,159.75,165.035,173.13,-0.923527528066188
2023-04-25 16:00:00+00:00,162.525,163.45,160.505,160.64,162.028223,-23.670000000000016,3.5399599223639693,-14003632,193.22639960931045,150.64510039068952,162.49,162.15,162.56,165.14,163.82,-0.923527528066188
2023-04-25 20:00:00+00:00,160.95,161.72,160.85,161.7,161.537857,-19.590000000000003,3.2119652660487747,-14001977,191.59433839850018,149.94616160149982,160.64,162.49,162.15,159.75,162.99,-0.995209424756467
2023-04-26 12:00:00+00:00,160.2,160.61,153.23,156.13,156.069642,-24.349999999999994,3.913036563908938,-14859667,190.30836215156864,148.49913784843136,161.7,160.64,162.49,162.56,162.76,0.000076512922533
2023-04-26 16:00:00+00:00,156.165,157.15,153.18,153.67,155.30087,-19.460000000000008,3.92063168872108,-15419952,188.04095344095026,147.43354655904972,156.13,161.7,160.64,162.15,165.1,0.000076512922533
2023-04-26 20:00:00+00:00,153.72,153.9,153.72,153.88,153.768571,-9.939999999999998,3.428547463558272,-15419202,185.10570442001261,147.04679557998742,153.67,156.13,161.7,162.49,165.035,0.000076512922533
2023-04-27 12:00:00+00:00,152.59,158.24,152.42,157.79,155.40944,-5.200000000000017,3.747407801750505,-14845629,181.9920005342956,147.48949946570437,153.88,153.67,156.13,160.64,165.14,0.999264277634211
2023-04-27 16:00:00+00:00,157.845,160.45,157.28,160.15,159.245869,-2.609999999999985,3.670420094850436,-14374076,178.20503661356955,148.8604633864305,157.79,153.88,153.67,161.7,159.75,0.999264277634211
2023-04-28 12:00:00+00:00,159.9,163.29,157.34,162.68,160.520147,-2.4199999999999875,3.9743640822037096,-13906925,174.66045641053893,150.544043589461,160.15,157.79,153.88,156.13,162.56,0.998880036524497
2023-04-28 16:00:00+00:00,162.72,165.0,162.46,164.35,164.136464,-0.6850000000000023,3.783115537909881,-13468037,170.51455561274622,153.07694438725372,162.68,160.15,157.79,153.67,162.15,0.998880036524497
2023-05-01 12:00:00+00:00,163.23,163.24,158.84,159.98,161.187902,-5.159999999999997,4.013366799521896,-13861696,168.055338887768,154.221161112232,164.35,162.68,160.15,153.88,162.49,0.998801657464355
2023-05-01 16:00:00+00:00,159.875,162.615,159.8,161.81,161.509513,2.0600000000000023,3.853584559585643,-13601176,167.84836901099038,154.22713098900965,159.98,164.35,162.68,157.79,160.64,0.998801657464355
2023-05-02 12:00:00+00:00,161.97,165.46,159.78,160.65,162.671603,-1.9099999999999966,4.097106618307558,-14119638,167.67028119208027,154.17121880791973,161.81,159.98,164.35,160.15,161.7,-0.923527528066188
2023-05-02 16:00:00+00:00,160.64,162.36,158.985,160.29,160.559491,-1.8600000000000136,4.000825735866551,-14439253,167.49527443358232,154.09922556641766,160.65,161.81,159.98,162.68,156.13,-0.923527528066188
2023-05-03 12:00:00+00:00,160.01,165.0,159.96,163.69,163.405764,1.1999999999999886,4.139382304417676,-14124414,167.26178455048435,154.1917154495156,160.29,160.65,161.81,164.35,153.67,-0.923527528066188
2023-05-03 16:00:00+00:00,163.615,164.99,160.32,160.58,162.975596,-0.05999999999997385,4.210131330495321,-14610080,166.71646421124717,154.2915357887528,163.69,160.29,160.65,159.98,153.88,-0.923527528066188
2023-05-03 20:00:00+00:00,161.06,161.06,161.06,161.06,161.06,-0.6399999999999864,3.7127804864292773,-14609980,166.12750646297619,154.47249353702384,160.58,163.69,160.29,161.81,157.79,0.003042694253963
2023-05-04 12:00:00+00:00,162.725,162.93,159.67,161.08,161.418684,4.950000000000017,3.6524097549053764,-14299847,166.19793306366697,154.53506693633304,161.06,160.58,163.69,160.65,160.15,-0.111467355862260
2023-05-04 16:00:00+00:00,161.18,162.26,160.5,161.23,161.404236,7.560000000000002,3.4000884542513248,-13981735,166.05595618260156,154.54404381739846,161.08,161.06,160.58,160.29,162.68,-0.111467355862260
2023-05-04 20:00:00+00:00,161.48,161.48,161.48,161.48,161.48,7.599999999999994,2.980076660351148,-13981635,165.98479667289024,154.54820332710977,161.23,161.08,161.06,163.69,164.35,0.001164938978036
2023-05-05 12:00:00+00:00,164.09,169.05,163.56,168.37,166.654908,10.580000000000013,3.5920664389709978,-13580786,167.27754657821583,153.84345342178415,161.48,161.23,161.08,160.58,159.98,0.000016569421859
2023-05-05 16:00:00+00:00,168.42,170.75,167.64,170.085,169.65804,9.935000000000002,3.527790913774867,-13161132,168.98740138653386,153.07809861346618,168.37,161.48,161.23,161.06,161.81,0.000016569421859
2023-05-08 12:00:00+00:00,173.46,173.69,169.25,172.06,171.143757,9.379999999999995,3.6494187919382175,-12727686,170.91306880562297,152.18843119437702,170.085,168.37,161.48,161.08,160.65,0.000347189772583
2023-05-08 16:00:00+00:00,172.13,172.43,170.14,171.83,171.568067,7.480000000000018,3.468162953013125,-12997720,172.39144504767313,152.2800549523269,172.06,170.085,168.37,161.23,160.29,0.000347189772583
2023-05-08 20:00:00+00:00,171.56,171.56,171.56,171.56,171.56,11.580000000000013,3.0417412259447096,-12997820,173.22282328151888,153.23767671848114,171.83,172.06,170.085,161.48,163.69,0.000347189772583
2023-05-09 12:00:00+00:00,168.71,169.8,166.76,166.85,168.456091,5.039999999999992,3.2761757291520834,-13287219,172.9580392573206,154.7994607426794,171.56,171.83,172.06,168.37,160.58,0.003843359489110
2023-05-09 16:00:00+00:00,166.79,169.15,166.62,169.15,168.163582,8.5,3.176685631931806,-13052962,173.34169017891702,155.551809821083,166.85,171.56,171.83,170.085,161.06,0.003843359489110
2023-05-10 12:00:00+00:00,170.22,174.35,168.56,168.88,171.618703,8.590000000000003,3.5251275476742308,-13506860,173.7471426192421,156.0193573807579,169.15,166.85,171.56,172.06,161.08,0.000651980742987
2023-05-10 16:00:00+00:00,168.73,169.59,166.7,168.54,168.316861,4.849999999999994,3.440443874651002,-13818481,174.12053772411574,156.23196227588429,168.88,169.15,166.85,171.83,161.23,0.000651980742987
2023-05-11 12:00:00+00:00,168.705,169.85,166.82,169.82,168.241054,9.23999999999998,3.3857180246975354,-13567825,174.61934533901245,156.2801546609876,168.54,168.88,169.15,171.56,161.48,0.004337885387940
2023-05-11 16:00:00+00:00,169.94,173.55,168.67,172.06,171.419928,11.0,3.584955621404534,-13168843,175.29744422318578,156.81005577681424,169.82,168.54,168.88,166.85,168.37,0.004337885387940
2023-05-12 12:00:00+00:00,176.13,177.34,168.82,170.26,173.174437,9.179999999999978,4.242961538550597,-13869209,175.67557427422145,157.27692572577854,172.06,169.82,168.54,169.15,170.085,0.000009730079910
2023-05-12 16:00:00+00:00,170.25,170.25,167.255,167.97,168.222741,6.740000000000009,4.077900000077184,-14337344,175.63923421692357,158.04526578307645,170.26,172.06,169.82,168.88,172.06,0.000009730079910
2023-05-15 12:00:00+00:00,167.6,169.66,164.56,167.89,166.781867,6.409999999999997,4.214180000066892,-14569338,175.4667470321299,158.97775296787012,167.97,170.26,172.06,168.54,171.83,-0.211342170834541
2023-05-15 16:00:00+00:00,167.92,168.43,165.7,166.4,166.837489,-1.9699999999999989,4.016289333391309,-14791169,175.4453991117569,159.27010088824312,167.89,167.97,170.26,169.82,171.56,-0.211342170834541
2023-05-15 20:00:00+00:00,166.15,166.15,166.15,166.15,166.15,-3.9350000000000023,3.514117422272468,-14791269,175.10079558472773,160.1717044152723,166.4,167.89,167.97,172.06,166.85,0.002218021370936
2023-05-16 12:00:00+00:00,165.69,169.46,164.48,169.11,167.383942,-2.9499999999999886,3.709568432636141,-14476116,174.84976420279565,161.22773579720433,166.15,166.4,167.89,170.26,169.15,0.000005106885510
2023-05-16 16:00:00+00:00,169.07,169.225,166.4,166.52,167.485937,-5.310000000000002,3.591625974951321,-14698863,174.34145762603205,162.28004237396792,169.11,166.15,166.4,167.97,168.88,0.000005106885510
2023-05-16 20:00:00+00:00,167.07,167.07,167.07,167.07,167.07,-4.490000000000009,3.1860758449578093,-14698763,173.6800881699204,163.52541183007958,166.52,169.11,166.15,167.89,168.54,0.000005106885510
2023-05-17 12:00:00+00:00,168.345,173.96,167.26,173.56,171.503673,6.710000000000008,3.6799323989634365,-14332088,173.53527019774083,164.87822980225917,167.07,166.52,169.11,166.4,169.82,-0.923527528066188
2023-05-17 16:00:00+00:00,173.53,174.47,172.38,173.79,173.685095,4.639999999999986,3.4679414124349788,-13973782,174.24239222406047,164.7131077759395,173.56,167.07,166.52,166.15,172.06,-0.923527528066188
2023-05-17 20:00:00+00:00,173.86,173.86,173.86,173.86,173.86,4.980000000000018,3.0148825574436513,-13973682,174.81598040272362,164.51701959727635,173.79,173.56,167.07,169.11,170.26,-0.000192297433387
2023-05-18 12:00:00+00:00,174.27,175.72,172.52,175.08,174.213501,6.5400000000000205,3.0395648831178295,-13646304,175.41970962019093,164.21529037980906,173.86,173.79,173.56,166.52,167.97,-0.000023201911972
2023-05-18 16:00:00+00:00,175.17,177.06,173.93,176.95,175.476939,7.1299999999999955,3.051622898702118,-13369224,176.4739811494408,163.67301885055926,175.08,173.86,173.79,167.07,167.89,-0.000023201911972
2023-05-19 12:00:00+00:00,177.07,181.94,176.35,179.38,179.676848,7.319999999999993,3.3900731788751695,-12940586,178.08625411479846,162.8427458852015,176.95,175.08,173.86,173.56,166.4,0.027707034256309
2023-05-19 16:00:00+00:00,179.39,180.52,178.36,180.14,179.755724,9.879999999999995,3.226063421691813,-12475379,179.68411395212297,162.57388604787707,179.38,176.95,175.08,173.79,166.15,0.027707034256309
2023-05-22 12:00:00+00:00,180.885,186.25,180.16,185.31,183.91624,17.340000000000003,3.610588298799573,-12022256,182.51781103234632,161.3561889676537,180.14,179.38,176.95,173.86,169.11,-0.923527528066188
2023-05-22 16:00:00+00:00,185.28,189.31,184.68,188.95,187.844105,21.060000000000002,3.7465098589596297,-11635373,185.85101056909997,160.0299894309,185.31,180.14,179.38,175.08,166.52,-0.923527528066188
2023-05-23 12:00:00+00:00,186.09,192.95,186.09,190.0,190.362827,23.599999999999994,4.16164187776501,-11169864,188.81301389660766,159.21398610339233,188.95,185.31,180.14,176.95,167.07,0.705298736691475
2023-05-23 16:00:00+00:00,190.1,190.19,185.27,185.79,187.047915,19.639999999999986,4.262756294063007,-11648750,190.36307117640996,159.26092882359,190.0,188.95,185.31,179.38,173.56,0.705298736691475
2023-05-24 12:00:00+00:00,182.11,182.9,178.235,181.06,180.555945,11.949999999999989,4.701722121521271,-12105632,190.99753885810134,159.52646114189866,185.79,190.0,188.95,180.14,173.79,-0.000013470365957
2023-05-24 16:00:00+00:00,180.995,184.17,180.89,182.9,182.68377,16.379999999999995,4.512159171985101,-11784857,191.79808540685363,159.98991459314638,181.06,185.79,190.0,185.31,173.86,-0.000013470365957
2023-05-24 20:00:00+00:00,183.42,183.42,183.42,183.42,183.42,16.349999999999994,3.9798712823870854,-11784757,192.45043890527103,160.88256109472894,182.9,181.06,185.79,188.95,175.08,0.000006012072845
2023-05-25 12:00:00+00:00,186.54,186.78,180.65,184.47,183.821434,10.909999999999997,4.26655511140214,-11451206,193.0789142261658,161.91208577383418,183.42,182.9,181.06,190.0,176.95,0.177478082710877
2023-05-25 16:00:00+00:00,184.51,185.77,182.76,184.43,184.470283,10.640000000000015,4.099014429881858,-11778169,193.3511504183197,163.4428495816803,184.47,183.42,182.9,185.79,179.38,0.177478082710877
2023-05-26 12:00:00+00:00,184.62,194.8,184.57,194.54,190.239037,20.67999999999998,4.935145839230944,-11257308,195.25762250477277,164.3753774952272,184.43,184.47,183.42,181.06,180.14,0.999071864993311
2023-05-26 16:00:00+00:00,194.44,198.59,191.9,193.2,195.497232,18.119999999999976,5.169126394000151,-11940131,196.70207662781442,165.3399233721856,194.54,184.43,184.47,182.9,185.31,0.999071864993311
2023-05-30 12:00:00+00:00,200.46,204.45,197.665,200.87,200.713654,23.920000000000016,5.979909541466798,-11407789,199.23548189293393,166.24151810706604,193.2,194.54,184.43,183.42,188.95,0.999115401544259
2023-05-30 16:00:00+00:00,200.84,201.96,197.64,201.16,200.237049,21.78,5.758588269271228,-11052777,201.16649636060416,167.71950363939587,200.87,193.2,194.54,184.47,190.0,0.999115401544259
2023-05-31 12:00:00+00:00,199.83,202.975,195.21,196.75,198.374507,16.610000000000014,6.026109833368396,-11540019,202.36455975902823,168.84044024097182,201.16,200.87,193.2,184.43,185.79,-0.923527528066188
2023-05-31 16:00:00+00:00,196.8,203.935,195.96,203.88,200.680724,18.569999999999993,6.285961855585942,-11016400,204.78156108282408,169.43243891717592,196.75,201.16,200.87,194.54,181.06,-0.923527528066188
2023-05-31 20:00:00+00:00,203.76,203.84,203.76,203.84,203.8,14.890000000000015,5.463833608174484,-11016602,206.63184857472416,170.58015142527583,203.88,196.75,201.16,193.2,182.9,0.000024745830160
2023-06-01 12:00:00+00:00,202.59,205.94,199.38,204.83,202.584389,14.830000000000013,5.609989127084554,-10385912,208.32843266975362,171.8585673302464,203.84,203.88,196.75,200.87,183.42,0.000178924601641
2023-06-01 16:00:00+00:00,204.9,209.79,204.47,207.49,207.401381,21.700000000000017,5.571323910139946,-9810887,210.32984297974116,172.91115702025883,204.83,203.84,203.88,201.16,184.47,0.000178924601641
2023-06-02 12:00:00+00:00,210.61,217.23,209.785,216.17,214.170165,35.109999999999985,6.127147388787951,-9209165,214.22363521556738,172.69636478443263,207.49,204.83,203.84,196.75,184.43,-0.923527528066188
2023-06-02 16:00:00+00:00,216.12,216.89,213.55,213.96,215.311392,31.060000000000002,5.755527736949554,-9628685,216.83533137925014,173.46666862074989,216.17,207.49,204.83,203.88,194.54,-0.923527528066188
2023-06-05 12:00:00+00:00,217.75,221.23,216.41,217.48,219.052508,34.06,5.957457372022944,-9144508,220.0810152301104,173.43798476988954,213.96,216.17,207.49,203.84,193.2,-0.000020206458430
2023-06-05 16:00:00+00:00,217.51,219.38,214.76,217.62,217.325135,33.150000000000006,5.779129722419885,-8784483,222.97230299340129,173.41369700659874,217.48,213.96,216.17,204.83,200.87,-0.000020206458430
2023-06-06 12:00:00+00:00,216.05,220.75,212.56,220.18,215.80932,35.75,6.1005790927639,-8395988,226.00920181556916,173.39479818443084,217.62,217.48,213.96,207.49,201.16,0.999541093187872
2023-06-06 16:00:00+00:00,220.175,221.9,217.85,221.42,220.210275,26.879999999999995,5.827168547062049,-8003631,228.6360129397633,174.33098706023668,220.18,217.62,217.48,216.17,196.75,0.999541093187872
2023-06-07 12:00:00+00:00,227.97,230.81,224.58,225.34,228.201521,32.140000000000015,6.3022127407871125,-7356554,231.05846864622634,176.3365313537737,221.42,220.18,217.62,213.96,203.88,-0.000783515504736
2023-06-07 16:00:00+00:00,225.34,227.23,223.24,224.59,225.022294,23.72,5.993917708682162,-7744492,232.8219903456221,178.7420096543779,225.34,221.42,220.18,217.48,203.84,-0.000783515504736
2023-06-07 20:00:00+00:00,224.35,224.54,224.35,224.35,224.3836,23.189999999999998,5.226728680857875,-7745982,233.92130382740663,181.73569617259335,224.59,225.34,221.42,217.62,204.83,0.998859604180325
2023-06-08 12:00:00+00:00,224.13,233.3,223.07,231.96,229.188901,35.21000000000001,5.893831523410161,-7363347,235.98715760024845,184.4188423997516,224.35,224.59,225.34,220.18,207.49,0.020248346932931
2023-06-08 16:00:00+00:00,231.96,235.23,230.72,234.85,233.007366,30.97,5.709320653622139,-6934870,237.74620689490166,187.70179310509832,231.96,224.35,224.59,221.42,216.17,0.020248346932931
2023-06-08 20:00:00+00:00,238.0,245.09,238.0,244.35,238.204378,40.50999999999999,6.313411233139188,-6927387,242.4349284547407,187.99407154525926,234.85,231.96,224.35,225.34,213.96,0.020248346932931
2023-06-09 12:00:00+00:00,249.67,252.3,245.14,247.6,248.117723,42.76999999999998,6.5316230687206325,-6026655,246.71949278218005,189.14950721781997,244.35,234.85,231.96,224.59,217.48,0.000364572282706
2023-06-09 16:00:00+00:00,247.495,247.85,242.03,244.42,245.221663,36.92999999999998,6.436739992891214,-6444565,250.02833780001941,190.19566219998057,247.6,244.35,234.85,224.35,217.62,0.000364572282706
2023-06-09 20:00:00+00:00,244.47,244.47,244.47,244.47,244.47,28.30000000000001,5.585174660505721,-6444465,252.68364749124896,191.87135250875104,244.42,247.6,244.35,231.96,220.18,0.654705464839935
2023-06-12 12:00:00+00:00,247.96,249.9,244.71,247.15,247.432238,33.19,5.564484705771626,-6027829,254.64453308885038,194.9504669111497,244.47,244.42,247.6,234.85,221.42,-0.923527528066188
2023-06-12 16:00:00+00:00,247.02,250.895,245.64,249.88,248.568792,32.400000000000006,5.523220078335413,-5669696,257.2455751763439,196.94942482365613,247.15,244.47,244.42,244.35,225.34,-0.923527528066188
2023-06-13 12:00:00+00:00,253.5,257.71,251.35,256.02,253.951023,38.39999999999998,5.830790734557356,-5288180,260.40629480467226,199.00670519532775,249.88,247.15,244.47,247.6,224.59,0.910004334960831
2023-06-13 16:00:00+00:00,255.99,259.63,255.63,258.69,257.99769,38.50999999999999,5.5866853032830415,-4933872,263.3593235238494,201.43967647615057,256.02,249.88,247.15,244.42,224.35,0.910004334960831
2023-06-14 12:00:00+00:00,260.21,261.55,255.415,256.93,257.983987,35.51000000000002,5.659793929511972,-5346550,265.3483151913356,204.39468480866446,258.69,256.02,249.88,244.47,231.96,-0.000783515504736
2023-06-14 16:00:00+00:00,256.92,259.09,250.55,256.78,255.252855,31.43999999999997,6.043821405577038,-5849872,267.54338900239793,206.26061099760204,256.93,258.69,256.02,247.15,234.85,-0.000783515504736
2023-06-14 20:00:00+00:00,256.68,256.88,256.68,256.88,256.78,32.28999999999999,5.264645218166765,-5849672,268.9264510272157,209.16954897278433,256.78,256.93,258.69,249.88,244.35,0.000060126854805
2023-06-15 12:00:00+00:00,248.36,258.88,247.3,257.33,254.227491,32.97999999999999,6.106692522411195,-5444873,270.168459059014,211.9125409409859,256.88,256.78,256.93,256.02,247.6,-0.000038902227971
2023-06-15 16:00:00+00:00,257.31,257.7,254.28,256.02,256.174575,24.059999999999974,5.748466852756367,-5688982,270.6133026369918,215.30769736300817,257.33,256.88,256.78,258.69,244.42,-0.000038902227971
2023-06-16 12:00:00+00:00,259.04,263.46,257.27,259.5,260.160952,24.650000000000006,5.974004605722185,-5201017,271.32234837763576,218.5306516223642,256.02,257.33,256.88,256.93,244.47,-0.992262560059316
2023-06-16 16:00:00+00:00,259.51,263.58,259.01,260.41,261.296667,16.06000000000003,5.786803991625893,-4791741,271.67282101858524,222.07917898141483,259.5,256.02,257.33,256.78,247.15,-0.992262560059316
2023-06-20 12:00:00+00:00,261.57,266.71,261.13,264.78,264.344276,17.17999999999998,5.855230126075768,-4427328,272.68812239451853,225.0078776054815,260.41,259.5,256.02,256.88,249.88,0.000171817344381
2023-06-20 16:00:00+00:00,264.92,274.745,264.78,274.43,270.931571,30.01000000000002,6.4031994425990035,-4005633,274.92168870334325,227.75831129665673,264.78,260.41,259.5,257.33,256.02,0.000171817344381
2023-06-20 20:00:00+00:00,275.87,277.48,275.87,277.37,276.9075,32.900000000000006,5.9561061835858045,-4005233,276.7020035004201,231.27999649957982,274.43,264.78,260.41,256.02,258.69,0.000097055133665
2023-06-21 12:00:00+00:00,274.98,276.94,260.18,262.31,268.456324,15.159999999999997,7.453958692441031,-4785585,275.96531281437547,235.05168718562453,277.37,274.43,264.78,259.5,256.93,0.000321717292536
2023-06-21 16:00:00+00:00,262.27,264.67,257.79,259.44,261.250001,9.560000000000002,7.377430866782226,-5276853,274.7802621990488,238.69573780095118,262.31,277.37,274.43,260.41,256.78,0.000321717292536
2023-06-21 20:00:00+00:00,259.22,259.22,257.3,257.3,258.178333,1.2800000000000296,6.67910675121126,-5277453,274.45935502044625,240.31164497955368,259.44,262.31,277.37,264.78,256.88,0.000321717292536
2023-06-22 12:00:00+00:00,250.51,263.38,248.29,263.305,257.742677,4.615000000000009,7.800559184383093,-4531959,274.7881512391656,241.5533487608344,257.3,259.44,262.31,274.43,257.33,0.981230647070333
2023-06-22 16:00:00+00:00,263.2,264.76,259.75,264.58,263.011338,7.649999999999977,7.428484626465346,-3864828,274.6932911841259,243.6642088158742,263.305,257.3,259.44,277.37,256.02,0.981230647070333
2023-06-22 20:00:00+00:00,266.0,266.0,266.0,266.0,266.0,9.220000000000027,6.627353342936636,-3864698,274.39987720188276,246.11062279811722,264.58,263.305,257.3,262.31,259.5,0.002303405388375
2023-06-23 12:00:00+00:00,259.13,261.95,252.85,258.89,256.655242,2.009999999999991,7.497039563878419,-4394893,273.6037028436317,248.08079715636828,266.0,264.58,263.305,259.44,260.41,-0.994818988663610
2023-06-23 16:00:00+00:00,258.725,262.42,254.76,256.5,258.27155,-0.8299999999999841,7.518767622027967,-4850690,273.05027526757215,249.29622473242782,258.89,266.0,264.58,257.3,264.78,-0.994818988663610
2023-06-26 12:00:00+00:00,250.05,258.335,248.65,249.84,253.173512,-6.179999999999978,7.807598605757568,-5385836,273.5965517618151,248.1319482381849,256.5,258.89,266.0,263.305,274.43,0.000520209745446
2023-06-26 16:00:00+00:00,249.825,249.825,240.72,241.02,244.26091,-18.47999999999999,7.982585458323227,-5905704,275.49634564289846,244.46515435710157,249.84,256.5,258.89,264.58,277.37,0.000520209745446
2023-06-26 20:00:00+00:00,241.22,242.4,241.21,241.21,241.650617,-19.200000000000017,7.102240730546796,-5904598,276.81150741554467,241.57799258445533,241.02,249.84,256.5,266.0,262.31,0.000336476594384
2023-06-27 12:00:00+00:00,243.08,247.04,240.92,245.09,244.506144,-19.68999999999997,6.971275299807224,-5478933,277.30696135580706,239.91353864419295,241.21,241.02,249.84,258.89,259.44,0.098792365344707
2023-06-27 16:00:00+00:00,244.99,250.38,243.52,250.14,247.605341,-24.29000000000002,6.956438593166259,-5119091,277.3405729083369,239.2059270916631,245.09,241.21,241.02,256.5,257.3,0.098792365344707
2023-06-27 20:00:00+00:00,250.2,250.88,250.2,250.88,250.55619,-26.49000000000001,6.127580114077426,-5118441,277.301330645341,238.60016935465904,250.14,245.09,241.21,249.84,263.305,0.000051078972319
2023-06-28 12:00:00+00:00,251.6,259.83,248.94,257.35,255.797919,-4.9599999999999795,6.762569432200434,-4606369,277.3490251722868,238.6854748277132,250.88,250.14,245.09,241.02,264.58,-0.000783515504736
2023-06-28 16:00:00+00:00,257.13,258.75,253.97,256.35,255.998859,-3.089999999999975,6.498226841240376,-4856128,277.1919882712143,238.52751172878564,257.35,250.88,250.14,241.21,266.0,-0.000783515504736
2023-06-29 12:00:00+00:00,258.17,260.61,253.695,257.77,257.421823,0.46999999999997044,6.5537965957416615,-4621406,277.02268592537894,238.43281407462106,256.35,257.35,250.88,245.09,258.89,-0.923527528066188
2023-06-29 16:00:00+00:00,258.36,258.92,254.58,257.53,256.518793,-5.775000000000034,6.25862371630944,-4870895,276.3725941414589,238.3579058585411,257.77,256.35,257.35,250.14,256.5,-0.923527528066188
2023-06-29 20:00:00+00:00,257.42,257.42,257.42,257.42,257.42,-7.159999999999968,5.438807220801509,-4870995,273.7463377249424,239.28316227505755,257.53,257.77,256.35,250.88,249.84,0.000248706928687
2023-06-30 12:00:00+00:00,259.71,264.4,259.71,263.05,262.451239,-2.9499999999999886,5.644299591361303,-4584702,270.365627306745,241.231872693255,257.42,257.53,257.77,257.35,241.02,0.999391083227238
2023-06-30 16:00:00+00:00,263.09,264.08,261.69,261.73,263.111238,2.840000000000032,5.210392979179794,-4816635,270.2842626917954,241.25523730820464,263.05,257.42,257.53,256.35,241.21,0.999391083227238
2023-07-03 12:00:00+00:00,276.25,284.24,275.28,276.44,279.911035,19.939999999999998,7.5170072486224875,-4251964,273.7878116797056,239.4516883202944,261.73,263.05,257.42,257.77,245.09,0.999244753897074
2023-07-03 16:00:00+00:00,276.135,280.12,275.5,279.01,278.349782,29.169999999999987,7.130739615472823,-4143090,277.58552572471757,237.8249742752824,276.44,261.73,263.05,257.53,250.14,0.999244753897074
2023-07-05 12:00:00+00:00,279.0,282.88,277.84,278.025,280.416475,37.00499999999997,6.851974333409783,-4487842,280.1959668205753,236.68653317942477,279.01,276.44,261.73,257.42,250.88,-0.503025177866220
2023-07-05 16:00:00+00:00,277.99,283.84,277.62,282.465,281.375715,41.25499999999997,6.767711088955141,-4186222,283.4906312843558,235.18036871564425,278.025,279.01,276.44,263.05,257.35,-0.503025177866220
2023-07-05 20:00:00+00:00,282.42,282.42,282.26,282.26,282.313333,37.16999999999999,5.892682943761121,-4186622,286.26315410346075,234.03384589653916,282.465,278.025,279.01,261.73,256.35,0.999366843956523
2023-07-06 12:00:00+00:00,278.09,279.7,272.89,276.34,275.814013,26.19999999999999,6.356325217926305,-4495082,288.10658649513607,233.93541350486393,282.26,282.465,278.025,276.44,257.77,-0.994722208008170
2023-07-06 16:00:00+00:00,276.52,278.57,275.66,276.61,277.382454,25.730000000000018,5.89681518886946,-4288030,289.88741246089955,234.16558753910041,276.34,282.26,282.465,279.01,257.53,-0.994722208008170
2023-07-07 12:00:00+00:00,277.49,280.65,274.14,278.74,277.855714,21.389999999999986,5.978573163686864,-3971555,291.6669248060922,235.2760751939078,276.61,276.34,282.26,278.025,257.42,-0.923527528066188
2023-07-07 16:00:00+00:00,278.8,279.93,273.82,274.44,277.143425,18.089999999999975,5.996096741861951,-4174462,291.64595647758307,238.6390435224169,278.74,276.61,276.34,282.465,263.05,-0.923527528066188
2023-07-10 12:00:00+00:00,276.51,277.39,267.65,268.08,271.153928,10.310000000000002,6.4952838429470265,-4525681,290.4874132477799,242.48458675222005,274.44,278.74,276.61,282.26,261.73,0.000009722607501
2023-07-10 16:00:00+00:00,268.03,270.36,265.1,269.49,268.461318,11.960000000000036,6.330579330554089,-4218812,289.50792859639427,245.9040714036058,268.08,274.44,278.74,276.34,276.44,0.000009722607501
2023-07-11 12:00:00+00:00,268.63,270.89,266.91,268.96,268.793878,11.539999999999964,6.017168753146873,-4455067,288.82039555992,248.47360444008,269.49,268.08,274.44,276.61,279.01,-0.923527528066188
2023-07-11 16:00:00+00:00,268.93,270.04,266.5,269.84,268.496679,6.789999999999964,5.686879586060626,-4122901,287.95325269738925,251.23674730261072,268.96,269.49,268.08,278.74,278.025,-0.923527528066188
2023-07-12 12:00:00+00:00,276.62,277.59,271.5,271.75,274.275355,10.019999999999982,5.961962307919209,-3620897,287.7578803149061,252.87211968509388,269.84,268.96,269.49,274.44,282.465,0.000136632108479
2023-07-12 16:00:00+00:00,271.96,274.36,271.82,271.99,272.892251,-4.449999999999989,5.51503400019665,-3475516,287.2590788786632,254.93492112133677,271.75,269.84,268.96,268.08,282.26,0.000136632108479
2023-07-12 20:00:00+00:00,272.03,272.03,272.03,272.03,272.03,-6.980000000000018,4.785029466837091,-3475416,286.7051065788706,256.9148934211294,271.99,271.75,269.84,269.49,276.34,0.000136632108479
2023-07-13 12:00:00+00:00,274.61,274.925,270.64,272.48,272.354362,-5.544999999999959,4.7183588712588165,-3280911,285.8494471068253,259.2655528931747,272.03,271.99,271.75,268.96,276.61,0.000091269372206
2023-07-13 16:00:00+00:00,272.48,279.4,272.41,277.9,276.173716,-4.564999999999998,5.021244355090968,-2995433,284.9845208830402,262.1784791169597,272.48,272.03,271.99,269.84,278.74,0.000091269372206
2023-07-14 12:00:00+00:00,276.7,282.58,276.45,282.55,279.045129,0.29000000000002046,5.169078441078838,-2753258,285.4931232157968,263.61987678420314,277.9,272.48,272.03,271.75,274.44,-0.000783515504736
2023-07-14 16:00:00+00:00,282.56,285.3,278.83,281.39,281.98009,5.050000000000011,5.342534648934997,-3118199,285.0650672021245,266.01393279787544,282.55,277.9,272.48,271.99,268.08,-0.000783515504736
2023-07-17 12:00:00+00:00,286.93,292.15,283.63,287.86,287.879108,11.25,6.06486336241033,-2780377,287.11730215503485,265.10369784496515,281.39,282.55,277.9,272.03,269.49,0.999040289520053
2023-07-17 16:00:00+00:00,287.71,290.6,285.515,290.33,288.684329,11.589999999999975,5.934214914088958,-2557494,289.34923081508686,264.0037691849131,287.86,281.39,282.55,272.48,268.96,0.999040289520053
2023-07-18 12:00:00+00:00,290.07,290.39,286.08,288.58,288.006182,14.139999999999986,5.7176529255437645,-2815226,290.9473475113466,263.4611524886533,290.33,287.86,281.39,277.9,269.84,-0.782227532356046
2023-07-18 16:00:00+00:00,288.625,295.21,287.61,293.26,292.523123,25.180000000000007,5.968632535471258,-2521867,293.10924088207776,262.3787591179223,288.58,290.33,287.86,282.55,271.75,-0.782227532356046
2023-07-18 20:00:00+00:00,292.4,292.4,292.4,292.4,292.4,22.909999999999968,5.287481530741759,-2521980,294.8623061052454,261.63969389475466,293.26,288.58,290.33,281.39,271.99,0.999435986203025
2023-07-19 12:00:00+00:00,296.05,299.25,294.27,296.87,296.729188,27.910000000000025,5.495817326642861,-2154528,297.81698716136356,260.7380128386365,292.4,293.26,288.58,287.86,272.03,-0.997033520485274
2023-07-19 16:00:00+00:00,297.22,297.69,289.57,291.2,293.053401,21.360000000000014,5.845708349757147,-2554354,299.23976710518133,260.7742328948187,296.87,292.4,293.26,290.33,272.48,-0.997033520485274
2023-07-19 20:00:00+00:00,293.0,293.0,293.0,293.0,293.0,21.25,5.306280569789529,-2553844,300.79390135935944,260.6460986406405,291.2,296.87,292.4,288.58,277.9,-0.997033520485274
2023-07-20 12:00:00+00:00,279.48,280.93,269.5,271.93,275.390008,-0.060000000000002274,7.732109827150925,-3272283,300.86414489591147,260.3248551040886,293.0,291.2,296.87,293.26,282.55,-0.000006956619472
2023-07-20 16:00:00+00:00,272.39,272.75,261.2,263.02,265.416852,-9.009999999999991,8.24116185019747,-3758140,301.38055168455315,259.30244831544684,271.93,293.0,291.2,292.4,281.39,-0.000006956619472
2023-07-20 20:00:00+00:00,261.9,262.2,261.9,262.2,262.05,-10.28000000000003,7.291673603504474,-3758340,302.0355337107776,257.91846628922235,263.02,271.93,293.0,296.87,287.86,0.178744562494103
2023-07-21 12:00:00+00:00,267.97,268.0,255.81,261.7,261.127393,-16.19999999999999,7.9447837897038776,-4249081,302.6530463983039,256.57495360169605,262.2,263.02,271.93,291.2,290.33,-0.000447057187557
2023-07-21 16:00:00+00:00,262.04,267.43,259.44,259.84,262.280997,-22.710000000000036,7.950812617743361,-4752333,303.44405020861507,254.78394979138486,261.7,262.2,263.02,293.0,288.58,-0.000447057187557
2023-07-21 20:00:00+00:00,260.06,260.06,260.06,260.06,260.06,-21.329999999999984,6.920037602044251,-4752233,304.1327995200156,252.92620047998435,259.84,261.7,262.2,271.93,293.26,-0.000447057187557
2023-07-24 12:00:00+00:00,255.79,266.14,254.17,265.785,259.725562,-22.07499999999999,7.593365921771684,-4362590,304.30209216725933,252.13640783274064,260.06,259.84,261.7,263.02,292.4,0.999270556654665
2023-07-24 16:00:00+00:00,265.88,269.74,265.375,269.12,267.905204,-21.20999999999998,7.162917132202129,-4098654,304.3338287417358,251.81367125826415,265.785,260.06,259.84,262.2,296.87,0.999270556654665
2023-07-25 12:00:00+00:00,272.51,272.82,265.43,268.22,269.109389,-20.359999999999957,7.19319484790851,-4445576,304.37969938670835,251.34180061329167,269.12,265.785,260.06,261.7,291.2,-0.000783515504736
2023-07-25 16:00:00+00:00,267.81,270.12,265.0,265.235,267.814963,-28.024999999999977,6.916768868187376,-4612245,304.34070371673795,250.1142962832621,268.22,269.12,265.785,259.84,293.0,-0.000783515504736
2023-07-26 12:00:00+00:00,263.155,268.0,261.81,264.42,265.144865,-27.97999999999996,6.819866352429059,-4804017,303.89335774421215,248.7486422557879,265.235,268.22,269.12,260.06,271.93,0.997918831155403
2023-07-26 16:00:00+00:00,264.48,266.28,262.83,264.3,264.403572,-32.56999999999999,6.370550838771849,-4991629,303.4338573069162,247.4991426930838,264.42,265.235,268.22,265.785,263.02,0.997918831155403
2023-07-27 12:00:00+00:00,268.21,269.07,263.415,266.42,266.006758,-24.779999999999973,6.275144060268932,-4798651,302.0029607359124,246.7860392640876,264.3,264.42,265.235,269.12,262.2,0.000002870059689
2023-07-27 16:00:00+00:00,266.4,267.45,255.305,255.73,259.677472,-37.27000000000001,7.057791518899739,-5175495,300.4044356618256,244.92456433817435,266.42,264.3,264.42,268.22,261.7,0.000002870059689
2023-07-28 12:00:00+00:00,259.89,266.41,258.26,266.22,262.978342,-5.7099999999999795,7.540752649713112,-4879465,298.3729367054537,244.72006329454638,255.73,266.42,264.3,265.235,259.84,-0.923527528066188
2023-07-28 16:00:00+00:00,266.24,267.23,263.91,266.54,265.875993,3.5200000000000387,6.977985629751363,-4562691,295.07334543558585,245.34765456441417,266.22,255.73,266.42,264.42,260.06,-0.923527528066188
2023-07-31 12:00:00+00:00,267.45,269.01,263.88,266.98,266.080075,4.78000000000003,6.731587545784515,-4375186,291.52043534485637,246.35856465514365,266.54,266.22,255.73,264.3,265.785,0.999264750455040
2023-07-31 16:00:00+00:00,267.12,268.63,265.92,267.53,267.438176,5.829999999999984,6.195375873013243,-4239713,285.83063673024833,249.1143632697516,266.98,266.54,266.22,266.42,269.12,0.999264750455040
2023-08-01 12:00:00+00:00,266.25,266.415,261.69,262.51,263.375017,2.670000000000016,6.147992423278141,-4390171,280.70143084705995,251.37456915294004,267.53,266.98,266.54,255.73,268.22,0.000205696902412
2023-08-01 16:00:00+00:00,262.47,262.5,260.29,261.1,261.272125,1.0400000000000205,5.624260100174385,-4574093,271.9527252032001,256.9332747967999,262.51,267.53,266.98,266.22,265.235,0.000205696902412
2023-08-02 12:00:00+00:00,255.57,259.405,251.76,251.76,255.658834,-14.025000000000034,6.119692086817804,-4820630,272.0471314211169,254.821868578883,261.1,262.51,267.53,266.54,264.42,0.953446056693792
2023-08-02 16:00:00+00:00,251.74,255.43,250.545,254.325,253.495686,-14.795000000000016,5.9550664752421,-4570854,272.5294683227945,253.47003167720553,251.76,261.1,262.51,266.98,264.3,0.953446056693792
2023-08-03 12:00:00+00:00,252.05,257.47,252.05,255.81,255.341503,-12.410000000000025,5.883724278543156,-4398598,272.73677523155294,252.62372476844706,254.325,251.76,261.1,267.53,266.42,0.999159569124458
2023-08-03 16:00:00+00:00,255.78,260.475,255.58,259.31,258.972669,-5.925000000000011,5.751894374737404,-4177310,272.7225687735018,252.39893122649818,255.81,254.325,251.76,262.51,255.73,0.999159569124458
2023-08-04 12:00:00+00:00,261.05,264.67,256.62,260.365,260.217074,-4.055000000000007,6.058308458105752,-3993355,272.7219029022545,252.45209709774562,259.31,255.81,254.325,261.1,266.22,-0.000783515504736
2023-08-04 16:00:00+00:00,260.26,261.03,253.13,253.76,258.139361,-10.54000000000002,6.303867330358315,-4437026,273.1051646732674,251.4388353267326,260.365,259.31,255.81,251.76,266.54,-0.000783515504736
2023-08-07 12:00:00+00:00,251.62,253.545,242.88,245.46,247.590042,-20.960000000000008,6.914018352977206,-4746924,274.29088320329384,248.22061679670614,253.76,260.365,259.31,254.325,266.98,-0.995796232717112
2023-08-07 16:00:00+00:00,245.67,251.535,245.39,251.44,249.028756,-4.289999999999992,6.811482572580247,-4570374,273.5584116319691,247.18508836803096,245.46,253.76,260.365,255.81,267.53,-0.995796232717112
2023-08-08 12:00:00+00:00,247.605,250.88,245.08,247.405,248.357801,-18.815000000000026,6.751284896236212,-4778919,273.17864148629286,245.48335851370717,251.44,245.46,253.76,259.31,262.51,-0.923527528066188
2023-08-08 16:00:00+00:00,246.84,250.45,246.78,249.72,249.14811,-16.82000000000002,6.340446910071383,-4610452,272.7443853820732,244.3661146179268,247.405,251.44,245.46,260.365,261.1,-0.923527528066188
2023-08-09 12:00:00+00:00,250.99,250.99,242.24,243.44,246.071021,-23.54000000000002,6.661720655395198,-4789371,272.9191112988351,242.0933887011649,249.72,247.405,251.44,253.76,251.76,-0.000049672929890
2023-08-09 16:00:00+00:00,243.5,246.55,241.91,242.08,243.657859,-25.44999999999996,6.392157901342507,-4994799,272.9101244675913,239.88037553240866,243.44,249.72,247.405,245.46,254.325,-0.000049672929890
2023-08-09 20:00:00+00:00,241.6,241.98,241.6,241.98,241.853333,-20.53,5.60387018116351,-4995299,272.174539509802,238.17196049019802,242.08,243.44,249.72,251.44,255.81,0.090467635192908
2023-08-10 12:00:00+00:00,245.5,251.74,244.5,244.75,248.842766,-16.350000000000023,6.158020823675044,-4734786,272.2475862856814,237.00091371431864,241.98,242.08,243.44,247.405,259.31,-0.923527528066188
2023-08-10 16:00:00+00:00,244.69,246.36,243.055,245.38,245.034828,-6.3799999999999955,5.777618047185039,-4494213,270.777989213578,236.38651078642204,244.75,241.98,242.08,249.72,260.365,-0.923527528066188
2023-08-11 12:00:00+00:00,241.77,242.63,238.2,240.425,240.970826,-13.899999999999977,5.9646023075603685,-4804037,269.2944728830659,235.2585271169341,245.38,244.75,241.98,243.44,253.76,0.000036645738874
2023-08-11 16:00:00+00:00,240.41,243.74,240.41,242.58,242.412238,-13.22999999999999,5.613321999885654,-4597628,267.1071786541662,235.0058213458338,240.425,245.38,244.75,242.08,245.46,0.000036645738874
2023-08-14 12:00:00+00:00,235.55,240.65,233.79,237.06,236.884451,-22.25,6.03687906656757,-4845723,264.7633030344928,234.30269696550712,242.58,240.425,245.38,241.98,251.44,-0.000783515504736
2023-08-14 16:00:00+00:00,237.165,239.82,236.77,239.8,238.70576,-20.564999999999998,5.638628524358559,-4652905,262.9241482893507,233.8708517106493,237.06,242.58,240.425,244.75,247.405,-0.000783515504736
2023-08-15 12:00:00+00:00,238.73,240.44,234.28,235.86,236.789634,-17.899999999999977,5.7081447211107506,-4850993,261.39877042280585,232.87222957719416,239.8,237.06,242.58,245.38,249.72,-0.997475317039061
2023-08-15 16:00:00+00:00,235.985,236.04,232.615,232.88,233.767853,-12.580000000000013,5.403725424962649,-5056708,261.6177575533234,230.76524244667658,235.86,239.8,237.06,240.425,243.44,-0.997475317039061
2023-08-16 12:00:00+00:00,228.01,233.7,227.45,228.45,230.818439,-22.99000000000001,5.516562034967629,-5360865,261.7280858551224,228.0674141448776,232.88,235.86,239.8,242.58,242.08,0.656520400778390
2023-08-16 16:00:00+00:00,228.46,229.44,225.445,225.59,227.396375,-21.814999999999998,5.313687096971947,-5611894,261.47155352894237,225.3019464710576,228.45,232.88,235.86,237.06,241.98,0.656520400778390
2023-08-16 20:00:00+00:00,224.24,224.9,224.21,224.8,224.437778,-24.919999999999987,4.789195484042353,-5612944,259.9334949502674,223.38900504973265,225.59,228.45,232.88,239.8,244.75,-0.000001907414116
2023-08-17 12:00:00+00:00,226.11,226.63,221.64,223.96,223.645453,-19.47999999999999,4.815969419503374,-5827264,257.5113363086115,222.17066369138848,224.8,225.59,228.45,235.86,245.38,-0.998062471568119
2023-08-17 16:00:00+00:00,223.86,225.505,218.84,219.22,221.072283,-22.860000000000014,5.062506830236257,-6099648,256.77992860059777,219.4480713994023,223.96,224.8,225.59,232.88,240.425,-0.998062471568119
2023-08-18 12:00:00+00:00,213.93,217.53,212.46,214.82,215.099344,-27.159999999999997,5.288839252871421,-6593988,257.5917043741946,215.57229562580545,219.22,223.96,224.8,228.45,242.58,-0.997964400041383
2023-08-18 16:00:00+00:00,214.775,216.885,214.25,215.485,215.463782,-29.264999999999986,4.93499401915523,-6325857,256.5793320803931,212.9891679196069,214.82,219.22,223.96,225.59,237.06,-0.997964400041383
2023-08-21 12:00:00+00:00,221.55,229.8,220.62,225.595,226.1698,-19.784999999999997,6.185661483267865,-5838152,255.0071843288707,212.3803156711293,215.485,214.82,219.22,224.8,239.8,-0.000783515504736
2023-08-21 16:00:00+00:00,225.75,232.08,225.75,231.24,229.713562,-9.185000000000002,6.225573285498818,-5552967,252.71626518822904,212.82323481177093,225.595,215.485,214.82,223.96,235.86,-0.000783515504736
2023-08-22 12:00:00+00:00,240.27,240.65,231.52,231.915,235.938489,-10.66500000000002,6.650163514098975,-5168983,251.49763947962967,212.88936052037033,231.24,225.595,215.485,219.22,232.88,-0.982803274877369
2023-08-22 16:00:00+00:00,232.09,234.105,229.63,233.26,232.422393,-3.8000000000000114,6.360141712219111,-4961115,250.50064503095263,213.00435496904737,231.915,231.24,225.595,214.82,228.45,-0.982803274877369
2023-08-23 12:00:00+00:00,227.5,236.99,227.5,236.89,232.967101,-2.910000000000025,6.777456150589897,-4628726,249.79432243739748,213.2016775626025,233.26,231.915,231.24,215.485,225.59,0.000430226544267
2023-08-23 16:00:00+00:00,236.97,238.93,235.295,236.805,237.082556,0.9449999999999932,6.358461997177914,-4859890,248.50904090878245,213.6924590912175,236.89,233.26,231.915,225.595,224.8,0.000430226544267
2023-08-23 20:00:00+00:00,240.0,240.0,240.0,240.0,240.0,7.1200000000000045,5.936667064220858,-4859288,247.45977494036595,214.203725059634,236.805,236.89,233.26,231.24,223.96,0.020084331394173
2023-08-24 12:00:00+00:00,238.7,238.855,228.335,230.91,232.225727,2.460000000000008,6.700444788991409,-5118739,246.36114509369008,214.35085490631002,240.0,236.805,236.89,231.915,219.22,-0.997330343176145
2023-08-24 16:00:00+00:00,231.27,234.36,229.9,230.04,231.794038,4.449999999999989,6.401718817125889,-5312910,244.664604087886,214.79339591211397,230.91,240.0,236.805,233.26,214.82,0.998600890918169
2023-08-25 12:00:00+00:00,231.35,237.67,230.44,232.92,233.782554,8.119999999999976,6.565489641509103,-5035205,244.1412030885327,214.90279691146733,230.04,230.91,240.0,236.89,215.485,0.997810319226119
2023-08-25 16:00:00+00:00,233.35,238.92,232.84,238.56,237.170686,14.599999999999994,6.500757689307887,-4818356,243.90515216427391,215.01484783572604,232.92,230.04,230.91,236.805,225.595,0.997810319226119
2023-08-28 12:00:00+00:00,242.71,244.37,236.42,237.67,239.588702,18.44999999999999,6.6939899974001715,-5105607,244.18590620321953,214.91509379678047,238.56,232.92,230.04,240.0,231.24,-0.000079728895798
2023-08-28 16:00:00+00:00,237.5,239.45,235.35,238.76,237.728511,23.939999999999998,6.348124664413482,-4900958,244.9889093904604,214.70009060953961,237.67,238.56,232.92,230.91,231.915,-0.000079728895798
2023-08-29 12:00:00+00:00,238.55,253.64,237.835,253.43,247.096854,37.94499999999999,7.609041375825015,-4438192,249.51864617514133,212.66835382485868,238.76,237.67,238.56,230.04,233.26,-0.923527528066188
2023-08-29 16:00:00+00:00,253.48,257.41,252.67,257.2,255.054006,31.60499999999999,7.226502525715018,-4072666,254.26278744057328,211.0852125594268,253.43,238.76,237.67,232.92,236.89,-0.923527528066188
2023-08-30 12:00:00+00:00,254.27,258.58,250.65,257.465,253.922243,26.224999999999966,7.320302188953013,-3710496,258.2066156543547,210.40788434564524,257.2,253.43,238.76,238.56,236.805,0.999503575119888
2023-08-30 16:00:00+00:00,257.85,260.5,255.0,257.05,257.455479,25.13500000000002,7.077595230425945,-3943811,261.3783759872405,210.54512401275952,257.465,257.2,253.43,237.67,240.0,0.999503575119888
2023-08-31 12:00:00+00:00,256.215,259.87,255.05,259.665,257.508187,26.40500000000003,6.7765825330358185,-3704606,264.21492241082296,211.75307758917702,257.05,257.465,257.2,238.76,230.91,-0.000019804225303
2023-08-31 16:00:00+00:00,259.66,261.1,255.775,258.06,258.432979,21.170000000000016,6.583038195297712,-3929332,265.449551362906,214.84244863709404,259.665,257.05,257.465,253.43,230.04,-0.000019804225303
2023-09-01 12:00:00+00:00,257.37,258.99,245.58,246.395,252.058042,9.590000000000003,7.493299769258017,-4322122,264.2835097891278,219.0994902108722,258.06,259.665,257.05,257.2,232.92,-0.003836263946141
2023-09-01 16:00:00+00:00,246.14,247.95,242.525,244.965,245.013316,4.965000000000003,7.217526466690279,-4637693,263.97099765494045,221.34900234505955,246.395,258.06,259.665,257.465,238.56,-0.003836263946141
2023-09-05 12:00:00+00:00,245.01,253.99,244.88,252.8,251.174228,21.890000000000015,7.469856271131578,-4314739,264.79638985188865,222.67961014811132,244.965,246.395,258.06,257.05,237.67,-0.000002012158802
2023-09-05 16:00:00+00:00,252.77,257.985,252.71,256.49,256.468383,26.450000000000017,7.177208768314035,-4044484,265.9882858932693,223.94521410673073,252.8,244.965,246.395,259.665,238.76,-0.000002012158802
2023-09-06 12:00:00+00:00,255.0,255.17,245.11,248.65,248.302724,15.730000000000018,7.73758093253883,-4424641,266.0688752931588,225.40362470684127,256.49,252.8,244.965,258.06,253.43,-0.923527528066188
2023-09-06 16:00:00+00:00,248.73,252.39,247.41,251.99,250.937961,13.430000000000007,7.369903474866985,-4224440,266.56048329368116,226.4220167063188,248.65,256.49,252.8,246.395,257.2,-0.923527528066188
2023-09-07 12:00:00+00:00,245.51,248.58,243.355,247.23,245.668264,9.560000000000002,7.53858301155139,-4512525,266.55713380374544,227.4678661962545,251.99,248.65,256.49,244.965,257.465,-0.000076229771366
2023-09-07 16:00:00+00:00,247.14,252.77,246.94,251.48,250.881796,12.719999999999999,7.31077194334454,-4221053,266.93732892271515,228.2356710772849,247.23,251.99,248.65,252.8,257.05,-0.000076229771366
2023-09-08 12:00:00+00:00,251.415,256.49,250.44,253.07,253.856629,-0.36000000000001364,7.14266901756527,-3894598,266.5008802579556,230.88811974204438,251.48,247.23,251.99,256.49,259.665,-0.996004249842372
2023-09-08 16:00:00+00:00,253.07,253.08,246.85,248.42,248.581927,-8.780000000000001,7.020979815223237,-4198839,265.1140117401552,234.11298825984477,253.07,251.48,247.23,248.65,258.06,-0.996004249842372
2023-09-11 12:00:00+00:00,265.17,272.49,260.67,271.59,265.809267,14.125,9.294182506526809,-3500104,267.90347639304196,235.19052360695798,248.42,253.07,251.48,251.99,246.395,0.999418785140733
2023-09-11 16:00:00+00:00,271.55,274.825,270.38,273.63,272.877839,16.579999999999984,8.6476248389899,-3054576,271.23775611229945,235.36324388770052,271.59,248.42,253.07,247.23,244.965,0.999418785140733
2023-09-11 20:00:00+00:00,273.77,273.77,273.77,273.77,273.77,14.104999999999961,7.513274860457912,-3054476,273.6743867958799,236.53661320412007,273.63,271.59,248.42,251.48,252.8,0.999216061929474
2023-09-12 12:00:00+00:00,270.745,278.22,268.43,271.15,272.938132,13.089999999999975,7.81683821239686,-3522902,274.9378462470074,238.51215375299262,273.77,273.63,271.59,253.07,256.49,-0.923527528066188
2023-09-12 16:00:00+00:00,271.23,272.16,266.72,267.41,268.560421,21.015000000000015,7.499926450743946,-3848205,276.16967784559444,238.67832215440566,271.15,273.77,273.63,248.42,248.65,-0.923527528066188
2023-09-13 12:00:00+00:00,268.11,274.955,267.95,271.25,271.587868,26.284999999999997,7.505936257311415,-3494849,277.86366800984104,238.38933199015887,267.41,271.15,273.77,271.59,251.99,-0.923527528066188
2023-09-13 16:00:00+00:00,271.27,273.66,270.02,271.27,271.485767,18.46999999999997,6.9904780896698995,-3201844,279.40379326170256,238.22970673829747,271.25,267.41,271.15,273.63,247.23,-0.923527528066188
2023-09-14 12:00:00+00:00,271.71,276.08,270.48,274.92,273.769975,18.430000000000007,6.805081011047243,-2965619,281.4909830297176,237.92951697028232,271.27,271.25,267.41,273.77,251.48,-0.923527528066188
2023-09-14 16:00:00+00:00,274.92,276.64,274.17,276.0,275.461243,27.349999999999994,6.227070209574273,-2638131,283.4934004923493,237.56059950765072,274.92,271.27,271.25,271.15,253.07,-0.923527528066188
2023-09-15 12:00:00+00:00,277.82,278.805,271.755,275.2,274.719356,23.20999999999998,6.336794181631038,-2940650,285.2252986664168,237.54270133358324,276.0,274.92,271.27,267.41,248.42,0.994918404583586
2023-09-15 16:00:00+00:00,275.31,276.53,271.135,274.44,273.907287,27.210000000000008,6.211221624080231,-3236880,286.2109272430993,239.36157275690067,275.2,276.0,274.92,271.25,271.59,0.994918404583586
2023-09-18 12:00:00+00:00,271.1,271.31,263.8,267.23,267.033005,15.750000000000028,6.801725407536199,-3594272,285.82647015084376,241.97252984915622,274.44,275.2,276.0,271.27,273.63,-0.000783515504736
2023-09-18 16:00:00+00:00,266.86,268.23,264.72,265.27,266.141579,12.199999999999989,6.362828686531372,-3766684,285.82121549223973,243.2247845077603,267.23,274.44,275.2,274.92,273.77,-0.000783515504736
2023-09-19 12:00:00+00:00,264.2,267.83,261.3,264.915,264.021436,16.495000000000033,6.3851181949938525,-3968438,285.9040710304277,243.9844289695723,265.27,267.23,274.44,276.0,271.15,-0.997532910027076
2023-09-19 16:00:00+00:00,264.785,267.45,263.61,266.48,266.150282,-5.109999999999957,6.045769102328003,-3746776,285.34392622774646,246.32757377225357,264.915,265.27,267.23,275.2,267.41,-0.997532910027076
2023-09-20 12:00:00+00:00,267.05,268.6,265.465,267.03,267.207092,-6.600000000000023,5.657666555350942,-3567828,284.97604046019757,248.1994595398025,266.48,264.915,265.27,274.44,271.25,-0.995777392177843
2023-09-20 16:00:00+00:00,266.82,273.78,262.49,262.565,268.191775,-11.204999999999984,6.408644347970812,-4015264,283.4843399181587,251.2246600818414,267.03,266.48,264.915,267.23,271.27,-0.995777392177843
2023-09-21 12:00:00+00:00,257.75,260.37,254.25,257.85,257.126846,-13.299999999999955,6.662825101574703,-4407219,282.6966492166657,252.6493507833343,262.565,267.03,266.48,265.27,274.92,0.000010946354450
2023-09-21 16:00:00+00:00,257.76,260.74,255.32,255.68,257.505077,-11.730000000000018,6.4971150880314115,-4698220,282.3301832884993,253.27681671150066,257.85,262.565,267.03,264.915,276.0,0.000010946354450
2023-09-22 12:00:00+00:00,257.43,257.68,252.32,254.28,254.822859,-16.97,6.345499742960559,-4986267,281.1374436612113,255.05555633878868,255.68,257.85,262.565,266.48,275.2,-0.923527528066188
2023-09-22 16:00:00+00:00,254.1,254.66,244.49,244.85,248.129623,-26.419999999999987,6.855433110565816,-5413033,283.30454756545976,250.21445243454022,254.28,255.68,257.85,267.03,274.44,-0.923527528066188
2023-09-22 20:00:00+00:00,244.99,244.99,244.99,244.99,244.99,-29.930000000000007,5.960042029157043,-5412933,284.16728558924194,246.48771441075803,244.85,254.28,255.68,262.565,267.23,0.998929604640580
2023-09-25 12:00:00+00:00,243.29,246.51,238.51,246.06,243.288497,-29.939999999999998,6.2320364252694365,-5118136,284.1905699039189,243.6934300960811,244.99,244.85,254.28,257.85,265.27,0.999355292660766
2023-09-25 16:00:00+00:00,246.11,247.08,244.14,247.05,246.02208,-28.149999999999977,5.793098235233515,-4927693,284.02136871450404,241.4526312854959,246.06,244.99,244.85,255.68,264.915,0.999355292660766
2023-09-26 12:00:00+00:00,242.955,249.51,241.735,246.67,245.650557,-27.77000000000001,6.057351803869043,-5215597,284.0214310519409,239.3785689480591,247.05,246.06,244.99,254.28,266.48,-0.000783515504736
2023-09-26 16:00:00+00:00,246.73,247.61,242.93,244.24,244.777045,-22.99000000000001,5.873704896686505,-5465246,283.49135974868096,237.20764025131896,246.67,247.05,246.06,244.85,267.03,-0.000783515504736
2023-09-27 12:00:00+00:00,244.43,245.25,240.775,241.34,242.999171,-23.92999999999998,5.687210910461637,-5776062,282.8756010686047,234.83039893139534,244.24,246.67,247.05,244.99,262.565,-0.923527528066188
2023-09-27 16:00:00+00:00,241.415,242.27,234.69,240.58,238.626523,-24.335000000000008,5.939582789066754,-6217568,281.2320696947226,233.03993030527747,241.34,244.24,246.67,246.06,257.85,-0.923527528066188
2023-09-28 12:00:00+00:00,240.24,247.36,238.75,247.26,242.342336,-19.220000000000027,6.2956384171911886,-5977077,278.44858984005737,232.94941015994266,240.58,241.34,244.24,247.05,255.68,-0.917617307975888
2023-09-28 16:00:00+00:00,247.36,247.45,244.31,246.335,246.004798,-20.694999999999965,5.874886628232362,-6184786,275.4022032983994,233.10929670160067,247.26,240.58,241.34,246.67,254.28,-0.917617307975888
2023-09-29 12:00:00+00:00,250.03,254.655,248.69,252.02,252.325324,-10.544999999999987,6.200901744468046,-5816484,272.03354485844005,234.23595514155994,246.335,247.26,240.58,244.24,244.85,-0.000102659883851
2023-09-29 16:00:00+00:00,251.975,252.63,246.46,250.22,249.542431,-7.630000000000024,6.196781511872305,-6107247,270.00657498547764,234.5619250145224,252.02,246.335,247.26,241.34,244.99,-0.000102659883851
2023-10-02 12:00:00+00:00,243.34,254.235,239.55,251.49,248.667371,-4.189999999999998,7.328543976955998,-5633485,268.2299665431167,234.96053345688327,250.22,252.02,246.335,240.58,246.06,0.999469624628546
2023-10-02 16:00:00+00:00,251.295,253.18,247.945,251.61,250.227415,-2.6699999999999875,7.049404780028533,-5317183,266.34102715236406,235.51897284763595,251.49,250.22,252.02,247.26,247.05,0.999469624628546
2023-10-02 20:00:00+00:00,251.75,251.75,251.75,251.75,251.75,6.900000000000006,6.12815080935806,-5317083,263.77479600033837,236.6122039996617,251.61,251.49,250.22,246.335,246.67,-0.000661180281895
2023-10-03 12:00:00+00:00,248.635,250.0,244.465,248.04,246.9046,3.049999999999983,6.282397368110319,-5629958,260.28730166096784,238.2006983390322,251.75,251.61,251.49,252.02,244.24,-0.000783515504736
2023-10-03 16:00:00+00:00,248.105,249.61,245.21,246.63,247.372932,0.5699999999999932,6.0314110523622775,-5870427,257.57755435570346,239.31694564429662,248.04,251.75,251.61,250.22,241.34,-0.000783515504736
2023-10-04 12:00:00+00:00,248.25,257.45,247.62,257.36,253.478363,10.310000000000002,6.669889578713973,-5513514,257.4488533584988,239.3966466415012,246.63,248.04,251.75,251.49,240.58,0.996587489178637
2023-10-04 16:00:00+00:00,257.35,261.83,256.24,261.07,258.901563,14.400000000000006,6.525904301552107,-5165792,258.87807837736017,238.50642162263978,257.36,246.63,248.04,251.61,247.26,0.996587489178637
2023-10-05 12:00:00+00:00,259.8,263.46,256.295,258.79,259.692188,14.550000000000011,6.611117061345155,-5546049,259.80030314211365,238.03519685788632,261.07,257.36,246.63,251.75,246.335,-0.000291144693620
2023-10-05 16:00:00+00:00,259.0,262.25,258.01,260.08,260.327755,18.73999999999998,6.294968119832468,-5286428,261.45785606292844,237.90064393707152,258.79,261.07,257.36,248.04,252.02,-0.000291144693620
2023-10-06 12:00:00+00:00,253.46,257.82,250.68,257.64,253.660987,17.059999999999974,6.70897237052147,-5646975,262.3850111364891,238.23848886351092,260.08,258.79,261.07,246.63,250.22,-0.997239743330283
2023-10-06 16:00:00+00:00,257.655,261.61,256.905,260.52,259.589744,13.259999999999991,6.441776054451946,-5315708,263.75070494877684,238.31879505122322,257.64,260.08,258.79,257.36,251.49,0.897302317549475
2023-10-09 12:00:00+00:00,255.28,256.5,252.12,253.65,254.265123,7.314999999999998,6.7028725805250176,-5540783,263.9875111770564,238.74198882294363,260.52,257.64,260.08,261.07,251.61,-0.000783515504736
2023-10-09 16:00:00+00:00,253.74,261.31,253.74,259.68,258.426055,7.659999999999997,6.830489569788348,-5255925,264.9562226611721,239.0742773388279,253.65,260.52,257.64,258.79,251.75,-0.000783515504736
2023-10-10 12:00:00+00:00,257.91,268.91,257.79,267.64,265.821659,17.419999999999987,7.402424293816569,-4958120,267.34060586740856,239.02989413259144,259.68,253.65,260.52,260.08,248.04,-0.000078379089246
2023-10-10 16:00:00+00:00,267.68,267.68,262.8,263.67,264.744994,12.180000000000007,7.066101054641027,-5213701,268.03963893405904,240.56386106594096,267.64,259.68,253.65,257.64,246.63,-0.000078379089246
2023-10-11 12:00:00+00:00,266.21,268.495,262.05,262.77,265.284998,11.159999999999968,6.98328758068889,-5441061,268.02094212639315,242.80155787360687,263.67,267.64,259.68,260.52,257.36,-0.923260558396578
2023-10-11 16:00:00+00:00,262.84,263.95,260.91,262.94,262.616421,11.189999999999998,6.4575159032637,-5221088,268.61947653512465,243.77102346487536,262.77,263.67,267.64,253.65,261.07,-0.923260558396578
2023-10-12 12:00:00+00:00,262.89,265.28,261.0,263.98,263.171064,15.940000000000026,6.167180449495204,-5014074,269.0513941911705,245.10360580882949,262.94,262.77,263.67,259.68,258.79,-0.000526160583831
2023-10-12 16:00:00+00:00,264.07,265.36,256.64,259.005,260.184003,12.375,6.507556389562514,-5319663,269.1850582719042,245.66844172809573,263.98,262.94,262.77,267.64,260.08,-0.000526160583831
2023-10-13 12:00:00+00:00,259.0,259.59,252.74,253.1,255.690597,-4.260000000000019,6.553215537620841,-5600476,269.0240272945367,246.11747270546323,259.005,263.98,262.94,263.67,257.64,-0.923527528066188
2023-10-13 16:00:00+00:00,252.96,254.28,250.23,251.19,251.730751,-9.879999999999995,6.219453465938064,-5865586,269.0432934938195,246.06820650618062,253.1,259.005,263.98,262.77,260.52,-0.923527528066188
2023-10-16 12:00:00+00:00,250.05,254.13,248.48,252.04,252.173493,-6.750000000000028,6.143526337146323,-5647721,269.01945878319316,246.13504121680685,251.19,253.1,259.005,262.94,253.65,0.995515735587105
2023-10-16 16:00:00+00:00,251.97,255.39,250.92,253.79,253.545864,-6.289999999999992,5.92038949219348,-5363391,268.9376318013758,246.42086819862425,252.04,251.19,253.1,263.98,259.68,0.995515735587105
2023-10-17 12:00:00+00:00,250.07,255.0,247.11,255.0,251.379687,-2.6399999999999864,6.183004226567681,-5167900,268.428759745997,247.62574025400295,253.79,252.04,251.19,259.005,267.64,0.825918436574284
2023-10-17 16:00:00+00:00,254.96,257.15,253.76,254.93,255.250808,-5.589999999999975,5.810603663025321,-5395287,267.50530773579646,249.3791922642034,255.0,253.79,252.04,253.1,263.67,0.825918436574284
2023-10-18 12:00:00+00:00,252.79,254.535,246.63,246.91,249.126579,-6.740000000000009,6.142523174621947,-5711809,268.34766520498647,247.4918347950135,254.93,255.0,253.79,251.19,262.77,0.999495450450922
2023-10-18 16:00:00+00:00,246.925,247.77,242.12,242.55,244.017206,-17.129999999999995,6.076853418005688,-6274810,269.3539351777254,244.63356482227456,246.91,254.93,255.0,252.04,262.94,0.999495450450922
2023-10-18 20:00:00+00:00,238.87,245.52,238.4,243.65,243.545578,-23.98999999999998,6.215939628938263,-6235072,269.917666510784,242.55583348921607,242.55,246.91,254.93,253.79,263.98,0.999495450450922
2023-10-19 12:00:00+00:00,225.93,230.525,218.68,221.21,224.016858,-42.46000000000001,8.716481011746495,-7139173,274.94374668693644,233.64275331306362,243.65,242.55,246.91,255.0,259.005,-0.998282765736803
2023-10-19 16:00:00+00:00,220.96,223.06,216.81,220.14,219.649777,-42.629999999999995,8.387616876846963,-7807127,278.00827915911907,226.82822084088093,221.21,243.65,242.55,254.93,253.1,-0.998282765736803
2023-10-19 20:00:00+00:00,219.35,219.35,218.72,218.72,219.14,-44.22,7.458601293267367,-7807427,279.68309274126824,220.9734072587317,220.14,221.21,243.65,246.91,251.19,-0.060250939219259
2023-10-20 12:00:00+00:00,216.22,218.74,210.51,212.89,214.789724,-51.09000000000003,7.561454454165054,-8420679,282.00929638637814,214.57120361362186,218.72,220.14,221.21,242.55,252.04,-0.989257430192083
2023-10-20 16:00:00+00:00,212.92,215.68,211.37,211.94,213.063071,-47.065,7.127927193609715,-8915021,282.83358502415354,208.9729149758464,212.89,218.72,220.14,243.65,253.79,-0.989257430192083
2023-10-23 12:00:00+00:00,209.84,216.08,202.53,214.48,209.035979,-38.620000000000005,7.984203567795088,-8366761,281.22563516955614,205.2648648304439,211.94,212.89,218.72,221.21,255.0,0.999057621636894
2023-10-23 16:00:00+00:00,214.47,216.79,211.42,212.02,213.847969,-39.16999999999999,7.635643092089078,-8680340,279.80185569328296,201.52364430671705,214.48,211.94,212.89,220.14,254.93,0.999057621636894
2023-10-24 12:00:00+00:00,216.53,221.945,214.91,217.345,218.760948,-34.69499999999999,7.940890679810533,-8188465,277.40079984930725,199.38220015069277,212.02,214.48,211.94,218.72,246.91,0.999464075895958
2023-10-24 16:00:00+00:00,217.45,218.29,214.23,216.51,216.383033,-37.28,7.423438589169129,-8464982,274.44921572930264,197.69078427069735,217.345,212.02,214.48,212.89,242.55,0.999464075895958
2023-10-25 12:00:00+00:00,215.93,220.07,214.32,215.68,217.07408,-39.31999999999999,7.200313443946579,-8919171,270.6947210685837,196.61527893141624,216.51,217.345,212.02,211.94,243.65,-0.973725458723493
2023-10-25 16:00:00+00:00,215.68,216.97,212.2,212.37,214.379838,-42.56,6.876271651420369,-9281137,267.50526650931886,195.14123349068112,215.68,216.51,217.345,214.48,221.21,0.219472403638065
2023-10-26 12:00:00+00:00,211.35,214.755,206.65,208.24,209.913128,-38.66999999999999,7.040102097897652,-9636204,265.1398370126484,193.0206629873517,212.37,215.68,216.51,212.02,220.14,0.999025288125267
2023-10-26 16:00:00+00:00,208.05,209.54,204.94,205.72,206.635125,-36.83000000000001,6.714755151511298,-9999602,262.73029399857455,190.8832060014254,208.24,212.37,215.68,217.345,218.72,0.999025288125267
2023-10-27 12:00:00+00:00,210.57,212.355,206.7,210.53,210.085418,-33.120000000000005,6.70412113130979,-9554871,259.2868999873628,190.17560001263715,205.72,208.24,212.37,216.51,212.89,0.999441874970216
2023-10-27 16:00:00+00:00,210.59,210.84,205.87,207.305,207.508544,-13.905000000000001,6.472904980468485,-9840588,254.92634475284552,189.88765524715444,210.53,205.72,208.24,215.68,211.94,0.999441874970216
2023-10-30 12:00:00+00:00,209.43,210.66,196.86,199.39,202.609957,-20.75,7.449850983072684,-10297487,249.83983621531596,189.41316378468403,207.305,210.53,205.72,212.37,214.48,0.042660771607189
2023-10-30 16:00:00+00:00,199.36,199.985,194.7,197.36,197.244619,-21.359999999999985,7.161204185329663,-10856475,243.57988076262566,189.91611923737432,199.39,207.305,210.53,208.24,212.02,0.042660771607189
2023-10-31 12:00:00+00:00,195.78,201.14,194.07,197.89,197.928698,-15.0,7.149043627285708,-10456049,238.33859365058385,190.2554063494161,197.36,199.39,207.305,205.72,217.345,-0.997560892254114
2023-10-31 16:00:00+00:00,198.18,202.78,197.08,200.88,200.421685,-11.060000000000002,6.955837810314279,-10163708,232.93956294644067,191.4874370535593,197.89,197.36,199.39,210.53,216.51,-0.997560892254114
2023-11-01 12:00:00+00:00,204.09,204.66,197.89,200.8,200.665483,-13.679999999999978,6.931059435605709,-10469324,225.22400442666694,194.91799557333306,200.88,197.89,197.36,207.305,215.68,-0.000783515504736
2023-11-01 16:00:00+00:00,200.71,205.96,199.78,205.63,202.868038,-6.390000000000015,6.830918177524949,-10033640,223.61292815269312,194.9710718473069,200.8,200.88,197.89,199.39,212.37,-0.000783515504736
2023-11-02 12:00:00+00:00,212.97,217.78,211.54,217.45,215.249455,0.10499999999998977,7.540129087188291,-9629385,223.0948389061965,195.22016109380345,205.63,200.8,200.88,197.36,208.24,0.999485776730580
2023-11-02 16:00:00+00:00,217.485,219.14,216.24,218.56,217.818135,2.0500000000000114,6.921445208896516,-9295297,223.0638927377325,195.2351072622675,217.45,205.63,200.8,197.89,205.72,0.999485776730580
2023-11-02 20:00:00+00:00,217.66,217.66,216.63,216.63,217.13,0.9499999999999886,6.255919181043649,-9295597,223.55965536081064,195.11334463918942,218.56,217.45,205.63,200.88,210.53,0.999485776730580
2023-11-03 12:00:00+00:00,221.21,226.22,219.0,219.0,222.763398,6.6299999999999955,6.700463290237829,-8909079,224.52210310038467,194.85689689961535,216.63,218.56,217.45,200.8,207.305,-0.000783515504736
2023-11-03 16:00:00+00:00,219.05,221.35,218.505,219.95,219.738266,11.70999999999998,6.186401518206119,-8564719,225.35856990267897,194.56743009732108,219.0,216.63,218.56,205.63,199.39,-0.000783515504736
2023-11-03 20:00:00+00:00,219.35,219.35,219.15,219.15,219.18643,13.430000000000007,5.468214649111968,-8565572,226.2369835685351,194.40201643146492,219.95,219.0,216.63,217.45,197.36,0.000026459470973
2023-11-06 12:00:00+00:00,224.21,226.21,219.07,219.73,222.036347,9.199999999999989,5.6911193625637075,-8397480,226.611536068183,194.26596393181694,219.15,219.95,219.0,218.56,197.89,0.999132574303076
2023-11-06 16:00:00+00:00,219.86,220.94,215.01,217.93,217.288491,10.625,5.722970114221881,-8593693,226.80675149193914,194.21274850806086,219.73,219.15,219.95,216.63,200.88,0.999132574303076
2023-11-06 20:00:00+00:00,217.97,219.72,217.59,219.33,219.013778,19.940000000000026,5.24390743232563,-8521556,227.3115946177339,194.0729053822661,217.93,219.73,219.15,219.0,200.8,-0.160071074962616
2023-11-07 12:00:00+00:00,220.02,220.91,215.76,216.645,217.751607,19.284999999999997,5.23138644134888,-8700664,227.72496817652612,194.0870318234739,219.33,217.93,219.73,219.95,205.63,0.999288899329258
2023-11-07 16:00:00+00:00,216.62,222.11,216.49,220.98,219.272199,23.090000000000003,5.283201582502364,-8530438,228.89345317159848,194.19254682840148,216.645,219.33,217.93,219.15,217.45,0.999288899329258
2023-11-07 20:00:00+00:00,220.925,223.06,220.69,222.26,222.211395,21.379999999999995,4.894774704835383,-8449997,230.1238713345874,194.61612866541256,220.98,216.645,219.33,219.73,218.56,-0.000783515504736
2023-11-08 12:00:00+00:00,223.09,224.02,217.95,219.96,220.103149,19.159999999999997,5.051471410857335,-8611874,230.88808302682327,194.79491697317673,222.26,220.98,216.645,217.93,216.63,0.001109767123125
2023-11-08 16:00:00+00:00,219.57,221.36,217.65,220.69,219.747668,15.060000000000002,4.872608556076358,-8474052,231.68513459819107,195.33636540180893,219.96,222.26,220.98,219.33,219.0,0.001109767123125
2023-11-08 20:00:00+00:00,220.8,222.94,220.8,222.1,221.997286,4.650000000000006,4.522927415266177,-8400142,231.92146280992546,197.37103719007456,220.69,219.96,222.26,216.645,219.95,-0.923527528066188
2023-11-09 12:00:00+00:00,219.69,220.8,213.43,214.065,215.855804,-4.4950000000000045,5.075870426564019,-8635252,230.73464259239685,200.22835740760317,222.1,220.69,219.96,220.98,219.15,0.999350055964896
2023-11-09 16:00:00+00:00,213.99,215.27,207.03,207.47,210.34961,-9.159999999999997,5.497754369688817,-9059903,229.37896053593744,202.54203946406255,214.065,222.1,220.69,222.26,219.73,0.999350055964896
2023-11-09 20:00:00+00:00,207.27,210.5,206.82,209.98,209.264642,-9.02000000000001,5.255387120396976,-8871702,228.19832465450094,204.63267534549902,207.47,214.065,222.1,219.96,217.93,-0.000038347381633
2023-11-10 12:00:00+00:00,208.82,213.525,205.73,209.145,209.643453,-10.804999999999978,5.594002171010715,-9106180,226.7269314239095,206.93856857609046,209.98,207.47,214.065,220.69,219.33,0.998757390640094
2023-11-10 16:00:00+00:00,209.14,215.32,208.17,214.97,212.725198,-4.180000000000007,5.801468548209287,-8872816,225.7428334194729,208.8566665805272,209.145,209.98,207.47,222.1,216.645,0.998757390640094
2023-11-10 20:00:00+00:00,214.945,215.0,213.73,214.71,214.489649,-5.019999999999982,5.197272741781384,-8982752,225.68412527489238,208.64137472510754,214.97,209.145,209.98,214.065,220.98,0.998232332232874
2023-11-13 12:00:00+00:00,215.57,222.085,211.7,221.03,217.768614,3.0999999999999943,5.8889697095438684,-8770365,225.96306719154822,208.60943280845183,214.71,214.97,209.145,207.47,222.26,0.999227197171422
2023-11-13 16:00:00+00:00,221.25,225.34,221.22,223.59,223.415871,4.259999999999991,5.67844041493802,-8546414,226.7475544874406,208.52094551255942,221.03,214.71,214.97,209.98,219.96,0.999227197171422
2023-11-13 20:00:00+00:00,223.43,224.43,222.895,223.76,223.751654,7.114999999999981,5.125981692946284,-8436130,227.37599080071195,208.368509199288,223.59,221.03,214.71,209.145,220.69,-0.174493176862597
2023-11-14 12:00:00+00:00,232.69,236.31,230.81,232.81,233.451049,11.830000000000013,6.1158508005534475,-8053988,230.1190200201613,206.91147997983873,223.76,223.59,221.03,214.97,222.1,-0.000783515504736
2023-11-14 16:00:00+00:00,232.89,237.02,232.89,236.84,235.000765,14.580000000000013,5.861737360479656,-7859446,233.6111040503338,205.18839594966616,232.81,223.76,223.59,214.71,214.065,-0.000783515504736
2023-11-14 20:00:00+00:00,236.825,238.125,236.55,237.42,237.43714,17.45999999999998,5.2901723790823665,-7763602,236.62467976780476,203.94382023219526,236.84,232.81,223.76,221.03,207.47,0.992154679959640
2023-11-15 12:00:00+00:00,241.89,246.63,236.635,246.4,241.431854,25.710000000000008,5.917482728538052,-7420964,241.73015152657212,201.68534847342784,237.42,236.84,232.81,223.59,209.98,-0.000783515504736
2023-11-15 16:00:00+00:00,246.465,246.66,240.5,243.9,243.718634,21.80000000000001,5.949818364732978,-7666307,245.23053387317205,200.641966126828,246.4,237.42,236.84,223.76,209.145,-0.000783515504736
2023-11-15 20:00:00+00:00,243.85,244.27,242.49,242.9,243.257412,28.835000000000008,5.393842582768581,-7750122,248.0261315608016,200.47186843919846,243.9,246.4,237.42,232.81,214.97,0.562939348048531
2023-11-16 12:00:00+00:00,239.46,240.745,234.35,235.29,238.098362,27.819999999999993,5.814663571732772,-8079418,249.184545829777,200.74445417022298,242.9,243.9,246.4,236.84,214.71,0.998917562246788
2023-11-16 16:00:00+00:00,235.39,237.12,230.97,232.22,234.461072,22.24000000000001,5.859375095501736,-8387694,249.8573584961898,201.06764150381022,235.29,242.9,243.9,237.42,221.03,0.998917562246788
2023-11-16 20:00:00+00:00,232.255,234.495,231.68,233.41,233.117683,24.264999999999986,5.453458416101505,-8255456,250.63251201108645,201.63748798891353,232.22,235.29,242.9,246.4,223.59,-0.998010472772876
2023-11-17 12:00:00+00:00,232.01,234.87,226.57,234.53,229.87809,19.560000000000002,5.832997293954639,-7988977,251.45842695177615,202.19557304822385,233.41,232.22,235.29,243.9,223.76,-0.993770063912962
2023-11-17 16:00:00+00:00,234.54,237.37,233.48,234.67,235.183115,19.95999999999998,5.573930988094023,-7782683,252.2201906745671,202.69080932543284,234.53,233.41,232.22,242.9,232.81,-0.993770063912962
2023-11-17 20:00:00+00:00,234.635,235.31,234.155,234.37,234.567945,13.340000000000003,4.984740189681487,-7861156,252.58022493908894,204.36127506091108,234.67,234.53,233.41,235.29,236.84,-0.001126982519054
2023-11-20 12:00:00+00:00,234.23,236.15,231.22,233.39,233.534923,9.799999999999983,4.977441497723957,-8029719,251.82214634997135,207.71135365002866,234.37,234.67,234.53,232.22,237.42,0.999273563444149
2023-11-20 16:00:00+00:00,233.12,235.49,232.75,235.25,234.261601,11.490000000000009,4.679115964694097,-7866777,251.12064741155743,210.93985258844262,233.39,234.37,234.67,233.41,246.4,0.999273563444149
2023-11-20 20:00:00+00:00,235.205,237.08,235.12,235.73,236.145701,2.9199999999999875,4.316567169401552,-7740423,249.6800062219865,215.03899377801343,235.25,233.39,234.37,234.53,243.9,0.989176091854461
2023-11-21 12:00:00+00:00,235.055,243.57,233.43,241.3,239.312169,4.460000000000008,5.09302488014801,-7393834,249.3561858204807,217.99581417951927,235.73,235.25,233.39,234.67,242.9,0.606214217841625
2023-11-21 16:00:00+00:00,241.11,242.94,239.86,241.44,241.474834,4.02000000000001,4.82462156279494,-7180453,248.2529481954886,221.7720518045113,241.3,235.73,235.25,234.37,235.29,0.606214217841625
2023-11-21 20:00:00+00:00,241.37,242.13,240.865,241.26,241.380271,-5.140000000000015,4.350005354422279,-7264734,247.7738334141174,224.27416658588254,241.44,241.3,235.73,233.39,232.22,0.004620476771379
2023-11-22 12:00:00+00:00,243.35,243.85,232.335,232.54,237.174184,-11.360000000000014,5.30533797383264,-7458324,246.8263316206051,226.11666837939484,241.26,241.44,241.3,235.25,233.41,-0.000088213069830
2023-11-22 16:00:00+00:00,232.39,234.8,231.505,232.885,233.095551,-10.015000000000015,5.0372929106549575,-7301132,245.59012506913933,228.26537493086067,232.54,241.26,241.44,235.73,234.53,-0.000088213069830
2023-11-22 20:00:00+00:00,232.97,234.355,232.385,234.25,233.600641,-1.039999999999992,4.62832052256763,-7232231,245.54110849829175,228.45839150170826,232.885,232.54,241.26,241.3,234.67,0.001403555623256
2023-11-24 12:00:00+00:00,233.74,238.17,232.4,238.035,236.057594,5.814999999999998,4.780544452891943,-7124284,245.61286369638606,228.5061363036139,234.25,232.885,232.54,241.44,234.37,-0.000117969291750
2023-11-24 16:00:00+00:00,238.185,238.72,235.43,235.51,236.889724,2.0999999999999943,4.58180519250635,-7272745,245.54302865293732,228.38497134706267,238.035,234.25,232.885,241.26,233.39,-0.000117969291750
2023-11-27 12:00:00+00:00,236.87,237.46,232.195,235.51,234.238766,0.9799999999999898,4.672897833505505,-7272745,243.771479969371,229.06752003062905,235.51,238.035,234.25,232.54,235.25,0.999484444706468
2023-11-27 16:00:00+00:00,235.21,238.325,233.67,236.26,236.386145,1.5900000000000034,4.670511455704771,-7100695,242.49210627006914,229.5828937299308,235.51,235.51,238.035,232.885,235.73,0.999484444706468
2023-11-27 20:00:00+00:00,236.25,237.08,235.87,236.14,236.354725,1.7699999999999818,4.209109928277469,-7169126,241.2913351188458,230.1076648811542,236.26,235.51,235.51,234.25,241.3,-0.975239638239145
2023-11-28 12:00:00+00:00,236.83,239.17,234.045,237.61,236.481127,4.220000000000027,4.33122860450714,-7017385,241.4674981558959,230.16350184410408,236.14,236.26,235.51,238.035,241.44,0.998815137631027
2023-11-28 16:00:00+00:00,237.7,246.17,237.31,245.68,242.370593,10.430000000000007,4.935064790572852,-6600482,243.40242652523492,229.57457347476506,237.61,236.14,236.26,235.51,241.26,0.998815137631027
2023-11-28 20:00:00+00:00,245.775,246.935,245.18,246.725,246.219935,10.995000000000005,4.511056151829805,-6496684,245.2783611414384,229.03013885856157,245.68,237.61,236.14,235.51,232.54,0.998815137631027
2023-11-29 12:00:00+00:00,249.37,252.7,247.43,249.23,250.629626,7.929999999999978,4.706248664919164,-6199136,247.53167995943681,228.2468200405632,246.725,245.68,237.61,236.26,232.885,0.997051419690251
2023-11-29 16:00:00+00:00,249.21,249.42,244.42,245.46,247.185725,4.02000000000001,4.745415509596609,-6413186,248.51020398590924,228.34729601409072,249.23,246.725,245.68,236.14,234.25,0.997051419690251
2023-11-29 20:00:00+00:00,245.34,245.34,242.79,244.19,243.862465,2.930000000000007,4.468693441650396,-6513535,249.12466701642424,228.7148329835758,245.46,249.23,246.725,237.61,238.035,0.606927201501094
2023-11-30 12:00:00+00:00,245.17,245.17,239.57,241.84,241.877532,9.300000000000011,4.61953431609701,-6738839,249.27938051595106,229.4051194840489,244.19,245.46,249.23,245.68,235.51,-0.000012452936062
2023-11-30 16:00:00+00:00,241.97,242.13,238.26,240.99,240.093801,8.105000000000018,4.519596407284076,-6965576,249.3988846290831,229.8596153709169,241.84,244.19,245.46,246.725,235.51,-0.000012452936062
2023-11-30 20:00:00+00:00,241.36,241.67,236.985,239.79,239.582478,5.539999999999992,4.541650219646195,-7146419,249.4279164970506,230.23658350294943,240.99,241.84,244.19,249.23,236.26,-0.000012452936062
2023-12-01 12:00:00+00:00,233.11,236.3,231.98,234.98,234.021669,-3.055000000000007,4.977430190360036,-7414013,249.32234685464215,229.71015314535782,239.79,240.99,241.84,245.46,236.14,-0.991680027509574
2023-12-01 16:00:00+00:00,235.14,240.15,234.41,238.71,237.464906,3.200000000000017,5.0791061649786995,-7223709,249.1490291710865,229.6104708289135,234.98,239.79,240.99,244.19,237.61,-0.991680027509574
2023-12-01 20:00:00+00:00,238.575,239.01,237.65,238.75,238.539394,3.240000000000009,4.583225342981538,-7147407,248.9862440482003,229.52225595179974,238.71,234.98,239.79,241.84,245.68,0.999288552324288
2023-12-04 12:00:00+00:00,235.57,239.3,233.73,233.74,236.285033,-2.519999999999982,4.714795297250669,-7289687,248.88541737897262,229.74308262102736,238.75,238.71,234.98,240.99,246.725,-0.000020924999262
2023-12-04 16:00:00+00:00,233.685,238.31,233.35,236.9,236.406243,0.7600000000000193,4.747489257617247,-7133818,248.67810393264847,230.35189606735156,233.74,238.75,238.71,239.79,249.23,-0.000020924999262
2023-12-04 20:00:00+00:00,236.71,237.1,235.47,235.59,236.010985,-2.0200000000000102,4.331824023268281,-7198200,248.60148032092007,230.56251967907997,236.9,233.74,238.75,234.98,245.46,-0.000020924999262
2023-12-05 12:00:00+00:00,233.79,246.64,233.76,245.735,241.295142,0.05500000000000682,5.471580820165843,-6969047,249.3581388243042,230.57586117569582,235.59,236.9,233.74,238.71,244.19,0.999492663599085
2023-12-05 16:00:00+00:00,245.575,246.57,237.69,239.81,241.796598,-6.914999999999992,5.926036710810397,-7209355,249.337434049125,231.02656595087504,245.735,235.59,236.9,238.75,241.84,0.999492663599085
2023-12-05 20:00:00+00:00,239.67,240.44,238.19,238.84,239.152221,-10.389999999999986,5.435898482702344,-7279448,249.26416693177805,231.4328330682219,239.81,245.735,235.59,233.74,240.99,0.999040057329694
2023-12-06 12:00:00+00:00,243.265,246.01,241.435,244.22,244.35298,-1.240000000000009,5.6671120183420305,-7015402,249.60418063953992,231.88881936046013,238.84,239.81,245.735,236.9,239.79,-0.994717397727072
2023-12-06 16:00:00+00:00,244.42,246.49,241.43,242.34,244.043453,-1.8499999999999943,5.58616374922976,-7247680,249.66586216211115,232.44713783788885,244.22,238.84,239.81,235.59,234.98,-0.994717397727072
2023-12-06 20:00:00+00:00,242.32,242.46,239.19,239.4,240.197028,-2.4399999999999977,5.277341915999127,-7343205,249.64096110684514,232.6510388931549,242.34,244.22,238.84,245.735,238.71,-0.984780276194215
2023-12-07 12:00:00+00:00,241.32,243.06,236.99,243.06,239.690556,2.069999999999993,5.383029660532576,-7168514,249.29361862342242,232.7363813765776,239.4,242.34,244.22,239.81,238.75,0.015811340679647
2023-12-07 16:00:00+00:00,242.98,244.0,239.5,240.87,241.522327,1.0800000000000125,5.265292372461565,-7307337,248.55264454181594,232.891855458184,243.06,239.4,242.34,238.84,233.74,0.015811340679647
2023-12-07 20:00:00+00:00,240.89,242.84,240.73,242.59,242.035638,7.610000000000014,4.844586722800026,-7254979,247.19812197189907,233.58237802810095,240.87,243.06,239.4,244.22,236.9,0.015811340679647
2023-12-08 12:00:00+00:00,240.21,245.17,239.455,245.17,242.944624,6.4599999999999795,4.960641826426686,-7117156,247.13924744051658,233.61225255948344,242.59,240.87,243.06,242.34,235.59,0.000003522189218
2023-12-08 16:00:00+00:00,244.975,244.975,240.71,243.6,243.035755,4.849999999999994,4.8938895829031255,-7253241,247.044531692186,233.64796830781393,245.17,242.59,240.87,239.4,245.735,-0.923527528066188
2023-12-08 20:00:00+00:00,243.685,244.08,243.075,243.77,243.69227,10.030000000000001,4.375370971849379,-7199099,247.28568986886677,233.59981013113327,243.6,245.17,242.59,243.06,239.81,-0.923527528066188
2023-12-11 12:00:00+00:00,242.98,243.195,239.45,241.99,241.299588,5.090000000000003,4.3679881756027985,-7351082,247.36706793718886,233.61843206281108,243.77,243.6,245.17,240.87,238.84,-0.997965518268757
2023-12-11 16:00:00+00:00,241.985,241.985,237.49,239.92,239.166773,4.329999999999984,4.385589752189092,-7503957,247.37101547808257,233.6274845219174,241.99,243.77,243.6,242.59,244.22,-0.997965518268757
2023-12-11 20:00:00+00:00,239.99,240.615,239.18,239.52,239.846371,-6.215000000000003,3.9921777852305467,-7612410,247.1131896960126,234.33931030398745,239.92,241.99,243.77,245.17,242.34,0.002013809367782
2023-12-12 12:00:00+00:00,238.345,238.51,233.98,235.26,235.811573,-4.550000000000011,4.198554080533143,-7760380,247.3436223921408,233.76387760785917,239.52,239.92,241.99,243.6,239.4,-0.988776539918035
2023-12-12 16:00:00+00:00,235.34,237.07,233.94,236.49,235.506401,-2.3499999999999943,4.056080203128724,-7577980,247.4293333777579,233.45216662224217,235.26,239.52,239.92,243.77,243.06,-0.988776539918035
2023-12-12 20:00:00+00:00,236.49,237.52,236.41,237.04,236.87146,-7.180000000000007,3.6632695093782295,-7508870,247.06390622592068,234.14759377407938,236.49,235.26,239.52,241.99,240.87,-0.000783515504736
2023-12-13 12:00:00+00:00,234.21,236.85,232.31,232.66,234.00973,-9.680000000000007,3.805500241461131,-7635719,247.59923685279273,233.1882631472073,237.04,236.49,235.26,239.92,242.59,-0.000029425740649
2023-12-13 16:00:00+00:00,232.665,238.1,228.23,237.25,232.024353,-2.1500000000000057,4.614100209266314,-7269078,247.4847876971528,233.46871230284717,232.66,237.04,236.49,239.52,245.17,-0.000029425740649
2023-12-13 20:00:00+00:00,237.3,240.265,235.9,239.28,238.203554,-3.780000000000001,4.580886848030803,-7088061,246.72321816997422,233.58478183002578,237.25,232.66,237.04,235.26,243.6,0.455740890349261
2023-12-14 12:00:00+00:00,241.125,249.86,240.855,246.625,246.819487,5.7549999999999955,5.3807686016266985,-6613136,247.66805979516053,233.32144020483943,239.28,237.25,232.66,236.49,243.77,-0.000783515504736
2023-12-14 16:00:00+00:00,246.58,253.87,246.21,251.02,249.901215,8.430000000000007,5.684666121409805,-5813753,249.62669542282754,232.58080457717256,246.625,239.28,237.25,237.04,241.99,-0.000783515504736
2023-12-14 20:00:00+00:00,250.99,252.09,249.945,251.125,250.939677,5.9550000000000125,5.212710638555166,-5672423,251.00077944273195,231.89722055726807,251.02,246.625,239.28,232.66,239.92,-0.007328101084568
2023-12-15 12:00:00+00:00,251.35,253.3,248.45,252.38,250.937167,8.780000000000001,5.164349220081147,-5385420,252.68242095837024,231.2195790416298,251.125,251.02,246.625,237.25,239.52,0.999155867379159
2023-12-15 16:00:00+00:00,252.52,253.68,250.165,251.56,251.977822,7.789999999999992,4.944435990736996,-5750455,254.0339900124462,231.08400998755386,252.38,251.125,251.02,239.28,235.26,0.999155867379159
2023-12-15 20:00:00+00:00,251.575,254.12,251.52,253.35,252.864248,11.359999999999985,4.631844525305396,-5581185,255.5243178127698,230.62268218723025,251.56,252.38,251.125,246.625,236.49,0.000101423349406
2023-12-18 12:00:00+00:00,253.91,258.675,252.6,255.57,256.254185,15.650000000000006,4.824265255264678,-5360282,257.3953450695376,230.22165493046242,253.35,251.56,252.38,251.02,237.04,0.998118583636824
2023-12-18 16:00:00+00:00,255.56,257.225,252.25,253.37,254.62743,13.849999999999994,4.844363221229392,-5553815,258.5711890986547,230.12381090134528,255.57,253.35,251.56,251.125,232.66,0.998118583636824
2023-12-18 20:00:00+00:00,253.12,253.35,251.44,252.06,252.332227,16.80000000000001,4.455781458398807,-5643416,259.3273635883998,230.0566364116002,253.37,255.57,253.35,252.38,237.25,0.999350720987422
2023-12-19 12:00:00+00:00,253.44,257.7,253.065,257.615,255.665151,21.125,4.613677263945631,-5468492,261.1100641118629,229.67543588813714,252.06,253.37,255.57,251.56,239.28,0.927358883258421
2023-12-19 16:00:00+00:00,257.61,258.3,254.8,256.67,256.581688,19.630000000000024,4.4651869620862135,-5704365,262.515063742055,229.56043625794504,257.615,252.06,253.37,253.35,246.625,0.927358883258421
2023-12-19 20:00:00+00:00,256.62,257.23,255.87,257.18,256.653126,24.52000000000001,4.051162033808054,-5624231,263.87824913096415,229.71625086903583,256.67,257.615,252.06,255.57,251.02,0.998993192071794
2023-12-20 12:00:00+00:00,256.47,259.82,254.97,257.86,257.892518,20.610000000000014,4.157673762633646,-5464412,265.1350262606813,230.2534737393187,257.18,256.67,257.615,253.37,251.125,0.999068923963932
2023-12-20 16:00:00+00:00,257.85,257.985,248.95,249.78,255.831699,10.5,4.80798392761583,-5744039,265.23432950809934,231.1801704919006,257.86,257.18,256.67,252.06,252.38,0.999068923963932
2023-12-20 20:00:00+00:00,249.405,250.41,247.01,247.21,248.52509,0.585000000000008,4.620252737267053,-5908582,264.72130823502096,232.88819176497904,249.78,257.86,257.18,257.615,251.56,0.983477511705132
2023-12-21 12:00:00+00:00,251.81,253.81,248.58,251.17,251.062185,0.14999999999997726,4.884219038964779,-5745280,264.3819029047594,234.6955970952406,247.21,249.78,257.86,256.67,253.35,-0.980824623315129
2023-12-21 16:00:00+00:00,251.12,253.98,250.1,253.24,252.153231,2.115000000000009,4.750323167102808,-5541274,264.0437328979487,236.65376710205123,251.17,247.21,249.78,257.18,255.57,-0.980824623315129
2023-12-21 20:00:00+00:00,253.26,254.745,253.11,254.15,254.260444,1.7700000000000102,4.334946744822433,-5412786,262.3713694129566,240.4751305870434,253.24,251.17,247.21,257.86,253.37,0.507819372869562
2023-12-22 12:00:00+00:00,256.45,258.185,255.18,255.67,256.725233,4.109999999999985,4.294953845512775,-5284675,261.16444588912003,243.52405411088,254.15,253.24,251.17,249.78,252.06,-0.923527528066188
2023-12-22 16:00:00+00:00,255.135,256.38,251.405,253.24,254.580067,-0.10999999999998522,4.3856266661110705,-5431201,259.3653733743025,246.71912662569753,255.67,254.15,253.24,247.21,257.615,-0.923527528066188
2023-12-22 20:00:00+00:00,253.355,253.355,252.2,252.77,252.727371,-2.799999999999983,3.9548764439629283,-5505868,258.91100197398566,247.78799802601432,253.24,255.67,254.15,251.17,256.67,0.999259073258145
2023-12-26 12:00:00+00:00,254.49,256.97,252.97,256.18,255.54018,2.8100000000000023,3.9875595847678738,-5411390,259.19268387732086,248.02231612267911,252.77,253.24,255.67,253.24,257.18,-0.000783515504736
2023-12-26 16:00:00+00:00,256.07,257.94,255.86,256.67,257.032041,4.610000000000014,3.733218306798822,-5274494,259.5014839026301,248.26801609736984,256.18,252.77,253.24,254.15,257.86,-0.000783515504736
2023-12-26 20:00:00+00:00,256.59,257.435,256.25,256.68,256.775096,-0.9350000000000023,3.393455865892313,-5210295,259.8024958525931,248.39700414740693,256.67,256.18,252.77,255.67,249.78,0.999374551523943
2023-12-27 12:00:00+00:00,258.24,263.285,257.63,261.93,261.746392,5.259999999999991,3.821661750440007,-5094673,261.1710615899165,248.06543841008343,256.68,256.67,256.18,253.24,247.21,0.999423846777063
2023-12-27 16:00:00+00:00,261.91,263.15,260.755,261.57,262.177606,4.389999999999986,3.6314401837146706,-5227451,262.24475689369353,247.81374310630645,261.93,256.68,256.67,252.77,251.17,0.999423846777063
2023-12-27 20:00:00+00:00,261.57,261.64,260.185,261.47,261.07329,3.6100000000000136,3.3412481592193792,-5293228,263.0939910880312,247.55450891196878,261.57,261.93,256.68,256.18,253.24,-0.995250030013267
2023-12-28 12:00:00+00:00,263.52,265.06,259.85,261.02,262.227368,11.23999999999998,3.5904150713234593,-5406173,263.81715285496176,247.59634714503824,261.47,261.57,261.93,256.67,254.15,-0.923527528066188
2023-12-28 16:00:00+00:00,261.02,261.105,253.97,254.16,257.282072,6.949999999999989,4.063026395147,-5630453,263.7764307677978,247.8470692322022,261.02,261.47,261.57,256.68,255.67,-0.923527528066188
2023-12-28 20:00:00+00:00,254.14,254.4,252.75,253.26,253.665121,2.0900000000000034,3.741289542460734,-5751139,263.5891706473533,247.5988293526467,254.16,261.02,261.47,261.93,253.24,0.999528948115767
2023-12-29 12:00:00+00:00,255.09,255.14,248.42,249.66,251.944301,-3.5800000000000125,4.138450936799303,-5861754,263.64438535411216,246.84261464588783,253.26,254.16,261.02,261.57,252.77,-0.923527528066188
2023-12-29 16:00:00+00:00,249.545,251.01,247.49,250.605,249.029814,-3.545000000000016,4.055990811892727,-5671937,263.50893130856684,246.32056869143315,249.66,253.26,254.16,261.47,256.18,-0.923527528066188
2023-12-29 20:00:00+00:00,250.59,250.68,248.2,248.46,249.33977,-7.2099999999999795,3.845858703640366,-5767551,263.3820293897719,245.50747061022807,250.605,249.66,253.26,261.02,256.67,0.000116965195048
2024-01-02 12:00:00+00:00,250.1,251.17,244.55,248.85,248.10409,-4.390000000000015,4.215744209821647,-5532182,263.44670626532945,245.34979373467058,248.46,250.605,249.66,254.16,256.68,-0.997529242624296
2024-01-02 16:00:00+00:00,249.02,250.93,247.02,247.74,248.889297,-5.030000000000001,4.174978315178761,-5689133,263.38726226212475,245.46223773787523,248.85,248.46,250.605,253.26,261.93,-0.997529242624296
2024-01-02 20:00:00+00:00,247.755,248.66,246.09,248.48,247.630197,-7.700000000000017,3.9609812064882584,-5603233,263.5347228719553,245.0457771280447,247.74,248.85,248.46,249.66,261.57,-0.997861157695297
2024-01-03 12:00:00+00:00,245.05,245.64,236.4,239.47,239.869119,-17.200000000000017,5.0435170456231555,-6082840,264.9803306508411,242.22316934915887,248.48,247.74,248.85,250.605,261.47,0.999446985661052
2024-01-03 16:00:00+00:00,239.83,241.5,238.1,240.01,239.877247,-16.670000000000016,4.824381439540069,-5835170,265.78644927741425,240.0030507225857,239.47,248.48,247.74,248.46,261.02,0.999446985661052
2024-01-03 20:00:00+00:00,240.05,240.38,238.03,238.44,238.926448,-23.49000000000001,4.494463914268059,-5929917,266.36631603062455,237.70018396937547,240.01,239.47,248.48,248.85,254.16,0.999446985661052
2024-01-04 12:00:00+00:00,239.21,242.17,237.8,241.11,240.47933,-20.45999999999998,4.477868725698982,-5795887,266.5496083606455,236.30389163935448,238.44,240.01,239.47,247.74,253.26,-0.923527528066188
2024-01-04 16:00:00+00:00,241.22,242.67,238.75,239.64,241.046972,-21.83000000000004,4.403486228939116,-5928714,266.7625660742029,234.77793392579716,241.11,238.44,240.01,248.48,249.66,-0.923527528066188
2024-01-04 20:00:00+00:00,239.73,240.22,237.83,237.94,238.895254,-23.079999999999984,4.135021398413898,-6008352,266.6137509897412,233.10274901025875,239.64,241.11,238.44,239.47,250.605,0.998776412205189
2024-01-05 12:00:00+00:00,236.74,239.99,235.03,239.36,238.249503,-14.799999999999983,4.245018545292046,-5886325,266.0522673235343,231.93323267646565,237.94,239.64,241.11,240.01,248.46,0.642586249508895
2024-01-05 16:00:00+00:00,239.19,239.7,236.32,237.085,237.98159,-16.174999999999983,4.129682739253107,-6031881,265.4599503894213,230.56604961057866,239.36,237.94,239.64,238.44,248.85,0.642586249508895
2024-01-05 20:00:00+00:00,237.055,237.82,236.7,237.48,237.325627,-12.180000000000007,3.728391707352693,-5960065,263.54414811792844,230.0368518820716,237.085,239.36,237.94,241.11,247.74,-0.997737452446017
2024-01-08 12:00:00+00:00,237.12,239.19,235.385,236.62,237.039935,-13.984999999999985,3.738606146372335,-6113838,261.3519433048916,229.73405669510836,237.48,237.085,239.36,239.64,248.48,-0.992158387089148
2024-01-08 16:00:00+00:00,236.49,240.83,236.46,240.58,239.324125,-7.8799999999999955,3.8227919935226913,-5955332,258.53810716935925,230.45889283064076,236.62,237.48,237.085,237.94,239.47,-0.992158387089148
2024-01-08 20:00:00+00:00,240.55,241.18,240.23,240.42,240.687591,-8.430000000000007,3.4397530610530014,-6061183,255.24475983857891,231.6922401614211,240.58,236.62,237.48,239.36,240.01,0.000028333968658
2024-01-09 12:00:00+00:00,238.01,238.9,232.11,233.405,234.521267,-14.335000000000008,4.0891193195792646,-6235201,253.89381438070845,230.96768561929153,240.42,240.58,236.62,237.085,238.44,-0.000783515504736
2024-01-09 16:00:00+00:00,233.49,235.53,233.35,234.05,234.501764,-14.429999999999978,3.834570076968697,-6064104,252.31530100550796,230.62519899449202,233.405,240.42,240.58,237.48,241.11,-0.000783515504736
2024-01-09 20:00:00+00:00,234.45,235.13,233.8,234.88,234.694864,-4.590000000000003,3.5006274000395354,-5991527,251.23547314803233,230.22702685196765,234.05,233.405,240.42,236.62,239.64,0.862560434383340
2024-01-10 12:00:00+00:00,235.27,235.72,231.35,234.33,232.966547,-5.679999999999978,3.6165437467009314,-6140530,249.69771768116837,230.13728231883167,234.88,234.05,233.405,240.58,237.94,-0.923527528066188
2024-01-10 16:00:00+00:00,234.49,235.19,232.12,235.18,233.661214,-3.259999999999991,3.5436712471408063,-5956578,248.37261589646457,230.1343841035355,234.33,234.88,234.05,240.42,239.36,-0.923527528066188
2024-01-10 20:00:00+00:00,235.165,235.165,232.795,233.89,233.676091,-7.220000000000027,3.389181747522035,-6028149,246.71955784689328,230.2914421531067,235.18,234.33,234.88,233.405,237.085,0.673348044161685
2024-01-11 12:00:00+00:00,230.44,230.75,226.21,227.25,228.107911,-12.389999999999986,3.9612908478524274,-6223209,245.95267826513216,229.00932173486783,233.89,235.18,234.33,234.05,237.48,-0.995508171385154
2024-01-11 16:00:00+00:00,227.385,228.465,225.37,228.24,226.616954,-9.699999999999989,3.845785401472104,-6000388,244.2127856916661,228.72521430833388,227.25,233.89,235.18,234.88,236.62,-0.995508171385154
2024-01-11 20:00:00+00:00,228.34,228.6,226.2,226.2,227.468988,-13.160000000000025,3.6530140146091576,-6079012,244.66084325742844,226.9501567425716,228.24,227.25,233.89,234.33,240.58,-0.995508171385154
2024-01-12 12:00:00+00:00,220.05,225.31,219.71,221.0,222.399982,-16.085000000000008,4.0312788126612675,-6382315,245.6734759115599,224.03652408844013,226.2,228.24,227.25,235.18,240.42,0.000035728371586
2024-01-12 16:00:00+00:00,220.9,222.09,217.18,217.72,218.988116,-19.75999999999999,4.148441637639765,-6655446,246.91964144659238,220.71835855340765,221.0,226.2,228.24,233.89,233.405,0.000035728371586
2024-01-12 20:00:00+00:00,217.73,219.31,217.52,217.98,218.611937,-18.640000000000015,3.8339827526211288,-6565987,247.07150832982725,218.25349167017274,217.72,221.0,226.2,227.25,234.05,-0.997702766908333
2024-01-16 12:00:00+00:00,215.17,223.41,212.21,221.14,217.526396,-19.440000000000026,4.816118385604977,-6298869,246.62771384727114,216.84728615272888,217.98,217.72,221.0,228.24,234.88,0.208580868318677
2024-01-16 16:00:00+00:00,221.375,221.97,218.63,220.34,220.235434,-20.079999999999984,4.619302600857647,-6493964,246.27523909961485,215.43976090038512,221.14,217.98,217.72,226.2,234.33,0.208580868318677
2024-01-16 20:00:00+00:00,220.49,220.67,219.22,219.97,219.772423,-13.435000000000002,4.1967289207432925,-6561697,245.4920026577736,214.2839973422264,220.34,221.14,217.98,221.0,235.18,0.991439852252370
2024-01-17 12:00:00+00:00,214.85,215.41,212.38,213.92,214.051928,-20.130000000000024,4.649165064644187,-6864558,245.48120004710535,211.9782999528947,219.97,220.34,221.14,217.72,233.89,-0.997337457316462
2024-01-17 16:00:00+00:00,214.02,214.88,212.01,214.57,213.336354,-20.310000000000002,4.411943056024962,-6511305,244.9387025682557,210.22979743174423,213.92,219.97,220.34,217.98,227.25,-0.997337457316462
2024-01-17 20:00:00+00:00,214.69,215.65,214.02,215.63,215.175996,-18.700000000000017,4.041017315221634,-6370598,244.12554408598234,208.9439559140176,214.57,213.92,219.97,221.14,228.24,-0.998049473739229
2024-01-18 12:00:00+00:00,216.83,217.39,211.36,211.55,214.692835,-23.629999999999995,4.306215006525412,-6649172,242.58487587174113,207.58162412825885,215.63,214.57,213.92,220.34,226.2,-0.000046426754125
2024-01-18 16:00:00+00:00,211.35,212.65,208.78,210.97,210.576067,-22.919999999999987,4.248053005655358,-6959884,240.6281442821579,206.5933557178421,211.55,215.63,214.57,219.97,221.0,-0.000046426754125
2024-01-18 20:00:00+00:00,211.04,211.97,210.65,211.8,211.52119,-15.449999999999989,3.8576459382346426,-6871241,239.67255843430019,205.38844156569985,210.97,211.55,215.63,213.92,217.72,0.998486493015662
2024-01-19 12:00:00+00:00,209.84,213.15,208.33,209.275,210.563049,-18.965000000000003,3.9859598131366893,-7100642,238.5092910172524,204.07420898274762,211.8,210.97,211.55,214.57,217.98,-0.000783515504736
2024-01-19 16:00:00+00:00,209.37,212.27,207.61,211.99,209.841967,-14.20999999999998,4.075831838051798,-6857751,236.58720181023625,203.70729818976372,209.275,211.8,210.97,215.63,221.14,-0.000783515504736
2024-01-19 20:00:00+00:00,211.93,212.8,210.75,212.13,211.696103,-8.870000000000005,3.8057209263115594,-6775606,234.4082820424239,203.6662179575761,211.99,209.275,211.8,211.55,220.34,0.999292296008207
2024-01-22 12:00:00+00:00,212.63,217.8,208.91,210.04,214.070178,-7.680000000000007,4.483624802803353,-7216741,231.62933983316717,203.93116016683277,212.13,211.99,209.275,210.97,219.97,0.555375441559590
2024-01-22 16:00:00+00:00,209.95,210.88,206.27,207.21,207.964891,-10.769999999999982,4.5004748290962375,-7748345,228.82324175876872,204.06925824123132,210.04,212.13,211.99,211.8,213.92,0.555375441559590
2024-01-22 20:00:00+00:00,207.21,209.64,206.87,208.8,208.860246,-12.339999999999975,4.269744851883404,-7622351,227.243065084478,203.80443491552202,207.21,210.04,212.13,209.275,214.57,0.555375441559590
2024-01-23 12:00:00+00:00,211.49,215.585,210.02,211.035,212.7488,-9.305000000000007,4.605112204965616,-7358255,224.88238247040854,204.4446175295915,208.8,207.21,210.04,211.99,215.63,0.001842708981712
2024-01-23 16:00:00+00:00,211.15,211.83,207.76,208.77,209.118619,-11.199999999999989,4.533763910970204,-7667318,222.76533676110762,204.81866323889238,211.035,208.8,207.21,212.13,211.55,0.001842708981712
2024-01-23 20:00:00+00:00,208.74,209.65,208.35,209.13,209.022835,-4.789999999999992,4.102595389507512,-7558879,221.72348254338957,204.67351745661048,208.77,211.035,208.8,210.04,210.97,0.996654563234188
2024-01-24 12:00:00+00:00,211.835,212.67,208.635,211.9,210.662059,-2.6699999999999875,4.0935826709065095,-7320545,221.17610040322774,204.6388995967722,209.13,208.77,211.035,207.21,211.8,-0.995388431154424
2024-01-24 16:00:00+00:00,211.94,212.125,208.15,208.67,210.116399,-6.960000000000008,4.077771648118974,-7624116,220.55500022360812,204.3289997763919,211.9,209.13,208.77,208.8,209.275,-0.995388431154424
2024-01-24 20:00:00+00:00,208.495,209.47,195.52,201.56,206.526584,-9.990000000000009,5.394068761703109,-7846816,219.87655510295056,203.04944489704948,208.67,211.9,209.13,211.035,211.99,0.999239441982354
2024-01-25 12:00:00+00:00,189.81,192.71,185.06,185.06,188.334014,-25.909999999999997,6.874859593476028,-8936146,223.40513331771734,195.99286668228262,201.56,208.67,211.9,208.77,212.13,-0.998005603789352
2024-01-25 16:00:00+00:00,185.04,186.55,180.07,182.93,182.397866,-28.870000000000005,6.822211647679227,-9822010,225.22704766503418,190.4669523349659,185.06,201.56,208.67,209.13,210.04,-0.998005603789352
2024-01-25 20:00:00+00:00,182.94,183.46,181.84,183.45,182.622262,-25.825000000000017,6.128583427988664,-9585674,226.56792745929533,186.07907254070471,182.93,185.06,201.56,211.9,207.21,0.001281406177441
2024-01-26 12:00:00+00:00,185.67,186.465,182.565,185.27,184.724896,-26.72,5.831438970923509,-9317815,226.76281634937823,182.95418365062176,183.45,182.93,185.06,208.67,208.8,0.992846756591462
2024-01-26 16:00:00+00:00,185.25,185.62,182.15,183.37,183.613112,-28.75999999999999,5.516580441467041,-9540763,226.518437276384,179.972562723616,185.27,183.45,182.93,201.56,211.035,0.992846756591462
2024-01-26 20:00:00+00:00,183.02,183.47,182.4,183.225,183.002907,-26.814999999999998,4.923703049271435,-9675868,226.38629878434787,177.27220121565213,183.37,185.27,183.45,185.06,208.77,0.998604243388399
2024-01-29 12:00:00+00:00,184.95,188.38,183.71,187.27,185.862647,-19.939999999999998,4.95454264270191,-9279843,225.62767614292449,175.6608238570755,183.225,183.37,185.27,182.93,209.13,0.000002694170689
2024-01-29 16:00:00+00:00,187.43,190.84,187.215,188.72,189.009246,-20.080000000000013,4.777270290341656,-8889783,224.43616063939047,174.54433936060954,187.27,183.225,183.37,183.45,211.9,0.000002694170689
2024-01-29 20:00:00+00:00,188.9,191.41,188.9,190.965,190.415385,-20.069999999999993,4.498967584962768,-8781575,223.35204615993013,173.79745384006986,188.72,187.27,183.225,185.27,208.67,0.000066008484282
2024-01-30 12:00:00+00:00,195.2,196.35,192.22,194.54,194.091018,-14.230000000000018,4.617105240301065,-8531077,221.70741862649322,173.69708137350676,190.965,188.72,187.27,183.37,201.56,0.999232782749459
2024-01-30 16:00:00+00:00,194.435,194.435,190.63,192.19,192.266742,-16.939999999999998,4.522824541594256,-8805400,219.8274577061738,173.58304229382622,194.54,190.965,188.72,183.225,185.06,0.999232782749459
2024-01-30 20:00:00+00:00,192.27,192.34,186.0,186.75,191.873539,-25.150000000000006,4.765114602715022,-8889013,218.17604411635233,172.90545588364768,192.19,194.54,190.965,187.27,182.93,0.997503301565303
2024-01-31 12:00:00+00:00,186.775,190.82,185.95,190.055,189.350497,-18.61499999999998,4.77909932235302,-8639723,216.74941134100945,172.6165886589906,186.75,192.19,194.54,188.72,183.45,-0.000068023393396
2024-01-31 16:00:00+00:00,190.34,193.93,189.18,191.77,191.008626,-9.789999999999992,4.775219412705951,-8325433,214.8957913355907,172.7672086644093,190.055,186.75,192.19,190.965,185.27,-0.000068023393396
2024-01-31 20:00:00+00:00,191.77,191.77,187.15,187.24,188.416901,2.180000000000007,4.754523491011825,-8457770,212.25255858654296,173.03094141345704,191.77,190.055,186.75,194.54,183.37,-0.979431767016649
2024-02-01 12:00:00+00:00,189.25,189.83,184.49,184.6,187.511353,1.6699999999999875,4.8325870255435825,-8662064,209.7986233894477,173.06787661055228,187.24,191.77,190.055,192.19,183.225,0.798851520870812
2024-02-01 16:00:00+00:00,184.72,188.63,184.3,188.52,186.550359,5.070000000000022,4.765575422137769,-8456939,206.7939313500321,174.01156864996796,184.6,187.24,191.77,186.75,187.27,0.798851520870812
2024-02-01 20:00:00+00:00,188.55,189.01,188.135,188.81,188.599801,3.539999999999992,4.2468320325194,-8370849,202.1440601211686,176.35243987883143,188.52,184.6,187.24,190.055,188.72,0.798851520870812
2024-02-02 12:00:00+00:00,186.39,186.77,182.39,182.9,183.918087,-0.46999999999999886,4.536587761516816,-8684604,197.36104189035038,178.5584581096496,188.81,188.52,184.6,191.77,190.965,0.615469083189964
2024-02-02 16:00:00+00:00,182.84,188.62,182.2,187.83,184.419086,4.605000000000018,4.787709393314576,-8155854,194.16259744042907,180.38390255957097,182.9,188.81,188.52,187.24,194.54,0.615469083189964
2024-02-02 20:00:00+00:00,187.86,188.33,187.285,187.83,187.90724,0.5600000000000023,4.288681474205968,-8155854,194.22470381856445,180.59879618143557,187.83,182.9,188.81,184.6,192.19,0.883082152606221
2024-02-05 12:00:00+00:00,184.39,184.64,175.02,175.65,179.862722,-13.069999999999993,5.424857277645173,-8565207,195.45927559835562,178.6362244016444,187.83,187.83,182.9,188.52,186.75,-0.868896707892418
2024-02-05 16:00:00+00:00,175.74,182.55,175.6,181.07,180.089304,-9.89500000000001,5.628209640625819,-8159228,195.61736134487666,178.2401386551233,175.65,187.83,187.83,188.81,190.055,-0.868896707892418
2024-02-05 20:00:00+00:00,181.08,181.3,179.28,181.05,180.519936,-13.48999999999998,5.147115021875711,-8258856,195.7731894672168,177.66231053278318,181.07,175.65,187.83,182.9,191.77,-0.997270058578579
2024-02-06 12:00:00+00:00,177.23,186.47,177.23,185.04,183.902871,-7.150000000000006,5.692833018958951,-7878467,195.75696142357333,177.8455385764267,181.05,181.07,175.65,187.83,187.24,-0.923527528066188
2024-02-06 16:00:00+00:00,184.96,185.15,181.24,184.99,183.1726,-1.759999999999991,5.455121949764424,-8229896,195.73088528067112,178.04811471932888,185.04,181.05,181.07,187.83,184.6,-0.923527528066188
2024-02-06 20:00:00+00:00,185.065,185.68,183.95,185.07,184.556583,-4.985000000000014,4.958439023129169,-8084762,195.65562700018285,177.90337299981718,184.99,185.04,181.05,175.65,188.52,0.635533559718169
2024-02-07 12:00:00+00:00,189.89,189.89,182.77,185.88,186.275946,-5.890000000000015,5.24664715337861,-7726724,195.47369381010242,177.80130618989756,185.07,184.99,185.04,181.07,188.81,0.999105196562596
2024-02-07 16:00:00+00:00,185.98,189.77,185.67,188.98,188.177135,1.7399999999999807,5.093760866261465,-7456162,195.21289622346788,177.86360377653213,185.88,185.07,184.99,181.05,182.9,0.999105196562596
2024-02-07 20:00:00+00:00,188.94,188.96,187.43,187.61,188.18317,3.0100000000000193,4.621259417426601,-7551953,194.0343390426443,178.34916095735574,188.98,185.88,185.07,185.04,187.83,0.000870004529133
2024-02-08 12:00:00+00:00,188.785,189.465,185.59,189.275,187.985155,0.7549999999999955,4.521758161769721,-7379131,193.5188565662822,178.57314343371777,187.61,188.98,185.88,184.99,187.83,-0.508374050259590
2024-02-08 16:00:00+00:00,189.29,191.6,188.63,189.35,190.114137,0.539999999999992,4.314857073533759,-7170188,193.78955895735152,178.56244104264852,189.275,187.61,188.98,185.07,175.65,-0.508374050259590
2024-02-08 20:00:00+00:00,189.56,190.12,189.16,189.59,189.587994,6.689999999999998,3.8675427970625917,-7094705,193.71912678341798,178.58637321658202,189.35,189.275,187.61,185.88,181.07,0.000051863109547
2024-02-09 12:00:00+00:00,190.11,194.01,189.76,192.02,192.590136,4.189999999999998,3.941203757454245,-6965434,193.77142164560007,178.5590783543999,189.59,189.35,189.275,188.98,181.05,-0.997928836208303
2024-02-09 16:00:00+00:00,192.085,193.25,190.625,192.81,192.11111,4.97999999999999,3.7657099231270124,-6828170,194.6033700083873,178.2841299916127,192.02,189.59,189.35,187.61,185.04,-0.997928836208303
2024-02-09 20:00:00+00:00,192.72,193.65,192.2,193.53,192.954818,17.879999999999995,3.456948600043413,-6772165,195.5848390461406,178.19566095385937,192.81,192.02,189.59,189.275,184.99,-0.000783515504736
2024-02-12 12:00:00+00:00,192.14,194.67,190.48,190.57,192.568614,9.5,3.554688786704291,-6914802,195.81562426297202,178.16987573702798,193.53,192.81,192.02,189.35,185.07,-0.907566726207733
2024-02-12 16:00:00+00:00,190.62,191.96,187.33,187.72,189.230234,6.6699999999999875,3.6980636151437185,-7138040,195.72726064710648,178.1492393528935,190.57,193.53,192.81,189.59,185.88,-0.907566726207733
2024-02-12 20:00:00+00:00,187.73,188.76,187.72,188.16,188.336675,3.1200000000000045,3.343655133124555,-7045417,195.79407067206782,178.60842932793216,187.72,190.57,193.53,192.02,188.98,-0.000783515504736
2024-02-13 12:00:00+00:00,182.86,187.245,182.86,183.82,185.008001,-1.170000000000016,3.604501115374612,-7274841,195.71803124850155,178.28346875149842,188.16,187.72,190.57,192.81,187.61,-0.000783515504736
2024-02-13 16:00:00+00:00,183.935,185.22,182.3,182.54,183.688623,-2.530000000000001,3.513234299991329,-7502547,195.6660185917566,177.80648140824337,183.82,188.16,187.72,193.53,189.275,-0.000783515504736
2024-02-13 20:00:00+00:00,182.62,184.1,182.17,184.06,183.195782,-1.8199999999999932,3.3021363933258194,-7418334,194.54791989153102,179.76558010846895,182.54,183.82,188.16,190.57,189.35,-0.114309775177389
2024-02-14 12:00:00+00:00,185.1,187.04,183.48,184.79,185.010808,-4.189999999999998,3.3365182075490436,-7279295,194.26108070428793,180.42441929571206,184.06,182.54,183.82,187.72,189.59,-0.994112796906848
2024-02-14 16:00:00+00:00,184.84,187.45,183.93,186.845,186.031184,-0.7650000000000148,3.360982446542502,-7126911,193.89551802120104,181.36948197879894,184.79,184.06,182.54,188.16,192.02,-0.994112796906848
2024-02-14 20:00:00+00:00,187.05,193.44,187.0,190.4,188.437691,1.125,3.7921847870035017,-7018320,194.15513440786037,181.64586559213967,186.845,184.79,184.06,183.82,192.81,0.999377856322099
2024-02-15 12:00:00+00:00,189.185,195.69,188.99,193.08,193.481423,3.730000000000018,4.1798934820697,-6738434,194.80853668942692,181.8014633105731,190.4,186.845,184.79,182.54,193.53,0.072313357144594
2024-02-15 16:00:00+00:00,193.15,198.68,192.455,198.34,196.695797,8.75,4.452574351127073,-6486247,196.67819731108864,181.25880268891137,193.08,190.4,186.845,184.06,190.57,0.072313357144594
2024-02-15 20:00:00+00:00,198.3,200.87,197.59,200.49,199.704032,8.469999999999999,4.29623110431013,-6292152,198.81660390945174,180.58139609054828,198.34,193.08,190.4,184.79,187.72,0.998369360138895
2024-02-16 12:00:00+00:00,202.13,203.15,197.43,200.315,200.007116,7.5049999999999955,4.486066957068779,-6503112,200.53198708787102,179.99951291212898,200.49,198.34,193.08,186.845,188.16,-0.995109133422375
2024-02-16 16:00:00+00:00,200.13,202.83,198.22,200.45,200.607821,6.9199999999999875,4.502591362792944,-6265650,202.04376907265222,179.77173092734776,200.315,200.49,198.34,190.4,183.82,-0.995109133422375
2024-02-16 20:00:00+00:00,200.42,200.76,199.37,199.99,199.941355,9.420000000000016,4.087579181087216,-6361857,203.25903575848983,179.62796424151023,200.45,200.315,200.49,193.08,182.54,-0.995109133422375
2024-02-20 12:00:00+00:00,196.21,198.55,191.11,193.1,193.954163,5.3799999999999955,4.7265686236089195,-6602085,203.42565382893278,179.83634617106722,199.99,200.45,200.315,198.34,184.06,-0.955795360845514
2024-02-20 16:00:00+00:00,193.17,193.59,189.17,192.08,191.029641,3.920000000000016,4.685692807127733,-6830977,203.51194723442998,179.99905276557004,193.1,199.99,200.45,200.49,184.79,-0.955795360845514
2024-02-20 20:00:00+00:00,192.16,193.86,191.83,193.74,193.055081,9.920000000000016,4.331600432844036,-6750335,203.63121099137484,180.05178900862515,192.08,193.1,199.99,200.315,186.845,-0.997679274063557
2024-02-21 12:00:00+00:00,193.15,199.425,193.15,194.9,196.739708,12.360000000000014,4.590720375131499,-6583289,203.80868035732834,180.08331964267165,193.74,192.08,193.1,200.45,190.4,0.997481377038639
2024-02-21 16:00:00+00:00,195.0,195.33,191.98,192.87,193.62015,8.810000000000002,4.425290991780636,-6784625,203.76078966714832,180.0652103328517,194.9,193.74,192.08,199.99,193.08,0.997481377038639
2024-02-21 20:00:00+00:00,192.7,194.81,192.56,194.77,193.950152,9.980000000000018,4.1352521928765515,-6720944,204.0193494620534,180.22665053794657,192.87,194.9,193.74,193.1,198.34,0.000993594832835
2024-02-22 12:00:00+00:00,194.12,195.34,191.41,193.19,193.104697,6.344999999999999,4.107885233826346,-7072227,204.11684582735376,180.67615417264625,194.77,192.87,194.9,192.08,200.49,0.999249658823828
2024-02-22 16:00:00+00:00,193.23,197.85,192.78,197.14,196.032675,6.739999999999981,4.236167202649499,-6852338,204.5705226796829,181.12047732031712,193.19,194.77,192.87,193.74,200.315,0.999249658823828
2024-02-22 20:00:00+00:00,196.96,198.3,196.66,197.34,197.541052,4.259999999999991,3.890011575629568,-6691086,204.59648941413846,182.44651058586155,197.14,193.19,194.77,194.9,200.45,0.824326551926788
2024-02-23 12:00:00+00:00,196.04,197.47,193.495,195.13,195.020652,-3.210000000000008,3.901343365545625,-6854042,203.9562792438352,184.3457207561648,197.34,197.14,193.19,192.87,199.99,-0.994015886215493
2024-02-23 16:00:00+00:00,195.04,195.35,192.16,193.01,193.54563,-7.480000000000018,3.806497583472875,-7017740,203.20877666265574,185.98822333734427,195.13,197.34,197.14,194.77,193.1,-0.994015886215493
2024-02-23 20:00:00+00:00,193.1,193.15,191.73,191.97,192.187585,-8.344999999999999,3.488297905676494,-7133066,202.35984422307843,187.5551557769216,193.01,195.13,197.34,193.19,192.08,0.999299666174920
2024-02-26 12:00:00+00:00,192.23,200.19,192.035,198.81,197.626595,-1.6399999999999864,4.119191518252961,-6846684,202.0793244760294,189.03217552397058,191.97,193.01,195.13,197.14,193.74,-0.995698576036375
2024-02-26 16:00:00+00:00,198.785,201.75,197.93,199.08,199.948541,-0.9099999999999966,4.079299315819233,-6618738,202.21731729956505,189.76218270043498,198.81,191.97,193.01,197.34,194.9,-0.995698576036375
2024-02-26 20:00:00+00:00,199.04,199.845,198.54,199.39,199.375781,6.289999999999992,3.7093927403766696,-6538957,202.55145429979825,190.05904570020175,199.08,198.81,191.97,195.13,192.87,-0.001252845082490
2024-02-27 12:00:00+00:00,204.77,205.5,201.09,202.435,203.477473,10.35499999999999,4.029473708326449,-6340113,203.2832717739093,189.73672822609075,199.39,199.08,198.81,193.01,194.77,-0.000783515504736
2024-02-27 16:00:00+00:00,202.435,202.665,198.27,200.55,200.412686,6.810000000000002,4.078210547216254,-6634631,203.2937431666195,189.73225683338046,202.435,199.39,199.08,191.97,193.19,-0.000783515504736
2024-02-27 20:00:00+00:00,200.64,200.64,198.88,199.54,199.701807,4.639999999999986,3.769115807587419,-6694306,203.17185780130328,189.7766421986967,200.55,202.435,199.39,198.81,197.14,-0.017077829252230
2024-02-28 12:00:00+00:00,200.285,203.74,198.55,203.74,201.767069,10.870000000000005,3.9585670332424296,-6555368,203.88652415901439,189.39097584098565,199.54,200.55,202.435,199.08,197.34,-0.940284423530102
2024-02-28 16:00:00+00:00,203.72,205.125,201.68,202.28,203.609674,7.509999999999991,3.890091428810105,-6730751,204.29051480803153,189.21598519196849,203.74,199.54,200.55,199.39,195.13,-0.940284423530102
2024-02-28 20:00:00+00:00,202.08,202.4,201.315,202.09,201.848382,8.900000000000006,3.5160792383020922,-6802221,204.89338509437323,189.51211490562673,202.28,203.74,199.54,202.435,193.01,-0.998073078168090
2024-02-29 12:00:00+00:00,204.32,205.26,199.98,200.36,202.439077,3.2200000000000273,3.751268673195147,-6941491,205.03281526024907,190.20068473975093,202.09,202.28,203.74,200.55,191.97,0.032945469021797
2024-02-29 16:00:00+00:00,200.25,201.045,198.5,200.55,199.997554,3.210000000000008,3.590432850102459,-6783137,205.24814661275983,190.6663533872402,200.36,202.09,202.28,199.54,198.81,0.032945469021797
2024-02-29 20:00:00+00:00,200.645,202.185,200.645,201.81,201.49264,6.680000000000007,3.3297084700887964,-6695715,205.63840300412275,190.96709699587726,200.55,200.36,202.09,203.74,199.08,0.064099609357072
2024-03-01 12:00:00+00:00,200.53,201.38,198.5,199.18,199.801784,6.170000000000016,3.3270806740769574,-6812883,205.49873443421842,191.73776556578156,201.81,200.55,200.36,202.28,199.39,0.998712018335937
2024-03-01 16:00:00+00:00,199.25,204.43,199.23,203.1,202.430004,11.129999999999995,3.583469917533363,-6620882,205.94283334657305,192.1266666534269,199.18,201.81,200.55,202.09,202.435,0.998712018335937
2024-03-01 20:00:00+00:00,203.02,203.43,202.51,202.6,202.881207,3.789999999999992,3.2283405951955837,-6696655,206.00707441983414,193.0034255801659,203.1,199.18,201.81,200.36,200.55,0.577958050766028
2024-03-04 12:00:00+00:00,198.73,199.62,190.74,191.37,193.750291,-7.710000000000008,4.379228515836171,-7022241,206.61124886185226,191.82225113814772,202.6,203.1,199.18,200.55,199.54,-0.991193045163527
2024-03-04 16:00:00+00:00,191.27,191.5,186.76,188.99,188.708863,-10.399999999999977,4.427331380391349,-7353930,207.4722754993674,190.1262245006326,191.37,202.6,203.1,201.81,203.74,-0.991193045163527
2024-03-04 20:00:00+00:00,189.125,190.09,188.12,188.21,189.100913,-14.224999999999994,4.099687196339169,-7463716,208.2251324748436,188.6813675251564,188.99,191.37,202.6,199.18,202.28,-0.997419347520918
2024-03-05 12:00:00+00:00,183.35,184.445,178.355,178.765,181.293102,-21.785000000000025,4.867062236827283,-7833943,210.73029299956244,184.75170700043753,188.21,188.99,191.37,203.1,202.09,-0.997674746671692
2024-03-05 16:00:00+00:00,178.865,181.875,177.57,179.29,179.778767,-20.25,4.792120605250313,-7467513,212.32834284127551,181.88565715872454,178.765,188.21,188.99,202.6,200.36,-0.997674746671692
2024-03-05 20:00:00+00:00,179.455,181.08,179.33,180.83,180.344102,-22.909999999999997,4.3918378578836075,-7302729,213.04405510729498,179.37194489270507,179.29,178.765,188.21,191.37,200.55,-0.997531135013560
2024-03-06 12:00:00+00:00,180.03,181.53,173.715,176.95,176.851704,-25.330000000000013,4.848259476832459,-7616603,213.9333649605311,176.26963503946894,180.83,179.29,178.765,188.99,201.81,-0.000783515504736
2024-03-06 16:00:00+00:00,176.96,180.045,176.075,177.77,177.726178,-24.319999999999993,4.731158213254798,-7340752,214.24635289326793,173.79464710673207,176.95,180.83,179.29,188.21,199.18,-0.000783515504736
2024-03-06 20:00:00+00:00,177.81,177.99,176.28,176.48,176.915235,-23.880000000000024,4.328337118154159,-7503022,213.97975664046479,171.4657433595352,177.77,176.95,180.83,178.765,203.1,-0.000917406308872
2024-03-07 12:00:00+00:00,174.31,179.74,173.75,178.39,177.173903,-22.160000000000025,4.549892169066939,-7187527,213.45602032037098,169.77347967962905,176.48,177.77,176.95,179.29,202.6,0.997526050516171
2024-03-07 16:00:00+00:00,178.375,180.0,176.17,179.705,178.267992,-22.10499999999999,4.453906546524682,-6902204,212.74850978293833,168.49749021706165,178.39,176.48,177.77,180.83,191.37,0.997526050516171
2024-03-07 20:00:00+00:00,179.62,179.665,178.495,178.58,179.007778,-20.599999999999994,4.021385673654726,-6999074,211.20958622554897,167.52041377445104,179.705,178.39,176.48,176.95,188.99,0.997526050516171
2024-03-08 12:00:00+00:00,181.55,182.71,175.71,175.71,179.013682,-27.389999999999986,4.4185342505007625,-7188008,209.8056080250792,166.26739197492077,178.58,179.705,178.39,177.77,188.21,-0.923527528066188
2024-03-08 16:00:00+00:00,175.65,176.8,174.72,176.255,175.722465,-26.345,4.1067296837673295,-6998399,208.06401395360254,165.42548604639748,175.71,178.58,179.705,176.48,178.765,-0.923527528066188
2024-03-08 20:00:00+00:00,176.23,176.44,175.04,175.27,175.552469,-16.099999999999994,3.745832392598353,-7113558,206.3847054404984,164.5957945595016,176.255,175.71,178.58,178.39,179.29,-0.996761548216455
2024-03-11 12:00:00+00:00,175.37,182.76,174.91,178.21,179.385247,-10.780000000000001,4.293054740251906,-6802483,204.24122986571513,164.50527013428484,175.27,176.255,175.71,179.705,180.83,0.992890921072103
2024-03-11 16:00:00+00:00,178.15,179.515,176.625,177.86,178.002262,-10.349999999999994,4.1059807748849835,-7042507,201.44105224359134,164.91044775640864,178.21,175.27,176.255,178.58,176.95,0.992890921072103
2024-03-12 12:00:00+00:00,177.7,178.76,172.43,178.2,175.42852,-0.5649999999999977,4.402516671566984,-6699958,198.86822112781437,165.3852788721856,177.86,178.21,175.27,175.71,177.77,0.392425746540539
2024-03-12 16:00:00+00:00,178.2,179.41,176.85,177.44,178.228884,-1.8499999999999943,4.15684778202472,-6878601,194.45861566596997,167.22888433403003,178.2,177.86,178.21,176.255,176.48,0.392425746540539
2024-03-12 20:00:00+00:00,177.4,177.4,177.4,177.4,177.4,-3.430000000000007,3.607934744421423,-6878701,188.6129971416243,170.55450285837566,177.44,178.2,177.86,175.27,178.39,-0.959120824933052
2024-03-13 12:00:00+00:00,173.05,175.98,170.61,172.12,172.936597,-4.829999999999984,4.032210111831899,-7207693,186.37425883849664,170.8682411615033,177.4,177.44,178.2,178.21,179.705,-0.923527528066188
2024-03-13 16:00:00+00:00,172.165,172.34,169.16,169.5,170.48432,-8.27000000000001,3.9185820969209804,-7529609,184.78761333770058,170.50588666229942,172.12,177.4,177.44,177.86,178.58,-0.923527528066188
2024-03-14 12:00:00+00:00,167.58,171.07,162.755,162.795,165.558343,-13.685000000000002,4.504771150664849,-8129039,184.56980741763,168.18219258237002,169.5,172.12,177.4,178.2,175.71,-0.997758741199505
2024-03-14 16:00:00+00:00,162.79,163.72,160.54,162.51,162.285502,-15.879999999999995,4.328134997242871,-8738955,185.74326306727312,165.3832369327269,162.795,169.5,172.12,177.44,176.255,-0.997758741199505
2024-03-15 12:00:00+00:00,162.87,165.11,161.13,162.93,162.810524,-16.775000000000006,4.2817169976104905,-8395198,186.21220961848513,163.27829038151486,162.51,162.795,169.5,177.4,175.27,-0.000006544734788
2024-03-15 16:00:00+00:00,162.79,163.87,160.8,163.6,162.520135,-14.980000000000018,4.120154731262424,-7952442,185.99665563374376,161.77084436625623,162.93,162.51,162.795,172.12,178.21,-0.000006544734788
2024-03-18 12:00:00+00:00,170.07,174.62,165.91,173.6,170.996276,-2.1100000000000136,5.040134100427436,-7395145,185.74296844586854,161.68953155413146,163.6,162.93,162.51,169.5,177.86,0.999354261643020
2024-03-18 16:00:00+00:00,173.645,174.39,171.96,173.79,173.475789,-2.4650000000000034,4.692116220370442,-6905223,185.3922996839908,161.64220031600922,173.6,163.6,162.93,162.795,178.2,0.999354261643020
2024-03-19 12:00:00+00:00,172.19,172.745,167.445,171.5,170.20575,-3.7700000000000102,4.91250072432105,-7307901,185.09045225042212,161.44604774957793,173.79,173.6,163.6,162.51,177.44,0.999221355537884
2024-03-19 16:00:00+00:00,171.385,172.64,170.59,171.345,171.567462,-6.865000000000009,4.53083396107824,-7603954,184.5133334502011,161.3186665497989,171.5,173.79,173.6,162.93,177.4,0.999221355537884
2024-03-20 12:00:00+00:00,172.84,174.31,170.855,172.79,172.53181,-5.070000000000022,4.3873894329344765,-7426761,183.71901130704546,161.4214886929545,171.345,171.5,173.79,163.6,172.12,-0.923527528066188
2024-03-20 16:00:00+00:00,172.81,176.225,171.78,175.56,174.656653,-2.6399999999999864,4.395070841876546,-7050477,183.30396805342372,161.53453194657624,172.79,171.345,171.5,173.6,169.5,-0.923527528066188
2024-03-21 12:00:00+00:00,176.36,178.15,173.77,174.13,175.082923,-3.3100000000000023,4.393061396293006,-7300420,183.14706046218947,161.53343953781052,175.56,172.79,171.345,173.79,162.795,-0.000783515504736
2024-03-21 16:00:00+00:00,174.2,174.71,171.81,172.77,172.996473,-4.6299999999999955,4.193986543453939,-7513606,182.81831509294457,161.51368490705542,174.13,175.56,172.79,171.5,162.51,-0.000783515504736
2024-03-22 12:00:00+00:00,166.97,170.71,166.345,169.4,168.755417,-2.719999999999999,4.491455004326749,-7803997,182.48812130950174,161.25687869049827,172.77,174.13,175.56,171.345,162.93,0.934165346377995
2024-03-22 16:00:00+00:00,169.61,171.17,168.74,170.8,170.384865,1.3000000000000114,4.21659433708318,-7636965,181.69513670009152,161.3088632999085,169.4,172.77,174.13,172.79,163.6,0.934165346377995
2024-03-25 12:00:00+00:00,168.74,175.13,168.74,171.93,171.99426,9.13500000000002,4.5063817588054205,-7380915,180.95527403232987,161.45572596767013,170.8,169.4,172.77,175.56,173.6,-0.986862269113772
2024-03-25 16:00:00+00:00,171.97,173.715,171.7,172.64,172.611456,10.129999999999995,4.174197524298034,-7045713,180.13979184567654,161.71520815432342,171.93,170.8,169.4,174.13,173.79,-0.986862269113772
2024-03-26 12:00:00+00:00,178.625,184.23,177.71,180.99,181.337461,18.060000000000002,5.162971187724963,-6375370,180.9600136851314,161.24998631486864,172.64,171.93,170.8,172.77,171.5,-0.997859874623828
2024-03-26 16:00:00+00:00,180.85,182.01,177.38,177.7,179.247033,14.099999999999994,5.0919083626949675,-6658986,181.016183740658,161.22381625934202,180.99,172.64,171.93,169.4,171.345,-0.997859874623828
2024-03-27 12:00:00+00:00,181.44,181.44,176.03,179.43,178.0992,5.8300000000000125,5.134320581002305,-6433376,182.05430160499287,160.91669839500713,177.7,180.99,172.64,170.8,172.79,-0.923527528066188
2024-03-27 16:00:00+00:00,179.46,181.89,179.15,179.88,180.264046,6.090000000000003,4.815077836868661,-6158874,183.16562751319026,160.84337248680976,179.43,177.7,180.99,171.93,175.56,-0.923527528066188
2024-03-28 12:00:00+00:00,177.29,179.54,175.73,176.78,177.054706,5.280000000000001,4.726400791952841,-6374636,183.165939000466,162.24156099953402,179.88,179.43,177.7,172.64,174.13,0.998627492313972
2024-03-28 16:00:00+00:00,176.72,177.945,175.34,175.72,176.442554,4.375,4.443547353025794,-6611210,182.72691565435008,164.00158434564992,176.78,179.88,179.43,180.99,172.77,0.998627492313972
2024-04-01 12:00:00+00:00,176.15,176.72,170.24,171.2,173.308074,-1.5900000000000034,4.715074372622354,-7038247,181.84031356955003,165.71518643044996,175.72,176.78,179.88,177.7,169.4,-0.995843640994281
2024-04-01 16:00:00+00:00,171.16,175.25,171.13,175.25,173.252598,-0.3100000000000023,4.635731122939374,-6698853,180.85831811350602,167.862181886494,171.2,175.72,176.78,179.43,170.8,-0.995843640994281
2024-04-01 20:00:00+00:00,175.45,175.45,174.93,174.93,175.1675,0.8000000000000114,4.086966973214122,-6699261,180.91927872213614,167.93422127786386,175.25,171.2,175.72,179.88,171.93,-0.000783515504736
2024-04-02 12:00:00+00:00,170.0,170.0,162.16,165.91,165.190922,-6.860000000000014,5.244704710118907,-7469868,181.56165952804272,166.50384047195726,174.93,175.25,171.2,176.78,172.64,0.996131650637835
2024-04-02 16:00:00+00:00,165.84,167.69,165.31,166.64,166.281754,-2.7600000000000193,4.8627440821030525,-6966844,181.9500934362314,165.62940656376853,165.91,174.93,175.25,175.72,180.99,0.996131650637835
2024-04-02 20:00:00+00:00,166.75,166.75,166.75,166.75,166.75,-4.050000000000011,4.229044871155981,-6966744,182.2516027228576,164.8683972771424,166.64,165.91,174.93,171.2,177.7,-0.998105807229877
2024-04-03 12:00:00+00:00,164.01,168.52,163.3,167.37,165.857167,-4.560000000000002,4.361172221668517,-6515991,182.40911288003727,164.16888711996276,166.75,166.64,165.91,175.25,179.43,-0.997858897026163
2024-04-03 16:00:00+00:00,167.475,168.76,167.08,168.42,167.886474,-4.219999999999999,4.003682592112712,-6103291,182.2349584427069,163.62904155729308,167.37,166.75,166.64,174.93,179.88,-0.997858897026163
2024-04-04 12:00:00+00:00,170.21,175.265,168.03,175.225,171.305243,-5.765000000000015,4.434524913164348,-5731332,182.33218641781178,163.64131358218822,168.42,167.37,166.75,165.91,176.78,0.000006004273018
2024-04-04 16:00:00+00:00,175.25,177.115,170.825,171.18,174.133159,-6.519999999999982,4.681921591409105,-6229278,182.28743711222842,163.5270628877716,175.225,168.42,167.37,166.64,175.72,0.000006004273018
2024-04-05 12:00:00+00:00,169.175,170.825,160.58,165.03,165.403453,-14.400000000000006,5.470998712554557,-7455005,182.6014000120008,162.7760999879992,171.18,175.225,168.42,166.75,171.2,-0.997612289793324
2024-04-05 16:00:00+00:00,165.06,168.945,164.05,164.86,166.214637,-15.019999999999982,5.394198884213948,-7888497,182.88180307032897,161.90169692967103,165.03,171.18,175.225,167.37,175.25,-0.997612289793324
2024-04-05 20:00:00+00:00,169.79,170.23,169.79,170.23,170.03,-6.550000000000011,5.390972366318752,-7887643,182.84001773645258,161.7734822635474,164.86,165.03,171.18,168.42,174.93,-0.997612289793324
2024-04-08 12:00:00+00:00,169.36,174.45,167.8,172.85,171.653329,-2.8700000000000045,5.558842717476249,-7391037,182.85233497941914,161.78216502058086,170.23,164.86,165.03,175.225,165.91,-0.923527528066188
2024-04-08 16:00:00+00:00,172.945,174.38,172.21,172.99,173.291694,1.7900000000000205,5.106997021812748,-7154436,181.6421943103484,162.1923056896516,172.85,170.23,164.86,171.18,166.64,-0.923527528066188
2024-04-09 12:00:00+00:00,172.98,179.175,172.07,175.15,176.28777,-0.09999999999999432,5.373397418904384,-6790147,181.2589735410808,162.3205264589192,172.99,172.85,170.23,165.03,166.75,-0.996588485664688
2024-04-09 16:00:00+00:00,175.33,176.96,174.29,176.96,175.70543,2.030000000000001,5.012944429717136,-6578239,180.77341830145136,162.55908169854868,175.15,172.99,172.85,164.86,167.37,-0.996588485664688
2024-04-10 12:00:00+00:00,173.03,174.9,170.735,171.38,172.283599,5.469999999999999,5.174551839088184,-6851005,179.48709353014277,162.9954064698572,176.96,175.15,172.99,170.23,168.42,0.010273946973030
2024-04-10 16:00:00+00:00,171.43,172.12,170.02,171.78,171.178414,5.140000000000015,4.764611593876426,-6652148,178.82281492712738,163.15968507287258,171.38,176.96,175.15,172.85,175.225,0.010273946973030
2024-04-11 12:00:00+00:00,172.53,174.03,168.57,172.06,170.523675,5.310000000000002,4.8573300480262365,-6439331,178.33986845662906,163.2766315433709,171.78,171.38,176.96,172.99,171.18,0.996299061458558
2024-04-11 16:00:00+00:00,172.01,175.87,171.815,174.6,173.751048,7.22999999999999,4.750352708289406,-5704799,178.6982304163524,163.2582695836476,172.06,171.78,171.38,175.15,165.03,0.996299061458558
2024-04-12 12:00:00+00:00,172.31,173.75,171.3,172.485,172.334517,4.065000000000026,4.55697234718415,-6032132,178.3335923503402,163.3464076496598,174.6,172.06,171.78,176.96,164.86,-0.000010715859389
2024-04-12 16:00:00+00:00,172.445,172.445,170.375,171.06,171.218811,-4.164999999999992,4.230709367559599,-6320648,177.89113656401472,163.4018634359853,172.485,174.6,172.06,171.38,170.23,-0.000010715859389
2024-04-12 20:00:00+00:00,172.0,172.0,172.0,172.0,172.0,0.8199999999999932,3.791948118551652,-6316648,177.86164365936776,164.04035634063223,171.06,172.485,174.6,171.78,172.85,-0.000010715859389
2024-04-15 12:00:00+00:00,170.25,170.59,164.41,166.05,166.27205,1.0200000000000102,4.2983550360780995,-6749799,177.9141789533522,163.9288210466478,172.0,171.06,172.485,172.06,172.99,-0.996170724160038
2024-04-15 16:00:00+00:00,165.89,166.48,161.38,161.5,163.120339,-3.3600000000000136,4.4052410312676855,-7147640,178.63592105207107,162.68207894792897,166.05,172.0,171.06,174.6,175.15,-0.996170724160038
2024-04-16 12:00:00+00:00,156.67,158.17,153.785,156.78,155.768092,-13.449999999999989,4.846542227098661,-7674937,180.16575265553425,160.0932473444657,161.5,166.05,172.0,172.485,176.96,-0.997379301115870
2024-04-16 16:00:00+00:00,156.73,157.94,155.52,157.07,156.831302,-15.780000000000001,4.523003263485505,-7417427,181.16633013542975,157.95766986457028,156.78,161.5,166.05,171.06,171.38,-0.997379301115870
2024-04-17 12:00:00+00:00,157.67,157.67,153.81,156.28,155.326602,-16.710000000000008,4.434602828354103,-7690909,181.31397147416726,155.91552852583277,157.07,156.78,161.5,172.0,171.78,-0.125836096412968
2024-04-17 16:00:00+00:00,156.19,158.3,154.79,155.45,156.50798,-19.700000000000017,4.311322451240224,-7982294,181.74826258119,153.90823741881,156.28,157.07,156.78,166.05,172.06,-0.125836096412968
2024-04-18 12:00:00+00:00,151.78,152.2,148.74,150.05,150.701394,-26.909999999999997,4.6311461244081915,-8361794,183.08851056833072,151.06998943166928,155.45,156.28,157.07,161.5,174.6,-0.923527528066188
2024-04-18 16:00:00+00:00,150.05,151.38,149.42,149.89,150.192237,-21.49000000000001,4.274993307820434,-8668395,184.0819439627343,148.57955603726575,150.05,155.45,156.28,156.78,172.485,-0.923527528066188
2024-04-19 12:00:00+00:00,148.89,150.76,148.1,149.36,149.614121,-22.419999999999987,4.059660866777709,-9025605,184.46932811439729,146.10517188560277,149.89,150.05,155.45,157.07,171.06,0.000191902065126
2024-04-19 16:00:00+00:00,149.28,149.67,146.24,147.01,147.693386,-25.05000000000001,3.9757060845406786,-9471946,184.46988115142386,143.52061884857613,149.36,149.89,150.05,156.28,172.0,0.000191902065126
2024-04-22 12:00:00+00:00,140.5,144.38,138.855,141.605,141.306878,-32.995000000000005,4.532945273268588,-9962111,184.72736568859295,140.12463431140702,147.01,149.36,149.89,155.45,166.05,0.996776901418343
2024-04-22 16:00:00+00:00,141.63,143.33,141.49,142.04,142.135609,-30.44500000000002,4.1738859034994436,-9569002,183.99159768921712,137.54940231078288,141.605,147.01,149.36,150.05,161.5,0.996776901418343
2024-04-22 20:00:00+00:00,141.96,142.02,141.96,142.02,141.984,-29.039999999999992,3.628034449699516,-9569502,182.37316788893938,135.6738321110606,142.04,141.605,147.01,149.89,156.78,0.999332589010010
2024-04-23 12:00:00+00:00,143.17,146.14,141.15,144.72,144.468916,-27.28,3.8096298564062443,-9304029,181.11384618096355,134.26715381903648,142.02,142.04,141.605,149.36,157.07,-0.993573127721902
2024-04-23 16:00:00+00:00,144.715,147.21,144.475,144.63,145.371223,-21.420000000000016,3.6663458755520804,-9706648,179.46333537876893,133.20266462123107,144.72,142.02,142.04,147.01,156.28,-0.993573127721902
2024-04-23 20:00:00+00:00,155.9,158.75,148.42,156.11,154.488906,-5.389999999999986,5.060166425478471,-9655633,177.45064758521397,133.62035241478605,144.63,144.72,142.02,141.605,155.45,-0.993573127721902
2024-04-24 12:00:00+00:00,160.58,167.96,158.33,160.095,162.763681,3.3149999999999977,5.965477568748008,-8328176,174.9576759750113,134.66282402498868,156.11,144.63,144.72,142.04,150.05,0.996281374536920
2024-04-24 16:00:00+00:00,159.99,162.56,157.61,162.11,160.970575,5.0400000000000205,5.830080559581606,-7622896,173.00609720161157,135.5769027983884,160.095,156.11,144.63,142.02,149.89,0.996281374536920
2024-04-24 20:00:00+00:00,161.18,161.18,160.73,161.05,160.944,4.77000000000001,5.236736484970728,-7624496,171.09999632219422,136.48200367780578,162.11,160.095,156.11,144.72,149.36,0.999306246783817
2024-04-25 12:00:00+00:00,161.38,166.87,158.14,164.72,163.809934,9.27000000000001,5.7025049536413,-7196937,169.37647199250284,137.47752800749714,161.05,162.11,160.095,144.63,147.01,0.882605895865709
2024-04-25 16:00:00+00:00,164.54,170.75,162.82,170.29,167.424676,20.23999999999998,5.999504293155795,-6703782,170.38762841195467,136.8903715880453,164.72,161.05,162.11,156.11,141.605,0.882605895865709
2024-04-26 12:00:00+00:00,168.22,172.05,167.31,171.315,169.341505,21.42500000000001,5.83157038740169,-6375603,172.35802516590184,135.90147483409817,170.29,164.72,161.05,160.095,142.04,-0.923527528066188
2024-04-26 16:00:00+00:00,171.345,172.0,166.38,168.23,168.879684,18.869999999999976,5.8033610024148,-6676627,173.97055325328796,135.43394674671202,171.315,170.29,164.72,162.11,142.02,-0.923527528066188
2024-04-29 12:00:00+00:00,189.73,196.34,184.585,196.12,189.001028,49.110000000000014,8.777579535426161,-4820751,183.39757716912112,129.91192283087884,168.23,171.315,170.29,161.05,144.72,0.980821101460606
2024-04-29 16:00:00+00:00,196.2,198.86,191.14,194.08,195.007618,52.47500000000002,8.636568930702676,-5761509,190.0880910229829,127.00140897701709,196.12,168.23,171.315,164.72,144.63,0.980821101460606
2024-04-29 20:00:00+00:00,194.13,194.34,193.45,193.45,193.8475,51.41,7.603693073275655,-5762309,195.57687721843314,125.31262278156686,194.08,196.12,168.23,170.29,156.11,0.980821101460606
2024-04-30 12:00:00+00:00,189.38,190.83,183.03,183.6,187.559309,41.579999999999984,7.979200663505566,-6366869,198.35134523904117,125.8931547609588,193.45,194.08,196.12,171.315,160.095,-0.923527528066188
2024-04-30 16:00:00+00:00,183.81,185.8,182.86,183.34,184.241755,38.620000000000005,7.307307241704823,-6658144,200.72774686769228,126.86175313230771,183.6,193.45,194.08,168.23,162.11,-0.923527528066188
2024-05-01 12:00:00+00:00,181.97,183.975,179.11,180.025,181.263047,35.39500000000001,6.981666276144178,-6856389,202.28391006075242,128.3720899392476,183.34,183.6,193.45,196.12,161.05,-0.001472572330385
2024-05-01 16:00:00+00:00,179.93,185.805,179.73,180.01,181.9906,23.899999999999977,6.860777439324957,-7125026,203.43366484025105,130.52233515974896,180.025,183.34,183.6,194.08,164.72,-0.001472572330385
2024-05-02 12:00:00+00:00,182.99,184.5,176.05,180.12,179.152739,20.025000000000006,7.072673780748295,-6774148,203.74950453635418,134.05799546364582,180.01,180.025,183.34,193.45,170.29,-0.923527528066188
2024-05-02 16:00:00+00:00,180.15,181.75,178.43,180.12,180.375052,18.00999999999999,6.572317276648522,-6774148,203.5723498754341,138.0431501245659,180.12,180.01,180.025,183.6,171.315,-0.923527528066188
2024-05-03 12:00:00+00:00,182.08,184.62,178.46,180.29,182.051698,19.23999999999998,6.517341639762051,-6527778,202.76390088779107,142.67859911220893,180.12,180.12,180.01,183.34,168.23,-0.997704535548110
2024-05-03 16:00:00+00:00,180.34,181.95,179.57,181.25,181.097475,16.53,5.965696087793778,-6315643,201.7278962903655,147.36760370963452,180.29,180.12,180.12,180.025,196.12,-0.997704535548110
2024-05-06 12:00:00+00:00,183.995,187.52,182.45,183.09,185.177506,12.800000000000011,6.006269942754609,-6098695,199.92530342947654,153.01619657052348,181.25,180.29,180.12,180.01,194.08,0.999127291259356
2024-05-06 16:00:00+00:00,182.75,185.36,182.25,184.89,184.293345,13.574999999999989,5.620100617053996,-5895688,199.5671813184411,156.2523186815589,183.09,181.25,180.29,180.12,193.45,0.999127291259356
2024-05-07 12:00:00+00:00,182.76,183.15,178.21,179.44,179.596442,11.210000000000008,5.761420534780127,-6104494,198.8465846093722,158.90741539062782,184.89,183.09,181.25,180.12,183.6,-0.849977240432054
2024-05-07 16:00:00+00:00,179.63,180.03,177.4,177.9,178.511494,-18.22,5.343897796809443,-6261094,198.02882702250426,161.3041729774957,179.44,184.89,183.09,180.29,183.34,-0.849977240432054
2024-05-08 12:00:00+00:00,171.69,176.03,170.15,174.985,173.031475,-19.095,5.664711423901518,-6633698,196.69671363974447,164.0297863602555,177.9,179.44,184.89,181.25,180.025,0.999504361723666
2024-05-08 16:00:00+00:00,174.915,175.44,173.88,174.69,174.551483,-18.75999999999999,5.117416567381316,-6809158,195.72760004729778,165.99589995270222,174.985,177.9,179.44,183.09,180.01,0.999504361723666
2024-05-08 20:00:00+00:00,174.31,174.31,174.31,174.31,174.31,-9.289999999999992,4.485761025063807,-6809258,195.42699379262632,166.69850620737367,174.69,174.985,177.9,184.89,180.12,-0.923527528066188
2024-05-09 12:00:00+00:00,175.44,175.54,172.05,172.735,173.594309,-10.60499999999999,4.352992888388631,-7004984,195.30790434207455,166.9595956579255,174.31,174.69,174.985,179.44,180.12,0.052762484177947
2024-05-09 16:00:00+00:00,172.67,173.41,171.4,171.98,172.447852,-8.045000000000016,4.040593836603478,-7236587,194.86173777584048,167.78076222415956,172.735,174.31,174.69,177.9,180.29,0.052762484177947
2024-05-10 12:00:00+00:00,173.01,173.02,167.9,169.055,169.789654,-10.954999999999984,4.1845146583896815,-7526138,192.66462217812355,167.27137782187648,171.98,172.735,174.31,174.985,181.25,-0.992322023026645
2024-05-10 16:00:00+00:00,169.04,169.29,167.75,168.49,168.628554,-11.629999999999995,3.831912703937723,-7723703,190.5257610184217,166.85123898157832,169.055,171.98,172.735,174.69,183.09,-0.992322023026645
2024-05-13 12:00:00+00:00,169.98,175.14,169.05,172.84,172.849823,-7.280000000000001,4.207657676746024,-7483166,187.5056609029944,167.81033909700557,168.49,169.055,171.98,174.31,184.89,0.000020419505745
2024-05-13 16:00:00+00:00,172.95,173.05,170.895,171.92,171.816804,-8.370000000000005,3.933969986513221,-7618394,186.82278324377236,167.32521675622766,172.84,168.49,169.055,172.735,179.44,0.000020419505745
2024-05-13 20:00:00+00:00,171.77,171.77,171.77,171.77,171.77,-9.47999999999999,3.429440654978122,-7618494,186.04989380860206,166.94110619139792,171.92,172.84,168.49,171.98,177.9,0.779787202889565
2024-05-14 12:00:00+00:00,174.535,179.465,174.11,177.93,177.128208,-5.159999999999997,3.998181900981038,-7364920,185.82742608448754,166.95407391551245,171.77,171.92,172.84,169.055,174.985,0.982068211771548
2024-05-14 16:00:00+00:00,177.7,178.0,175.77,177.64,177.052019,-7.25,3.762424314183565,-7586841,185.57615267561013,166.9683473243899,177.93,171.77,171.92,168.49,174.69,0.982068211771548
2024-05-15 12:00:00+00:00,178.09,180.97,173.19,174.76,174.404474,-4.680000000000007,4.2981010722924236,-7843438,185.1489074996936,166.85959250030643,177.64,177.93,171.77,172.84,174.31,-0.000013305088942
2024-05-15 16:00:00+00:00,174.75,175.59,173.78,174.07,174.684142,-3.8300000000000125,3.966354262653434,-7966939,184.67175162808007,166.73174837191993,174.76,177.64,177.93,171.92,172.735,-0.000013305088942
2024-05-16 12:00:00+00:00,174.06,175.77,171.5,174.75,173.932867,-0.23500000000001364,4.0068403609663115,-7779273,184.1366127379945,166.71288726200547,174.07,174.76,177.64,171.77,171.98,-0.045834286720492
2024-05-16 16:00:00+00:00,174.74,175.36,173.97,174.86,174.682823,0.17000000000001592,3.657928312837472,-7578376,183.3750736948927,166.83542630510732,174.75,174.07,174.76,177.93,169.055,-0.045834286720492
2024-05-17 12:00:00+00:00,173.475,179.05,172.775,178.99,176.624088,4.680000000000007,4.006871204459143,-7244559,182.51390772441943,167.28659227558057,174.86,174.75,174.07,177.64,168.49,-0.923527528066188
2024-05-17 16:00:00+00:00,179.02,179.62,176.01,177.54,177.466515,4.804999999999978,3.9539550438645925,-7457217,180.68552470546382,168.37997529453617,178.99,174.86,174.75,174.76,172.84,-0.923527528066188
2024-05-20 12:00:00+00:00,177.57,177.65,173.635,174.08,174.667601,2.1000000000000227,3.9620943713493153,-7716141,179.96805326698012,168.56144673301986,177.54,178.99,174.86,174.07,171.92,0.000395886054321
2024-05-20 16:00:00+00:00,173.995,175.225,173.52,175.0,174.461877,5.944999999999993,3.6611484551694047,-7549784,179.57601580879276,168.66348419120726,174.08,177.54,178.99,174.75,171.77,0.000395886054321
2024-05-21 12:00:00+00:00,173.97,180.12,173.97,180.08,178.62682,11.590000000000003,3.992995327813485,-7262170,180.44235221668805,168.30664778331197,175.0,174.08,177.54,174.86,177.93,0.999497524317121
2024-05-21 16:00:00+00:00,180.08,186.875,180.08,186.63,184.300183,13.789999999999992,4.366595950771686,-6498123,183.15182305354745,166.79117694645254,180.08,175.0,174.08,178.99,177.64,0.999497524317121
2024-05-22 12:00:00+00:00,182.765,183.48,180.315,180.47,181.770135,8.550000000000011,4.626383157335461,-6668376,183.81126905191022,166.7477309480898,186.63,180.08,175.0,177.54,174.76,-0.923527528066188
2024-05-22 16:00:00+00:00,180.445,181.03,178.22,180.19,179.521731,8.419999999999987,4.3841987363573995,-6898376,184.36542603266344,166.93907396733658,180.47,186.63,180.08,174.08,174.07,-0.923527528066188
2024-05-23 12:00:00+00:00,181.88,181.88,175.16,176.97,177.075591,-0.960000000000008,4.695638904843079,-7120366,184.4565069252353,167.3469930747647,180.19,180.47,186.63,175.0,174.75,0.985967197484570
2024-05-23 16:00:00+00:00,177.24,177.89,173.31,173.79,174.62396,-3.8499999999999943,4.680220384197333,-7423739,184.13960327901327,168.13739672098671,176.97,180.19,180.47,180.08,174.86,0.985967197484570
2024-05-24 12:00:00+00:00,174.835,179.47,173.935,178.0,177.475432,3.240000000000009,4.813524332971023,-7201339,183.78891947487247,169.43908052512748,173.79,176.97,180.19,186.63,178.99,0.999313025618903
2024-05-24 16:00:00+00:00,178.19,180.06,177.93,179.25,179.275739,5.180000000000007,4.455721088574887,-7038235,183.97092395698834,169.89807604301168,178.0,173.79,176.97,180.47,177.54,0.999313025618903
2024-05-28 12:00:00+00:00,176.32,177.23,173.33,176.8,174.809473,2.0500000000000114,4.6509582767649,-7249631,183.80953794347005,170.54746205652998,179.25,178.0,173.79,180.19,174.08,0.000010030533304
2024-05-28 16:00:00+00:00,176.935,178.15,174.84,176.74,176.340371,1.8799999999999955,4.4721638398629135,-7426471,183.55830054009746,171.29569945990252,176.8,179.25,178.0,176.97,175.0,0.000010030533304
2024-05-29 12:00:00+00:00,174.15,178.04,174.0,175.88,175.557307,-3.1100000000000136,4.414541994547857,-7575189,183.48884732084005,171.16015267915995,176.74,176.8,179.25,173.79,180.08,-0.000783515504736
2024-05-29 16:00:00+00:00,175.76,178.0,175.49,176.26,176.923479,-1.2800000000000011,4.160603061941475,-7318385,183.43585078184773,171.0751492181523,175.88,176.74,176.8,178.0,186.63,-0.000783515504736
2024-05-30 12:00:00+00:00,178.46,182.615,175.47,176.63,178.775067,2.549999999999983,4.558522653682613,-6889795,183.42610769132386,171.27189230867612,176.26,175.88,176.74,179.25,180.47,0.000074870466051
2024-05-30 16:00:00+00:00,177.23,180.23,176.43,178.765,178.801797,3.7649999999999864,4.457386299858262,-6660062,183.48779756322193,171.6797024367781,176.63,176.26,175.88,176.8,180.19,0.000074870466051
2024-05-31 12:00:00+00:00,180.5,180.5,174.89,174.92,176.734996,-5.160000000000025,4.611068126543829,-6839556,183.4795856271476,171.70491437285236,178.765,176.63,176.26,176.74,176.97,0.999136120721232
2024-05-31 16:00:00+00:00,174.74,178.24,173.865,178.12,175.912078,-8.509999999999991,4.5795923763379855,-6717090,183.50293372086534,172.00756627913464,174.92,178.765,176.63,175.88,173.79,0.999136120721232
2024-05-31 20:00:00+00:00,177.75,177.75,177.75,177.75,177.75,-2.719999999999999,4.018313392826255,-6717290,183.41152934622096,171.97497065377905,178.12,174.92,178.765,176.26,178.0,0.999136120721232
2024-06-03 12:00:00+00:00,178.03,182.575,177.35,178.45,180.902477,-1.740000000000009,4.17920494044942,-6515934,183.46636902836147,172.01113097163855,177.75,178.12,174.92,176.63,179.25,0.596820369362831
2024-06-03 16:00:00+00:00,178.0,178.0,174.505,176.24,176.042659,-0.7299999999999898,4.147977615056163,-6689124,183.36138533626126,172.3321146637387,178.45,177.75,178.12,178.765,176.8,0.596820369362831
2024-06-04 12:00:00+00:00,174.73,177.05,174.02,175.085,175.374555,1.295000000000016,3.9989139330486756,-6861523,183.35652124759602,172.34547875240403,176.24,178.45,177.75,174.92,176.74,-0.000783515504736
2024-06-04 16:00:00+00:00,175.125,177.755,174.74,174.78,176.060933,-3.219999999999999,3.867725408642184,-7080729,183.14968355804407,172.0223164419559,175.085,176.24,178.45,178.12,175.88,-0.000783515504736
2024-06-05 12:00:00+00:00,175.35,175.96,172.195,175.74,174.191639,-3.509999999999991,3.8540286874898952,-6871315,180.6752136285152,173.40778637148483,174.78,175.085,176.24,177.75,176.26,-0.996731251187157
2024-06-05 16:00:00+00:00,175.745,176.13,174.525,174.96,175.112165,-1.8400000000000034,3.5541581958245745,-7052043,180.13078450038932,173.40121549961066,175.74,174.78,175.085,178.45,176.63,-0.996731251187157
2024-06-06 12:00:00+00:00,174.44,176.835,172.76,175.29,174.278337,-1.450000000000017,3.6236037697146335,-6922799,179.53090400220415,173.51109599779588,174.96,175.74,174.78,176.24,178.765,-0.923527528066188
2024-06-06 16:00:00+00:00,175.42,179.63,175.03,177.99,177.929786,2.1100000000000136,3.7537899337526817,-6546796,179.64778214226794,173.49621785773206,175.29,174.96,175.74,175.085,174.92,-0.923527528066188
2024-06-07 12:00:00+00:00,176.26,179.32,176.26,178.66,178.134642,2.4000000000000057,3.661284609252325,-6439966,179.73084759096835,173.90015240903162,177.99,175.29,174.96,174.78,178.12,-0.000783515504736
2024-06-07 16:00:00+00:00,178.615,178.765,175.585,177.47,176.932716,0.8400000000000034,3.5971133280186787,-6639983,179.66842720863883,173.9095727913612,178.66,177.99,175.29,175.74,177.75,-0.000783515504736
2024-06-10 12:00:00+00:00,176.02,178.515,175.31,175.705,176.508181,-3.059999999999974,3.5448315509495196,-6848926,179.28216939291607,173.94133060708393,177.47,178.66,177.99,174.96,178.45,-0.997999417886604
2024-06-10 16:00:00+00:00,176.0,176.0,173.18,173.89,174.490425,-1.0300000000000011,3.4481873441562496,-7032859,179.39782021826025,173.53467978173975,175.705,177.47,178.66,175.29,176.24,-0.997999417886604
2024-06-11 12:00:00+00:00,173.88,174.47,167.73,168.83,169.481239,-9.289999999999992,3.887095698268751,-7275809,180.56474514526306,171.57675485473695,173.89,175.705,177.47,177.99,175.085,-0.996054427727358
2024-06-11 16:00:00+00:00,168.66,170.72,167.46,170.58,169.225669,-7.1699999999999875,3.8034829384995827,-7058974,180.92821679343672,170.68328320656332,168.83,173.89,175.705,178.66,174.78,-0.996054427727358
2024-06-12 12:00:00+00:00,171.185,179.66,169.94,179.565,175.323533,1.115000000000009,4.592351880032972,-6520465,181.36139848125367,170.58060151874633,170.58,168.83,173.89,177.47,175.74,-0.986331288237125
2024-06-12 16:00:00+00:00,179.54,180.51,176.96,177.31,178.960252,1.0699999999999932,4.453371629361906,-7054954,181.42141559446512,170.58858440553493,179.565,170.58,168.83,175.705,174.96,-0.986331288237125
2024-06-13 12:00:00+00:00,190.35,191.01,181.95,184.78,186.74753,9.694999999999993,5.686255412113651,-6339229,182.90602772520637,169.7054722747936,177.31,179.565,170.58,173.89,175.29,-0.000023556942324
2024-06-13 16:00:00+00:00,184.75,185.535,181.325,182.4,183.508897,7.6200000000000045,5.489421357165165,-6613754,183.77829653376003,169.58120346624,184.78,177.31,179.565,168.83,177.99,-0.000023556942324
2024-06-13 20:00:00+00:00,183.12,186.15,183.1,183.51,184.532917,7.769999999999982,5.257498509543144,-6611215,184.66082521947604,169.23767478052392,182.4,184.78,177.31,170.58,178.66,-0.000023556942324
2024-06-14 12:00:00+00:00,185.8,185.97,176.93,177.93,180.684023,2.969999999999999,5.761832041604057,-6923950,184.6741790293969,169.2423209706031,183.51,182.4,184.78,179.565,177.47,0.995431177172577
2024-06-14 16:00:00+00:00,177.85,179.665,177.57,178.01,178.453812,2.719999999999999,5.272921102723516,-6656024,184.6367639095323,169.2357360904677,177.93,183.51,182.4,177.31,175.705,0.995431177172577
2024-06-17 12:00:00+00:00,177.37,186.58,177.305,185.83,183.536117,7.840000000000003,5.806531622360382,-6154231,186.0690817433442,168.7624182566558,178.01,177.93,183.51,184.78,173.89,-0.996780767221935
2024-06-17 16:00:00+00:00,185.865,188.81,184.61,187.43,187.505008,8.77000000000001,5.592327406045663,-5663815,187.68934310194425,168.37665689805578,185.83,178.01,177.93,182.4,168.83,-0.996780767221935
2024-06-18 12:00:00+00:00,186.505,186.95,182.4,183.82,183.840898,6.349999999999994,5.517350418572908,-6076968,188.34437811625574,168.6256218837443,187.43,185.83,178.01,183.51,170.58,0.999008076440077
2024-06-18 16:00:00+00:00,183.77,185.34,183.675,184.885,184.598204,9.179999999999978,5.00370369609652,-5668102,189.10905122272757,168.77544877727243,183.82,187.43,185.83,177.93,179.565,0.999008076440077
2024-06-20 12:00:00+00:00,184.7,185.15,180.81,182.55,182.513705,8.660000000000025,4.915209869950318,-5852202,189.42912525131385,169.21437474868617,184.885,183.82,187.43,178.01,177.31,-0.977832476841286
2024-06-20 16:00:00+00:00,182.605,183.07,179.7,181.49,181.239694,12.659999999999997,4.709181887290276,-6102768,189.59779460140447,169.6657053985955,182.55,184.885,183.82,185.83,184.78,-0.977832476841286
2024-06-21 12:00:00+00:00,182.13,183.95,180.73,182.58,182.337215,12.0,4.510624302318239,-5932991,189.87937193489594,169.84312806510403,181.49,182.55,184.885,187.43,182.4,-0.997864259290509
2024-06-21 16:00:00+00:00,182.585,183.58,181.095,183.03,182.205738,3.4650000000000034,4.240541062009142,-5682538,190.17786106605791,169.98163893394212,182.58,181.49,182.55,183.82,183.51,-0.997864259290509
2024-06-24 12:00:00+00:00,184.91,188.33,182.665,184.81,185.653205,7.5,4.430468920407926,-5389660,190.67814609485458,170.21535390514543,183.03,182.58,181.49,184.885,177.93,0.354490935802460
2024-06-24 16:00:00+00:00,184.8,185.375,182.56,182.68,183.757899,-2.0999999999999943,4.215073064353536,-5617501,190.81976156867276,170.77123843132725,184.81,183.03,182.58,182.55,178.01,0.354490935802460
2024-06-25 12:00:00+00:00,184.19,187.955,182.19,187.255,185.601252,4.85499999999999,4.4217299891063995,-5422963,191.3303944329155,171.5971055670845,182.68,184.81,183.03,181.49,185.83,0.999221115838736
2024-06-25 16:00:00+00:00,187.25,187.71,184.78,187.39,186.665434,3.8799999999999955,4.222832657225547,-5189698,190.60855964770536,174.17494035229464,187.255,182.68,184.81,182.58,187.43,0.999221115838736
2024-06-26 12:00:00+00:00,186.48,195.5,186.45,195.47,192.531172,17.539999999999992,4.866454969595476,-4860993,191.86007154394227,175.4124284560577,187.39,187.255,182.68,183.03,183.82,-0.057436525821686
2024-06-26 16:00:00+00:00,195.43,197.73,193.175,196.325,195.830848,18.314999999999998,4.824927640316076,-4578378,194.2251777694764,174.72332223052356,195.47,187.39,187.255,184.81,184.885,-0.057436525821686
2024-06-27 12:00:00+00:00,195.14,198.63,194.18,195.25,195.794238,9.419999999999987,4.774937288273931,-4997296,195.63442837028433,175.10807162971562,196.325,195.47,187.39,182.68,182.55,0.993683956534369
2024-06-27 16:00:00+00:00,195.12,197.93,195.09,197.41,196.581031,9.97999999999999,4.516945649837408,-4740077,197.5825602314808,174.42293976851923,195.25,196.325,195.47,187.255,181.49,0.993683956534369
2024-06-28 12:00:00+00:00,199.53,203.115,198.605,199.58,201.225255,15.76000000000002,4.675352896525755,-4483317,199.78697066378842,173.93652933621158,197.41,195.25,196.325,187.39,182.58,-0.000783515504736
2024-06-28 16:00:00+00:00,199.65,199.83,195.28,197.99,196.864758,13.105000000000018,4.65863917698899,-4836471,201.31747671885438,173.85402328114566,199.58,197.41,195.25,195.47,183.03,-0.000783515504736
2024-07-01 12:00:00+00:00,201.0,211.465,200.93,210.805,207.941852,28.254999999999995,5.834153953390457,-4268307,205.6933250654744,172.7656749345256,197.99,199.58,197.41,196.325,184.81,-0.923527528066188
2024-07-01 16:00:00+00:00,210.84,213.17,208.99,209.97,210.752865,28.47999999999999,5.613600092938394,-4778457,208.8376864450795,172.81731355492053,210.805,197.99,199.58,195.25,182.68,-0.923527528066188
2024-07-01 20:00:00+00:00,209.56,209.71,209.5,209.5,209.59,26.919999999999987,4.927786747213275,-4778847,211.67350067078488,172.34849932921512,209.97,210.805,197.99,197.41,187.255,-0.998023475229274
2024-07-02 12:00:00+00:00,212.43,231.09,212.43,227.69,226.080994,44.66,7.149415180918172,-3740308,219.1861197332557,168.8618802667443,209.5,209.97,210.805,199.58,187.39,0.997499845427228
2024-07-02 16:00:00+00:00,227.75,231.2,225.87,231.14,228.61091,46.329999999999984,6.906826490129081,-3303283,226.0153625338179,166.76463746618208,227.69,209.5,209.97,197.99,195.47,0.997499845427228
2024-07-02 20:00:00+00:00,231.07,231.4,230.02,230.02,230.593333,47.34,6.169916291445203,-3303883,231.30333139112008,165.9901686088799,231.14,227.69,209.5,210.805,196.325,0.997499845427228
2024-07-03 12:00:00+00:00,233.53,248.29,233.53,244.87,241.67511,57.61500000000001,7.783260785919174,-2478907,239.45664961459033,164.0688503854097,230.02,231.14,227.69,209.97,195.25,0.999361825146480
2024-07-03 16:00:00+00:00,244.94,246.685,242.7,246.6,244.942251,59.21000000000001,7.2768260144632855,-2237782,246.40569232057575,163.63080767942424,244.87,230.02,231.14,209.5,197.41,0.999361825146480
2024-07-05 12:00:00+00:00,252.88,252.88,242.5,247.635,247.346701,52.16499999999999,7.69058254586818,-1808011,252.37011439613224,164.1718856038678,246.6,244.87,230.02,227.69,199.58,-0.990698131732643
2024-07-05 16:00:00+00:00,247.53,251.83,244.01,251.69,248.945499,55.36500000000001,7.707838206419092,-1414274,258.156846901562,165.251153098438,247.635,246.6,244.87,231.14,197.99,-0.990698131732643
2024-07-05 20:00:00+00:00,251.8,252.31,251.68,251.71,251.948571,56.46000000000001,6.764126445563213,-1413534,262.9596195897156,167.13838041028436,251.69,247.635,246.6,230.02,210.805,-0.990698131732643
2024-07-08 12:00:00+00:00,248.89,259.39,244.64,259.24,251.896644,61.83000000000001,7.828909586154785,-945285,268.113916231591,169.64008376840897,251.71,251.69,247.635,244.87,209.97,-0.000783515504736
2024-07-08 16:00:00+00:00,259.24,259.24,248.89,252.88,253.025082,53.29999999999998,8.165054974667484,-1457847,271.2686995552931,173.0478004447069,259.24,251.71,251.69,246.6,209.5,-0.000783515504736
2024-07-09 12:00:00+00:00,251.23,261.71,250.375,261.28,256.841276,63.289999999999964,8.587714311378484,-833931,275.0674583785539,176.63804162144612,252.88,259.24,251.71,247.635,227.69,0.998540683765896
2024-07-09 16:00:00+00:00,261.34,265.6,260.15,262.33,262.90057,51.52499999999998,8.169352403194692,-272364,278.8023731013854,179.5891268986146,261.28,252.88,259.24,251.69,231.14,0.998540683765896
2024-07-09 20:00:00+00:00,263.0,263.04,263.0,263.04,263.00453,53.07000000000002,7.174772082768738,-271264,281.8025729802805,183.2604270197195,262.33,261.28,252.88,251.71,230.02,-0.997162816522177
2024-07-10 12:00:00+00:00,262.765,265.62,257.95,263.32,262.092596,53.81999999999999,7.240802471732908,-16796,283.7452141696089,188.12478583039106,263.04,262.33,261.28,259.24,244.87,-0.000783515504736
2024-07-10 16:00:00+00:00,263.41,267.58,262.86,263.37,265.127674,35.68000000000001,6.904695475501851,320004,284.90597086204144,193.56002913795857,263.32,263.04,262.33,252.88,246.6,-0.000783515504736
2024-07-10 20:00:00+00:00,262.92,262.92,262.23,262.68,262.6125,31.54000000000002,6.136069412101603,319204,285.15275964348274,199.62324035651727,263.37,263.32,263.04,261.28,247.635,-0.367816150188446
2024-07-11 12:00:00+00:00,265.99,270.8,242.54,246.66,258.225973,16.639999999999986,9.085926823821392,-515271,282.14102023435873,207.50197976564115,262.68,263.37,263.32,262.33,251.69,0.998797949054278
2024-07-11 16:00:00+00:00,246.87,250.89,239.71,240.72,244.922257,-4.150000000000006,9.365136580645204,-1055665,280.1294277306804,212.5050722693196,246.66,262.68,263.37,263.04,251.71,0.998797949054278
2024-07-11 20:00:00+00:00,241.19,241.19,238.98,239.15,239.567931,-7.449999999999989,8.411118369892511,-1058770,277.22084290450715,218.3316570954928,240.72,246.66,262.68,263.32,259.24,0.999440486019012
2024-07-12 12:00:00+00:00,235.85,251.81,233.1,249.24,244.349629,1.6050000000000182,9.784302587240179,-610173,273.05219977963685,226.47430022036318,239.15,240.72,246.66,263.37,252.88,0.999354300845880
2024-07-12 16:00:00+00:00,249.315,251.23,247.74,248.32,249.610092,-3.3700000000000045,8.945062242274819,-888218,271.66959950456976,229.9199004954303,249.24,239.15,240.72,262.68,261.28,0.999354300845880
2024-07-12 20:00:00+00:00,248.54,248.75,248.54,248.75,248.619404,-2.960000000000008,7.809720609971511,-887714,270.4381645628033,232.91233543719673,248.32,249.24,239.15,246.66,262.33,0.934608265757561
2024-07-15 12:00:00+00:00,256.38,265.23,252.9,259.65,260.58322,0.40999999999996817,8.965757861975312,-474314,269.20255951186437,237.11094048813555,248.75,248.32,249.24,240.72,263.04,-0.923527528066188
2024-07-15 16:00:00+00:00,259.95,261.82,251.78,252.76,256.88218,-0.12000000000000455,9.10899014704527,-794707,269.1200960427085,237.9824039572915,259.65,248.75,248.32,239.15,263.32,-0.923527528066188
2024-07-16 12:00:00+00:00,255.29,258.59,245.925,253.63,252.258027,-7.649999999999977,9.583124794105895,-536814,269.1243611861247,238.68113881387535,252.76,259.65,248.75,249.24,263.37,-0.000238634733250
2024-07-16 16:00:00+00:00,253.75,257.41,250.03,256.565,254.92523,-5.764999999999986,9.289374821558447,-278300,269.31854146959034,239.37995853040965,253.63,252.76,259.65,248.32,262.68,-0.000238634733250
2024-07-16 20:00:00+00:00,256.86,256.86,256.56,256.56,256.71,-6.480000000000018,8.090791512017322,-278500,269.53832476299533,239.6471752370046,256.565,253.63,252.76,248.75,246.66,-0.555796073284000
2024-07-17 12:00:00+00:00,251.0,258.22,246.73,248.27,252.864521,-15.049999999999983,8.544019310415017,-601938,269.5836112334797,239.2578887665204,256.56,256.565,253.63,259.65,240.72,0.998441970645217
2024-07-17 16:00:00+00:00,248.25,250.78,246.3,248.45,248.407446,-14.920000000000016,8.002150069026348,-394697,269.08988462318547,238.67261537681452,248.27,256.56,256.565,252.76,239.15,0.998441970645217
2024-07-18 12:00:00+00:00,251.1,255.58,247.44,253.72,252.331792,-8.960000000000008,8.020530059822837,-112204,269.12488020158577,238.72161979841417,248.45,248.27,256.56,253.63,249.24,-0.005816366872750
2024-07-18 16:00:00+00:00,253.8,257.06,247.545,249.085,251.479295,2.4250000000000114,8.219792718513128,-368090,268.2486327587877,238.37836724121223,253.72,248.45,248.27,256.565,248.32,-0.005816366872750
2024-07-19 12:00:00+00:00,247.78,248.99,238.9,240.97,243.282836,0.25,8.481820356044711,-713175,267.51692943009647,236.97407056990352,249.085,253.72,248.45,256.56,248.75,0.999254573136568
2024-07-19 16:00:00+00:00,240.96,241.14,236.91,239.24,239.656451,0.09000000000000341,7.914910975238748,-1010455,266.49351490499515,235.61748509500484,240.97,249.085,253.72,248.27,259.65,0.999254573136568
2024-07-19 20:00:00+00:00,239.27,239.27,239.27,239.27,239.27,-9.969999999999999,6.863589511873583,-1010154,265.01276926628066,234.6932307337194,239.24,240.97,249.085,248.45,252.76,0.997110751137370
2024-07-22 12:00:00+00:00,244.28,251.555,243.94,248.045,248.173087,-0.2750000000000057,7.586444243623772,-603597,262.8551743163205,235.31832568367957,239.27,239.24,240.97,253.72,253.63,0.995119157014415
2024-07-22 16:00:00+00:00,247.965,253.17,247.03,251.45,251.258484,2.6999999999999886,7.393585011140601,-367204,260.79380650354057,236.25669349645946,248.045,239.27,239.24,249.085,256.565,0.995119157014415
2024-07-23 12:00:00+00:00,253.4,255.75,245.65,249.02,250.464914,-10.629999999999967,7.75444034298852,-641377,260.88162935377403,236.40487064622604,251.45,248.045,239.27,240.97,256.56,0.000311488613079
2024-07-23 16:00:00+00:00,248.89,249.4,246.04,246.48,247.590473,-6.280000000000001,7.1685149639233865,-968245,260.6443829238205,237.21811707617948,249.02,251.45,248.045,239.24,248.27,0.000311488613079
2024-07-23 20:00:00+00:00,240.8,243.73,233.68,238.54,239.475622,-15.090000000000003,7.919379635400266,-986805,260.72378428622255,237.07771571377748,246.48,249.02,251.45,239.27,248.45,0.000311488613079
2024-07-24 12:00:00+00:00,225.16,225.91,214.715,220.56,219.44308,-36.004999999999995,10.040129017346896,-1992641,264.7929125339907,230.14058746600926,238.54,246.48,249.02,248.045,253.72,-0.992167563643306
2024-07-24 16:00:00+00:00,220.505,222.53,215.69,215.72,218.686459,-40.84,9.61344514836731,-2406473,268.2205818705023,223.45291812949768,220.56,238.54,246.48,251.45,249.085,-0.992167563643306
2024-07-24 20:00:00+00:00,216.08,216.17,215.29,215.29,215.783333,-32.98000000000002,8.448985795251668,-2407529,270.3153686224745,218.01213137752546,215.72,220.56,238.54,249.02,240.97,-0.992167563643306
2024-07-25 12:00:00+00:00,216.795,224.96,216.28,222.935,220.838479,-25.514999999999986,8.611787689218115,-1878807,269.0507296115343,215.60527038846578,215.29,215.72,220.56,246.48,239.24,0.000268518473604
2024-07-25 16:00:00+00:00,223.01,225.97,220.27,220.29,223.606264,-33.43000000000001,8.223549330655699,-2240856,268.67488695320895,212.73411304679104,222.935,215.29,215.72,238.54,239.27,0.000268518473604
2024-07-25 20:00:00+00:00,220.34,220.34,218.62,219.1,219.1075,-29.985000000000014,7.356409419901605,-2243525,267.83772214179714,210.11827785820284,220.29,222.935,215.29,220.56,248.045,0.000268518473604
2024-07-26 12:00:00+00:00,224.68,224.68,215.44,218.75,217.927608,-22.22,7.6075548305813925,-2518899,266.050266794502,208.1242332054981,219.1,220.29,222.935,215.72,251.45,0.999256622249959
2024-07-26 16:00:00+00:00,219.005,222.14,218.91,219.79,220.242019,-19.450000000000017,7.0452141865038715,-2259054,263.6702868440109,206.82721315598917,218.75,219.1,220.29,215.29,249.02,0.999256622249959
2024-07-26 20:00:00+00:00,219.95,219.97,219.95,219.97,219.96,-19.30000000000001,6.129852294970023,-2258854,262.34345506496464,205.32404493503526,219.79,218.75,219.1,222.935,246.48,-0.998106690472923
2024-07-29 12:00:00+00:00,224.05,234.2,223.18,229.96,230.202756,-18.08499999999998,7.209871988974019,-1907292,260.61101799880663,205.20748200119337,219.97,219.79,218.75,220.29,238.54,0.999393363308627
2024-07-29 16:00:00+00:00,230.03,233.9,229.35,231.985,231.7517,-19.464999999999975,6.855222390444151,-1683480,257.7342497224864,205.91075027751367,229.96,219.97,219.79,219.1,220.56,0.999393363308627
2024-07-30 12:00:00+00:00,234.5,234.5,223.13,223.13,228.781197,-25.890000000000015,7.457192738384932,-1905972,255.37428340124796,205.67521659875212,231.985,229.96,219.97,218.75,215.72,-0.988767877890496
2024-07-30 16:00:00+00:00,223.155,224.225,220.12,222.58,222.163687,-23.899999999999977,7.010233706600273,-2285183,254.18692020891274,205.0235797910873,223.13,231.985,229.96,219.79,215.29,-0.988767877890496
2024-07-30 20:00:00+00:00,221.73,221.73,221.73,221.73,221.73,-16.810000000000002,6.188869212386906,-2285283,253.11304485845784,204.3464551415422,222.58,223.13,231.985,219.97,222.935,-0.988767877890496
2024-07-31 12:00:00+00:00,225.08,234.49,225.08,231.12,231.597448,10.560000000000002,7.0650199840686545,-2062564,252.2316596153481,204.4128403846519,221.73,222.58,223.13,229.96,220.29,-0.923527528066188
2024-07-31 16:00:00+00:00,231.26,233.41,229.49,232.0,231.743929,16.28,6.645683986192832,-1881001,249.65380957522686,205.3861904247731,231.12,221.73,222.58,231.985,219.1,-0.923527528066188
2024-08-01 12:00:00+00:00,227.4,231.845,222.36,222.92,226.059839,7.6299999999999955,7.044926121367119,-2230670,245.20463373476866,206.98236626523135,232.0,231.12,221.73,223.13,218.75,-0.993818945484236
2024-08-01 16:00:00+00:00,222.63,223.98,214.4,216.94,218.105335,-5.9950000000000045,7.382935971851501,-2908665,240.65687549891663,208.32212450108335,222.92,232.0,231.12,222.58,219.79,-0.993818945484236
2024-08-02 12:00:00+00:00,211.2,216.08,207.24,209.9,212.14492,-10.389999999999986,7.691877842271301,-3459594,236.45554674633325,208.86545325366677,216.94,222.92,232.0,221.73,219.97,0.000010383104382
2024-08-02 16:00:00+00:00,210.035,210.47,205.8,207.68,207.113661,-11.419999999999987,7.288960796635125,-4009166,234.32499886664718,207.91000113335284,209.9,216.94,222.92,231.12,229.96,0.000010383104382
2024-08-02 20:00:00+00:00,207.51,207.51,207.51,207.51,207.51,-11.240000000000009,6.339766023750444,-4009266,235.0101655921123,205.91983440788766,207.68,209.9,216.94,232.0,231.985,-0.923527528066188
2024-08-05 12:00:00+00:00,190.2,203.85,182.01,200.58,194.785998,-19.20999999999998,8.894463887250385,-4824828,236.66836227259805,202.74763772740195,207.51,207.68,209.9,222.92,223.13,0.997061540925642
2024-08-05 16:00:00+00:00,200.42,202.885,196.07,198.96,198.899345,-21.00999999999999,8.617202035617,-5074285,238.1623304520722,199.6206695479278,200.58,207.51,207.68,216.94,222.58,0.997061540925642
2024-08-06 12:00:00+00:00,200.55,201.99,192.775,199.39,196.502172,-30.57000000000002,8.696908430868067,-4654987,238.741668510299,196.68683148970098,198.96,200.58,207.51,209.9,221.73,0.999441699372255
2024-08-06 16:00:00+00:00,199.48,202.885,199.11,200.37,201.059891,-31.61500000000001,8.040653973418989,-4242925,239.07691375695896,194.359586243041,199.39,198.96,200.58,207.68,231.12,0.999441699372255
2024-08-07 12:00:00+00:00,200.77,203.45,196.9,197.63,199.156286,-25.5,7.841900110296455,-4507864,239.5313781629862,191.7581218370138,200.37,199.39,198.96,207.51,232.0,0.999428226496093
2024-08-07 16:00:00+00:00,197.445,198.55,191.495,191.82,194.18727,-30.76000000000002,7.736980095590263,-4873890,240.38283776137723,188.21366223862276,197.63,200.37,199.39,200.58,222.92,-0.000783515504736
2024-08-07 20:00:00+00:00,191.43,191.5,191.43,191.5,191.487676,-30.22999999999999,6.757382749511559,-4875026,240.72356187071492,185.04393812928512,191.82,197.63,200.37,198.96,216.94,-0.000783515504736
2024-08-08 12:00:00+00:00,193.96,199.425,192.13,198.04,196.171339,-33.08000000000001,6.913065049576686,-4662589,240.17400589531093,183.40049410468907,191.5,191.82,197.63,199.39,209.9,0.999193287178059
2024-08-08 16:00:00+00:00,197.86,200.68,196.56,198.97,198.793653,-33.03,6.540656376299796,-4466178,237.8195961415435,182.6559038584565,198.04,191.5,191.82,200.37,207.68,0.999193287178059
2024-08-09 12:00:00+00:00,198.01,199.915,195.16,196.6,197.482424,-26.319999999999993,6.302568859459823,-4703335,234.68236557564344,182.25463442435657,198.97,198.04,191.5,197.63,207.51,0.996305355103686
2024-08-09 16:00:00+00:00,196.715,200.86,196.41,199.99,199.525903,-16.94999999999999,6.055559678198516,-4508308,232.8342224046384,181.78877759536152,196.6,198.97,198.04,191.82,200.58,0.996305355103686
2024-08-12 12:00:00+00:00,198.94,199.21,194.73,196.82,196.697682,-13.080000000000013,5.949485054438717,-4849287,230.89352023144878,181.15347976855125,199.99,196.6,198.97,191.5,198.96,-0.000783515504736
2024-08-12 16:00:00+00:00,196.885,198.8,196.22,197.55,197.623596,-10.129999999999995,5.500220380513557,-4500352,228.80499151548986,180.82400848451016,196.82,199.99,196.6,198.04,199.39,-0.000783515504736
2024-08-13 12:00:00+00:00,198.61,206.53,197.1,204.88,203.281517,-2.6299999999999955,6.024190996445084,-4124932,224.06014974783855,182.94485025216144,197.55,196.82,199.99,198.97,200.37,-0.923527528066188
2024-08-13 16:00:00+00:00,204.86,208.44,204.52,207.9,207.025324,7.319999999999993,5.743632196919071,-3668297,218.09637121207953,186.4986287879205,204.88,197.55,196.82,196.6,197.63,-0.923527528066188
2024-08-13 20:00:00+00:00,207.11,207.11,207.11,207.11,207.11,8.150000000000006,5.083147903996528,-3668397,214.2472835627821,188.76671643721792,207.9,204.88,197.55,199.99,191.82,-0.985945770516992
2024-08-14 12:00:00+00:00,207.5,208.33,199.81,203.16,202.445842,3.7700000000000102,5.541394850130326,-3931134,211.34171677373484,190.29428322626518,207.11,207.9,204.88,196.82,191.5,-0.000017741622287
2024-08-14 16:00:00+00:00,203.04,203.04,198.8,201.37,200.482266,1.0,5.383875536779614,-4163864,210.0186529921256,190.76434700787442,203.16,207.11,207.9,197.55,198.04,-0.000017741622287
2024-08-15 12:00:00+00:00,205.29,215.74,205.04,213.88,212.674202,16.25,6.582025465209,-3635166,211.62838865992606,189.77461134007396,201.37,203.16,207.11,204.88,198.97,0.998226219380740
2024-08-15 16:00:00+00:00,213.85,215.83,212.86,214.205,214.162989,22.38500000000002,6.1004220698478,-3250725,213.1834432537649,188.8890567462351,213.88,201.37,203.16,207.9,196.6,0.998226219380740
2024-08-16 12:00:00+00:00,211.08,219.77,210.9,215.7,216.599194,24.19999999999999,6.4696991272014275,-2795996,215.58980602870867,187.99469397129133,214.205,213.88,201.37,207.11,199.99,-0.923527528066188
2024-08-16 16:00:00+00:00,215.83,218.04,215.03,216.19,216.475429,18.150000000000006,6.008405910241236,-2508269,217.79309952183522,187.5144004781648,215.7,214.205,213.88,203.16,196.82,-0.923527528066188
2024-08-19 12:00:00+00:00,217.09,222.31,214.14,219.97,219.075777,21.0,6.296618455542406,-2129159,220.5832213340398,186.7822786659602,216.19,215.7,214.205,201.37,197.55,0.005205968715018
2024-08-19 16:00:00+00:00,220.01,222.97,219.42,222.73,221.744389,26.129999999999995,5.930402661470087,-1819258,223.6270927632401,185.97440723675993,219.97,216.19,215.7,213.88,204.88,0.005205968715018
2024-08-20 12:00:00+00:00,224.74,228.15,219.575,223.17,222.986018,23.17999999999998,6.283015639940744,-1283405,226.27125194459487,185.88424805540515,222.73,219.97,216.19,214.205,207.9,0.000007841168554
2024-08-20 16:00:00+00:00,223.19,223.42,220.08,221.09,221.730722,24.27000000000001,5.890613554615308,-1607416,227.62628393461807,187.4562160653819,223.17,222.73,219.97,215.7,207.11,0.000007841168554
2024-08-21 12:00:00+00:00,222.0,224.59,218.88,221.15,221.568235,23.599999999999994,5.866531747333268,-1384564,228.4909209821812,189.55657901781876,221.09,223.17,222.73,216.19,203.16,0.999410291202366
2024-08-21 16:00:00+00:00,220.92,223.94,219.34,223.21,222.305015,18.330000000000013,5.697660847688832,-1123485,230.01222465111584,190.5522753488841,221.15,221.09,223.17,219.97,201.37,0.999410291202366
2024-08-22 12:00:00+00:00,223.99,224.7,215.54,216.05,219.628387,8.150000000000006,6.1593060679969875,-1375336,230.2742812672515,191.99821873274854,223.21,221.15,221.09,222.73,213.88,-0.993908211879898
2024-08-22 16:00:00+00:00,215.94,217.83,210.33,210.75,213.276924,3.6399999999999864,6.3380652589307225,-1789850,229.72399869563804,193.96350130436196,216.05,223.21,221.15,223.17,214.205,-0.993908211879898
2024-08-23 12:00:00+00:00,214.505,221.45,214.48,217.835,218.418926,14.675000000000011,6.919656557739958,-1336879,229.89195419110607,195.58004580889397,210.75,216.05,223.21,221.09,215.7,0.997618837966002
2024-08-23 16:00:00+00:00,217.335,220.84,215.79,220.25,219.081709,18.879999999999995,6.670369016707965,-992855,229.6270488416895,198.18795115831045,217.835,210.75,216.05,221.15,216.19,0.997618837966002
2024-08-23 20:00:00+00:00,220.42,220.42,220.42,220.42,220.42,6.539999999999992,5.803653147813568,-992755,228.98647559277313,201.1155244072269,220.25,217.835,210.75,223.21,219.97,-0.000783515504736
2024-08-26 12:00:00+00:00,218.725,218.95,211.515,212.36,214.173747,-1.8449999999999989,6.2171660614384265,-1372847,228.59140661511964,202.25859338488038,220.42,220.25,217.835,216.05,222.73,0.995895182684762
2024-08-26 16:00:00+00:00,212.2,214.27,211.01,213.24,212.783627,-2.4599999999999795,5.822877253246639,-1057944,228.42534263787832,202.9586573621217,212.36,220.42,220.25,210.75,223.17,0.995895182684762
2024-08-27 12:00:00+00:00,213.28,215.59,207.025,209.405,209.62572,-6.784999999999997,6.18849361948042,-1300909,228.25257249706084,203.3609275029392,213.24,212.36,220.42,217.835,221.09,0.998560416584951
2024-08-27 16:00:00+00:00,209.39,210.52,208.74,209.14,209.695265,-10.830000000000013,5.600694470216364,-1492861,227.51659538345797,204.69490461654203,209.405,213.24,212.36,220.25,221.15,0.998560416584951
2024-08-28 12:00:00+00:00,209.75,211.48,204.34,205.895,207.08433,-16.83499999999998,5.8059352075208475,-1743608,226.63865007586045,206.0253499241396,209.14,209.405,213.24,220.42,223.21,-0.027183749945834
2024-08-28 16:00:00+00:00,205.75,207.075,202.6,205.71,204.785249,-17.45999999999998,5.628477179851401,-2021705,227.23772537278796,204.60927462721207,205.895,209.14,209.405,212.36,216.05,-0.027183749945834
2024-08-29 12:00:00+00:00,209.82,214.79,209.09,210.97,211.804283,-10.120000000000005,6.088680222537879,-1720480,227.27024767263202,204.25325232736793,205.71,205.895,209.14,213.24,210.75,-0.000005579102435
2024-08-29 16:00:00+00:00,211.03,212.75,205.98,206.31,209.750728,-14.840000000000003,6.179522859532829,-2097115,227.55292203219233,203.03157796780772,210.97,205.71,205.895,209.405,217.835,-0.000005579102435
2024-08-30 12:00:00+00:00,208.79,210.82,207.15,210.24,209.264823,-12.969999999999999,5.956919811595117,-1880539,227.45089220699919,202.53860779300084,206.31,210.97,205.71,209.14,220.25,0.999405243477668
2024-08-30 16:00:00+00:00,209.6,214.565,208.49,214.2,211.04303,-1.8500000000000227,5.972663836715768,-1531377,226.94254109385773,202.4699589061423,210.24,206.31,210.97,205.895,220.42,0.999405243477668
2024-09-03 12:00:00+00:00,215.19,219.79,212.69,214.72,215.875868,3.969999999999999,6.122975325153664,-1105329,225.94609737892503,202.66540262107495,214.2,210.24,206.31,205.71,212.36,-0.000012789889297
2024-09-03 16:00:00+00:00,214.955,215.62,209.65,210.66,212.124966,-7.175000000000011,6.102578615133176,-1406045,224.639558216112,202.72094178388807,214.72,214.2,210.24,210.97,213.24,-0.000012789889297
2024-09-04 12:00:00+00:00,210.61,221.33,210.57,218.86,218.327536,-1.3899999999999864,6.723568133115422,-985447,224.2525532232245,202.88494677677548,210.66,214.72,214.2,206.31,209.405,0.999449549228302
2024-09-04 16:00:00+00:00,219.015,222.18,217.6,219.43,220.280547,-0.9899999999999807,6.437759048700035,-683852,223.9347790020623,203.03072099793766,218.86,210.66,214.72,210.24,209.14,0.999449549228302
2024-09-05 12:00:00+00:00,223.67,234.99,222.64,225.91,230.519154,13.549999999999983,7.654057842206697,-279515,224.65229836540084,202.5832016345991,219.43,218.86,210.66,214.2,205.895,0.000121238314023
2024-09-05 16:00:00+00:00,225.85,231.19,225.85,230.04,229.137231,16.799999999999983,7.345516796579139,147004,227.55479170002653,201.07970829997342,225.91,219.43,218.86,214.72,205.71,0.000121238314023
2024-09-06 12:00:00+00:00,234.14,234.14,215.64,216.77,222.582248,7.365000000000009,8.832781223701922,-404472,227.78785706551025,201.44864293448973,230.04,225.91,219.43,210.66,210.97,0.998280841769883
2024-09-06 16:00:00+00:00,216.83,217.46,210.585,210.62,214.184871,1.4800000000000182,8.571743727208332,-806783,227.4513488457768,201.06365115422324,216.77,230.04,225.91,218.86,206.31,0.998280841769883
2024-09-09 12:00:00+00:00,216.16,219.81,213.7,216.48,216.759463,10.58499999999998,8.654177896913888,-544061,227.00762133699146,201.13037866300857,210.62,216.77,230.04,219.43,210.24,-0.000046752713388
2024-09-09 16:00:00+00:00,216.57,218.78,215.4,216.41,217.011781,10.699999999999989,7.950954177325369,-737724,226.51368801745505,201.2233119825449,216.48,210.62,216.77,225.91,214.2,-0.000046752713388
2024-09-10 12:00:00+00:00,219.95,226.4,219.15,220.89,223.109166,9.919999999999987,8.222826953681988,-446159,227.29634851293045,201.29365148706952,216.41,216.48,210.62,230.04,214.72,0.000010947544069
2024-09-10 16:00:00+00:00,220.8,226.35,218.72,226.32,222.876834,20.00999999999999,8.143783359857723,-156068,229.00040809564865,200.89759190435137,220.89,216.41,216.48,216.77,210.66,0.000010947544069
2024-09-11 12:00:00+00:00,224.45,224.45,216.83,221.81,220.222397,11.569999999999993,8.323278911876692,-572153,229.68525818581628,201.45324181418374,226.32,220.89,216.41,210.62,218.86,0.998997056158260
2024-09-11 16:00:00+00:00,221.84,228.4,221.78,228.14,225.010724,13.939999999999998,8.096175056959801,-89759,231.3525802768468,201.68591972315315,221.81,226.32,220.89,216.48,219.43,0.998997056158260
2024-09-11 20:00:00+00:00,227.96,227.96,227.54,227.54,227.693333,12.819999999999993,7.09668504936516,-90159,232.32912141787745,202.87387858212253,228.14,221.81,226.32,216.41,225.91,0.998997056158260
2024-09-12 12:00:00+00:00,224.93,231.435,224.06,227.125,229.043946,16.465000000000003,7.133793709449805,-373902,232.86377915416705,204.48072084583293,227.54,228.14,221.81,220.89,230.04,-0.000783515504736
2024-09-12 16:00:00+00:00,227.23,230.78,227.23,229.8,229.467246,10.939999999999998,6.669954548189832,-190009,234.14807484434453,205.07942515565543,227.125,227.54,228.14,226.32,216.77,-0.000783515504736
2024-09-13 12:00:00+00:00,227.86,232.62,226.42,229.29,229.889565,9.859999999999985,6.607293941764524,-519571,234.47910499943012,207.0463950005699,229.8,227.125,227.54,221.81,210.62,0.002296008984558
2024-09-13 16:00:00+00:00,229.19,230.37,227.57,230.23,229.323049,4.319999999999993,6.099654749529256,-219650,235.15964113436723,208.36485886563275,229.29,229.8,227.125,228.14,216.48,0.002296008984558
2024-09-13 20:00:00+00:00,230.21,230.21,230.21,230.21,230.21,0.17000000000001592,5.289034116258686,-219751,235.9708290549599,209.1546709450401,230.23,229.29,229.8,227.54,216.41,0.137636164319701
2024-09-16 12:00:00+00:00,229.275,229.93,223.63,228.97,226.838425,12.199999999999989,5.461162900757531,-573092,236.44083331195566,210.10966668804429,230.21,230.23,229.29,227.125,220.89,0.997061540925642
2024-09-16 16:00:00+00:00,229.09,229.28,226.095,226.9,227.326873,16.28,5.1576745139898605,-867769,235.91173106113283,212.26276893886714,228.97,230.21,230.23,229.8,226.32,0.997061540925642
2024-09-17 12:00:00+00:00,229.49,234.51,229.49,232.0,232.324063,15.52000000000001,5.4846512454578775,-684036,236.80367883987583,212.68482116012422,226.9,228.97,230.21,229.29,221.81,-0.000783515504736
2024-09-17 16:00:00+00:00,232.275,232.61,226.6,227.575,228.776421,11.164999999999992,5.554697746063496,-881535,237.00362843407075,213.29937156592925,232.0,226.9,228.97,230.23,228.14,-0.000783515504736
2024-09-18 12:00:00+00:00,230.06,231.67,227.295,227.575,228.737431,6.685000000000002,5.39740471325503,-881535,237.1326129105718,213.3368870894282,227.575,232.0,226.9,230.21,227.54,0.000364776191418
2024-09-18 16:00:00+00:00,227.4,235.625,226.93,227.12,230.873241,0.8000000000000114,5.837084084821026,-1227363,236.80866866088277,213.36883133911718,227.575,227.575,232.0,228.97,227.125,0.000364776191418
2024-09-19 12:00:00+00:00,234.11,243.62,232.3,242.08,238.935632,20.27000000000001,7.2588062068448895,-609718,239.65177263222498,213.05672736777493,227.12,227.575,227.575,226.9,229.8,-0.979539135470986
2024-09-19 16:00:00+00:00,242.09,244.24,241.785,243.92,243.018099,15.780000000000001,6.6182987125989055,-102199,241.36059029196826,214.67790970803168,242.08,227.12,227.575,232.0,229.29,-0.979539135470986
2024-09-20 12:00:00+00:00,243.24,243.94,235.93,239.695,239.196957,12.155000000000001,6.803858884252383,-639197,242.33239421857556,216.02760578142446,243.92,242.08,227.12,227.575,230.23,-0.998134157503955
2024-09-20 16:00:00+00:00,239.82,240.7,237.48,238.33,238.976428,11.205000000000013,6.326011033018732,-1046070,242.57325069816173,217.9787493018383,239.695,243.92,242.08,227.575,230.21,-0.998134157503955
2024-09-23 12:00:00+00:00,242.6,250.0,241.98,249.63,247.26451,19.829999999999984,7.0385428952829,-697254,245.95517029575979,217.47082970424026,238.33,239.695,243.92,227.12,228.97,-0.932246303185821
2024-09-23 16:00:00+00:00,249.65,250.0,247.33,249.99,249.020725,20.700000000000017,6.456070509245178,-392752,249.05647690842338,216.73652309157663,249.63,238.33,239.695,242.08,226.9,-0.932246303185821
2024-09-24 12:00:00+00:00,254.5,257.07,249.3,251.94,253.198215,21.710000000000008,6.6312611080124855,262862,251.78291351188943,217.0230864881105,249.99,249.63,238.33,243.92,232.0,0.998730287479702
2024-09-24 16:00:00+00:00,252.19,254.54,251.23,254.27,252.771156,24.060000000000002,6.188426293610821,586178,254.93735969414138,216.48164030585866,251.94,249.99,249.63,239.695,227.575,0.998730287479702
2024-09-24 20:00:00+00:00,254.46,255.1,254.34,254.7,254.633333,25.72999999999999,5.473969454462709,586790,257.65436538335325,216.48063461664682,254.27,251.94,249.99,238.33,227.575,0.001165013018181
2024-09-25 12:00:00+00:00,252.625,256.39,252.32,256.24,254.787078,29.340000000000003,5.286773527201013,1016294,260.2366349756726,216.80986502432745,254.7,254.27,251.94,249.63,227.12,-0.923527528066188
2024-09-25 16:00:00+00:00,256.24,257.01,254.46,257.0,255.941852,25.0,4.921870390240876,1309403,262.67655863829765,217.08994136170236,256.24,254.7,254.27,249.99,242.08,-0.923527528066188
2024-09-26 12:00:00+00:00,262.0,262.0,251.59,255.51,256.798343,27.935000000000002,5.653621004875426,951378,264.43393843768524,217.9545615623148,257.0,256.24,254.7,251.94,243.92,0.999309438571800
2024-09-26 16:00:00+00:00,255.14,255.8,252.43,254.125,253.902836,26.55000000000001,5.349138204225369,693901,265.7120664228543,219.0659335771456,255.51,257.0,256.24,254.27,239.695,0.999309438571800
2024-09-26 20:00:00+00:00,254.03,254.4,254.03,254.4,254.215,27.28,4.685253110328654,694101,266.77068866151535,220.42631133848457,254.125,255.51,257.0,254.7,238.33,-0.000783515504736
2024-09-27 12:00:00+00:00,257.33,259.35,254.29,258.56,256.919256,16.47999999999999,4.7352193622848375,897819,268.09556363705553,222.06043636294456,254.4,254.125,255.51,256.24,249.63,0.999246192222927
2024-09-27 16:00:00+00:00,258.68,260.675,257.88,260.44,259.560779,16.52000000000001,4.476523447313529,1204004,269.0727715355318,224.43722846446812,258.56,254.4,254.125,257.0,249.99,0.999246192222927
2024-09-27 20:00:00+00:00,260.39,260.39,260.39,260.39,260.39,20.694999999999993,3.88632032100506,1203904,270.14959353304016,226.19940646695986,260.44,258.56,254.4,255.51,251.94,0.999246192222927
2024-09-30 12:00:00+00:00,259.055,264.74,256.93,259.71,260.296913,21.379999999999967,4.409477611537719,753013,270.0473375341971,229.5151624658029,260.39,260.44,258.56,254.125,254.27,-0.001783946405340
2024-09-30 16:00:00+00:00,260.38,261.85,255.92,261.68,259.150011,12.050000000000011,4.612213929999362,1128341,269.4993498284897,233.4736501715104,259.71,260.39,260.44,254.4,254.7,-0.001783946405340
2024-10-01 12:00:00+00:00,262.73,263.95,248.745,252.5,254.108891,2.509999999999991,6.024585405999445,858060,266.64447135354146,238.86652864645862,261.68,259.71,260.39,258.56,256.24,-0.923527528066188
2024-10-01 16:00:00+00:00,252.45,259.08,252.32,258.01,256.403135,6.069999999999993,6.122640685199517,1079773,266.6688591393114,240.43514086068856,252.5,261.68,259.71,260.44,257.0,-0.923527528066188
2024-10-02 12:00:00+00:00,253.12,253.12,241.55,249.69,245.822341,-4.5800000000000125,7.500955260506245,556162,266.30283859089934,241.3781614091007,258.01,252.5,261.68,260.39,255.51,0.999292938649887
2024-10-02 16:00:00+00:00,250.0,251.1,247.26,249.1,248.99848,-5.599999999999994,7.012827892438747,306163,265.12668769186064,243.49481230813925,249.69,258.01,252.5,259.71,254.125,0.999292938649887
2024-10-03 12:00:00+00:00,244.48,249.73,242.78,244.21,245.948435,-12.030000000000001,7.004450840113579,87291,263.78812713058926,245.42137286941067,249.1,249.69,258.01,261.68,254.4,0.996623118815478
2024-10-03 16:00:00+00:00,244.18,244.26,237.93,240.7,239.909599,-16.30000000000001,6.9145240614317665,-277325,265.06643296154937,243.25006703845065,244.21,249.1,249.69,252.5,258.56,0.996623118815478
2024-10-04 12:00:00+00:00,246.01,250.91,244.61,247.04,247.871862,-8.469999999999999,7.353920853240865,140320,265.2315503629775,242.78994963702252,240.7,244.21,249.1,258.01,260.44,-0.996615653333720
2024-10-04 16:00:00+00:00,247.16,250.275,246.14,250.035,249.128766,-4.090000000000003,6.924731406142086,392601,265.242155519591,242.58884448040902,247.04,240.7,244.21,249.69,260.39,-0.996615653333720
2024-10-07 12:00:00+00:00,249.05,249.575,242.6,245.03,245.438835,-9.370000000000005,6.992767218656475,213819,265.4530605619764,241.4539394380236,250.035,247.04,240.7,249.1,259.71,-0.923527528066188
2024-10-07 16:00:00+00:00,244.89,245.54,240.745,240.85,242.618961,-17.710000000000008,6.699731589502276,-60418,265.99296472647404,239.52903527352603,245.03,250.035,247.04,244.21,261.68,-0.923527528066188
2024-10-07 20:00:00+00:00,241.04,241.04,240.85,240.85,240.923333,-19.590000000000003,5.83176737756864,-60418,266.13050245854214,237.85249754145786,240.85,245.03,250.035,240.7,252.5,0.999252687004628
2024-10-08 12:00:00+00:00,243.715,246.2,240.65,245.37,243.809956,-15.019999999999982,5.7941983938928185,283140,265.63803348458447,237.18196651541552,240.85,240.85,245.03,247.04,258.01,-0.997176996199414
2024-10-08 16:00:00+00:00,245.49,245.67,244.08,244.47,244.913895,-15.23999999999998,5.23363860804044,-6582,265.27169940447885,236.44430059552116,245.37,240.85,240.85,250.035,249.69,-0.997176996199414
2024-10-09 12:00:00+00:00,243.46,247.395,239.52,244.795,244.106529,-16.88500000000002,5.585820126968382,417870,264.96305993515216,235.81994006484786,244.47,245.37,240.85,245.03,249.1,0.915505284909159
2024-10-09 16:00:00+00:00,244.665,245.425,241.02,241.02,242.805685,-11.47999999999999,5.4283774433725975,-3222,264.7409092295371,234.70409077046295,244.795,244.47,245.37,240.85,244.21,0.915505284909159
2024-10-10 12:00:00+00:00,242.07,242.48,232.4,240.94,237.176223,-17.069999999999993,6.048593784256249,-489284,263.7438672085154,233.93913279148464,241.02,244.795,244.47,240.85,240.7,0.970034314319491
2024-10-10 16:00:00+00:00,240.92,242.75,238.28,238.7,240.839951,-10.990000000000009,5.838114613022083,-823385,262.26094898318183,233.24805101681818,240.94,241.02,244.795,245.37,247.04,0.970034314319491
2024-10-11 12:00:00+00:00,220.05,223.275,214.52,220.185,219.206713,-28.914999999999992,8.283699331285803,-1775420,263.62794097505196,227.86055902494806,238.7,240.94,241.02,244.47,250.035,0.998859761748463
2024-10-11 16:00:00+00:00,220.2,220.78,217.28,217.76,219.137873,-26.450000000000017,7.645872753781029,-2448535,264.2648889927112,223.02861100728876,220.185,238.7,240.94,244.795,245.03,0.998859761748463
2024-10-14 12:00:00+00:00,220.135,221.875,213.755,219.39,217.81179,-21.310000000000002,7.7090897199435595,-1653992,263.0192398150545,220.04526018494542,217.76,220.185,238.7,241.02,240.85,-0.923527528066188
2024-10-14 16:00:00+00:00,219.545,220.32,218.365,219.16,219.329093,-27.879999999999995,6.941877757284416,-2156745,262.88779832359523,216.84270167640474,219.39,217.76,220.185,240.94,240.85,-0.923527528066188
2024-10-14 20:00:00+00:00,219.12,219.12,219.12,219.12,219.12,-30.914999999999992,6.0216273896464925,-2156993,261.0596489581724,214.7818510418276,219.16,219.39,217.76,238.7,245.37,-0.199380103149451
2024-10-15 12:00:00+00:00,219.44,224.26,217.2,219.4,220.64737,-25.629999999999995,6.160077071026961,-1753560,260.25586565941455,212.55663434058542,219.12,219.16,219.39,220.185,244.47,0.000020152700017
2024-10-15 16:00:00+00:00,219.57,221.25,218.775,219.575,219.947418,-21.275000000000006,5.668733461556698,-1432812,259.12392355197176,210.73607644802826,219.4,219.12,219.16,217.76,244.795,0.000020152700017
2024-10-16 12:00:00+00:00,220.9,222.79,219.02,220.04,220.631789,-20.810000000000002,5.415569000015803,-1221334,258.3739364333797,209.06906356662034,219.575,219.4,219.12,219.39,241.02,-0.923527528066188
2024-10-16 16:00:00+00:00,219.98,222.12,219.98,221.32,221.23108,-24.05000000000001,4.978826466680365,-1005675,257.7707921499817,207.73420785001824,220.04,219.575,219.4,219.16,240.94,-0.923527528066188
2024-10-17 12:00:00+00:00,221.44,221.52,217.94,219.79,219.649837,-24.680000000000007,4.792316271122985,-1405116,256.0982411139271,206.68175888607283,221.32,220.04,219.575,219.12,238.7,-0.000783515504736
2024-10-17 16:00:00+00:00,219.85,222.07,219.1,220.88,220.496034,-23.914999999999992,4.549340768306587,-1154771,253.4187969834783,206.44570301652166,219.79,221.32,220.04,219.4,220.185,-0.000783515504736
2024-10-18 12:00:00+00:00,220.67,222.27,219.24,220.73,220.963019,-20.29000000000002,4.3467619991990425,-1361484,251.41619420792557,206.01830579207444,220.88,219.79,221.32,219.575,217.76,0.000009360053809
2024-10-18 16:00:00+00:00,220.71,222.15,220.49,220.69,221.287065,-20.25,3.9885270659725034,-1538048,249.92499436358622,205.49350563641372,220.73,220.88,219.79,220.04,219.39,0.000009360053809
2024-10-21 12:00:00+00:00,218.86,220.46,215.74,218.95,218.486768,-19.75,4.116723457176168,-1902776,248.2542534718067,204.9742465281933,220.69,220.73,220.88,221.32,219.16,0.000074735857197
2024-10-21 16:00:00+00:00,218.99,219.0,216.96,218.9,218.095125,-1.2849999999999966,3.8398269962193448,-2123919,245.27534808918205,205.30615191081802,218.95,220.69,220.73,219.79,219.12,0.000074735857197
2024-10-22 12:00:00+00:00,217.31,217.775,215.61,215.9,216.693219,-1.8599999999999852,3.766516730056764,-2418590,242.08083550020447,205.6436644997955,218.9,218.95,220.69,220.88,219.4,0.000291827440378
2024-10-22 16:00:00+00:00,215.92,218.2,215.31,217.96,216.87178,-1.4299999999999784,3.6496478327158606,-2022715,237.99377573922087,207.04722426077913,215.9,218.9,218.95,220.73,219.575,0.000291827440378
2024-10-23 12:00:00+00:00,216.88,218.645,214.76,215.74,216.156152,-3.4199999999999875,3.6810281216870817,-2323556,234.3073761955049,208.20562380449502,217.96,215.9,218.9,220.69,220.04,0.999066368094645
2024-10-23 16:00:00+00:00,215.76,215.76,212.14,213.74,213.789866,-5.3799999999999955,3.6728910387954716,-2816015,229.533174519055,210.259825480945,215.74,217.96,215.9,218.95,221.32,0.999066368094645
2024-10-23 20:00:00+00:00,224.6,233.5,224.0,233.5,226.863263,14.099999999999994,5.8178389002894075,-2812445,227.19320082543663,212.0797991745634,213.74,215.74,217.96,218.9,219.79,0.999066368094645
2024-10-24 12:00:00+00:00,243.86,254.92,242.72,253.98,249.131859,34.405,7.898127046917485,-1156594,238.4531002264988,204.19939977350117,233.5,213.74,215.74,215.9,220.88,-0.855169042944908
2024-10-24 16:00:00+00:00,253.99,262.09,252.31,260.48,258.167389,40.440000000000026,8.149043440661817,-153799,247.83808282780953,199.08641717219044,253.98,233.5,213.74,217.96,220.73,-0.855169042944908
2024-10-24 20:00:00+00:00,259.93,259.93,258.42,258.62,259.306667,37.30000000000001,7.337170981906908,-154499,254.31518141499203,196.532318585008,260.48,253.98,233.5,215.74,220.69,0.999179630336585
2024-10-25 12:00:00+00:00,255.91,269.43,255.34,266.025,265.253634,46.234999999999985,8.237548184319321,1053593,261.68425494721714,193.84974505278285,258.62,260.48,253.98,213.74,218.95,0.996208903714432
2024-10-25 16:00:00+00:00,266.03,269.485,264.63,269.16,267.304007,48.28000000000003,7.786541759743415,1978559,268.5964413991741,191.94155860082589,266.025,258.62,260.48,233.5,218.9,0.996208903714432
2024-10-25 20:00:00+00:00,269.2,269.2,268.5,268.72,268.820208,47.99000000000004,6.841669525110958,1974730,274.325577753757,191.14442224624298,269.16,266.025,258.62,253.98,215.9,0.998854108795058
2024-10-28 12:00:00+00:00,269.965,273.49,266.03,269.39,270.348172,48.69999999999999,6.924113588429502,2402493,279.38518235650986,191.06631764349012,268.72,269.16,266.025,260.48,217.96,0.000010683419532
2024-10-28 16:00:00+00:00,269.41,270.715,262.3,262.495,266.653317,43.545000000000016,7.122898443305564,1892461,282.5047133161002,192.1922866838998,269.39,268.72,269.16,258.62,215.74,0.000010683419532
2024-10-28 20:00:00+00:00,262.09,262.4,261.29,261.55,261.69,42.650000000000006,6.3338453175314875,1889485,285.09038664995506,193.62961335004502,262.495,269.39,268.72,266.025,213.74,-0.923527528066188
2024-10-29 12:00:00+00:00,264.64,264.94,257.47,258.605,260.789242,42.70500000000001,6.485332608527285,1438138,286.82825276650766,195.7732472334924,261.55,262.495,269.39,269.16,233.5,0.000007126174751
2024-10-29 16:00:00+00:00,258.61,259.83,255.545,259.5,258.25241,41.53999999999999,6.191954927390313,1820461,288.3869434734867,198.0765565265133,258.605,261.55,262.495,268.72,253.98,0.000007126174751
2024-10-29 20:00:00+00:00,258.63,258.63,258.6,258.6,258.604657,42.860000000000014,5.486360937071601,1819464,289.47637797173076,200.77412202826926,259.5,258.605,261.55,269.39,260.48,-0.937193792313337
2024-10-30 12:00:00+00:00,257.99,263.35,255.9,262.02,260.341334,48.27999999999997,5.74817947879539,2136413,290.5902700177752,203.79322998222483,258.6,259.5,258.605,262.495,258.62,0.999204332591034
2024-10-30 16:00:00+00:00,261.85,262.93,257.39,257.595,260.882959,24.095000000000027,5.720422214956008,1750957,290.6279863145261,207.62001368547396,262.02,258.6,259.5,261.55,266.025,0.999204332591034
2024-10-31 12:00:00+00:00,258.13,259.65,250.7,252.62,253.673767,-1.3599999999999852,6.151032586295205,1482154,289.8083511121949,211.81164888780515,257.595,262.02,258.6,258.605,269.16,-0.000069728012022
2024-10-31 16:00:00+00:00,252.79,253.605,249.31,249.82,250.924293,-10.660000000000025,5.903561574789176,1084658,287.89521268880065,217.11678731119937,252.62,257.595,262.02,259.5,268.72,-0.000069728012022
2024-11-01 12:00:00+00:00,251.9,254.0,249.82,250.26,251.927699,-8.360000000000014,5.673753364817287,1358873,285.6047859021616,222.63721409783844,249.82,252.62,257.595,258.6,269.39,-0.982393689162564
2024-11-01 16:00:00+00:00,250.25,251.045,246.65,248.85,248.399281,-17.174999999999983,5.50325291617498,970993,281.7651831848114,229.78781681518865,250.26,249.82,252.62,262.02,262.495,0.000111926718091
2024-11-04 12:00:00+00:00,244.55,248.505,238.955,248.02,244.090463,-21.140000000000015,6.088819194018314,670563,274.91731173837275,240.06368826162725,248.85,250.26,249.82,257.595,261.55,-0.000783515504736
2024-11-04 16:00:00+00:00,248.34,248.84,243.42,244.3,245.228874,-24.420000000000016,5.999643301482541,425659,272.7928888737364,243.26811112626356,248.02,248.85,250.26,252.62,258.605,-0.000783515504736
2024-11-04 20:00:00+00:00,244.29,244.59,241.89,242.91,243.008678,-26.47999999999999,5.559690861284871,287726,273.6422930361201,241.31170696387986,244.3,248.02,248.85,249.82,259.5,0.749151504365727
2024-11-05 12:00:00+00:00,247.4,253.49,246.36,250.97,251.13688,-11.525000000000006,6.229065413113557,545321,273.3532606004097,240.6497393995902,242.91,244.3,248.02,250.26,258.6,0.999397931329440
2024-11-05 16:00:00+00:00,250.83,255.19,250.48,251.82,253.501871,-9.730000000000018,6.026523358031751,844177,273.1537422271954,240.16925777280463,250.97,242.91,244.3,248.85,262.02,0.999397931329440
2024-11-05 20:00:00+00:00,251.68,253.17,250.85,251.3,252.031776,-7.305000000000007,5.532320243627517,689264,271.96599433062556,239.88450566937448,251.82,250.97,242.91,248.02,257.595,0.999397931329440
2024-11-06 12:00:00+00:00,281.14,289.56,275.81,283.57,283.426848,24.069999999999993,9.896010877810514,1786160,276.11714447730986,237.17435552269018,251.3,251.82,250.97,244.3,252.62,0.998238153028069
2024-11-06 16:00:00+00:00,283.44,289.33,282.75,288.89,286.732882,30.289999999999964,9.453876094102444,2450067,281.3827800794867,233.9257199205133,283.57,251.3,251.82,242.91,249.82,0.998238153028069
2024-11-06 20:00:00+00:00,288.78,289.41,287.845,287.97,288.746146,25.950000000000045,8.402025948222118,2072814,285.48858487983847,231.67791512016157,288.89,283.57,251.3,250.97,250.26,0.998327420529677
2024-11-07 12:00:00+00:00,289.045,298.33,285.64,297.61,292.44746,40.014999999999986,8.973755821792501,2663561,292.4068334652362,228.27116653476375,287.97,288.89,283.57,251.82,248.85,-0.998098294716328
2024-11-07 16:00:00+00:00,297.71,299.72,295.49,297.9,297.751396,45.27999999999997,8.341255045553504,3227834,298.3662378730959,225.9467621269041,297.61,287.97,288.89,251.3,248.02,-0.998098294716328
2024-11-07 20:00:00+00:00,297.67,299.61,296.69,297.01,298.115891,47.19,7.618421039479706,2977645,303.430330493111,224.72316950688904,297.9,297.61,287.97,283.57,244.3,0.998672397108749
2024-11-08 12:00:00+00:00,299.14,319.42,297.715,313.44,310.30585,63.18000000000001,9.590631567549082,3808926,311.79223285627097,221.75526714372904,297.01,297.9,297.61,288.89,242.91,-0.039221444167197
2024-11-08 16:00:00+00:00,312.83,328.59,312.03,322.91,321.113974,74.06000000000003,10.519880691875871,4837678,321.29705716981636,218.68144283018358,313.44,297.01,297.9,287.97,250.97,-0.039221444167197
2024-11-08 20:00:00+00:00,323.12,323.55,316.75,322.5,320.180076,74.47999999999999,10.023896599625756,4493715,329.2370715363735,216.78942846362656,322.91,313.44,297.01,297.61,251.82,0.999165317523875
2024-11-11 12:00:00+00:00,343.23,350.7,336.56,349.21,344.572781,104.90999999999997,12.447377053008987,5442373,342.7478549652906,212.44014503470936,322.5,322.91,313.44,297.9,251.3,0.999076871739817
2024-11-11 16:00:00+00:00,349.15,358.56,336.02,344.05,347.637151,101.14000000000001,13.793060112607792,4460708,352.56076732743634,211.77023267256365,349.21,322.5,322.91,297.01,283.57,0.999076871739817
2024-11-11 20:00:00+00:00,343.74,354.23,342.93,352.89,347.552298,101.91999999999999,13.460652097593421,4708676,362.66123276417176,211.97676723582828,344.05,349.21,322.5,313.44,288.89,0.997575750414398
2024-11-12 12:00:00+00:00,340.24,345.62,335.47,341.09,341.369475,89.26999999999998,13.988565151247627,4048754,368.7316754820742,214.9893245179258,352.89,344.05,349.21,322.91,287.97,0.999243120197207
2024-11-12 16:00:00+00:00,340.94,341.85,323.39,331.59,332.135133,80.28999999999996,14.584756464414616,3425672,372.02357360910366,219.97142639089637,341.09,352.89,344.05,322.5,297.61,0.999243120197207
2024-11-12 20:00:00+00:00,331.755,332.69,326.17,328.54,328.794383,44.97000000000003,13.509455602492665,3174203,373.8480839170263,226.1989160829737,331.59,341.09,352.89,349.21,297.9,0.999427407761686
2024-11-13 12:00:00+00:00,335.935,344.48,324.67,324.76,334.029006,35.870000000000005,14.349528188826977,2862679,373.7389432284706,234.3540567715295,328.54,331.59,341.09,344.05,297.01,0.000002983906597
2024-11-13 16:00:00+00:00,324.86,333.69,322.6,326.01,329.010904,38.039999999999964,13.914924430316711,3249520,372.2251259927443,244.17787400725572,324.76,328.54,331.59,352.89,313.44,-0.000783515504736
2024-11-13 20:00:00+00:00,325.9,332.24,324.25,330.75,329.306532,33.139999999999986,13.124934506274485,3441159,370.92292643321014,253.45807356678986,326.01,324.76,328.54,341.09,322.91,-0.000783515504736
2024-11-14 12:00:00+00:00,327.81,329.92,316.38,317.97,322.075016,20.07000000000005,13.290943238771222,3194416,366.9099161284187,264.0860838715813,330.75,326.01,324.76,331.59,322.5,0.047504147252766
2024-11-14 16:00:00+00:00,317.94,323.32,310.39,313.87,316.679794,16.860000000000014,13.242817473601725,2545818,360.27830543247785,276.9746945675221,317.97,330.75,326.01,328.54,349.21,0.047504147252766
2024-11-14 20:00:00+00:00,313.855,316.24,308.98,308.98,312.50081,-4.4599999999999795,12.445108477121494,2324139,358.4837706262643,281.3102293737358,313.87,317.97,330.75,324.76,344.05,0.999483118604985
2024-11-15 12:00:00+00:00,310.85,320.55,309.33,316.225,315.999684,-6.685000000000002,12.328427346838627,2645146,357.06186533918503,285.4656346608149,308.98,313.87,317.97,326.01,352.89,0.999306196143152
2024-11-15 16:00:00+00:00,316.1,324.63,315.995,319.95,320.074836,-2.5500000000000114,11.835970367260142,3163834,355.07672269158866,290.64877730841135,316.225,308.98,313.87,330.75,341.09,0.999306196143152
2024-11-15 20:00:00+00:00,319.985,322.04,318.655,320.95,320.271465,-28.25999999999999,10.70917431829213,3333333,354.00512453777134,294.05437546222873,319.95,316.225,308.98,317.97,331.59,0.999451949406648
2024-11-18 12:00:00+00:00,340.725,348.49,335.12,345.27,343.588837,1.2199999999999704,12.953284409186516,3929258,355.14093113241415,297.65556886758577,320.95,319.95,316.225,313.87,328.54,0.998896353296004
2024-11-18 16:00:00+00:00,345.31,346.27,330.01,332.61,338.953777,-20.279999999999973,13.39417982129498,3376491,353.4586637363221,302.897836263678,345.27,320.95,319.95,308.98,324.76,0.998896353296004
2024-11-18 20:00:00+00:00,332.47,339.49,332.46,338.71,336.663155,-2.3799999999999955,12.545622511788986,3553048,354.1399061797557,304.7435938202443,332.61,345.27,320.95,316.225,326.01,0.000010303221643
2024-11-19 12:00:00+00:00,335.765,347.31,332.99,341.91,341.221973,10.32000000000005,12.782206176883788,3908627,355.4904535258715,305.2930464741285,338.71,332.61,345.27,319.95,330.75,-0.923527528066188
2024-11-19 16:00:00+00:00,342.05,346.7,341.03,343.81,344.243876,15.269999999999982,11.833912019965952,4369195,356.9515311904243,305.96296880957567,341.91,338.71,332.61,320.95,317.97,-0.923527528066188
2024-11-19 20:00:00+00:00,343.735,346.36,342.75,345.88,344.995406,21.120000000000005,10.737390417303828,4501149,356.33640689308027,306.24509310691974,343.81,341.91,338.71,345.27,313.87,0.997957888816018
2024-11-20 12:00:00+00:00,345.05,346.58,335.95,339.21,340.728451,13.199999999999989,10.723071694996651,4294533,355.66516811443836,306.4323318855616,345.88,343.81,341.91,332.61,308.98,-0.000001884785888
2024-11-20 16:00:00+00:00,338.99,341.11,334.33,339.18,338.021697,8.430000000000007,10.197328802330436,4038037,353.11142292248263,307.61507707751736,339.21,345.88,343.81,338.71,316.225,-0.000001884785888
2024-11-20 20:00:00+00:00,339.11,342.68,339.11,342.07,341.462568,24.099999999999966,9.31368496201971,4179201,353.26170616640894,307.562793833591,339.18,339.21,345.88,341.91,319.95,-0.923527528066188
2024-11-21 12:00:00+00:00,343.825,347.87,335.34,340.88,342.176586,27.00999999999999,9.742526967083753,3987249,354.19981431852176,307.55368568147827,342.07,339.18,339.21,343.81,320.95,-0.776129978941754
2024-11-21 16:00:00+00:00,341.335,344.6,338.89,340.38,342.308536,31.399999999999977,9.204856704805925,3700719,355.1405293062052,307.7969706937948,340.88,342.07,339.18,345.88,345.27,-0.776129978941754
2024-11-21 20:00:00+00:00,340.52,341.29,338.225,339.69,339.938315,23.464999999999975,8.386209144165136,3620033,355.93782984429697,308.49267015570297,340.38,340.88,342.07,339.21,332.61,0.905646648083348
2024-11-22 12:00:00+00:00,340.99,355.46,337.8,355.27,345.944922,35.31999999999999,9.62271459160978,3826832,359.3208246458703,308.0356753541298,339.69,340.38,340.88,339.18,338.71,-0.001506875611085
2024-11-22 16:00:00+00:00,355.155,356.54,350.825,353.7,353.692121,32.75,9.101685979395146,3519837,361.92899689707406,307.722503102926,355.27,339.69,340.38,342.07,341.91,-0.001506875611085
2024-11-22 20:00:00+00:00,353.69,353.76,351.56,352.67,352.563532,7.400000000000034,8.181461182142458,3361751,363.5632056923322,309.5582943076678,353.7,355.27,339.69,340.88,343.81,0.991739333228907
2024-11-25 12:00:00+00:00,360.495,361.81,347.92,351.585,354.593316,18.974999999999966,8.942599691190129,3109017,364.00599429109155,312.8870057089085,352.67,353.7,355.27,340.38,345.88,0.000093003676739
2024-11-25 16:00:00+00:00,351.62,354.675,345.71,347.21,350.33078,8.5,8.945586399031448,2847433,362.0669090126976,318.64909098730243,351.585,352.67,353.7,339.69,339.21,0.000093003676739
2024-11-25 20:00:00+00:00,347.14,347.45,338.2,338.57,341.45761,-3.340000000000032,8.98617487916059,2653414,360.0247273580931,322.9257726419068,347.21,351.585,352.67,355.27,339.18,0.999288350081770
2024-11-26 12:00:00+00:00,341.08,346.96,338.49,342.83,342.010604,-0.9800000000000182,8.917351561939174,2921710,358.1567700468339,327.081729953166,338.57,347.21,351.585,353.7,342.07,0.467792421579361
2024-11-26 16:00:00+00:00,343.03,345.32,337.0,339.19,341.457473,-6.689999999999998,8.83770468701395,2737600,355.4280650866421,331.6344349133579,342.83,338.57,347.21,352.67,340.88,0.467792421579361
2024-11-26 20:00:00+00:00,338.85,339.67,335.69,338.19,337.77959,-1.0199999999999818,8.190010728745426,2636794,355.27585256156067,331.07864743843936,339.19,342.83,338.57,351.585,340.38,-0.000783515504736
2024-11-27 12:00:00+00:00,341.88,342.44,326.83,330.315,334.522111,-8.865000000000009,9.17934263157937,2437200,355.6180123140762,330.5069876859238,338.19,339.19,342.83,347.21,339.69,-0.923527528066188
2024-11-27 16:00:00+00:00,330.63,334.36,328.945,332.46,331.917629,-9.610000000000014,8.677430280702124,2599375,356.05065174483354,329.44934825516646,330.315,338.19,339.19,338.57,355.27,-0.923527528066188
2024-11-27 20:00:00+00:00,332.61,333.65,332.14,332.92,332.874445,-7.9599999999999795,7.72177290994184,2680932,356.3094606284685,328.2915393715315,332.46,330.315,338.19,342.83,353.7,0.000010966898117
2024-11-29 12:00:00+00:00,336.235,342.16,334.8,339.28,339.309225,-1.1000000000000227,7.9242031886162625,2801102,356.12661489041824,328.0213851095818,332.92,332.46,330.315,339.19,352.67,0.999400380402221
2024-11-29 16:00:00+00:00,339.44,345.46,337.82,345.46,341.373729,5.769999999999982,7.886309430134093,2970993,356.08290392717544,328.02309607282456,339.28,332.92,332.46,338.19,351.585,0.999400380402221
2024-12-02 12:00:00+00:00,352.44,358.7,352.26,354.2,355.043304,-1.0699999999999932,8.600134839449549,3132162,357.7635963922567,327.8414036077433,345.46,339.28,332.92,330.315,347.21,-0.000017391783331
2024-12-02 16:00:00+00:00,354.21,359.33,351.17,357.65,355.185792,3.9499999999999886,8.541450194189604,3303606,359.97072144211984,327.48127855788016,354.2,345.46,339.28,332.46,338.57,-0.000017391783331
2024-12-02 20:00:00+00:00,357.53,359.98,350.77,350.91,357.731087,-1.759999999999991,8.630590168297662,3201575,360.7014899043207,327.63451009567933,357.65,354.2,345.46,332.92,342.83,0.999366320553236
2024-12-03 12:00:00+00:00,351.325,355.65,348.28,349.55,352.143804,-2.034999999999968,8.462511479191308,3028456,361.226395124179,327.97660487582095,350.91,357.65,354.2,339.28,339.19,0.999335573316785
2024-12-03 16:00:00+00:00,349.81,352.61,348.5,349.79,350.28893,2.580000000000041,7.8821766152991355,3264274,361.72645077213673,328.4175492278633,349.55,350.91,357.65,345.46,338.19,0.999335573316785
2024-12-03 20:00:00+00:00,349.85,351.6,348.22,351.39,349.90428,12.819999999999993,7.2818863999259165,3379387,362.33738665446856,328.9766133455315,349.79,349.55,350.91,354.2,330.315,0.997969709394965
2024-12-04 12:00:00+00:00,353.26,354.39,348.61,353.27,351.574039,10.439999999999998,7.081634879935791,3517334,362.0172594465529,329.09674055344703,351.39,349.79,349.55,357.65,332.46,0.999442477594130
2024-12-04 16:00:00+00:00,353.295,354.8,350.65,353.75,352.59999,14.560000000000002,6.690750229277691,3654247,362.02498124491905,329.09401875508087,353.27,351.39,349.79,350.91,332.92,0.999442477594130
2024-12-04 20:00:00+00:00,353.8,358.09,352.9,357.73,355.727742,19.54000000000002,6.490650198707332,3774223,362.882412126171,328.742587873829,353.75,353.27,351.39,349.55,339.28,0.235483571945224
2024-12-05 12:00:00+00:00,359.99,375.39,359.64,368.395,370.605978,38.079999999999984,7.979896838879683,4356347,366.36985236957486,326.93614763042507,357.73,353.75,353.27,349.79,345.46,0.999341641378123
2024-12-05 16:00:00+00:00,368.14,373.3,366.57,372.11,370.420151,39.650000000000034,7.8132439270290615,4666414,370.6707023566979,325.12529764330213,368.395,357.73,353.75,351.39,354.2,0.999341641378123
2024-12-05 20:00:00+00:00,371.97,372.62,368.82,368.82,370.649949,35.89999999999998,7.278144736758522,4567824,373.5517346301684,325.2692653698316,372.11,368.395,357.73,353.27,357.65,-0.994859351892956
2024-12-06 12:00:00+00:00,377.19,377.46,370.89,373.95,374.242881,34.670000000000016,7.459725438524051,4715256,377.23939019012766,324.6936098098723,368.82,372.11,368.395,353.75,350.91,0.988037351518869
2024-12-06 16:00:00+00:00,374.05,379.36,373.21,378.94,375.815842,33.48000000000002,7.285095380054182,4991855,381.40001620420423,324.5079837957958,373.95,368.82,372.11,357.73,349.55,0.988037351518869
2024-12-06 20:00:00+00:00,378.845,389.9,378.25,389.9,385.210331,35.69999999999999,7.867082662713622,5248189,387.51620285157986,323.5627971484201,378.94,373.95,368.82,368.395,349.79,0.998829990043305
2024-12-09 12:00:00+00:00,397.61,404.75,381.005,383.77,394.427716,26.120000000000005,9.98413830768514,4872013,390.24754015822026,326.1769598417797,389.9,378.94,373.95,372.11,351.39,0.997876929788617
2024-12-09 16:00:00+00:00,382.9,387.82,378.22,384.83,383.193451,33.91999999999996,9.93291986666045,5124928,392.56295019484213,329.0985498051578,383.77,389.9,378.94,368.82,353.27,0.997876929788617
2024-12-09 20:00:00+00:00,385.06,389.99,382.595,389.99,386.925722,40.44,9.59453055110572,5205705,395.1111314325241,332.25736856747585,384.83,383.77,389.9,373.95,353.75,-0.000032124960853
2024-12-10 12:00:00+00:00,392.64,407.82,390.92,401.45,402.002159,51.65999999999997,10.69259314429162,5727554,400.28669658183054,333.29880341816937,389.99,384.83,383.77,378.94,357.73,0.120260138879530
2024-12-10 16:00:00+00:00,401.38,409.64,398.17,403.74,405.882053,52.35000000000002,10.796247391719401,6067990,405.4513007476706,333.9621992523293,401.45,389.99,384.83,389.9,368.395,0.120260138879530
2024-12-10 20:00:00+00:00,403.7,404.43,399.55,401.0,402.045108,47.73000000000002,10.007414406156814,5897071,409.59879812895144,334.4947018710485,403.74,401.45,389.99,383.77,372.11,-0.996060625708196
2024-12-11 12:00:00+00:00,409.83,413.445,402.56,411.76,408.568076,58.00999999999999,10.332425818669238,6185090,415.59011613252466,333.91438386747535,401.0,403.74,401.45,384.83,368.82,0.999002738899435
2024-12-11 16:00:00+00:00,412.0,420.375,411.05,419.97,416.317798,62.24000000000001,10.198102376180005,6679529,422.11772652397315,334.2927734760269,411.76,401.0,403.74,389.99,373.95,0.999002738899435
2024-12-11 20:00:00+00:00,419.87,426.6,418.77,424.6,421.536065,56.20500000000004,9.882355392689345,6947538,428.3182956662068,335.5972043337933,419.97,411.76,401.0,401.45,378.94,0.020074717351235
2024-12-12 12:00:00+00:00,424.805,428.85,416.89,427.77,422.77973,55.65999999999997,10.159374673664104,7250422,433.91182807927527,337.8016719207248,424.6,419.97,411.76,403.74,389.9,-0.986377925612032
2024-12-12 16:00:00+00:00,427.99,429.25,416.675,419.375,422.458938,50.55500000000001,10.48145805050889,6960506,436.6591938297181,341.85280617028184,427.77,424.6,419.97,401.0,383.77,-0.986377925612032
2024-12-12 20:00:00+00:00,419.27,420.93,415.0,418.18,417.827852,44.23000000000002,9.874596977107707,6839334,438.39494272614326,346.6080572738568,419.375,427.77,424.6,411.76,384.83,0.000212517115870
2024-12-13 12:00:00+00:00,421.8,431.41,415.76,424.21,425.135756,45.26999999999998,10.644650713493352,7117250,440.17736375637855,351.87163624362154,418.18,419.375,427.77,419.97,389.99,0.999389789474662
2024-12-13 16:00:00+00:00,423.745,434.2,421.69,432.47,429.044468,42.57000000000005,10.893363951694237,7342140,442.9075442901696,356.6154557098303,424.21,418.18,419.375,424.6,401.45,0.999389789474662
2024-12-13 20:00:00+00:00,432.13,436.255,429.03,435.23,433.550749,51.460000000000036,10.40424875813501,7495621,446.37308077758473,359.8334192224153,432.47,424.21,418.18,427.77,403.74,-0.000017688413209
2024-12-16 12:00:00+00:00,441.07,451.21,436.3,451.0,443.469784,66.17000000000002,11.147682257050336,7855768,452.73699144633855,361.35850855366147,435.23,432.47,424.21,419.375,401.0,0.999376230945927
2024-12-16 16:00:00+00:00,450.89,461.42,450.75,458.925,457.600466,68.935,11.083991289443626,8215301,459.1026413622501,364.0033586377499,451.0,435.23,432.47,418.18,411.76,0.999376230945927
2024-12-16 20:00:00+00:00,458.85,463.11,457.94,463.11,460.467389,61.660000000000025,10.295459117517812,8558702,465.3993924781248,366.62260752187535,458.925,451.0,435.23,424.21,419.97,0.999302207696019
2024-12-17 12:00:00+00:00,475.39,483.82,463.67,478.27,473.959479,74.52999999999997,11.684064568515435,9081136,474.47588133305936,367.47911866694056,463.11,458.925,451.0,432.47,424.6,-0.994715294917114
2024-12-17 16:00:00+00:00,478.415,478.75,457.75,478.215,471.166869,77.21499999999997,12.926189292713378,8566192,482.5453246296047,368.24117537039524,478.27,463.11,458.925,435.23,427.77,-0.994715294917114
2024-12-17 20:00:00+00:00,478.19,482.39,475.715,480.09,479.350226,68.32999999999998,12.092697387018262,8777851,488.8079219154736,371.61057808452637,478.215,478.27,463.11,451.0,419.375,0.000036687102693
2024-12-18 12:00:00+00:00,472.78,477.99,461.2,476.01,469.539079,56.039999999999964,12.999004402082493,8524558,492.6852748831023,376.85122511689764,480.09,478.215,478.27,458.925,418.18,0.000158015231136
2024-12-18 16:00:00+00:00,475.81,488.45,458.67,460.14,473.839293,35.539999999999964,15.236470481804824,8090774,493.19367213212223,383.3578278678777,476.01,480.09,478.215,463.11,424.21,0.000158015231136
2024-12-18 20:00:00+00:00,460.785,460.88,427.11,428.94,443.487926,1.170000000000016,17.707607750897512,7494880,492.0035672401393,387.2969327598606,460.14,476.01,480.09,478.27,432.47,-0.349131330847740
2024-12-19 12:00:00+00:00,454.45,456.32,437.72,441.075,446.564208,21.69999999999999,18.997260050777847,7851958,491.0663808341401,391.9676191658599,428.94,460.14,476.01,478.215,435.23,-0.935897252173163
2024-12-19 16:00:00+00:00,441.56,442.055,420.03,433.09,430.685397,14.909999999999968,19.40095871067414,7400719,489.09590719396067,397.1470928060394,441.075,428.94,460.14,480.09,451.0,-0.935897252173163
2024-12-19 20:00:00+00:00,433.1,441.05,432.615,441.05,436.176707,16.840000000000032,17.938830882584256,7601436,488.1572876969791,401.0147123030208,433.09,441.075,428.94,476.01,458.925,0.614353576675057
2024-12-20 12:00:00+00:00,426.11,444.2,417.925,439.36,430.534588,6.889999999999986,19.050320098239688,7366500,487.6587222669136,403.4522777330865,441.05,433.09,441.075,460.14,463.11,0.000051438953960
2024-12-20 16:00:00+00:00,439.78,447.015,434.77,439.57,440.748497,4.339999999999975,18.14294408514106,7625847,487.35781443902573,405.2501855609742,439.36,441.05,433.09,428.94,478.27,0.000051438953960
2024-12-20 20:00:00+00:00,440.14,440.14,420.11,421.88,426.996022,-29.120000000000005,18.394551540455584,7379060,487.7026459594255,404.3163540405745,439.57,439.36,441.05,441.075,478.215,0.999208559456747
2024-12-23 12:00:00+00:00,432.91,432.91,417.0,424.7,425.049381,-34.22500000000002,18.063278001728175,7536517,487.31563538437183,405.2358646156281,421.88,439.57,439.36,433.09,480.09,0.083103273878805
2024-12-24 12:00:00+00:00,435.92,452.45,435.28,451.665,446.572532,-11.444999999999993,19.354840934831085,7670514,486.83959676875094,409.06040323124904,424.7,421.88,439.57,441.05,476.01,-0.926260908599943
2024-12-24 16:00:00+00:00,451.49,465.14,449.0,465.02,455.754147,-13.25,18.926195476853604,7885194,487.905718427631,412.075281572369,451.665,424.7,421.88,439.36,460.14,-0.926260908599943
2024-12-26 12:00:00+00:00,466.87,466.87,451.96,458.42,458.281919,-19.79499999999996,18.39070274660646,7658177,488.4472488167546,414.1287511832454,465.02,451.665,424.7,439.57,428.94,0.984961884387303
2024-12-26 16:00:00+00:00,457.95,458.85,451.04,455.15,454.804524,-24.939999999999998,16.979942380392266,7485636,488.6912340410557,415.8767659589443,458.42,465.02,451.665,421.88,441.075,0.000003342174750
2024-12-26 20:00:00+00:00,455.24,459.015,453.92,454.15,456.116837,-21.860000000000014,15.395283396339961,7417118,488.8525999702909,416.03040002970914,455.15,458.42,465.02,424.7,433.09,0.000003342174750
2024-12-27 12:00:00+00:00,449.31,449.82,426.59,437.175,436.505364,-22.964999999999975,17.0172456101613,7199027,488.24580790528177,414.4621920947182,454.15,455.15,458.42,451.665,441.05,-0.923527528066188
2024-12-27 16:00:00+00:00,436.925,439.28,429.455,431.3,433.821906,2.3600000000000136,16.05827952880646,7006811,487.2591605348042,412.2678394651956,437.175,454.15,455.15,465.02,439.36,-0.923527528066188
2024-12-27 20:00:00+00:00,431.48,432.61,428.74,431.7,430.561841,-9.375,14.433175591632265,7119825,483.22200999251646,411.64799000748366,431.3,437.175,454.15,458.42,439.57,-0.991700825979933
2024-12-30 12:00:00+00:00,421.03,427.0,415.76,419.77,420.263251,-13.319999999999993,14.634085512747962,6871106,479.2464006748787,409.77909932512136,431.7,431.3,437.175,455.15,421.88,-0.777040462009609
2024-12-30 16:00:00+00:00,420.05,424.8,418.79,422.995,422.030122,-18.055000000000007,13.484207444381566,7076217,473.33002557785863,409.9859744221414,419.77,431.7,431.3,454.15,424.7,-0.777040462009609
2024-12-30 20:00:00+00:00,422.78,423.2,416.93,417.41,419.699969,-21.94999999999999,12.522313118464021,6952492,467.7507290964264,409.7052709035735,422.995,419.77,431.7,437.175,451.665,-0.777040462009609
2024-12-31 12:00:00+00:00,422.49,427.675,413.78,415.82,420.470002,-23.75,12.705338036002157,6802498,465.41876089182625,407.60523910817375,417.41,422.995,419.77,431.3,465.02,0.970054392819293
2024-12-31 16:00:00+00:00,415.41,417.38,403.405,408.31,411.357967,-13.569999999999993,12.87462629786854,6529492,466.8889859300018,404.0720140699982,415.82,417.41,422.995,431.7,458.42,0.970054392819293
2024-12-31 20:00:00+00:00,408.575,409.91,402.68,403.74,405.859526,-20.95999999999998,12.122009458152737,6381924,467.92596201576987,399.3015379842301,408.31,415.82,417.41,419.77,455.15,-0.923527528066188
2025-01-02 12:00:00+00:00,386.01,393.65,373.55,380.58,383.669462,-71.08500000000004,14.531074863732371,5997717,472.7059650651528,389.2705349348473,403.74,408.31,415.82,422.995,454.15,0.998456312285271
2025-01-02 16:00:00+00:00,381.0,385.99,373.2,376.16,378.990788,-88.85999999999996,14.298931548568058,5603756,475.78125594718387,379.7062440528161,380.58,403.74,408.31,417.41,437.175,0.998456312285271
2025-01-02 20:00:00+00:00,376.04,381.075,376.04,379.49,379.113302,-78.93,13.063740675425647,5722292,477.01551606239684,372.48498393760326,376.16,380.58,403.74,415.82,431.3,0.997522527759429
2025-01-03 12:00:00+00:00,381.23,389.8,379.45,387.57,385.1218,-67.57999999999998,12.701908585368898,5899219,476.44558598991136,367.8549140100887,379.49,376.16,380.58,408.31,431.7,0.999481795050087
2025-01-03 16:00:00+00:00,387.44,407.1,386.61,405.99,398.055553,-48.15999999999997,13.74032077398638,6274362,476.13065342295647,366.58084657704353,387.57,379.49,376.16,403.74,419.77,0.999481795050087
2025-01-03 20:00:00+00:00,405.655,411.84,404.02,410.43,409.200075,-26.745000000000005,12.950944670788195,6475834,475.6051735293116,365.67932647068835,405.99,387.57,379.49,380.58,422.995,0.999481795050087
2025-01-06 12:00:00+00:00,420.0,426.31,411.56,416.03,418.266356,-15.270000000000039,13.341485381349768,6684396,471.86447849014456,365.8565215098553,410.43,405.99,387.57,376.16,417.41,0.999223462800728
2025-01-06 16:00:00+00:00,416.255,417.27,401.785,402.8,408.765471,-28.899999999999977,13.627287330503126,6406881,464.47737388834526,367.02162611165477,416.03,410.43,405.99,379.49,415.82,0.978393067605793
2025-01-06 20:00:00+00:00,402.57,411.21,402.55,411.21,408.002794,-8.560000000000002,12.964982353102705,6504715,457.7957878404877,368.9822121595123,402.8,416.03,410.43,387.57,408.31,0.978393067605793
2025-01-07 12:00:00+00:00,404.18,414.185,391.3,398.56,401.307765,-24.435000000000002,14.28765137268901,6240973,450.7763334616058,370.3426665383942,411.21,402.8,416.03,405.99,403.74,0.993704949505627
2025-01-07 16:00:00+00:00,398.705,400.04,392.34,393.35,395.685418,-24.060000000000002,13.409297856330483,6004507,442.7445605915528,372.2944394084472,398.56,411.21,402.8,410.43,380.58,0.993704949505627
2025-01-07 20:00:00+00:00,393.61,394.57,390.02,394.56,392.363689,-21.25999999999999,12.228058142153087,6182904,438.12862201763653,372.6488779823634,393.35,398.56,411.21,416.03,376.16,0.993704949505627
2025-01-08 12:00:00+00:00,393.05,402.09,391.59,396.22,395.726728,-12.089999999999975,11.99765038986601,6413594,434.2173872265579,373.0521127734422,394.56,393.35,398.56,402.8,379.49,-0.002391087131400
2025-01-08 16:00:00+00:00,395.115,400.435,387.62,396.96,394.884396,-6.78000000000003,12.106630337883875,6841703,429.57717319038295,374.218326809617,396.22,394.56,393.35,411.21,387.57,-0.002391087131400
2025-01-08 20:00:00+00:00,397.07,397.87,394.5,394.95,396.082846,14.370000000000005,10.941746292832692,6666878,427.16302339338665,374.1504766066133,396.96,396.22,394.56,398.56,405.99,0.999242839956423
2025-01-10 12:00:00+00:00,388.3,399.07,384.33,392.24,391.278404,16.079999999999984,11.448180120455,6409770,423.66463003222077,374.5733699677793,394.95,396.96,396.22,393.35,410.43,0.000004579742381
2025-01-10 16:00:00+00:00,392.29,398.25,387.01,395.93,393.053174,16.439999999999998,11.420422771061002,6597678,421.05235488798803,375.037645112012,392.24,394.95,396.96,394.56,416.03,0.000004579742381
2025-01-10 20:00:00+00:00,396.02,396.94,392.58,394.72,394.61953,7.150000000000034,10.479033068252871,6488117,418.4484141267843,375.5315858732157,395.93,392.24,394.95,396.22,402.8,0.999216712109046
2025-01-13 12:00:00+00:00,383.64,394.55,380.35,391.86,387.486361,-14.129999999999995,10.99782865915249,6303389,417.0523783118251,375.2826216881749,394.72,395.93,392.24,396.96,411.21,-0.923527528066188
2025-01-13 16:00:00+00:00,392.69,397.445,387.455,393.67,392.505439,-16.75999999999999,10.863451504598824,6544288,416.26379907911115,375.0642009208888,391.86,394.72,395.93,394.95,398.56,-0.923527528066188
2025-01-13 20:00:00+00:00,393.67,403.77,392.11,403.31,399.418028,-12.71999999999997,10.96965797065231,6663597,416.37907204068694,377.22192795931306,393.67,391.86,394.72,392.24,393.35,-0.997838057868648
2025-01-14 12:00:00+00:00,415.33,422.62,407.44,409.0,414.396817,6.199999999999989,12.081703574565337,6882506,416.1515317425209,380.7334682574791,403.31,393.67,391.86,395.93,394.56,0.989258737652563
2025-01-14 16:00:00+00:00,407.94,412.0,402.41,403.45,407.429139,-7.759999999999991,11.749476431289954,6712723,415.04262080388924,384.2383791961108,409.0,403.31,393.67,394.72,396.22,0.989258737652563
2025-01-14 20:00:00+00:00,404.19,404.4,394.68,396.14,397.895688,-2.420000000000016,11.478879573784623,6592934,414.5036409356729,385.63435906432716,403.45,409.0,403.31,391.86,396.96,0.989258737652563
2025-01-15 12:00:00+00:00,411.52,418.85,405.7,413.56,413.668333,20.20999999999998,12.976362297280012,6763996,415.8971681958821,384.9978318041179,396.14,403.45,409.0,393.67,394.95,0.999388100492069
2025-01-15 16:00:00+00:00,413.95,425.45,412.36,425.44,419.110842,30.879999999999995,12.991513990976006,6999290,419.82168565463996,382.57431434536,413.56,396.14,403.45,403.31,392.24,0.999388100492069
2025-01-15 20:00:00+00:00,425.41,429.76,424.505,428.19,427.608275,31.96999999999997,11.959978792179205,7162442,423.074630124266,380.537369875734,425.44,413.56,396.14,409.0,395.93,0.998323784064269
2025-01-16 12:00:00+00:00,423.26,423.26,412.71,415.89,416.909924,18.930000000000007,12.42931495322198,6977648,424.6438892098686,380.2771107901315,428.19,425.44,413.56,403.45,394.72,0.998921509919455
2025-01-16 16:00:00+00:00,415.71,417.08,409.25,413.57,412.736213,18.620000000000005,11.816072959459046,6790642,424.9818684261209,380.1751315738791,415.89,428.19,425.44,396.14,391.86,0.998921509919455
2025-01-16 20:00:00+00:00,413.28,415.775,412.395,413.8,414.262138,21.560000000000002,10.691263231531174,6887439,426.2004290645553,380.48057093544463,413.57,415.89,428.19,413.56,393.67,0.996250577154569
2025-01-17 12:00:00+00:00,421.3,434.0,419.93,430.0,426.80896,34.06999999999999,11.959094800660349,7038356,430.41288247521754,379.93311752478235,413.8,413.57,415.89,425.44,403.31,-0.935897252173163
2025-01-17 16:00:00+00:00,430.17,439.66,429.22,437.65,435.486083,42.92999999999995,11.75654882723897,7254707,435.89055222881353,378.76444777118644,430.0,413.8,413.57,428.19,409.0,-0.935897252173163
2025-01-17 20:00:00+00:00,437.16,437.16,426.23,426.55,430.372798,34.69,11.711675650273767,7123471,438.13531460985115,379.55268539014884,437.65,430.0,413.8,415.89,403.45,0.999333854473662
2025-01-21 12:00:00+00:00,432.69,432.77,406.33,413.94,413.94977,20.269999999999982,13.675452230237264,6829553,438.5145344197722,380.8714655802279,426.55,437.65,430.0,413.57,396.14,-0.923527528066188
2025-01-21 16:00:00+00:00,413.37,421.25,412.635,417.05,417.033975,13.740000000000009,13.00072526620563,7071421,438.9258394401926,382.6701605598073,413.94,426.55,437.65,413.8,413.56,-0.923527528066188
2025-01-21 20:00:00+00:00,416.95,424.58,416.93,423.46,422.07136,14.45999999999998,12.287295230711543,7152406,439.6016731046906,385.1163268953095,417.05,413.94,426.55,430.0,425.44,-0.994855958502740
2025-01-22 12:00:00+00:00,416.72,427.945,416.18,419.75,420.800594,16.30000000000001,12.217655866616669,6961514,439.8343583663577,387.2656416336423,423.46,417.05,413.94,437.65,428.19,0.983975898823701
2025-01-22 16:00:00+00:00,419.79,424.0,417.39,419.67,420.658554,23.53000000000003,11.46996841773445,6825956,439.64813157080613,389.9468684291938,419.75,423.46,417.05,426.55,415.89,0.983975898823701
2025-01-22 20:00:00+00:00,419.63,419.695,414.65,415.05,416.755581,1.490000000000009,10.613305962036524,6730044,438.34321295620515,393.57078704379484,419.67,419.75,423.46,413.94,413.57,0.999459788959939
2025-01-23 12:00:00+00:00,416.11,420.325,410.56,413.67,415.017132,-11.769999999999982,10.500198500431653,6629290,436.79288996038633,397.12111003961365,415.05,419.67,419.75,417.05,413.8,-0.923527528066188
2025-01-23 16:00:00+00:00,413.19,414.48,409.0,410.855,411.4062,-17.33499999999998,9.830838700374102,6491432,436.3472342820644,398.3212657179357,413.67,415.05,419.67,423.46,430.0,-0.923527528066188
2025-01-23 20:00:00+00:00,410.425,412.175,409.48,412.14,410.874509,-3.75,8.879393540324221,6543970,436.2648148058794,398.7176851941207,410.855,413.67,415.05,419.75,437.65,-0.997810805914924
2025-01-24 12:00:00+00:00,414.5,418.0,411.88,413.0,415.325764,-0.5699999999999932,8.511474401614326,6726100,435.69518873589357,400.24231126410643,412.14,410.855,413.67,419.67,426.55,-0.923527528066188
2025-01-24 16:00:00+00:00,413.09,415.64,407.37,407.89,410.626176,-5.910000000000025,8.479277814732413,6520047,433.84821723238474,403.2642827676152,413.0,412.14,410.855,415.05,413.94,-0.923527528066188
2025-01-24 20:00:00+00:00,407.81,409.71,405.86,406.49,406.992482,-23.50999999999999,7.862040772768086,6428796,434.28734788756793,402.11815211243214,407.89,413.0,412.14,413.67,417.05,-0.002810884179780
2025-01-27 12:00:00+00:00,394.86,406.6,392.35,403.04,400.802325,-34.60999999999996,8.713768669732342,6168681,434.13583167071056,400.0296683292895,406.49,407.89,413.0,410.855,423.46,0.067648178082891
2025-01-27 16:00:00+00:00,403.55,405.52,389.45,389.485,396.958779,-37.065,9.69459951376803,5963770,435.3813800034562,394.9136199965439,403.04,406.49,407.89,412.14,419.75,0.067648178082891
2025-01-27 20:00:00+00:00,389.21,399.3,389.04,399.3,394.532514,-14.639999999999986,9.769986245265624,6068790,435.74856140420815,392.88743859579193,389.485,403.04,406.49,413.0,419.67,0.772152350575197
2025-01-28 12:00:00+00:00,396.35,396.82,386.8,389.92,391.284926,-27.129999999999995,10.133988079230207,5933329,437.18923084082184,389.0817691591781,399.3,389.485,403.04,407.89,415.05,-0.000018354850909
2025-01-28 16:00:00+00:00,389.88,398.94,387.575,398.4,393.123508,-25.060000000000002,10.298123001999514,6094611,437.2995171145361,387.431482885464,389.92,399.3,389.485,406.49,413.67,-0.000018354850909
2025-01-28 20:00:00+00:00,398.4,400.55,396.72,398.19,398.776335,-21.560000000000002,9.435706601732909,6007955,435.021432835728,386.528567164272,398.4,389.92,399.3,403.04,410.855,0.998745244753081
2025-01-29 12:00:00+00:00,395.15,398.54,390.735,391.49,393.576318,-28.180000000000007,9.21827905483519,5894998,430.6413496669515,386.29265033304847,398.19,398.4,389.92,389.485,412.14,-0.025190608575940
2025-01-29 16:00:00+00:00,391.515,392.16,384.575,389.8,388.883389,-25.25,9.000508514190502,5678789,428.5840815622459,384.6749184377541,391.49,398.19,398.4,399.3,413.0,-0.025190608575940
2025-01-29 20:00:00+00:00,390.18,406.93,366.61,403.02,389.595167,-10.650000000000034,13.176440712298435,6013036,427.8145842366328,384.3524157633672,389.8,391.49,398.19,389.92,407.89,0.763770206540357
2025-01-30 12:00:00+00:00,410.575,412.3,384.5,391.59,395.338484,-19.265000000000043,15.126248617325313,5509952,426.8178047440991,382.8031952559009,403.02,389.8,391.49,398.4,406.49,-0.997910784208216
2025-01-30 16:00:00+00:00,391.21,409.01,389.26,406.33,402.809303,-5.810000000000002,15.742748801681937,6013620,424.16530548648643,383.7426945135136,391.59,403.02,389.8,398.19,403.04,-0.997910784208216
2025-01-30 20:00:00+00:00,406.325,407.43,398.96,400.17,402.766781,-12.829999999999984,14.773048961457683,5783177,421.81502653911093,384.1349734608891,406.33,391.59,403.02,391.49,389.485,-0.000060390913859
2025-01-31 12:00:00+00:00,401.54,418.375,401.425,415.46,413.260497,7.569999999999993,15.230642433263323,6084929,420.90002689567854,384.62897310432146,400.17,406.33,391.59,389.8,399.3,0.998980644246330
2025-01-31 16:00:00+00:00,415.71,419.97,403.9,406.62,414.882269,0.12999999999999545,15.342556775494888,5583486,419.6491623948383,385.0368376051616,415.46,400.17,406.33,403.02,389.92,0.998980644246330
2025-01-31 20:00:00+00:00,406.12,406.12,401.44,404.68,403.56579,1.6399999999999864,13.987549205428904,5417945,418.4099039986629,385.3770960013371,406.62,415.46,400.17,391.59,398.4,-0.280713398184162
2025-02-03 12:00:00+00:00,386.68,389.16,374.36,388.145,382.374302,-1.3400000000000318,16.165209311371715,4866603,417.79471373039036,383.7212862696096,404.68,406.62,415.46,406.33,398.19,-0.994507597642951
2025-02-03 16:00:00+00:00,388.145,388.27,377.52,384.31,382.787442,-14.990000000000009,15.44318140318882,4517343,417.0237454487259,381.70925455127406,388.145,404.68,406.62,400.17,391.49,-0.994507597642951
2025-02-03 20:00:00+00:00,384.12,385.24,381.38,383.77,383.702375,-6.150000000000034,13.89875721609698,4402864,415.6494185440985,380.1605814559014,384.31,388.145,404.68,415.46,389.8,-0.997829606872983
2025-02-04 12:00:00+00:00,386.13,390.47,382.2,382.89,386.122173,-15.509999999999991,13.148256253950722,4246787,414.95142386670875,378.3585761332913,383.77,384.31,388.145,406.62,403.02,-0.013452048646286
2025-02-04 16:00:00+00:00,383.29,388.765,381.41,386.62,385.649688,-11.569999999999993,12.375822086757287,4547524,413.8669879231732,377.45601207682677,382.89,383.77,384.31,404.68,391.59,-0.013452048646286
2025-02-04 20:00:00+00:00,386.25,393.94,385.63,392.19,390.550758,0.6999999999999886,11.83371247518965,4663686,413.04317908256803,377.1948209174319,386.62,382.89,383.77,388.145,406.33,0.534136782516725
2025-02-05 12:00:00+00:00,387.71,388.21,380.175,383.44,383.731708,-6.360000000000014,11.857884145164363,4427310,413.3349738191343,376.29852618086574,392.19,386.62,382.89,384.31,400.17,0.996788529388141
2025-02-05 16:00:00+00:00,383.11,384.9,378.0,378.85,381.093898,-24.16999999999996,11.196832925809112,4199347,413.49100027283185,374.0974997271682,383.44,392.19,386.62,383.77,415.46,0.996788529388141
2025-02-05 20:00:00+00:00,379.12,380.125,375.58,378.16,377.805477,-13.42999999999995,10.309921869034566,4057574,414.0582318254081,372.35426817459194,378.85,383.44,392.19,382.89,406.62,-0.000051613315009
2025-02-06 12:00:00+00:00,372.19,375.23,363.3,364.86,367.695607,-41.46999999999997,10.916598953163293,3787752,415.74587201539765,367.31262798460233,378.16,378.85,383.44,386.62,404.68,-0.000783515504736
2025-02-06 16:00:00+00:00,364.98,374.02,364.01,368.88,368.901867,-31.29000000000002,10.79571909274152,4009691,416.064891042671,364.06260895732896,364.86,378.16,378.85,392.19,388.145,-0.000783515504736
2025-02-06 20:00:00+00:00,369.175,374.14,367.43,373.835,371.629053,-41.625,10.250956547042648,4089675,416.1587102144644,362.20328978553556,368.88,364.86,378.16,383.44,384.31,-0.993036196101457
2025-02-07 12:00:00+00:00,372.41,380.28,369.16,370.68,373.863123,-35.94,10.366829007436955,3871468,416.43720396612355,360.0127960338765,373.835,368.88,364.86,378.85,383.77,-0.000682228012010
2025-02-07 16:00:00+00:00,370.81,371.7,363.47,364.365,367.9308,-40.315,10.081918473112022,3607837,415.51501428339765,357.0694857166024,370.68,373.835,368.88,378.16,382.89,-0.000682228012010
2025-02-07 20:00:00+00:00,364.23,364.23,360.4,361.47,361.738401,-26.674999999999955,9.266329343363758,3461585,415.90258347946286,353.66991652053713,364.365,370.68,373.835,364.86,386.62,0.998270538402721
2025-02-10 12:00:00+00:00,358.89,362.31,350.7,360.135,355.000684,-24.17500000000001,9.578818764248592,3229508,413.7172512375964,351.2357487624036,361.47,364.365,370.68,368.88,392.19,-0.000005711568519
2025-02-10 16:00:00+00:00,359.47,362.63,353.785,354.79,358.635477,-28.97999999999996,9.480976262348776,2970225,412.6077653497083,347.80723465029166,360.135,361.47,364.365,373.835,383.44,-0.000005711568519
2025-02-10 20:00:00+00:00,354.84,355.32,350.535,350.655,352.452162,-32.235000000000014,8.854846094035603,2780460,407.42712446400805,346.507375535992,354.79,360.135,361.47,370.68,378.85,-0.000014520141121
2025-02-11 12:00:00+00:00,348.07,349.29,339.29,339.41,343.749039,-47.20999999999998,9.189533281497516,2532899,405.10435563573395,342.1091443642661,350.655,354.79,360.135,364.365,378.16,0.996698183589615
2025-02-11 16:00:00+00:00,339.635,340.49,329.15,329.94,333.532495,-62.25,9.476262177297851,1925117,403.50684050477406,336.23265949522585,339.41,350.655,354.79,361.47,364.86,0.996698183589615
2025-02-11 20:00:00+00:00,330.04,330.83,325.13,329.04,327.250678,-54.39999999999998,8.972760553658135,1669957,403.99994755014853,329.8290524498514,329.94,339.41,350.655,360.135,368.88,-0.997699291008757
2025-02-12 12:00:00+00:00,330.64,341.15,329.13,339.92,335.892157,-38.93000000000001,9.39105914650371,1928934,402.6988654542999,326.6911345457001,329.04,329.94,339.41,354.79,373.835,-0.996616387856193
2025-02-12 16:00:00+00:00,339.71,346.17,337.11,345.53,342.703891,-32.63000000000005,9.346917926969883,2324254,400.5933918324207,324.9726081675793,339.92,329.04,329.94,350.655,370.68,-0.996616387856193
2025-02-12 20:00:00+00:00,345.98,346.36,335.76,336.44,340.22865,-28.420000000000016,9.513995536707235,2135053,398.7736262238874,322.14737377611266,345.53,339.92,329.04,339.41,364.365,-0.996616387856193
2025-02-13 12:00:00+00:00,346.59,358.56,342.87,356.89,352.108455,-11.990000000000009,11.194796131812938,2409590,395.2673651468024,322.6806348531977,336.44,345.53,339.92,329.94,361.47,-0.000018836835807
2025-02-13 16:00:00+00:00,356.905,357.065,348.33,352.47,351.646836,-21.364999999999952,10.866823314237882,2166601,389.8092226590821,324.1667773409179,356.89,336.44,345.53,329.04,360.135,-0.000018836835807
2025-02-13 20:00:00+00:00,352.685,356.79,352.67,355.98,354.937937,-14.699999999999989,9.993913539006163,2318442,385.98278175000615,325.24721824999386,352.47,356.89,336.44,339.92,354.79,-0.000029137096135
2025-02-14 12:00:00+00:00,362.79,362.79,350.08,351.35,354.688687,-13.014999999999986,10.356058400472014,2104495,382.602216526759,325.87778347324104,355.98,352.47,356.89,345.53,350.655,0.001753809134243
2025-02-14 16:00:00+00:00,351.26,354.59,347.625,354.46,351.220161,-7.010000000000048,9.903917280409075,2433234,379.0945258262922,327.0154741737077,351.35,355.98,352.47,336.44,339.41,0.001753809134243
2025-02-14 20:00:00+00:00,354.34,356.405,353.64,355.92,355.35078,-4.214999999999975,8.952061643021196,2550030,378.09535215739345,327.12064784260656,354.46,351.35,355.98,356.89,329.94,-0.000015384212020
2025-02-18 12:00:00+00:00,356.21,358.99,352.72,356.39,355.602836,1.599999999999966,8.5944534239517,2663269,376.380867653418,327.58613234658196,355.92,354.46,351.35,352.47,329.04,0.987436271330807
2025-02-18 16:00:00+00:00,356.29,357.1,350.04,353.96,353.604387,3.305000000000007,8.389859634091474,2511665,373.1566650037727,328.82283499622736,356.39,355.92,354.46,355.98,339.92,0.987436271330807
2025-02-18 20:00:00+00:00,353.83,354.29,352.44,354.1,353.560031,14.689999999999998,7.517878349545947,2555041,370.3818461425326,329.9396538574674,353.96,356.39,355.92,351.35,345.53,-0.990411507315002
2025-02-19 12:00:00+00:00,353.61,367.34,353.1,360.665,362.65905,30.725000000000023,8.414161236273149,2754143,369.71155509859574,330.2399449014043,354.1,353.96,356.39,354.46,336.44,-0.992527025868185
2025-02-19 16:00:00+00:00,361.32,365.04,358.44,362.79,362.041366,33.75,8.172273071436733,2956756,369.94749957261473,330.1360004273852,360.665,354.1,353.96,355.92,356.89,-0.992527025868185
2025-02-19 20:00:00+00:00,362.62,362.74,357.64,360.55,360.205343,20.629999999999995,7.7693033285785065,2843236,370.01336398327726,330.11163601672274,362.79,360.665,354.1,356.39,352.47,-0.992527025868185
2025-02-20 12:00:00+00:00,361.93,362.3,348.03,350.17,352.272,4.640000000000043,8.636062884768045,2700766,369.6584922605595,330.0045077394405,360.55,362.79,360.665,353.96,355.98,0.000076014817751
2025-02-20 16:00:00+00:00,350.015,355.21,349.94,354.2,352.824796,17.75999999999999,8.187254500132303,2912933,369.929899796273,330.08760020372705,350.17,360.55,362.79,354.1,351.35,0.000076014817751
2025-02-20 20:00:00+00:00,354.105,354.8,352.88,354.44,353.899703,-2.4499999999999886,7.351620566781332,2990267,370.1241090310392,331.39639096896076,354.2,350.17,360.55,360.665,354.46,-0.923527528066188
2025-02-21 12:00:00+00:00,355.58,355.58,344.82,347.88,349.361302,-4.590000000000032,7.8060711578771524,2835468,368.45183730930114,334.8626626906989,354.44,354.2,350.17,362.79,355.92,0.000041077451897
2025-02-21 16:00:00+00:00,348.09,348.09,334.485,336.91,339.068822,-19.069999999999993,8.579261670160193,2410985,366.8662526468631,337.2352473531369,347.88,354.44,354.2,360.55,356.39,0.000041077451897
2025-02-21 20:00:00+00:00,336.94,338.78,334.99,337.66,336.824097,-13.689999999999998,7.940693447472162,2662687,367.1713971337299,336.7041028662701,336.91,347.88,354.44,350.17,353.96,-0.000783515504736
2025-02-24 12:00:00+00:00,343.69,346.33,324.71,328.31,333.081241,-26.149999999999977,9.764600987809207,2407158,369.45688180026224,332.6966181997379,337.66,336.91,347.88,354.2,354.1,0.999033217914985
2025-02-24 16:00:00+00:00,328.12,338.79,326.93,334.68,334.785293,-21.24000000000001,10.043987522767981,2666283,369.6781953395565,332.29930466044345,328.31,337.66,336.91,354.44,360.665,0.999033217914985
2025-02-24 20:00:00+00:00,334.91,334.91,329.905,330.765,331.631871,-25.625,9.372122519732258,2576377,370.197975673264,329.167024326736,334.68,328.31,337.66,347.88,362.79,0.998980076590669
2025-02-25 12:00:00+00:00,329.09,329.09,301.525,304.16,310.279822,-49.799999999999955,12.021172850434624,1822477,376.09329490395515,318.44070509604484,330.765,334.68,328.31,336.91,360.55,-0.997819111740682
2025-02-25 16:00:00+00:00,304.24,306.41,297.325,301.59,302.133504,-52.51000000000005,11.629683137043346,880628,379.5199581107888,309.5750418892112,304.16,330.765,334.68,337.66,350.17,-0.997819111740682
2025-02-25 20:00:00+00:00,301.495,304.01,298.455,302.76,302.083666,-57.90500000000003,10.819725385437568,1130649,381.56541381684264,302.67058618315747,301.59,304.16,330.765,328.31,354.2,0.999033354542917
2025-02-26 12:00:00+00:00,306.69,308.945,294.285,300.61,301.733242,-62.18000000000001,11.331762000712555,729343,382.5094221324027,296.3415778675973,302.76,301.59,304.16,334.68,354.44,0.995130392897408
2025-02-26 16:00:00+00:00,300.57,302.135,289.0,289.085,295.069689,-71.46500000000003,11.57219373395088,311368,383.8899755221995,288.2775244778005,300.61,302.76,301.59,330.765,347.88,0.995130392897408
2025-02-26 20:00:00+00:00,289.42,292.62,288.085,291.94,290.496819,-58.23000000000002,10.633901236090766,504177,383.5085421159606,282.2139578840395,289.085,300.61,302.76,304.16,336.91,-0.923527528066188
2025-02-27 12:00:00+00:00,297.38,297.38,280.92,286.4,289.791033,-67.80000000000001,11.410714404611994,-242764,383.1287271012088,275.8377728987912,291.94,289.085,300.61,301.59,337.66,0.001767786321579
2025-02-27 16:00:00+00:00,286.64,291.885,283.0,284.5,287.735989,-69.94,11.07395248399706,-711801,381.90735429095764,270.09914570904243,286.4,291.94,289.085,302.76,328.31,0.001767786321579
2025-02-27 20:00:00+00:00,284.605,284.605,281.28,281.97,282.611742,-65.90999999999997,10.040758819464124,-926596,378.7724814901693,265.36451850983065,284.5,286.4,291.94,300.61,334.68,0.997683516470715
2025-02-28 12:00:00+00:00,279.33,292.82,273.64,291.77,284.733655,-45.14000000000004,11.259324310202242,-312577,373.34822270750203,263.68677729249794,281.97,284.5,286.4,289.085,330.765,-0.000293480872642
2025-02-28 16:00:00+00:00,291.8,291.96,281.51,289.775,287.738889,-47.88500000000005,11.151414402175273,-766788,367.4731285335823,262.48437146641777,291.77,281.97,284.5,291.94,304.16,-0.000293480872642
2025-02-28 20:00:00+00:00,289.74,293.585,288.95,293.27,291.712408,-35.04000000000002,10.282559148551902,-509278,362.73091903611476,261.5365809638853,289.775,291.77,281.97,286.4,301.59,-0.000293480872642
2025-03-03 12:00:00+00:00,301.93,303.89,292.11,295.28,298.113977,-39.400000000000034,10.482217928744978,-52713,356.20678393694874,262.16871606305114,293.27,289.775,291.77,284.5,302.76,-0.923527528066188
2025-03-03 16:00:00+00:00,295.81,302.38,283.45,283.47,291.487005,-47.29499999999996,11.608588871578982,-655597,348.83537522517787,262.44312477482214,295.28,293.27,289.775,281.97,300.61,-0.923527528066188
2025-03-03 20:00:00+00:00,283.17,284.93,277.4,284.81,281.835909,-19.350000000000023,11.064777022035123,-246415,341.7251912582386,263.24630874176137,283.47,295.28,293.27,291.77,289.085,0.000013475000742
2025-03-04 12:00:00+00:00,273.91,278.18,261.935,265.83,268.996122,-35.75999999999999,12.639473419097108,-910617,337.9182038248576,259.94529617514246,284.81,283.47,295.28,289.775,291.94,-0.996009398251772
2025-03-04 16:00:00+00:00,265.715,281.45,262.185,280.34,271.518662,-22.420000000000016,13.522876963217492,-268819,331.31293342977955,260.8185665702205,265.83,284.81,283.47,293.27,286.4,-0.996009398251772
2025-03-04 20:00:00+00:00,280.2,284.23,270.445,271.83,276.72933,-28.78000000000003,13.557826701455163,-552248,326.6117936532044,259.87170634679563,280.34,265.83,284.81,295.28,284.5,0.000014715005818
2025-03-05 12:00:00+00:00,272.93,278.13,267.81,272.94,272.537109,-16.144999999999982,13.126116474594474,-210073,318.4161248826718,261.8933751173283,271.83,280.34,265.83,283.47,281.97,-0.955795360845514
2025-03-05 16:00:00+00:00,272.55,279.025,268.04,276.11,272.852564,-15.829999999999984,12.840634277981872,233938,308.90665484200287,265.9373451579971,272.94,271.83,280.34,284.81,291.77,-0.955795360845514
2025-03-05 20:00:00+00:00,276.19,279.54,273.53,279.27,277.189224,-7.1299999999999955,11.929883040917629,426746,306.4278968770988,265.9271031229012,276.11,272.94,271.83,265.83,289.775,0.000007126174751
2025-03-06 12:00:00+00:00,271.33,272.43,264.48,269.79,268.074601,-14.70999999999998,12.311231968795273,36770,304.7359815934635,264.43901840653643,279.27,276.11,272.94,280.34,293.27,0.000030021488783
2025-03-06 16:00:00+00:00,269.92,271.385,260.09,261.895,264.186049,-20.075000000000045,12.175734372955905,-475228,303.214740604675,261.87375939532507,269.79,279.27,276.11,271.83,295.28,0.000030021488783
2025-03-06 20:00:00+00:00,261.28,264.32,260.11,263.44,262.428238,-28.329999999999984,11.113636456561782,-267405,301.20043903124065,260.1710609687593,261.895,269.79,279.27,272.94,283.47,-0.978492307942361
2025-03-07 12:00:00+00:00,262.44,266.125,256.97,259.02,262.069989,-30.754999999999995,10.852484929020207,-702580,301.43800824771967,256.92699175228034,263.44,261.895,269.79,276.11,284.81,0.999419851388666
2025-03-07 16:00:00+00:00,258.91,264.25,250.74,260.6,257.691333,-32.66999999999996,11.206820271817511,-33234,300.49346938440584,254.73753061559415,259.02,263.44,261.895,279.27,265.83,-0.000783515504736
2025-03-07 20:00:00+00:00,260.48,263.465,258.46,262.6,261.723131,-32.67999999999995,10.379910902241843,167203,299.84898279636747,253.00201720363253,260.6,259.02,263.44,269.79,280.34,-0.000783515504736
2025-03-11 12:00:00+00:00,227.49,236.18,218.17,227.44,228.450242,-56.03000000000003,14.919922781942935,-1322041,305.2874220232896,241.8575779767104,262.6,260.6,259.02,261.895,271.83,-0.000196769076865
2025-03-11 16:00:00+00:00,227.585,237.0,223.605,230.55,231.55671,-54.25999999999999,14.716599744350546,-253872,307.7823273997001,234.22067260029985,227.44,262.6,260.6,263.44,272.94,-0.000196769076865
2025-03-11 20:00:00+00:00,231.12,231.12,230.41,230.41,230.852857,-35.41999999999999,12.849053111770473,-254422,307.54749488214185,228.3195051178581,230.55,227.44,262.6,259.02,276.11,-0.994548087939620
2025-03-12 12:00:00+00:00,243.07,251.6,241.12,246.835,246.55438,-33.50499999999997,13.961179363534411,927236,305.0693587366346,226.50364126336535,230.41,230.55,227.44,260.6,279.27,-0.000783515504736
2025-03-12 16:00:00+00:00,246.675,251.81,245.525,248.145,248.316007,-23.684999999999974,12.937688781729822,1648888,301.3219106610827,225.73858933891734,246.835,230.41,230.55,262.6,269.79,-0.000783515504736
2025-03-13 12:00:00+00:00,244.91,248.205,232.6,234.36,238.438935,-38.579999999999984,13.293330277499182,891519,297.30898486160805,223.65951513839198,248.145,246.835,230.41,227.44,261.895,0.998953483343939
2025-03-13 16:00:00+00:00,234.425,242.52,234.29,240.68,238.648793,-35.43000000000001,12.618219573832626,1344348,294.51279237454264,222.17670762545745,234.36,248.145,246.835,230.55,263.44,0.998953483343939
2025-03-14 12:00:00+00:00,245.99,250.56,240.75,249.05,245.748943,-30.21999999999997,12.253123630654942,1888114,290.6947012958879,222.41879870411202,240.68,234.36,248.145,230.41,259.02,-0.000783515504736
2025-03-14 16:00:00+00:00,249.025,251.56,246.55,249.92,248.998723,-19.870000000000033,11.287373813234282,2214003,289.7304172696905,221.79208273030937,249.05,240.68,234.36,246.835,260.6,-0.000783515504736
2025-03-17 12:00:00+00:00,247.17,247.17,233.625,234.345,239.656864,-27.549999999999983,11.955057304803043,1406313,286.6430083410282,220.27999165897177,249.92,249.05,240.68,248.145,262.6,0.567693586694077
2025-03-17 16:00:00+00:00,234.34,240.405,232.84,237.86,236.568929,-25.579999999999984,11.369716330829304,1887428,284.45974479204733,219.06625520795262,234.345,249.92,249.05,234.36,227.44,0.567693586694077
2025-03-18 12:00:00+00:00,231.15,231.15,222.335,228.7,225.363133,-30.319999999999993,11.923754153385397,1293317,282.2012811464722,216.90071885352785,237.86,234.345,249.92,240.68,230.55,-0.998113877954893
2025-03-18 16:00:00+00:00,228.39,229.61,223.38,225.41,226.339863,-35.190000000000026,11.164586932934014,852451,278.846395866985,215.185604133015,228.7,237.86,234.345,249.05,230.41,-0.998113877954893
2025-03-19 12:00:00+00:00,232.31,237.0,229.27,235.54,232.509588,-27.06000000000003,11.22130867520948,1377113,273.1447902528235,216.51420974717652,225.41,228.7,237.86,249.92,246.835,-0.000783515504736
2025-03-19 16:00:00+00:00,235.68,241.35,232.145,235.72,236.009826,8.280000000000001,10.95246751851488,1906854,269.122994077182,217.1290059228181,235.54,225.41,228.7,234.345,248.145,-0.000783515504736
2025-03-20 12:00:00+00:00,232.87,237.945,230.09,231.99,234.428704,1.4399999999999977,10.539471849379561,1351499,266.4978801276584,216.76361987234156,235.72,235.54,225.41,237.86,234.36,-0.995515665505081
2025-03-20 16:00:00+00:00,232.08,236.64,231.79,236.25,234.049301,5.840000000000003,9.78087560279562,1749245,262.9990282447782,217.54347175522184,231.99,235.72,235.54,228.7,240.68,-0.995515665505081
2025-03-21 12:00:00+00:00,235.0,243.645,234.805,241.0,240.375917,-5.835000000000008,9.65542552242287,2327905,260.3283584609183,218.41214153908174,236.25,231.99,235.72,225.41,249.05,0.998979914205847
2025-03-21 16:00:00+00:00,241.24,249.47,240.11,248.84,246.241705,0.6949999999999932,9.616035452766486,2841120,257.8027927656976,219.7617072343025,241.0,236.25,231.99,235.54,249.92,0.998979914205847
2025-03-21 20:00:00+00:00,248.87,248.87,248.87,248.87,248.87,14.509999999999991,8.33789739239762,2841222,254.27573642724863,221.9157635727514,248.84,241.0,236.25,235.72,234.345,-0.993588146171533
2025-03-24 12:00:00+00:00,258.69,274.655,256.34,272.0,268.418256,31.319999999999993,10.664177740077934,4005854,261.74771736433337,218.89978263566667,248.87,248.84,241.0,231.99,237.86,0.003103543189354
2025-03-24 16:00:00+00:00,271.98,278.62,271.55,278.43,275.268104,29.379999999999995,10.184954041400875,4823571,269.5588836874578,215.8766163125421,272.0,248.87,248.84,236.25,228.7,0.003103543189354
2025-03-25 12:00:00+00:00,283.37,283.97,271.35,277.325,276.554753,27.405,10.50962683588076,3850018,275.35419982330956,214.7728001766905,278.43,272.0,248.87,241.0,225.41,-0.923527528066188
2025-03-25 16:00:00+00:00,277.32,288.2,277.0,287.975,282.339987,53.630000000000024,10.601676591096657,4683857,282.9912753646265,211.24972463537347,277.325,278.43,272.0,248.84,235.54,-0.923527528066188
2025-03-25 20:00:00+00:00,289.01,290.75,289.0,290.75,289.603347,52.889999999999986,9.558119712283768,4697851,290.09347495608506,208.4080250439149,287.975,277.325,278.43,248.87,235.72,0.998802033602260
2025-03-26 12:00:00+00:00,282.635,284.52,272.62,273.865,278.125884,45.16500000000002,10.701037083979266,3776393,292.85014147679794,209.6018585232021,290.75,287.975,277.325,272.0,231.99,-0.997921074245824
2025-03-26 16:00:00+00:00,273.89,274.96,266.71,271.97,271.048148,46.56000000000003,10.374232139448697,2925429,295.0922871838014,210.48871281619859,273.865,290.75,287.975,278.43,236.25,-0.997921074245824
2025-03-26 20:00:00+00:00,271.9,272.5,271.9,272.3,272.275,36.76000000000002,9.071001187522208,2925834,297.0915694318648,210.81443056813526,271.97,273.865,290.75,277.325,241.0,-0.806884519523010
2025-03-27 12:00:00+00:00,272.48,291.81,271.88,283.46,282.638799,47.73999999999998,10.518867695852581,3930428,300.6740677792479,210.58593222075217,272.3,271.97,273.865,287.975,248.84,0.998669475346105
2025-03-27 16:00:00+00:00,283.68,287.125,272.07,273.24,277.930598,41.25,11.123685336405572,3056858,302.1050898021048,213.04441019789516,283.46,272.3,271.97,290.75,248.87,0.998669475346105
2025-03-28 12:00:00+00:00,275.97,277.77,260.79,263.56,267.565716,27.310000000000002,11.904527291551492,2245395,302.4684052822084,215.25109471779163,273.24,283.46,272.3,273.865,272.0,0.983265284477966
2025-03-28 16:00:00+00:00,263.39,265.97,260.63,263.54,263.356712,22.54000000000002,11.029256986011298,1613576,301.8576862586172,219.34581374138276,263.56,273.24,283.46,271.97,278.43,0.983265284477966
2025-03-31 12:00:00+00:00,247.05,254.21,243.44,252.41,248.377326,3.569999999999993,12.238689387876462,502737,300.0014233888232,223.90207661117682,263.54,263.56,273.24,272.3,277.325,0.999342574534239
2025-03-31 16:00:00+00:00,252.425,260.425,250.53,259.14,256.722882,10.269999999999982,11.926197469492935,1040920,299.1417521594337,227.12174784056634,252.41,263.54,263.56,283.46,287.975,0.999342574534239
2025-03-31 20:00:00+00:00,258.55,258.55,258.55,258.55,258.55,-13.449999999999989,10.41470447356054,1040820,297.9995451098722,230.54695489012775,259.14,252.41,263.54,273.24,290.75,0.999342574534239
2025-04-01 12:00:00+00:00,263.29,276.26,259.28,275.29,268.664784,-3.1399999999999864,11.387410543752466,1852667,296.8334200239615,236.04307997603846,258.55,259.14,252.41,263.56,273.865,0.999477369376109
2025-04-01 16:00:00+00:00,275.4,277.44,267.15,268.535,272.257582,-8.789999999999964,11.241089137918808,983600,294.92183323357847,241.18316676642152,275.29,258.55,259.14,263.54,271.97,0.999477369376109
2025-04-02 12:00:00+00:00,258.23,281.55,251.36,278.34,267.16194,-9.635000000000048,13.767610586196302,2138529,293.90895467878494,245.93004532121498,268.535,275.29,258.55,252.41,272.3,-0.000295592850307
2025-04-02 16:00:00+00:00,278.4,284.93,276.24,282.7,281.433994,-8.050000000000011,13.09059584137013,3558931,294.0683845879551,249.1566154120449,278.34,268.535,275.29,259.14,283.46,-0.000295592850307
2025-04-02 20:00:00+00:00,283.0,286.75,269.01,271.64,273.179132,-2.2250000000000227,13.710516395854114,3555451,292.49740742797917,253.00459257202075,282.7,278.34,268.535,258.55,273.24,-0.000019798011635
2025-04-03 12:00:00+00:00,267.83,276.23,261.54,267.24,267.922619,-4.730000000000018,13.841114209740232,2844514,292.4116755442924,252.61432445570767,271.64,282.7,278.34,275.29,263.56,-0.997836573165841
2025-04-03 16:00:00+00:00,267.09,271.59,264.9,267.17,268.092404,-5.1299999999999955,12.8876323151082,2133721,291.7808345763857,252.11916542361428,267.24,271.64,282.7,268.535,263.54,-0.997836573165841
2025-04-04 12:00:00+00:00,252.0,260.87,236.0,242.13,247.47086,-41.329999999999984,15.325281339760444,539691,293.88302870767245,246.49747129232753,267.17,267.24,271.64,278.34,252.41,-0.000078255332483
2025-04-04 16:00:00+00:00,242.06,246.18,238.43,239.34,241.764548,-33.900000000000006,14.315243827792385,-549819,293.64722668691377,241.86977331308626,242.13,267.17,267.24,282.7,259.14,-0.000078255332483
2025-04-07 12:00:00+00:00,222.59,252.0,214.35,227.87,230.021516,-35.69,17.4265446507534,-2264283,293.8084537539121,235.42054624608792,239.34,242.13,267.17,271.64,258.55,-0.923527528066188
2025-04-07 16:00:00+00:00,227.73,237.37,225.15,233.3,231.140152,-30.24000000000001,16.732338697319612,-1172220,294.5767523528169,230.59574764718298,227.87,239.34,242.13,267.24,275.29,-0.923527528066188
2025-04-07 20:00:00+00:00,234.5,234.5,234.5,234.5,234.5,-17.909999999999997,14.661360204343662,-1172050,294.7149040300075,226.71059596999254,233.3,227.87,239.34,267.17,268.535,0.000045797809435
2025-04-08 12:00:00+00:00,242.66,250.4,241.36,242.96,245.777088,-16.17999999999998,14.826512177097841,-292384,293.67202443264745,224.81947556735253,234.5,233.3,227.87,242.13,278.34,-0.974710191832855
2025-04-08 16:00:00+00:00,242.745,242.745,217.8,221.89,227.42952,-36.660000000000025,16.204310553484795,-2120981,292.43853391131427,219.89596608868578,242.96,234.5,233.3,239.34,282.7,-0.974710191832855
2025-04-09 12:00:00+00:00,219.62,236.0,219.62,229.81,230.305383,-45.48000000000002,16.227735813020153,-1189861,291.1527320986643,216.8387679013357,221.89,242.96,234.5,227.87,271.64,0.999387240372016
2025-04-09 16:00:00+00:00,229.5,274.57,228.8,272.12,255.718851,3.5849999999999795,20.166704371284133,567064,292.23601797227013,216.61148202772983,229.81,221.89,242.96,233.3,267.24,0.999387240372016
2025-04-09 20:00:00+00:00,272.44,274.73,270.75,274.39,272.342,-3.9499999999999886,18.008477121779585,569096,293.6309493733019,216.3015506266981,272.12,229.81,221.89,234.5,267.17,0.999148503440665
2025-04-10 12:00:00+00:00,263.61,267.45,244.5,244.9,254.809716,-37.79999999999998,19.592680172208972,-309132,293.5050420943805,215.6764579056195,274.39,272.12,229.81,242.96,242.13,0.999066324002342
2025-04-10 16:00:00+00:00,244.845,256.42,239.53,252.57,248.447788,-19.069999999999993,19.232322815914447,1300505,293.125734752419,215.39876524758097,244.9,274.39,272.12,221.89,239.34,0.999066324002342
2025-04-11 12:00:00+00:00,252.57,257.67,242.19,244.89,248.633256,-22.350000000000023,18.73201310712586,493470,292.605244343129,214.553255656871,252.57,244.9,274.39,229.81,227.87,-0.642692723311484
2025-04-11 16:00:00+00:00,244.9,252.23,241.48,252.23,248.377954,-14.940000000000026,17.667744692842412,1335367,290.09030446417694,214.76219553582317,244.89,252.57,244.9,272.12,233.3,-0.923527528066188
2025-04-14 12:00:00+00:00,258.28,261.73,247.725,249.01,254.879867,6.8799999999999955,17.17937873379676,644800,288.36063860327465,214.53936139672533,252.23,244.89,252.57,274.39,234.5,-0.923527528066188
2025-04-14 16:00:00+00:00,248.89,255.93,246.02,252.45,250.544182,13.109999999999985,16.210128235957193,1296083,284.84446592345193,215.46653407654804,249.01,252.23,244.89,244.9,242.96,-0.923527528066188
