timestamp,sentiment
2020-07-27 12:00:00+00:00,0.000088805572886
2020-07-27 16:00:00+00:00,0.000088805572886
2020-07-28 12:00:00+00:00,0.000088805572886
2020-07-28 16:00:00+00:00,0.000088805572886
2020-07-29 12:00:00+00:00,0.000088805572886
2020-07-29 16:00:00+00:00,0.000088805572886
2020-07-30 12:00:00+00:00,0.000088805572886
2020-07-30 16:00:00+00:00,0.000088805572886
2020-07-31 12:00:00+00:00,0.000088805572886
2020-07-31 16:00:00+00:00,0.000088805572886
2020-08-03 12:00:00+00:00,0.000088805572886
2020-08-03 16:00:00+00:00,0.000088805572886
2020-08-04 12:00:00+00:00,0.000088805572886
2020-08-04 16:00:00+00:00,0.000088805572886
2020-08-05 12:00:00+00:00,0.000088805572886
2020-08-05 16:00:00+00:00,0.000088805572886
2020-08-06 12:00:00+00:00,0.000088805572886
2020-08-06 16:00:00+00:00,0.000088805572886
2020-08-07 12:00:00+00:00,0.000088805572886
2020-08-07 16:00:00+00:00,0.000088805572886
2020-08-10 12:00:00+00:00,0.000088805572886
2020-08-10 16:00:00+00:00,0.000088805572886
2020-08-11 12:00:00+00:00,0.000088805572886
2020-08-11 16:00:00+00:00,0.000088805572886
2020-08-12 12:00:00+00:00,0.000088805572886
2020-08-12 16:00:00+00:00,0.000088805572886
2020-08-12 20:00:00+00:00,0.000088805572886
2020-08-13 12:00:00+00:00,0.000088805572886
2020-08-13 16:00:00+00:00,0.000088805572886
2020-08-14 12:00:00+00:00,0.000088805572886
2020-08-14 16:00:00+00:00,0.000088805572886
2020-08-17 12:00:00+00:00,0.000088805572886
2020-08-17 16:00:00+00:00,0.000088805572886
2020-08-17 20:00:00+00:00,0.000088805572886
2020-08-18 12:00:00+00:00,0.000088805572886
2020-08-18 16:00:00+00:00,0.000088805572886
2020-08-19 12:00:00+00:00,0.000088805572886
2020-08-19 16:00:00+00:00,0.000088805572886
2020-08-20 12:00:00+00:00,0.000088805572886
2020-08-20 16:00:00+00:00,0.000088805572886
2020-08-20 20:00:00+00:00,0.000088805572886
2020-08-21 12:00:00+00:00,0.000088805572886
2020-08-21 16:00:00+00:00,0.000088805572886
2020-08-24 12:00:00+00:00,0.000088805572886
2020-08-24 16:00:00+00:00,0.000088805572886
2020-08-25 12:00:00+00:00,0.000088805572886
2020-08-25 16:00:00+00:00,0.000088805572886
2020-08-26 12:00:00+00:00,0.000088805572886
2020-08-26 16:00:00+00:00,0.000088805572886
2020-08-27 12:00:00+00:00,0.000088805572886
2020-08-27 16:00:00+00:00,0.000088805572886
2020-08-28 12:00:00+00:00,0.000088805572886
2020-08-28 16:00:00+00:00,0.000088805572886
2020-08-31 12:00:00+00:00,0.000088805572886
2020-08-31 16:00:00+00:00,0.000088805572886
2020-09-01 12:00:00+00:00,0.000088805572886
2020-09-01 16:00:00+00:00,0.000088805572886
2020-09-01 20:00:00+00:00,0.000088805572886
2020-09-02 12:00:00+00:00,0.000088805572886
2020-09-02 16:00:00+00:00,0.000088805572886
2020-09-02 20:00:00+00:00,0.000088805572886
2020-09-03 12:00:00+00:00,0.000088805572886
2020-09-03 16:00:00+00:00,0.000088805572886
2020-09-04 12:00:00+00:00,0.000088805572886
2020-09-04 16:00:00+00:00,0.000088805572886
2020-09-04 20:00:00+00:00,0.000088805572886
2020-09-08 12:00:00+00:00,0.000088805572886
2020-09-08 16:00:00+00:00,0.000088805572886
2020-09-09 12:00:00+00:00,0.000088805572886
2020-09-09 16:00:00+00:00,0.000088805572886
2020-09-10 12:00:00+00:00,0.000088805572886
2020-09-10 16:00:00+00:00,0.000088805572886
2020-09-11 12:00:00+00:00,0.000088805572886
2020-09-11 16:00:00+00:00,0.000088805572886
2020-09-14 12:00:00+00:00,0.000088805572886
2020-09-14 16:00:00+00:00,0.000088805572886
2020-09-15 12:00:00+00:00,0.000088805572886
2020-09-15 16:00:00+00:00,0.000088805572886
2020-09-16 12:00:00+00:00,0.000088805572886
2020-09-16 16:00:00+00:00,0.000088805572886
2020-09-17 12:00:00+00:00,0.000088805572886
2020-09-17 16:00:00+00:00,0.000088805572886
2020-09-18 12:00:00+00:00,0.000088805572886
2020-09-18 16:00:00+00:00,0.000088805572886
2020-09-21 12:00:00+00:00,0.000088805572886
2020-09-21 16:00:00+00:00,0.000088805572886
2020-09-22 12:00:00+00:00,0.000088805572886
2020-09-22 16:00:00+00:00,0.000088805572886
2020-09-23 12:00:00+00:00,0.000088805572886
2020-09-23 16:00:00+00:00,0.000088805572886
2020-09-24 12:00:00+00:00,0.000088805572886
2020-09-24 16:00:00+00:00,0.000088805572886
2020-09-25 12:00:00+00:00,0.000088805572886
2020-09-25 16:00:00+00:00,0.000088805572886
2020-09-25 20:00:00+00:00,0.000088805572886
2020-09-28 12:00:00+00:00,0.000088805572886
2020-09-28 16:00:00+00:00,0.000088805572886
2020-09-29 12:00:00+00:00,0.000088805572886
2020-09-29 16:00:00+00:00,0.000088805572886
2020-09-30 12:00:00+00:00,0.000088805572886
2020-09-30 16:00:00+00:00,0.000088805572886
2020-10-01 12:00:00+00:00,0.000088805572886
2020-10-01 16:00:00+00:00,0.000088805572886
2020-10-01 20:00:00+00:00,0.000088805572886
2020-10-02 12:00:00+00:00,0.000088805572886
2020-10-02 16:00:00+00:00,0.000088805572886
2020-10-05 12:00:00+00:00,0.000088805572886
2020-10-05 16:00:00+00:00,0.000088805572886
2020-10-06 12:00:00+00:00,0.000088805572886
2020-10-06 16:00:00+00:00,0.000088805572886
2020-10-07 12:00:00+00:00,0.000088805572886
2020-10-07 16:00:00+00:00,0.000088805572886
2020-10-08 12:00:00+00:00,0.000088805572886
2020-10-08 16:00:00+00:00,0.000088805572886
2020-10-09 12:00:00+00:00,-0.000007244649169
2020-10-09 16:00:00+00:00,-0.000007244649169
2020-10-12 12:00:00+00:00,0.999367931246525
2020-10-12 16:00:00+00:00,0.999367931246525
2020-10-13 12:00:00+00:00,0.000391368965211
2020-10-13 16:00:00+00:00,0.000391368965211
2020-10-14 12:00:00+00:00,0.000028314865631
2020-10-14 16:00:00+00:00,0.000028314865631
2020-10-15 12:00:00+00:00,0.031083832713193
2020-10-15 16:00:00+00:00,0.031083832713193
2020-10-16 12:00:00+00:00,0.681615248322487
2020-10-16 16:00:00+00:00,0.681615248322487
2020-10-19 12:00:00+00:00,0.999360869202064
2020-10-19 16:00:00+00:00,0.999360869202064
2020-10-20 12:00:00+00:00,0.080615315499017
2020-10-20 16:00:00+00:00,0.080615315499017
2020-10-21 12:00:00+00:00,-0.000029662231100
2020-10-21 16:00:00+00:00,-0.000029662231100
2020-10-21 20:00:00+00:00,0.999477437304449
2020-10-22 12:00:00+00:00,0.999433257704368
2020-10-22 16:00:00+00:00,0.999433257704368
2020-10-23 12:00:00+00:00,-0.853514309041202
2020-10-23 16:00:00+00:00,-0.013678612187505
2020-10-26 12:00:00+00:00,0.999297775575542
2020-10-26 16:00:00+00:00,0.999297775575542
2020-10-27 12:00:00+00:00,0.999234924034681
2020-10-27 16:00:00+00:00,0.999234924034681
2020-10-28 12:00:00+00:00,-0.996477994078305
2020-10-28 16:00:00+00:00,0.000151226318849
2020-10-29 12:00:00+00:00,-0.596160054672509
2020-10-29 16:00:00+00:00,-0.596160054672509
2020-10-30 12:00:00+00:00,0.712478597648442
2020-10-30 16:00:00+00:00,0.998782683775062
2020-11-02 12:00:00+00:00,0.000004796085705
2020-11-02 16:00:00+00:00,0.000004796085705
2020-11-02 20:00:00+00:00,0.000078992288763
2020-11-03 12:00:00+00:00,-0.000023609110940
2020-11-03 16:00:00+00:00,-0.000023609110940
2020-11-03 20:00:00+00:00,0.009288378976635
2020-11-04 12:00:00+00:00,-0.656507662497461
2020-11-04 16:00:00+00:00,-0.656507662497461
2020-11-04 20:00:00+00:00,0.063470015360508
2020-11-05 12:00:00+00:00,0.000016773366951
2020-11-05 16:00:00+00:00,0.000016773366951
2020-11-05 20:00:00+00:00,0.000065266067395
2020-11-06 12:00:00+00:00,0.000058445388277
2020-11-06 16:00:00+00:00,0.999425704969326
2020-11-06 20:00:00+00:00,0.999425704969326
2020-11-09 12:00:00+00:00,0.000007832124538
2020-11-09 16:00:00+00:00,0.000007832124538
2020-11-09 20:00:00+00:00,0.999391788456705
2020-11-10 12:00:00+00:00,0.994814966659760
2020-11-10 16:00:00+00:00,0.994814966659760
2020-11-10 20:00:00+00:00,-0.997740796738071
2020-11-11 12:00:00+00:00,0.996689037943725
2020-11-11 16:00:00+00:00,0.996689037943725
2020-11-11 20:00:00+00:00,0.999304613360437
2020-11-12 12:00:00+00:00,-0.971423392882571
2020-11-12 16:00:00+00:00,-0.971423392882571
2020-11-12 20:00:00+00:00,0.117813683405984
2020-11-13 12:00:00+00:00,0.998936262301868
2020-11-13 16:00:00+00:00,0.998936262301868
2020-11-13 20:00:00+00:00,0.251194428303279
2020-11-16 12:00:00+00:00,0.991346308466746
2020-11-16 16:00:00+00:00,0.991346308466746
2020-11-16 20:00:00+00:00,0.998838999279542
2020-11-17 12:00:00+00:00,-0.988859131932259
2020-11-17 16:00:00+00:00,-0.988859131932259
2020-11-17 20:00:00+00:00,-0.000009292405593
2020-11-18 12:00:00+00:00,0.000273672267213
2020-11-18 16:00:00+00:00,0.000273672267213
2020-11-18 20:00:00+00:00,0.220365156361368
2020-11-19 12:00:00+00:00,-0.000009671039152
2020-11-19 16:00:00+00:00,-0.000009671039152
2020-11-19 20:00:00+00:00,-0.971423392882571
2020-11-20 12:00:00+00:00,-0.988859131932259
2020-11-20 16:00:00+00:00,-0.988859131932259
2020-11-20 20:00:00+00:00,0.000301100953948
2020-11-23 12:00:00+00:00,0.984363206574926
2020-11-23 16:00:00+00:00,0.997827743820380
2020-11-23 20:00:00+00:00,0.997827743820380
2020-11-24 12:00:00+00:00,0.000000891530362
2020-11-24 16:00:00+00:00,0.000000891530362
2020-11-24 20:00:00+00:00,0.989004845439922
2020-11-25 12:00:00+00:00,0.998813312893617
2020-11-25 16:00:00+00:00,0.998813312893617
2020-11-25 20:00:00+00:00,0.000010427596862
2020-11-27 12:00:00+00:00,0.998136050329776
2020-11-27 16:00:00+00:00,0.998136050329776
2020-11-30 12:00:00+00:00,-0.991783266421407
2020-11-30 16:00:00+00:00,-0.991783266421407
2020-11-30 20:00:00+00:00,-0.000023857446649
2020-12-01 12:00:00+00:00,-0.972533812979236
2020-12-01 16:00:00+00:00,-0.972533812979236
2020-12-01 20:00:00+00:00,-0.000062374936533
2020-12-02 12:00:00+00:00,0.986373374093091
2020-12-02 16:00:00+00:00,0.986373374093091
2020-12-02 20:00:00+00:00,0.001578287883603
2020-12-03 12:00:00+00:00,0.998691136803245
2020-12-03 16:00:00+00:00,0.998691136803245
2020-12-03 20:00:00+00:00,-0.988859131932259
2020-12-04 12:00:00+00:00,-0.975629007909447
2020-12-04 16:00:00+00:00,-0.975629007909447
2020-12-04 20:00:00+00:00,0.000054174779507
2020-12-07 12:00:00+00:00,-0.992420115158893
2020-12-07 16:00:00+00:00,-0.992420115158893
2020-12-07 20:00:00+00:00,-0.000374004201149
2020-12-08 12:00:00+00:00,-0.971423392882571
2020-12-08 16:00:00+00:00,-0.971423392882571
2020-12-08 20:00:00+00:00,0.000136294576805
2020-12-09 12:00:00+00:00,-0.988151385332458
2020-12-09 16:00:00+00:00,-0.988151385332458
2020-12-09 20:00:00+00:00,-0.997028666024562
2020-12-10 12:00:00+00:00,-0.972230707760900
2020-12-10 16:00:00+00:00,-0.972230707760900
2020-12-10 20:00:00+00:00,-0.995181976351887
2020-12-11 12:00:00+00:00,-0.972230707760900
2020-12-11 16:00:00+00:00,-0.972230707760900
2020-12-11 20:00:00+00:00,0.999243456521071
2020-12-14 12:00:00+00:00,-0.971423392882571
2020-12-14 16:00:00+00:00,-0.971423392882571
2020-12-14 20:00:00+00:00,0.998949196218746
2020-12-15 12:00:00+00:00,0.000990523250948
2020-12-15 16:00:00+00:00,0.000990523250948
2020-12-15 20:00:00+00:00,0.998635217081755
2020-12-16 12:00:00+00:00,0.000072468406870
2020-12-16 16:00:00+00:00,0.000072468406870
2020-12-16 20:00:00+00:00,0.008828693520627
2020-12-17 12:00:00+00:00,-0.971423392882571
2020-12-17 16:00:00+00:00,-0.971423392882571
2020-12-17 20:00:00+00:00,0.000010171512258
2020-12-18 12:00:00+00:00,-0.991783266421407
2020-12-18 16:00:00+00:00,-0.991783266421407
2020-12-18 20:00:00+00:00,0.904134647542378
2020-12-21 12:00:00+00:00,0.999474257012480
2020-12-21 16:00:00+00:00,0.999474257012480
2020-12-21 20:00:00+00:00,-0.870660409331322
2020-12-22 12:00:00+00:00,0.000070781272370
2020-12-22 16:00:00+00:00,0.000070781272370
2020-12-22 20:00:00+00:00,-0.971423392882571
2020-12-23 12:00:00+00:00,-0.997892796003725
2020-12-23 16:00:00+00:00,-0.997892796003725
2020-12-23 20:00:00+00:00,0.000010121973901
2020-12-24 12:00:00+00:00,0.000057263343479
2020-12-24 16:00:00+00:00,0.002142087570974
2020-12-28 12:00:00+00:00,-0.993323584552854
2020-12-28 16:00:00+00:00,-0.988151385332458
2020-12-28 20:00:00+00:00,-0.988151385332458
2020-12-29 12:00:00+00:00,-0.971423392882571
2020-12-29 16:00:00+00:00,-0.971423392882571
2020-12-29 20:00:00+00:00,0.000578159379074
2020-12-30 12:00:00+00:00,0.999268204192049
2020-12-30 16:00:00+00:00,0.999268204192049
2020-12-30 20:00:00+00:00,0.999190833259490
2020-12-31 12:00:00+00:00,0.999475347300177
2020-12-31 16:00:00+00:00,0.999475347300177
2020-12-31 20:00:00+00:00,-0.992420115158893
2021-01-04 12:00:00+00:00,0.997232185880421
2021-01-04 16:00:00+00:00,0.997232185880421
2021-01-04 20:00:00+00:00,0.996446575882146
2021-01-05 12:00:00+00:00,0.998474368097959
2021-01-05 16:00:00+00:00,0.998474368097959
2021-01-05 20:00:00+00:00,0.000023583103030
2021-01-06 12:00:00+00:00,0.000020169904019
2021-01-06 16:00:00+00:00,0.000020169904019
2021-01-06 20:00:00+00:00,0.007049806517898
2021-01-07 12:00:00+00:00,-0.972230707760900
2021-01-07 16:00:00+00:00,-0.972230707760900
2021-01-07 20:00:00+00:00,0.997236188995885
2021-01-08 12:00:00+00:00,-0.971423392882571
2021-01-08 16:00:00+00:00,-0.971423392882571
2021-01-08 20:00:00+00:00,0.000513137918460
2021-01-11 12:00:00+00:00,0.000157403257617
2021-01-11 16:00:00+00:00,0.000157403257617
2021-01-11 20:00:00+00:00,-0.992361997894477
2021-01-12 12:00:00+00:00,-0.972230707760900
2021-01-12 16:00:00+00:00,-0.972230707760900
2021-01-12 20:00:00+00:00,0.999479890990187
2021-01-13 12:00:00+00:00,0.026709943078458
2021-01-13 16:00:00+00:00,0.026709943078458
2021-01-13 20:00:00+00:00,0.001631635343074
2021-01-14 12:00:00+00:00,-0.000017529862816
2021-01-14 16:00:00+00:00,-0.000017529862816
2021-01-14 20:00:00+00:00,-0.988151385332458
2021-01-15 12:00:00+00:00,0.001875830290373
2021-01-15 16:00:00+00:00,0.001875830290373
2021-01-15 20:00:00+00:00,-0.931355879642069
2021-01-19 12:00:00+00:00,0.999369424986071
2021-01-19 16:00:00+00:00,0.999369424986071
2021-01-19 20:00:00+00:00,0.000102178495581
2021-01-20 12:00:00+00:00,0.000027899848646
2021-01-20 16:00:00+00:00,0.000027899848646
2021-01-20 20:00:00+00:00,-0.984144728747196
2021-01-21 12:00:00+00:00,-0.988151385332458
2021-01-21 16:00:00+00:00,-0.988151385332458
2021-01-21 20:00:00+00:00,0.999481768085388
2021-01-22 12:00:00+00:00,0.999468997397344
2021-01-22 16:00:00+00:00,0.999468997397344
2021-01-22 20:00:00+00:00,0.000045273329306
2021-01-25 12:00:00+00:00,-0.992577113211155
2021-01-25 16:00:00+00:00,-0.992577113211155
2021-01-25 20:00:00+00:00,0.169911209406564
2021-01-26 12:00:00+00:00,0.997851019244990
2021-01-26 16:00:00+00:00,0.997851019244990
2021-01-26 20:00:00+00:00,0.956702943600249
2021-01-27 12:00:00+00:00,0.998772910592379
2021-01-27 16:00:00+00:00,0.998772910592379
2021-01-27 20:00:00+00:00,-0.000013699769625
2021-01-28 12:00:00+00:00,-0.972230707760900
2021-01-28 16:00:00+00:00,-0.972230707760900
2021-01-28 20:00:00+00:00,0.999345222953707
2021-01-29 12:00:00+00:00,-0.989254657179117
2021-01-29 16:00:00+00:00,-0.989254657179117
2021-01-29 20:00:00+00:00,-0.998061025224160
2021-02-01 12:00:00+00:00,0.999132765180548
2021-02-01 16:00:00+00:00,0.999132765180548
2021-02-01 20:00:00+00:00,0.999422414883156
2021-02-02 12:00:00+00:00,-0.992951378226280
2021-02-02 16:00:00+00:00,-0.992951378226280
2021-02-02 20:00:00+00:00,0.998045974876732
2021-02-03 12:00:00+00:00,0.995495414623292
2021-02-03 16:00:00+00:00,0.995495414623292
2021-02-03 20:00:00+00:00,0.000010417759768
2021-02-04 12:00:00+00:00,0.087792235775851
2021-02-04 16:00:00+00:00,0.087792235775851
2021-02-04 20:00:00+00:00,0.000037612822780
2021-02-05 12:00:00+00:00,0.000025072033168
2021-02-05 16:00:00+00:00,0.000025072033168
2021-02-05 20:00:00+00:00,0.997653130994877
2021-02-08 12:00:00+00:00,0.972580993373413
2021-02-08 16:00:00+00:00,0.972580993373413
2021-02-08 20:00:00+00:00,0.000427755840064
2021-02-09 12:00:00+00:00,0.000143124787428
2021-02-09 16:00:00+00:00,0.000143124787428
2021-02-09 20:00:00+00:00,0.276283085346222
2021-02-10 12:00:00+00:00,-0.972230707760900
2021-02-10 16:00:00+00:00,-0.972230707760900
2021-02-10 20:00:00+00:00,0.000045458502427
2021-02-11 12:00:00+00:00,-0.972230707760900
2021-02-11 16:00:00+00:00,-0.972230707760900
2021-02-11 20:00:00+00:00,0.998903631683788
2021-02-12 12:00:00+00:00,0.000013670905901
2021-02-12 16:00:00+00:00,0.000013670905901
2021-02-12 20:00:00+00:00,0.000018089696823
2021-02-16 12:00:00+00:00,-0.971423392882571
2021-02-16 16:00:00+00:00,-0.971423392882571
2021-02-16 20:00:00+00:00,0.067843034659745
2021-02-17 12:00:00+00:00,0.999324914489989
2021-02-17 16:00:00+00:00,0.999324914489989
2021-02-17 20:00:00+00:00,0.906101119762752
2021-02-18 12:00:00+00:00,0.000089510765974
2021-02-18 16:00:00+00:00,0.000089510765974
2021-02-18 20:00:00+00:00,-0.931355879642069
2021-02-19 12:00:00+00:00,0.999183251435170
2021-02-19 16:00:00+00:00,0.999183251435170
2021-02-19 20:00:00+00:00,0.000082262973592
2021-02-22 12:00:00+00:00,0.000060360063799
2021-02-22 16:00:00+00:00,0.000060360063799
2021-02-22 20:00:00+00:00,0.999171835588641
2021-02-23 12:00:00+00:00,0.000718966985005
2021-02-23 16:00:00+00:00,0.000718966985005
2021-02-23 20:00:00+00:00,-0.000002317905455
2021-02-24 12:00:00+00:00,0.998997040005634
2021-02-24 16:00:00+00:00,0.998997040005634
2021-02-24 20:00:00+00:00,0.000016667589080
2021-02-25 12:00:00+00:00,-0.991783266421407
2021-02-25 16:00:00+00:00,-0.991783266421407
2021-02-25 20:00:00+00:00,-0.000003636610927
2021-02-26 12:00:00+00:00,0.983503554016352
2021-02-26 16:00:00+00:00,0.983503554016352
2021-02-26 20:00:00+00:00,-0.971423392882571
2021-03-01 12:00:00+00:00,-0.972230707760900
2021-03-01 16:00:00+00:00,-0.972230707760900
2021-03-01 20:00:00+00:00,-0.000055197084293
2021-03-02 12:00:00+00:00,0.002051723422483
2021-03-02 16:00:00+00:00,0.002051723422483
2021-03-02 20:00:00+00:00,-0.998002826236188
2021-03-03 12:00:00+00:00,0.992524135712301
2021-03-03 16:00:00+00:00,0.992524135712301
2021-03-03 20:00:00+00:00,0.999381778470706
2021-03-04 12:00:00+00:00,-0.972230707760900
2021-03-04 16:00:00+00:00,-0.972230707760900
2021-03-04 20:00:00+00:00,0.997658150969073
2021-03-05 12:00:00+00:00,0.102759126166347
2021-03-05 16:00:00+00:00,0.102759126166347
2021-03-05 20:00:00+00:00,-0.000688832762535
2021-03-08 12:00:00+00:00,0.000032560426916
2021-03-08 16:00:00+00:00,0.000032560426916
2021-03-08 20:00:00+00:00,0.005308138832333
2021-03-09 12:00:00+00:00,0.996675855392823
2021-03-09 16:00:00+00:00,0.996675855392823
2021-03-09 20:00:00+00:00,0.001619011738512
2021-03-10 12:00:00+00:00,0.865694904699922
2021-03-10 16:00:00+00:00,0.865694904699922
2021-03-10 20:00:00+00:00,-0.972230707760900
2021-03-11 12:00:00+00:00,-0.981763013172895
2021-03-11 16:00:00+00:00,-0.981763013172895
2021-03-11 20:00:00+00:00,0.000387178162782
2021-03-12 12:00:00+00:00,-0.962419187882915
2021-03-12 16:00:00+00:00,-0.962419187882915
2021-03-12 20:00:00+00:00,-0.000124049991427
2021-03-15 12:00:00+00:00,0.000031781644793
2021-03-15 16:00:00+00:00,0.000031781644793
2021-03-16 12:00:00+00:00,0.010860615191632
2021-03-16 16:00:00+00:00,0.010860615191632
2021-03-17 12:00:00+00:00,0.998814825696172
2021-03-17 16:00:00+00:00,0.998814825696172
2021-03-18 12:00:00+00:00,0.999280199641362
2021-03-18 16:00:00+00:00,0.999280199641362
2021-03-19 12:00:00+00:00,-0.972230707760900
2021-03-19 16:00:00+00:00,-0.972230707760900
2021-03-22 12:00:00+00:00,0.029098674654961
2021-03-22 16:00:00+00:00,0.029098674654961
2021-03-23 12:00:00+00:00,-0.993594129802659
2021-03-23 16:00:00+00:00,-0.923118890728801
2021-03-24 12:00:00+00:00,0.000139219220728
2021-03-24 16:00:00+00:00,0.000139219220728
2021-03-25 12:00:00+00:00,0.931355741224252
2021-03-25 16:00:00+00:00,0.931355741224252
2021-03-26 12:00:00+00:00,-0.975629007909447
2021-03-26 16:00:00+00:00,-0.975629007909447
2021-03-29 12:00:00+00:00,0.996474956278689
2021-03-29 16:00:00+00:00,0.996474956278689
2021-03-30 12:00:00+00:00,0.000114428356028
2021-03-30 16:00:00+00:00,0.000114428356028
2021-03-31 12:00:00+00:00,-0.991783266421407
2021-03-31 16:00:00+00:00,-0.991783266421407
2021-04-01 12:00:00+00:00,0.999419155763462
2021-04-01 16:00:00+00:00,0.999419155763462
2021-04-05 12:00:00+00:00,0.999345345480833
2021-04-05 16:00:00+00:00,0.999345345480833
2021-04-05 20:00:00+00:00,0.999278523901012
2021-04-06 12:00:00+00:00,0.999426077876706
2021-04-06 16:00:00+00:00,0.999426077876706
2021-04-07 12:00:00+00:00,-0.972230707760900
2021-04-07 16:00:00+00:00,-0.972230707760900
2021-04-08 12:00:00+00:00,-0.990386997582391
2021-04-08 16:00:00+00:00,-0.990386997582391
2021-04-09 12:00:00+00:00,-0.602631510817446
2021-04-09 16:00:00+00:00,-0.602631510817446
2021-04-12 12:00:00+00:00,0.000447422778961
2021-04-12 16:00:00+00:00,0.000447422778961
2021-04-13 12:00:00+00:00,0.997518549935194
2021-04-13 16:00:00+00:00,0.997518549935194
2021-04-14 12:00:00+00:00,0.999349850768340
2021-04-14 16:00:00+00:00,0.999349850768340
2021-04-15 12:00:00+00:00,0.000222538852540
2021-04-15 16:00:00+00:00,0.000222538852540
2021-04-16 12:00:00+00:00,0.999220302779577
2021-04-16 16:00:00+00:00,0.999220302779577
2021-04-19 12:00:00+00:00,-0.996264331508428
2021-04-19 16:00:00+00:00,-0.996264331508428
2021-04-20 12:00:00+00:00,-0.000012213524315
2021-04-20 16:00:00+00:00,0.000091458859970
2021-04-21 12:00:00+00:00,0.999435129895573
2021-04-21 16:00:00+00:00,0.999435129895573
2021-04-22 12:00:00+00:00,0.999117159764864
2021-04-22 16:00:00+00:00,0.999117159764864
2021-04-23 12:00:00+00:00,-0.971423392882571
2021-04-23 16:00:00+00:00,-0.971423392882571
2021-04-26 12:00:00+00:00,0.588407433591783
2021-04-26 16:00:00+00:00,0.588407433591783
2021-04-26 20:00:00+00:00,0.000023501768737
2021-04-27 12:00:00+00:00,-0.976189333014190
2021-04-27 16:00:00+00:00,-0.976189333014190
2021-04-28 12:00:00+00:00,-0.971423392882571
2021-04-28 16:00:00+00:00,-0.971423392882571
2021-04-29 12:00:00+00:00,-0.091738806600915
2021-04-29 16:00:00+00:00,-0.091738806600915
2021-04-30 12:00:00+00:00,-0.997802820580546
2021-04-30 16:00:00+00:00,-0.997802820580546
2021-05-03 12:00:00+00:00,0.011644456681097
2021-05-03 16:00:00+00:00,0.011644456681097
2021-05-04 12:00:00+00:00,0.575583986938000
2021-05-04 16:00:00+00:00,0.575583986938000
2021-05-05 12:00:00+00:00,0.999051553983008
2021-05-05 16:00:00+00:00,0.999051553983008
2021-05-06 12:00:00+00:00,-0.992084579775110
2021-05-06 16:00:00+00:00,-0.992084579775110
2021-05-07 12:00:00+00:00,-0.000008035123756
2021-05-07 16:00:00+00:00,-0.000008035123756
2021-05-10 12:00:00+00:00,0.027609932061750
2021-05-10 16:00:00+00:00,0.027609932061750
2021-05-11 12:00:00+00:00,-0.975629007909447
2021-05-11 16:00:00+00:00,-0.975629007909447
2021-05-11 20:00:00+00:00,0.001964724790014
2021-05-12 12:00:00+00:00,-0.210730530321598
2021-05-12 16:00:00+00:00,-0.210730530321598
2021-05-12 20:00:00+00:00,-0.994130721315742
2021-05-13 12:00:00+00:00,0.999405477006803
2021-05-13 16:00:00+00:00,0.999405477006803
2021-05-14 12:00:00+00:00,-0.997564317891374
2021-05-14 16:00:00+00:00,-0.997564317891374
2021-05-17 12:00:00+00:00,0.878603774588555
2021-05-17 16:00:00+00:00,0.878603774588555
2021-05-18 12:00:00+00:00,0.000044880158384
2021-05-18 16:00:00+00:00,0.000044880158384
2021-05-19 12:00:00+00:00,-0.713710882002488
2021-05-19 16:00:00+00:00,-0.713710882002488
2021-05-19 20:00:00+00:00,0.000022590065782
2021-05-20 12:00:00+00:00,0.011247887028730
2021-05-20 16:00:00+00:00,0.011247887028730
2021-05-21 12:00:00+00:00,0.000002758260962
2021-05-21 16:00:00+00:00,0.000002758260962
2021-05-24 12:00:00+00:00,-0.000094873030321
2021-05-24 16:00:00+00:00,-0.000094873030321
2021-05-24 20:00:00+00:00,-0.995297063607723
2021-05-25 12:00:00+00:00,0.002320863306522
2021-05-25 16:00:00+00:00,0.002320863306522
2021-05-26 12:00:00+00:00,-0.000030228056858
2021-05-26 16:00:00+00:00,-0.000030228056858
2021-05-27 12:00:00+00:00,0.000031528703403
2021-05-27 16:00:00+00:00,0.000031528703403
2021-05-28 12:00:00+00:00,-0.654435442877002
2021-05-28 16:00:00+00:00,-0.654435442877002
2021-06-01 12:00:00+00:00,0.999310511193471
2021-06-01 16:00:00+00:00,0.999310511193471
2021-06-02 12:00:00+00:00,-0.995310163591057
2021-06-02 16:00:00+00:00,-0.995310163591057
2021-06-03 12:00:00+00:00,-0.996826273534680
2021-06-03 16:00:00+00:00,-0.996826273534680
2021-06-04 12:00:00+00:00,-0.986299726180732
2021-06-04 16:00:00+00:00,-0.986299726180732
2021-06-07 12:00:00+00:00,0.999359623776400
2021-06-07 16:00:00+00:00,0.999359623776400
2021-06-08 12:00:00+00:00,0.000518102497153
2021-06-08 16:00:00+00:00,0.000518102497153
2021-06-09 12:00:00+00:00,0.998251402081223
2021-06-09 16:00:00+00:00,0.998251402081223
2021-06-10 12:00:00+00:00,0.000158752271091
2021-06-10 16:00:00+00:00,0.000158752271091
2021-06-11 12:00:00+00:00,-0.976189333014190
2021-06-11 16:00:00+00:00,-0.976189333014190
2021-06-14 12:00:00+00:00,-0.976189333014190
2021-06-14 16:00:00+00:00,-0.976189333014190
2021-06-14 20:00:00+00:00,0.999158527658437
2021-06-15 12:00:00+00:00,-0.000092347785539
2021-06-15 16:00:00+00:00,-0.000092347785539
2021-06-16 12:00:00+00:00,0.995569554637768
2021-06-16 16:00:00+00:00,0.995569554637768
2021-06-16 20:00:00+00:00,0.993004205403849
2021-06-17 12:00:00+00:00,0.941166898235679
2021-06-17 16:00:00+00:00,0.941166898235679
2021-06-18 12:00:00+00:00,-0.975629007909447
2021-06-18 16:00:00+00:00,-0.975629007909447
2021-06-21 12:00:00+00:00,0.998656523122918
2021-06-21 16:00:00+00:00,0.998656523122918
2021-06-22 12:00:00+00:00,0.000310962437652
2021-06-22 16:00:00+00:00,0.000310962437652
2021-06-23 12:00:00+00:00,0.998128568709944
2021-06-23 16:00:00+00:00,0.998128568709944
2021-06-24 12:00:00+00:00,-0.000902171414054
2021-06-24 16:00:00+00:00,-0.000902171414054
2021-06-24 20:00:00+00:00,-0.975629007909447
2021-06-25 12:00:00+00:00,0.000028631144232
2021-06-25 16:00:00+00:00,0.000028631144232
2021-06-25 20:00:00+00:00,0.000180055740202
2021-06-28 12:00:00+00:00,0.136217137798667
2021-06-28 16:00:00+00:00,0.136217137798667
2021-06-29 12:00:00+00:00,-0.000032069361623
2021-06-29 16:00:00+00:00,-0.000032069361623
2021-06-30 12:00:00+00:00,0.999468464287929
2021-06-30 16:00:00+00:00,0.999468464287929
2021-07-01 12:00:00+00:00,0.000010909883713
2021-07-01 16:00:00+00:00,0.000010909883713
2021-07-01 20:00:00+00:00,0.999387541334727
2021-07-02 12:00:00+00:00,-0.000012490701920
2021-07-02 16:00:00+00:00,-0.000012490701920
2021-07-06 12:00:00+00:00,0.999369609053247
2021-07-06 16:00:00+00:00,0.999369609053247
2021-07-07 12:00:00+00:00,-0.992435431922786
2021-07-07 16:00:00+00:00,-0.992435431922786
2021-07-08 12:00:00+00:00,0.933309997490142
2021-07-08 16:00:00+00:00,0.933309997490142
2021-07-08 20:00:00+00:00,-0.838706687092781
2021-07-09 12:00:00+00:00,-0.975804080022499
2021-07-09 16:00:00+00:00,-0.975804080022499
2021-07-12 12:00:00+00:00,-0.975804080022499
2021-07-12 16:00:00+00:00,-0.975804080022499
2021-07-13 12:00:00+00:00,-0.501504161395133
2021-07-13 16:00:00+00:00,-0.501504161395133
2021-07-14 12:00:00+00:00,0.000009016359400
2021-07-14 16:00:00+00:00,0.000009016359400
2021-07-15 12:00:00+00:00,-0.642708075582050
2021-07-15 16:00:00+00:00,-0.642708075582050
2021-07-15 20:00:00+00:00,0.000788859077147
2021-07-16 12:00:00+00:00,-0.028426526085241
2021-07-16 16:00:00+00:00,-0.028426526085241
2021-07-19 12:00:00+00:00,-0.991881081252359
2021-07-19 16:00:00+00:00,-0.991881081252359
2021-07-20 12:00:00+00:00,0.998424456265639
2021-07-20 16:00:00+00:00,0.998424456265639
2021-07-21 12:00:00+00:00,0.012052220903570
2021-07-21 16:00:00+00:00,0.012052220903570
2021-07-22 12:00:00+00:00,0.998734364737174
2021-07-22 16:00:00+00:00,0.998734364737174
2021-07-22 20:00:00+00:00,0.999342496725149
2021-07-23 12:00:00+00:00,0.000070919937571
2021-07-23 16:00:00+00:00,0.000070919937571
2021-07-26 12:00:00+00:00,0.002708531217650
2021-07-26 16:00:00+00:00,0.002708531217650
2021-07-27 12:00:00+00:00,-0.998151727544609
2021-07-27 16:00:00+00:00,-0.998151727544609
2021-07-28 12:00:00+00:00,0.997038818735746
2021-07-28 16:00:00+00:00,0.997038818735746
2021-07-29 12:00:00+00:00,0.996748537902022
2021-07-29 16:00:00+00:00,0.996748537902022
2021-07-30 12:00:00+00:00,-0.008139345445670
2021-07-30 16:00:00+00:00,-0.008139345445670
2021-07-30 20:00:00+00:00,0.999193312163698
2021-08-02 12:00:00+00:00,-0.000000146508683
2021-08-02 16:00:00+00:00,-0.000000146508683
2021-08-03 12:00:00+00:00,-0.988253001531120
2021-08-03 16:00:00+00:00,-0.988253001531120
2021-08-04 12:00:00+00:00,-0.995019346475601
2021-08-04 16:00:00+00:00,-0.995019346475601
2021-08-05 12:00:00+00:00,0.997168483416317
2021-08-05 16:00:00+00:00,0.997168483416317
2021-08-06 12:00:00+00:00,0.000045197404688
2021-08-06 16:00:00+00:00,0.000045197404688
2021-08-09 12:00:00+00:00,-0.000004877110769
2021-08-09 16:00:00+00:00,-0.000004877110769
2021-08-10 12:00:00+00:00,-0.997803342761472
2021-08-10 16:00:00+00:00,-0.997803342761472
2021-08-11 12:00:00+00:00,0.000860328116687
2021-08-11 16:00:00+00:00,0.000860328116687
2021-08-12 12:00:00+00:00,-0.000182773583219
2021-08-12 16:00:00+00:00,-0.000182773583219
2021-08-13 12:00:00+00:00,-0.049689421197399
2021-08-13 16:00:00+00:00,-0.049689421197399
2021-08-16 12:00:00+00:00,0.000005361885997
2021-08-16 16:00:00+00:00,0.000005361885997
2021-08-17 12:00:00+00:00,0.000060438786022
2021-08-17 16:00:00+00:00,0.000060438786022
2021-08-18 12:00:00+00:00,0.000749702543544
2021-08-18 16:00:00+00:00,0.000749702543544
2021-08-19 12:00:00+00:00,0.999292863765731
2021-08-19 16:00:00+00:00,0.999292863765731
2021-08-20 12:00:00+00:00,0.000087151765911
2021-08-20 16:00:00+00:00,0.000087151765911
2021-08-23 12:00:00+00:00,0.005412233280367
2021-08-23 16:00:00+00:00,0.005412233280367
2021-08-24 12:00:00+00:00,0.000115806768008
2021-08-24 16:00:00+00:00,0.000115806768008
2021-08-25 12:00:00+00:00,-0.991881081252359
2021-08-25 16:00:00+00:00,-0.991881081252359
2021-08-26 12:00:00+00:00,0.997837432892993
2021-08-26 16:00:00+00:00,0.997837432892993
2021-08-27 12:00:00+00:00,0.000144469489896
2021-08-27 16:00:00+00:00,0.000144469489896
2021-08-30 12:00:00+00:00,0.990526397246867
2021-08-30 16:00:00+00:00,0.990526397246867
2021-08-31 12:00:00+00:00,0.001200104161398
2021-08-31 16:00:00+00:00,0.001200104161398
2021-09-01 12:00:00+00:00,-0.000013253455108
2021-09-01 16:00:00+00:00,-0.000013253455108
2021-09-02 12:00:00+00:00,-0.991881081252359
2021-09-02 16:00:00+00:00,-0.991881081252359
2021-09-03 12:00:00+00:00,0.003050827996049
2021-09-03 16:00:00+00:00,0.003050827996049
2021-09-07 12:00:00+00:00,0.992406080709770
2021-09-07 16:00:00+00:00,0.992406080709770
2021-09-08 12:00:00+00:00,0.000021107345674
2021-09-08 16:00:00+00:00,0.000021107345674
2021-09-09 12:00:00+00:00,0.424649709661026
2021-09-09 16:00:00+00:00,0.424649709661026
2021-09-10 12:00:00+00:00,-0.974669778719544
2021-09-10 16:00:00+00:00,-0.974669778719544
2021-09-13 12:00:00+00:00,-0.000016410027456
2021-09-13 16:00:00+00:00,-0.000016410027456
2021-09-14 12:00:00+00:00,0.003807405853877
2021-09-14 16:00:00+00:00,0.003807405853877
2021-09-15 12:00:00+00:00,0.998827518429607
2021-09-15 16:00:00+00:00,0.998827518429607
2021-09-16 12:00:00+00:00,0.000016446141672
2021-09-16 16:00:00+00:00,0.000016446141672
2021-09-17 12:00:00+00:00,-0.992640479002148
2021-09-17 16:00:00+00:00,-0.992640479002148
2021-09-20 12:00:00+00:00,-0.000021455118258
2021-09-20 16:00:00+00:00,-0.000021455118258
2021-09-21 12:00:00+00:00,0.648412365233526
2021-09-21 16:00:00+00:00,0.648412365233526
2021-09-22 12:00:00+00:00,-0.000006839909474
2021-09-22 16:00:00+00:00,-0.000006839909474
2021-09-23 12:00:00+00:00,0.899758757906966
2021-09-23 16:00:00+00:00,0.899758757906966
2021-09-23 20:00:00+00:00,0.899758757906966
2021-09-24 12:00:00+00:00,-0.971423392882571
2021-09-24 16:00:00+00:00,-0.971423392882571
2021-09-27 12:00:00+00:00,0.000064426312747
2021-09-27 16:00:00+00:00,0.000064426312747
2021-09-28 12:00:00+00:00,-0.991881081252359
2021-09-28 16:00:00+00:00,-0.991881081252359
2021-09-29 12:00:00+00:00,-0.991881081252359
2021-09-29 16:00:00+00:00,-0.991881081252359
2021-09-30 12:00:00+00:00,-0.991881081252359
2021-09-30 16:00:00+00:00,-0.991881081252359
2021-10-01 12:00:00+00:00,-0.975804080022499
2021-10-01 16:00:00+00:00,-0.975804080022499
2021-10-04 12:00:00+00:00,-0.000015511854144
2021-10-04 16:00:00+00:00,-0.000015511854144
2021-10-05 12:00:00+00:00,0.999386122624855
2021-10-05 16:00:00+00:00,0.999386122624855
2021-10-06 12:00:00+00:00,-0.001355663465802
2021-10-06 16:00:00+00:00,-0.001355663465802
2021-10-07 12:00:00+00:00,-0.000029550730687
2021-10-07 16:00:00+00:00,-0.000029550730687
2021-10-08 12:00:00+00:00,-0.923118890728801
2021-10-08 16:00:00+00:00,-0.923118890728801
2021-10-11 12:00:00+00:00,0.000511313344759
2021-10-11 16:00:00+00:00,0.999265623497195
2021-10-12 12:00:00+00:00,0.840778725396376
2021-10-12 16:00:00+00:00,0.840778725396376
2021-10-13 12:00:00+00:00,0.999448694463354
2021-10-13 16:00:00+00:00,0.999448694463354
2021-10-14 12:00:00+00:00,-0.000017491332983
2021-10-14 16:00:00+00:00,-0.000017491332983
2021-10-14 20:00:00+00:00,0.000803910304967
2021-10-15 12:00:00+00:00,0.001241803503945
2021-10-15 16:00:00+00:00,0.001241803503945
2021-10-18 12:00:00+00:00,0.999393212608993
2021-10-18 16:00:00+00:00,0.999393212608993
2021-10-19 12:00:00+00:00,-0.918963444535621
2021-10-19 16:00:00+00:00,-0.918963444535621
2021-10-20 12:00:00+00:00,-0.992129492573440
2021-10-20 16:00:00+00:00,-0.996687390725128
2021-10-20 20:00:00+00:00,-0.996687390725128
2021-10-21 12:00:00+00:00,-0.868915871018544
2021-10-21 16:00:00+00:00,-0.868915871018544
2021-10-21 20:00:00+00:00,-0.000014371526049
2021-10-22 12:00:00+00:00,0.000228738757869
2021-10-22 16:00:00+00:00,0.000228738757869
2021-10-25 12:00:00+00:00,0.999466265755473
2021-10-25 16:00:00+00:00,0.999466265755473
2021-10-25 20:00:00+00:00,0.999336832377594
2021-10-26 12:00:00+00:00,0.074001595843583
2021-10-26 16:00:00+00:00,0.074001595843583
2021-10-27 12:00:00+00:00,-0.339983165264130
2021-10-27 16:00:00+00:00,-0.339983165264130
2021-10-28 12:00:00+00:00,-0.000019787745259
2021-10-28 16:00:00+00:00,-0.000019787745259
2021-10-29 12:00:00+00:00,-0.924675687565468
2021-10-29 16:00:00+00:00,-0.924675687565468
2021-10-29 20:00:00+00:00,0.014306977929664
2021-11-01 12:00:00+00:00,-0.997243512654677
2021-11-01 16:00:00+00:00,-0.997243512654677
2021-11-01 20:00:00+00:00,0.000069060100941
2021-11-02 12:00:00+00:00,-0.989228198304772
2021-11-02 16:00:00+00:00,-0.989228198304772
2021-11-02 20:00:00+00:00,0.948621060408186
2021-11-03 12:00:00+00:00,0.068816379411146
2021-11-03 16:00:00+00:00,0.068816379411146
2021-11-03 20:00:00+00:00,0.998326591827208
2021-11-04 12:00:00+00:00,0.997805871724267
2021-11-04 16:00:00+00:00,0.997805871724267
2021-11-05 12:00:00+00:00,-0.000017764828954
2021-11-05 16:00:00+00:00,-0.000017764828954
2021-11-05 20:00:00+00:00,0.454661256691907
2021-11-08 12:00:00+00:00,0.000000923981133
2021-11-08 16:00:00+00:00,0.000000923981133
2021-11-08 20:00:00+00:00,0.991803160402924
2021-11-09 12:00:00+00:00,0.999508580222027
2021-11-09 16:00:00+00:00,0.999508580222027
2021-11-09 20:00:00+00:00,-0.000046849556384
2021-11-10 12:00:00+00:00,0.965731428004801
2021-11-10 16:00:00+00:00,0.965731428004801
2021-11-10 20:00:00+00:00,-0.992691486608237
2021-11-11 12:00:00+00:00,0.998318570520496
2021-11-11 16:00:00+00:00,0.998318570520496
2021-11-11 20:00:00+00:00,0.162118462729268
2021-11-12 12:00:00+00:00,-0.000077629643783
2021-11-12 16:00:00+00:00,-0.000077629643783
2021-11-12 20:00:00+00:00,0.998981096141506
2021-11-15 12:00:00+00:00,-0.995072397083277
2021-11-15 16:00:00+00:00,-0.995072397083277
2021-11-15 20:00:00+00:00,-0.993936887389282
2021-11-16 12:00:00+00:00,0.024950638762675
2021-11-16 16:00:00+00:00,0.024950638762675
2021-11-16 20:00:00+00:00,-0.000020355553715
2021-11-17 12:00:00+00:00,0.000039847473090
2021-11-17 16:00:00+00:00,0.000039847473090
2021-11-17 20:00:00+00:00,0.998324766391306
2021-11-18 12:00:00+00:00,-0.997676332073752
2021-11-18 16:00:00+00:00,-0.997676332073752
2021-11-18 20:00:00+00:00,0.000058157973399
2021-11-19 12:00:00+00:00,-0.971222488908097
2021-11-19 16:00:00+00:00,-0.971222488908097
2021-11-19 20:00:00+00:00,0.998824279755354
2021-11-22 12:00:00+00:00,0.015811895369552
2021-11-22 16:00:00+00:00,0.015811895369552
2021-11-22 20:00:00+00:00,0.000210231453821
2021-11-23 12:00:00+00:00,-0.996624607127160
2021-11-23 16:00:00+00:00,-0.996624607127160
2021-11-23 20:00:00+00:00,0.000511234207806
2021-11-24 12:00:00+00:00,0.269748050603084
2021-11-24 16:00:00+00:00,0.269748050603084
2021-11-24 20:00:00+00:00,-0.972074595163576
2021-11-26 12:00:00+00:00,0.996627071523108
2021-11-26 16:00:00+00:00,0.996627071523108
2021-11-29 12:00:00+00:00,-0.989453512360342
2021-11-29 16:00:00+00:00,-0.989453512360342
2021-11-29 20:00:00+00:00,-0.955177983269095
2021-11-30 12:00:00+00:00,0.992656376620289
2021-11-30 16:00:00+00:00,0.992656376620289
2021-11-30 20:00:00+00:00,-0.996424275799654
2021-12-01 12:00:00+00:00,0.000155829246069
2021-12-01 16:00:00+00:00,0.000155829246069
2021-12-01 20:00:00+00:00,-0.995180473546498
2021-12-02 12:00:00+00:00,-0.000054244592320
2021-12-02 16:00:00+00:00,-0.000054244592320
2021-12-02 20:00:00+00:00,-0.048211175948381
2021-12-03 12:00:00+00:00,-0.000125600847241
2021-12-03 16:00:00+00:00,-0.000125600847241
2021-12-03 20:00:00+00:00,0.998829224292422
2021-12-06 12:00:00+00:00,0.998247728959541
2021-12-06 16:00:00+00:00,0.998247728959541
2021-12-06 20:00:00+00:00,0.999477986566490
2021-12-07 12:00:00+00:00,0.164403391594533
2021-12-07 16:00:00+00:00,0.164403391594533
2021-12-07 20:00:00+00:00,0.480600411188789
2021-12-08 12:00:00+00:00,0.999386152092484
2021-12-08 16:00:00+00:00,0.999386152092484
2021-12-08 20:00:00+00:00,-0.000020881456294
2021-12-09 12:00:00+00:00,-0.000020835610485
2021-12-09 16:00:00+00:00,0.000257769075688
2021-12-09 20:00:00+00:00,0.000257769075688
2021-12-10 12:00:00+00:00,-0.000015308767615
2021-12-10 16:00:00+00:00,-0.000015308767615
2021-12-10 20:00:00+00:00,-0.000009602816135
2021-12-13 12:00:00+00:00,0.000049064838095
2021-12-13 16:00:00+00:00,0.000049064838095
2021-12-13 20:00:00+00:00,-0.997098655061563
2021-12-14 12:00:00+00:00,-0.000007843220374
2021-12-14 16:00:00+00:00,-0.000007843220374
2021-12-14 20:00:00+00:00,0.999249552463880
2021-12-15 12:00:00+00:00,0.999344163443311
2021-12-15 16:00:00+00:00,0.999344163443311
2021-12-15 20:00:00+00:00,-0.000183236086741
2021-12-16 12:00:00+00:00,0.000359194731573
2021-12-16 16:00:00+00:00,0.000359194731573
2021-12-16 20:00:00+00:00,0.138183428556658
2021-12-17 12:00:00+00:00,-0.000026270688977
2021-12-17 16:00:00+00:00,-0.000026270688977
2021-12-17 20:00:00+00:00,0.000143879693496
2021-12-20 12:00:00+00:00,-0.000002187240170
2021-12-20 16:00:00+00:00,-0.000002187240170
2021-12-20 20:00:00+00:00,0.995368435978889
2021-12-21 12:00:00+00:00,0.219537165423390
2021-12-21 16:00:00+00:00,0.219537165423390
2021-12-21 20:00:00+00:00,0.000375253592210
2021-12-22 12:00:00+00:00,0.999393222256913
2021-12-22 16:00:00+00:00,0.999393222256913
2021-12-22 20:00:00+00:00,0.998798549000639
2021-12-23 12:00:00+00:00,-0.000067344419222
2021-12-23 16:00:00+00:00,-0.000067344419222
2021-12-23 20:00:00+00:00,-0.913193993270397
2021-12-27 12:00:00+00:00,0.999418411447550
2021-12-27 16:00:00+00:00,0.999418411447550
2021-12-27 20:00:00+00:00,-0.000019157523639
2021-12-28 12:00:00+00:00,0.000179341841431
2021-12-28 16:00:00+00:00,0.000179341841431
2021-12-28 20:00:00+00:00,-0.998129521962255
2021-12-29 12:00:00+00:00,-0.439677191432565
2021-12-29 16:00:00+00:00,-0.439677191432565
2021-12-29 20:00:00+00:00,0.000198005873244
2021-12-30 12:00:00+00:00,0.000285380359855
2021-12-30 16:00:00+00:00,0.000285380359855
2021-12-30 20:00:00+00:00,-0.000021097381250
2021-12-31 12:00:00+00:00,0.000326942004904
2021-12-31 16:00:00+00:00,0.000326942004904
2021-12-31 20:00:00+00:00,0.999508553592023
2022-01-03 12:00:00+00:00,-0.000020880965167
2022-01-03 16:00:00+00:00,0.999495630385354
2022-01-03 20:00:00+00:00,0.999495630385354
2022-01-04 12:00:00+00:00,0.998451613864745
2022-01-04 16:00:00+00:00,0.998451613864745
2022-01-04 20:00:00+00:00,0.998451613864745
2022-01-05 12:00:00+00:00,0.002427748331684
2022-01-05 16:00:00+00:00,0.002427748331684
2022-01-05 20:00:00+00:00,0.000179341841431
2022-01-06 12:00:00+00:00,0.999526116836932
2022-01-06 16:00:00+00:00,0.999526116836932
2022-01-06 20:00:00+00:00,0.000285380359855
2022-01-07 12:00:00+00:00,0.000279493804555
2022-01-07 16:00:00+00:00,0.000279493804555
2022-01-07 20:00:00+00:00,0.000025124580134
2022-01-10 12:00:00+00:00,0.000179341841431
2022-01-10 16:00:00+00:00,0.000179341841431
2022-01-10 20:00:00+00:00,0.000032927942812
2022-01-11 12:00:00+00:00,0.993519465439022
2022-01-11 16:00:00+00:00,0.993519465439022
2022-01-11 20:00:00+00:00,0.000285380359855
2022-01-12 12:00:00+00:00,-0.000022011736291
2022-01-12 16:00:00+00:00,-0.000022011736291
2022-01-12 20:00:00+00:00,0.000285380359855
2022-01-13 12:00:00+00:00,0.007348216080572
2022-01-13 16:00:00+00:00,0.007348216080572
2022-01-13 20:00:00+00:00,-0.996311066759517
2022-01-14 12:00:00+00:00,-0.996753754909150
2022-01-14 16:00:00+00:00,-0.996753754909150
2022-01-14 20:00:00+00:00,0.000285380359855
2022-01-18 12:00:00+00:00,0.998426564910915
2022-01-18 16:00:00+00:00,0.998426564910915
2022-01-18 20:00:00+00:00,-0.992437932756729
2022-01-19 12:00:00+00:00,0.001208187830343
2022-01-19 16:00:00+00:00,0.001208187830343
2022-01-19 20:00:00+00:00,-0.997298084665090
2022-01-20 12:00:00+00:00,0.000285380359855
2022-01-20 16:00:00+00:00,0.000285380359855
2022-01-20 20:00:00+00:00,0.000285380359855
2022-01-21 12:00:00+00:00,-0.972684936597943
2022-01-21 16:00:00+00:00,-0.972684936597943
2022-01-21 20:00:00+00:00,-0.997748287772993
2022-01-24 12:00:00+00:00,-0.997237725998275
2022-01-24 16:00:00+00:00,-0.997237725998275
2022-01-24 20:00:00+00:00,0.000285380359855
2022-01-25 12:00:00+00:00,0.000013217169908
2022-01-25 16:00:00+00:00,0.000013217169908
2022-01-25 20:00:00+00:00,0.999402842135169
2022-01-26 12:00:00+00:00,0.995693843287881
2022-01-26 16:00:00+00:00,0.995693843287881
2022-01-26 20:00:00+00:00,0.272569857537746
2022-01-27 12:00:00+00:00,0.000179341841431
2022-01-27 16:00:00+00:00,0.000179341841431
2022-01-27 20:00:00+00:00,-0.997702936030691
2022-01-28 12:00:00+00:00,0.999492835369892
2022-01-28 16:00:00+00:00,0.999492835369892
2022-01-28 20:00:00+00:00,0.946587530139368
2022-01-31 12:00:00+00:00,0.999079932778841
2022-01-31 16:00:00+00:00,0.999079932778841
2022-01-31 20:00:00+00:00,0.000179341841431
2022-02-01 12:00:00+00:00,-0.997029301361181
2022-02-01 16:00:00+00:00,-0.997029301361181
2022-02-01 20:00:00+00:00,-0.000027077883715
2022-02-02 12:00:00+00:00,-0.000022065065423
2022-02-02 16:00:00+00:00,-0.000022065065423
2022-02-02 20:00:00+00:00,-0.988622125703841
2022-02-03 12:00:00+00:00,0.001793992167222
2022-02-03 16:00:00+00:00,0.001793992167222
2022-02-03 20:00:00+00:00,0.999458286198205
2022-02-04 12:00:00+00:00,-0.000024951874366
2022-02-04 16:00:00+00:00,-0.000024951874366
2022-02-04 20:00:00+00:00,0.997015492437640
2022-02-07 12:00:00+00:00,0.000285380359855
2022-02-07 16:00:00+00:00,0.000285380359855
2022-02-07 20:00:00+00:00,-0.888428131351247
2022-02-08 12:00:00+00:00,0.000021686224500
2022-02-08 16:00:00+00:00,0.000021686224500
2022-02-08 20:00:00+00:00,0.000179341841431
2022-02-09 12:00:00+00:00,-0.000016160618543
2022-02-09 16:00:00+00:00,-0.000016160618543
2022-02-09 20:00:00+00:00,-0.994948643143289
2022-02-10 12:00:00+00:00,0.000179341841431
2022-02-10 16:00:00+00:00,0.000179341841431
2022-02-10 20:00:00+00:00,-0.000025250032195
2022-02-11 12:00:00+00:00,-0.000583564149565
2022-02-11 16:00:00+00:00,-0.000583564149565
2022-02-11 20:00:00+00:00,0.004531214697636
2022-02-14 12:00:00+00:00,0.084372668265132
2022-02-14 16:00:00+00:00,0.084372668265132
2022-02-14 20:00:00+00:00,0.998718204878969
2022-02-15 12:00:00+00:00,0.000045800654334
2022-02-15 16:00:00+00:00,0.000045800654334
2022-02-15 20:00:00+00:00,0.001654847568716
2022-02-16 12:00:00+00:00,-0.000024601366022
2022-02-16 16:00:00+00:00,-0.000024601366022
2022-02-16 20:00:00+00:00,-0.983391721965745
2022-02-17 12:00:00+00:00,0.001048900230671
2022-02-17 16:00:00+00:00,0.001048900230671
2022-02-17 20:00:00+00:00,-0.690365894697607
2022-02-18 12:00:00+00:00,0.998581361229299
2022-02-18 16:00:00+00:00,0.998581361229299
2022-02-18 20:00:00+00:00,-0.997502079117112
2022-02-22 12:00:00+00:00,-0.000024848272005
2022-02-22 16:00:00+00:00,-0.000024848272005
2022-02-22 20:00:00+00:00,0.999498843273614
2022-02-23 12:00:00+00:00,0.999091569392476
2022-02-23 16:00:00+00:00,0.999091569392476
2022-02-23 20:00:00+00:00,0.000285380359855
2022-02-24 12:00:00+00:00,-0.000035707322240
2022-02-24 16:00:00+00:00,-0.000035707322240
2022-02-24 20:00:00+00:00,0.000022179228836
2022-02-25 12:00:00+00:00,-0.000017858706997
2022-02-25 16:00:00+00:00,-0.000017858706997
2022-02-25 20:00:00+00:00,-0.769942499697208
2022-02-28 12:00:00+00:00,0.000006792692147
2022-02-28 16:00:00+00:00,0.000006792692147
2022-02-28 20:00:00+00:00,-0.000024865188607
2022-03-01 12:00:00+00:00,0.998651001864346
2022-03-01 16:00:00+00:00,0.998651001864346
2022-03-01 20:00:00+00:00,0.000430162424891
2022-03-02 12:00:00+00:00,-0.000003475390258
2022-03-02 16:00:00+00:00,0.000440477742814
2022-03-02 20:00:00+00:00,0.000440477742814
2022-03-03 12:00:00+00:00,-0.997350200399524
2022-03-03 16:00:00+00:00,-0.997350200399524
2022-03-03 20:00:00+00:00,-0.000026681191230
2022-03-04 12:00:00+00:00,0.008102927880827
2022-03-04 16:00:00+00:00,0.996028023073450
2022-03-04 20:00:00+00:00,-0.998098805022892
2022-03-07 12:00:00+00:00,0.000285380359855
2022-03-07 16:00:00+00:00,0.000285380359855
2022-03-07 20:00:00+00:00,0.005637911905069
2022-03-08 12:00:00+00:00,-0.000020728846721
2022-03-08 16:00:00+00:00,-0.000020728846721
2022-03-08 20:00:00+00:00,0.000179341841431
2022-03-09 12:00:00+00:00,0.883945466950536
2022-03-09 16:00:00+00:00,0.883945466950536
2022-03-09 20:00:00+00:00,-0.231743049807847
2022-03-10 12:00:00+00:00,0.998319645092124
2022-03-10 16:00:00+00:00,0.998319645092124
2022-03-10 20:00:00+00:00,-0.987134607508779
2022-03-11 12:00:00+00:00,-0.000013374257833
2022-03-11 16:00:00+00:00,-0.000013374257833
2022-03-11 20:00:00+00:00,0.000116185387014
2022-03-14 12:00:00+00:00,-0.989701888523996
2022-03-14 16:00:00+00:00,-0.989701888523996
2022-03-15 12:00:00+00:00,-0.700407547061332
2022-03-15 16:00:00+00:00,-0.700407547061332
2022-03-16 12:00:00+00:00,0.000179341841431
2022-03-16 16:00:00+00:00,0.000179341841431
2022-03-17 12:00:00+00:00,-0.000024084773031
2022-03-17 16:00:00+00:00,-0.000024084773031
2022-03-18 12:00:00+00:00,-0.000011000691302
2022-03-18 16:00:00+00:00,-0.000011000691302
2022-03-18 20:00:00+00:00,-0.000011120187992
2022-03-21 12:00:00+00:00,0.999451279727509
2022-03-21 16:00:00+00:00,0.999451279727509
2022-03-22 12:00:00+00:00,0.000285380359855
2022-03-22 16:00:00+00:00,0.000285380359855
2022-03-22 20:00:00+00:00,0.999283892160747
2022-03-23 12:00:00+00:00,0.000064763367845
2022-03-23 16:00:00+00:00,0.000064763367845
2022-03-24 12:00:00+00:00,0.000179341841431
2022-03-24 16:00:00+00:00,0.000179341841431
2022-03-25 12:00:00+00:00,0.000043643787649
2022-03-25 16:00:00+00:00,0.000043643787649
2022-03-25 20:00:00+00:00,0.000285380359855
2022-03-28 12:00:00+00:00,0.965369283134351
2022-03-28 16:00:00+00:00,0.965369283134351
2022-03-29 12:00:00+00:00,0.000285380359855
2022-03-29 16:00:00+00:00,0.000285380359855
2022-03-30 12:00:00+00:00,0.643709214171395
2022-03-30 16:00:00+00:00,0.643709214171395
2022-03-31 12:00:00+00:00,0.000179341841431
2022-03-31 16:00:00+00:00,0.000179341841431
2022-04-01 12:00:00+00:00,0.005981611640891
2022-04-01 16:00:00+00:00,0.005981611640891
2022-04-04 12:00:00+00:00,-0.997154929791577
2022-04-04 16:00:00+00:00,-0.997154929791577
2022-04-05 12:00:00+00:00,-0.000009290688467
2022-04-05 16:00:00+00:00,-0.000009290688467
2022-04-06 12:00:00+00:00,0.000622258114163
2022-04-06 16:00:00+00:00,0.000622258114163
2022-04-07 12:00:00+00:00,-0.990905665385071
2022-04-07 16:00:00+00:00,-0.990905665385071
2022-04-08 12:00:00+00:00,0.000179341841431
2022-04-08 16:00:00+00:00,0.000179341841431
2022-04-11 12:00:00+00:00,0.000811021804111
2022-04-11 16:00:00+00:00,0.000811021804111
2022-04-12 12:00:00+00:00,-0.917875068262219
2022-04-12 16:00:00+00:00,-0.917875068262219
2022-04-13 12:00:00+00:00,-0.000021403822757
2022-04-13 16:00:00+00:00,-0.000021403822757
2022-04-14 12:00:00+00:00,-0.000044723878091
2022-04-14 16:00:00+00:00,-0.000044723878091
2022-04-18 12:00:00+00:00,0.000179341841431
2022-04-18 16:00:00+00:00,0.000179341841431
2022-04-19 12:00:00+00:00,-0.000028511054552
2022-04-19 16:00:00+00:00,-0.000028511054552
2022-04-19 20:00:00+00:00,-0.000023635315301
2022-04-20 12:00:00+00:00,-0.000026161349524
2022-04-20 16:00:00+00:00,-0.000026161349524
2022-04-20 20:00:00+00:00,0.000179341841431
2022-04-21 12:00:00+00:00,-0.000045583779865
2022-04-21 16:00:00+00:00,-0.000045583779865
2022-04-22 12:00:00+00:00,-0.992127444071230
2022-04-22 16:00:00+00:00,-0.992127444071230
2022-04-22 20:00:00+00:00,0.999380188863142
2022-04-25 12:00:00+00:00,-0.000002192740794
2022-04-25 16:00:00+00:00,-0.000002192740794
2022-04-26 12:00:00+00:00,0.999309804028599
2022-04-26 16:00:00+00:00,0.999309804028599
2022-04-26 20:00:00+00:00,0.607680028013419
2022-04-27 12:00:00+00:00,0.000285380359855
2022-04-27 16:00:00+00:00,0.000285380359855
2022-04-28 12:00:00+00:00,0.000285380359855
2022-04-28 16:00:00+00:00,0.000285380359855
2022-04-28 20:00:00+00:00,0.998770995502127
2022-04-29 12:00:00+00:00,0.000179341841431
2022-04-29 16:00:00+00:00,0.000179341841431
2022-05-02 12:00:00+00:00,-0.000029837683542
2022-05-02 16:00:00+00:00,-0.000029837683542
2022-05-03 12:00:00+00:00,0.000179341841431
2022-05-03 16:00:00+00:00,0.000179341841431
2022-05-04 12:00:00+00:00,-0.000057394721807
2022-05-04 16:00:00+00:00,0.988192684977548
2022-05-04 20:00:00+00:00,0.988192684977548
2022-05-05 12:00:00+00:00,0.696352101862431
2022-05-05 16:00:00+00:00,0.696352101862431
2022-05-06 12:00:00+00:00,0.000011521966371
2022-05-06 16:00:00+00:00,0.000011521966371
2022-05-09 12:00:00+00:00,-0.766395926009864
2022-05-09 16:00:00+00:00,-0.766395926009864
2022-05-10 12:00:00+00:00,-0.000030030656490
2022-05-10 16:00:00+00:00,-0.000030030656490
2022-05-11 12:00:00+00:00,0.000179341841431
2022-05-11 16:00:00+00:00,0.000179341841431
2022-05-11 20:00:00+00:00,-0.998197966138832
2022-05-12 12:00:00+00:00,0.998602444888093
2022-05-12 16:00:00+00:00,0.998602444888093
2022-05-13 12:00:00+00:00,0.000016188569134
2022-05-13 16:00:00+00:00,0.000016188569134
2022-05-16 12:00:00+00:00,0.000825810042443
2022-05-16 16:00:00+00:00,0.000825810042443
2022-05-17 12:00:00+00:00,0.987380668055266
2022-05-17 16:00:00+00:00,0.987380668055266
2022-05-18 12:00:00+00:00,-0.959674487006851
2022-05-18 16:00:00+00:00,-0.959674487006851
2022-05-19 12:00:00+00:00,0.000285380359855
2022-05-19 16:00:00+00:00,0.000285380359855
2022-05-20 12:00:00+00:00,0.996701334675890
2022-05-20 16:00:00+00:00,0.996701334675890
2022-05-20 20:00:00+00:00,0.000198005873244
2022-05-23 12:00:00+00:00,-0.000563722991501
2022-05-23 16:00:00+00:00,-0.000563722991501
2022-05-24 12:00:00+00:00,-0.000013165852579
2022-05-24 16:00:00+00:00,-0.000013165852579
2022-05-25 12:00:00+00:00,0.968684158811811
2022-05-25 16:00:00+00:00,0.968684158811811
2022-05-25 20:00:00+00:00,-0.980928295291960
2022-05-26 12:00:00+00:00,-0.958501750370488
2022-05-26 16:00:00+00:00,-0.958501750370488
2022-05-27 12:00:00+00:00,0.000285380359855
2022-05-27 16:00:00+00:00,0.000285380359855
2022-05-31 12:00:00+00:00,0.000179341841431
2022-05-31 16:00:00+00:00,0.000179341841431
2022-06-01 12:00:00+00:00,-0.991243585711345
2022-06-01 16:00:00+00:00,-0.991243585711345
2022-06-02 12:00:00+00:00,0.996455185726518
2022-06-02 16:00:00+00:00,0.996455185726518
2022-06-03 12:00:00+00:00,0.000062726088800
2022-06-03 16:00:00+00:00,0.000062726088800
2022-06-03 20:00:00+00:00,0.996701334675890
2022-06-06 12:00:00+00:00,0.000285380359855
2022-06-06 16:00:00+00:00,0.000285380359855
2022-06-07 12:00:00+00:00,-0.000225038536882
2022-06-07 16:00:00+00:00,-0.000225038536882
2022-06-08 12:00:00+00:00,0.986835549381794
2022-06-08 16:00:00+00:00,0.986835549381794
2022-06-09 12:00:00+00:00,0.000403475569328
2022-06-09 16:00:00+00:00,0.000403475569328
2022-06-10 12:00:00+00:00,0.000333813979523
2022-06-10 16:00:00+00:00,0.000333813979523
2022-06-10 20:00:00+00:00,-0.000028748807381
2022-06-13 12:00:00+00:00,-0.997058654931607
2022-06-13 16:00:00+00:00,-0.997058654931607
2022-06-14 12:00:00+00:00,-0.000025102868676
2022-06-14 16:00:00+00:00,-0.000025102868676
2022-06-15 12:00:00+00:00,0.007463545727660
2022-06-15 16:00:00+00:00,0.007463545727660
2022-06-16 12:00:00+00:00,-0.834167455672286
2022-06-16 16:00:00+00:00,-0.834167455672286
2022-06-17 12:00:00+00:00,-0.001150432406575
2022-06-17 16:00:00+00:00,-0.001150432406575
2022-06-17 20:00:00+00:00,-0.000008878305380
2022-06-21 12:00:00+00:00,-0.001026064972393
2022-06-21 16:00:00+00:00,-0.001026064972393
2022-06-22 12:00:00+00:00,0.000019293322111
2022-06-22 16:00:00+00:00,0.000019293322111
2022-06-23 12:00:00+00:00,0.000850981101394
2022-06-23 16:00:00+00:00,0.000850981101394
2022-06-24 12:00:00+00:00,0.998071131994948
2022-06-24 16:00:00+00:00,-0.000027847599995
2022-06-27 12:00:00+00:00,-0.990597619209439
2022-06-27 16:00:00+00:00,-0.990597619209439
2022-06-27 20:00:00+00:00,0.000108504405944
2022-06-28 12:00:00+00:00,-0.997346004121937
2022-06-28 16:00:00+00:00,-0.997346004121937
2022-06-28 20:00:00+00:00,-0.997346004121937
2022-06-29 12:00:00+00:00,-0.991047390270978
2022-06-29 16:00:00+00:00,-0.991047390270978
2022-06-30 12:00:00+00:00,-0.000025644498237
2022-06-30 16:00:00+00:00,-0.000025644498237
2022-07-01 12:00:00+00:00,0.000398008378397
2022-07-01 16:00:00+00:00,0.000398008378397
2022-07-05 12:00:00+00:00,0.000285380359855
2022-07-05 16:00:00+00:00,0.000285380359855
2022-07-06 12:00:00+00:00,-0.000012348005839
2022-07-06 16:00:00+00:00,-0.000012348005839
2022-07-07 12:00:00+00:00,0.000008537987014
2022-07-07 16:00:00+00:00,0.000008537987014
2022-07-08 12:00:00+00:00,0.000285380359855
2022-07-08 16:00:00+00:00,0.000285380359855
2022-07-11 12:00:00+00:00,-0.997494994720910
2022-07-11 16:00:00+00:00,-0.997494994720910
2022-07-12 12:00:00+00:00,0.000335459131747
2022-07-12 16:00:00+00:00,0.000335459131747
2022-07-13 12:00:00+00:00,0.999488170797122
2022-07-13 16:00:00+00:00,0.999488170797122
2022-07-13 20:00:00+00:00,0.000025958303013
2022-07-14 12:00:00+00:00,-0.991724255960435
2022-07-14 16:00:00+00:00,-0.991724255960435
2022-07-15 12:00:00+00:00,0.000285380359855
2022-07-15 16:00:00+00:00,0.000285380359855
2022-07-18 12:00:00+00:00,-0.000023492139007
2022-07-18 16:00:00+00:00,-0.000023492139007
2022-07-18 20:00:00+00:00,-0.915585894603282
2022-07-19 12:00:00+00:00,0.999484744694200
2022-07-19 16:00:00+00:00,0.999484744694200
2022-07-20 12:00:00+00:00,-0.000011504191207
2022-07-20 16:00:00+00:00,-0.000011504191207
2022-07-20 20:00:00+00:00,0.998251427139621
2022-07-21 12:00:00+00:00,0.999449140173965
2022-07-21 16:00:00+00:00,0.999449140173965
2022-07-22 12:00:00+00:00,-0.997083719965303
2022-07-22 16:00:00+00:00,-0.997083719965303
2022-07-25 12:00:00+00:00,-0.997481978847645
2022-07-25 16:00:00+00:00,-0.997481978847645
2022-07-26 12:00:00+00:00,-0.000012816220988
2022-07-26 16:00:00+00:00,-0.000012816220988
2022-07-27 12:00:00+00:00,0.000179341841431
2022-07-27 16:00:00+00:00,0.000179341841431
2022-07-28 12:00:00+00:00,0.000326942004904
2022-07-28 16:00:00+00:00,0.000326942004904
2022-07-28 20:00:00+00:00,-0.000012210439309
2022-07-29 12:00:00+00:00,-0.000028239683161
2022-07-29 16:00:00+00:00,-0.000028239683161
2022-07-29 20:00:00+00:00,0.000083641320089
2022-08-01 12:00:00+00:00,-0.000025050649128
2022-08-01 16:00:00+00:00,-0.000025050649128
2022-08-02 12:00:00+00:00,-0.000041280029109
2022-08-02 16:00:00+00:00,-0.000041280029109
2022-08-03 12:00:00+00:00,0.000285380359855
2022-08-03 16:00:00+00:00,0.000285380359855
2022-08-04 12:00:00+00:00,-0.000013108692656
2022-08-04 16:00:00+00:00,-0.000013108692656
2022-08-05 12:00:00+00:00,-0.997950351738837
2022-08-05 16:00:00+00:00,-0.997950351738837
2022-08-05 20:00:00+00:00,0.000179341841431
2022-08-08 12:00:00+00:00,-0.000019406576030
2022-08-08 16:00:00+00:00,-0.000019406576030
2022-08-09 12:00:00+00:00,0.000326942004904
2022-08-09 16:00:00+00:00,0.000326942004904
2022-08-10 12:00:00+00:00,0.000021355954232
2022-08-10 16:00:00+00:00,0.000021355954232
2022-08-11 12:00:00+00:00,0.000398008378397
2022-08-11 16:00:00+00:00,0.000398008378397
2022-08-12 12:00:00+00:00,-0.000013057790056
2022-08-12 16:00:00+00:00,-0.000013057790056
2022-08-15 12:00:00+00:00,-0.972803953103721
2022-08-15 16:00:00+00:00,-0.972803953103721
2022-08-16 12:00:00+00:00,0.000398008378397
2022-08-16 16:00:00+00:00,0.000398008378397
2022-08-17 12:00:00+00:00,0.000100275272416
2022-08-17 16:00:00+00:00,0.000100275272416
2022-08-18 12:00:00+00:00,-0.000027088033676
2022-08-18 16:00:00+00:00,-0.000027088033676
2022-08-19 12:00:00+00:00,0.001001518954581
2022-08-19 16:00:00+00:00,0.001001518954581
2022-08-19 20:00:00+00:00,0.000179341841431
2022-08-22 12:00:00+00:00,0.000083753329818
2022-08-22 16:00:00+00:00,-0.784404037287459
2022-08-23 12:00:00+00:00,-0.000012418764527
2022-08-23 16:00:00+00:00,-0.000012418764527
2022-08-24 12:00:00+00:00,0.994929097505519
2022-08-24 16:00:00+00:00,0.994929097505519
2022-08-25 12:00:00+00:00,-0.995259472052567
2022-08-25 16:00:00+00:00,-0.995259472052567
2022-08-26 12:00:00+00:00,0.000179341841431
2022-08-26 16:00:00+00:00,0.000179341841431
2022-08-29 12:00:00+00:00,-0.000007646718586
2022-08-29 16:00:00+00:00,-0.000007646718586
2022-08-30 12:00:00+00:00,-0.962212779442780
2022-08-30 16:00:00+00:00,-0.962212779442780
2022-08-31 12:00:00+00:00,0.000044813605200
2022-08-31 16:00:00+00:00,0.000044813605200
2022-09-01 12:00:00+00:00,0.000179341841431
2022-09-01 16:00:00+00:00,0.000179341841431
2022-09-01 20:00:00+00:00,-0.000013487580873
2022-09-02 12:00:00+00:00,0.000002305707312
2022-09-02 16:00:00+00:00,0.000002305707312
2022-09-06 12:00:00+00:00,0.998540518514346
2022-09-06 16:00:00+00:00,0.998540518514346
2022-09-07 12:00:00+00:00,-0.000015442241420
2022-09-07 16:00:00+00:00,-0.000015442241420
2022-09-08 12:00:00+00:00,0.000179341841431
2022-09-08 16:00:00+00:00,0.000179341841431
2022-09-09 12:00:00+00:00,0.999220419122139
2022-09-09 16:00:00+00:00,0.999220419122139
2022-09-12 12:00:00+00:00,0.999412651246530
2022-09-12 16:00:00+00:00,0.999412651246530
2022-09-13 12:00:00+00:00,0.000285380359855
2022-09-13 16:00:00+00:00,0.000285380359855
2022-09-14 12:00:00+00:00,0.000179341841431
2022-09-14 16:00:00+00:00,0.000179341841431
2022-09-15 12:00:00+00:00,0.355865778459702
2022-09-15 16:00:00+00:00,0.355865778459702
2022-09-16 12:00:00+00:00,0.792589133663569
2022-09-16 16:00:00+00:00,0.792589133663569
2022-09-16 20:00:00+00:00,0.003875404661812
2022-09-19 12:00:00+00:00,-0.000014159100829
2022-09-19 16:00:00+00:00,-0.000014159100829
2022-09-20 12:00:00+00:00,-0.547205697977915
2022-09-20 16:00:00+00:00,0.000285380359855
2022-09-21 12:00:00+00:00,0.988448091433384
2022-09-21 16:00:00+00:00,0.988448091433384
2022-09-21 20:00:00+00:00,0.000233957223827
2022-09-22 12:00:00+00:00,0.000310214767524
2022-09-22 16:00:00+00:00,0.000310214767524
2022-09-23 12:00:00+00:00,0.538934541458730
2022-09-23 16:00:00+00:00,0.538934541458730
2022-09-26 12:00:00+00:00,0.998087322965148
2022-09-26 16:00:00+00:00,0.998087322965148
2022-09-27 12:00:00+00:00,0.998995539877797
2022-09-27 16:00:00+00:00,0.998995539877797
2022-09-28 12:00:00+00:00,0.000188872341823
2022-09-28 16:00:00+00:00,0.000188872341823
2022-09-28 20:00:00+00:00,0.000074907722592
2022-09-29 12:00:00+00:00,0.000233957223827
2022-09-29 16:00:00+00:00,0.000233957223827
2022-09-30 12:00:00+00:00,-0.000031093968573
2022-09-30 16:00:00+00:00,-0.000031093968573
2022-09-30 20:00:00+00:00,-0.000011864925909
2022-10-03 12:00:00+00:00,-0.000013827346265
2022-10-03 16:00:00+00:00,-0.000013827346265
2022-10-03 20:00:00+00:00,0.999521907317103
2022-10-04 12:00:00+00:00,-0.000012639364286
2022-10-04 16:00:00+00:00,-0.000012639364286
2022-10-05 12:00:00+00:00,0.000310214767524
2022-10-05 16:00:00+00:00,0.000310214767524
2022-10-06 12:00:00+00:00,0.998354333394673
2022-10-06 16:00:00+00:00,0.998354333394673
2022-10-07 12:00:00+00:00,-0.000028528545954
2022-10-07 16:00:00+00:00,-0.000028528545954
2022-10-07 20:00:00+00:00,0.997561030744691
2022-10-10 12:00:00+00:00,-0.997429008188192
2022-10-10 16:00:00+00:00,-0.997429008188192
2022-10-11 12:00:00+00:00,0.001234136398125
2022-10-11 16:00:00+00:00,0.001234136398125
2022-10-12 12:00:00+00:00,0.000188872341823
2022-10-12 16:00:00+00:00,0.000188872341823
2022-10-13 12:00:00+00:00,-0.000238027918385
2022-10-13 16:00:00+00:00,-0.000238027918385
2022-10-14 12:00:00+00:00,0.000611604293226
2022-10-14 16:00:00+00:00,0.000310214767524
2022-10-17 12:00:00+00:00,0.000310214767524
2022-10-17 16:00:00+00:00,0.000310214767524
2022-10-18 12:00:00+00:00,-0.298511776723899
2022-10-18 16:00:00+00:00,-0.298511776723899
2022-10-18 20:00:00+00:00,0.997438231424894
2022-10-19 12:00:00+00:00,0.998834757265286
2022-10-19 16:00:00+00:00,0.998834757265286
2022-10-19 20:00:00+00:00,-0.995342195819831
2022-10-20 12:00:00+00:00,-0.997581070201704
2022-10-20 16:00:00+00:00,-0.997581070201704
2022-10-21 12:00:00+00:00,0.120123952394351
2022-10-21 16:00:00+00:00,0.120123952394351
2022-10-21 20:00:00+00:00,0.999380102613941
2022-10-24 12:00:00+00:00,-0.000026928642910
2022-10-24 16:00:00+00:00,-0.000026928642910
2022-10-25 12:00:00+00:00,0.997533236484742
2022-10-25 16:00:00+00:00,0.997533236484742
2022-10-25 20:00:00+00:00,0.063941524771508
2022-10-26 12:00:00+00:00,-0.997412378608715
2022-10-26 16:00:00+00:00,-0.997412378608715
2022-10-27 12:00:00+00:00,-0.010796496644616
2022-10-27 16:00:00+00:00,-0.010796496644616
2022-10-28 12:00:00+00:00,0.000027709382266
2022-10-28 16:00:00+00:00,0.000027709382266
2022-10-31 12:00:00+00:00,0.099353859026451
2022-10-31 16:00:00+00:00,0.099353859026451
2022-11-01 12:00:00+00:00,-0.000026547131711
2022-11-01 16:00:00+00:00,-0.000026547131711
2022-11-02 12:00:00+00:00,-0.997232953377534
2022-11-02 16:00:00+00:00,-0.997232953377534
2022-11-03 12:00:00+00:00,-0.000010644860595
2022-11-03 16:00:00+00:00,-0.000010644860595
2022-11-04 12:00:00+00:00,0.000310214767524
2022-11-04 16:00:00+00:00,0.000310214767524
2022-11-07 12:00:00+00:00,-0.000022446529329
2022-11-07 16:00:00+00:00,-0.000022446529329
2022-11-07 20:00:00+00:00,0.000028306618333
2022-11-08 12:00:00+00:00,-0.996386766142678
2022-11-08 16:00:00+00:00,-0.996386766142678
2022-11-08 20:00:00+00:00,-0.997582190611865
2022-11-09 12:00:00+00:00,0.835498199216090
2022-11-09 16:00:00+00:00,0.835498199216090
2022-11-09 20:00:00+00:00,0.000198005873244
2022-11-10 12:00:00+00:00,-0.000025815923436
2022-11-10 16:00:00+00:00,-0.000025815923436
2022-11-10 20:00:00+00:00,-0.988813916686922
2022-11-11 12:00:00+00:00,-0.000026708370569
2022-11-11 16:00:00+00:00,-0.000026708370569
2022-11-11 20:00:00+00:00,-0.000028145561373
2022-11-14 12:00:00+00:00,-0.972656717174686
2022-11-14 16:00:00+00:00,-0.972656717174686
2022-11-14 20:00:00+00:00,-0.000012906129996
2022-11-15 12:00:00+00:00,-0.000026272184186
2022-11-15 16:00:00+00:00,-0.000026272184186
2022-11-15 20:00:00+00:00,-0.855651561520062
2022-11-16 12:00:00+00:00,0.567100492771715
2022-11-16 16:00:00+00:00,0.567100492771715
2022-11-16 20:00:00+00:00,0.000285380359855
2022-11-17 12:00:00+00:00,0.000140612552059
2022-11-17 16:00:00+00:00,0.000140612552059
2022-11-17 20:00:00+00:00,-0.000024409677280
2022-11-18 12:00:00+00:00,0.000198005873244
2022-11-18 16:00:00+00:00,0.000198005873244
2022-11-18 20:00:00+00:00,0.333646777668037
2022-11-21 12:00:00+00:00,0.064671273052227
2022-11-21 16:00:00+00:00,0.064671273052227
2022-11-21 20:00:00+00:00,-0.000013107921404
2022-11-22 12:00:00+00:00,0.000198005873244
2022-11-22 16:00:00+00:00,0.000198005873244
2022-11-22 20:00:00+00:00,-0.000011587901099
2022-11-23 12:00:00+00:00,-0.000019448892999
2022-11-23 16:00:00+00:00,-0.000019448892999
2022-11-23 20:00:00+00:00,0.995146771223517
2022-11-25 12:00:00+00:00,0.999302458658349
2022-11-25 16:00:00+00:00,0.999302458658349
2022-11-28 12:00:00+00:00,-0.000023488250008
2022-11-28 16:00:00+00:00,-0.000023488250008
2022-11-28 20:00:00+00:00,-0.988824193365872
2022-11-29 12:00:00+00:00,-0.000025248573365
2022-11-29 16:00:00+00:00,-0.000025248573365
2022-11-29 20:00:00+00:00,0.000198005873244
2022-11-30 12:00:00+00:00,0.000198005873244
2022-11-30 16:00:00+00:00,0.000198005873244
2022-11-30 20:00:00+00:00,-0.000012058779248
2022-12-01 12:00:00+00:00,-0.935712210834026
2022-12-01 16:00:00+00:00,-0.935712210834026
2022-12-01 20:00:00+00:00,0.000198005873244
2022-12-02 12:00:00+00:00,0.000310214767524
2022-12-02 16:00:00+00:00,0.000310214767524
2022-12-02 20:00:00+00:00,0.998616533994209
2022-12-05 12:00:00+00:00,-0.000008192095265
2022-12-05 16:00:00+00:00,-0.000008192095265
2022-12-05 20:00:00+00:00,0.000310214767524
2022-12-06 12:00:00+00:00,0.000198005873244
2022-12-06 16:00:00+00:00,0.000198005873244
2022-12-06 20:00:00+00:00,-0.000014006051060
2022-12-07 12:00:00+00:00,0.001270131455385
2022-12-07 16:00:00+00:00,0.001270131455385
2022-12-07 20:00:00+00:00,-0.000020436047635
2022-12-08 12:00:00+00:00,-0.988460118067451
2022-12-08 16:00:00+00:00,-0.988460118067451
2022-12-08 20:00:00+00:00,0.998407219711225
2022-12-09 12:00:00+00:00,0.000310214767524
2022-12-09 16:00:00+00:00,0.000310214767524
2022-12-09 20:00:00+00:00,0.995581876486540
2022-12-12 12:00:00+00:00,-0.703005075454712
2022-12-12 16:00:00+00:00,-0.703005075454712
2022-12-12 20:00:00+00:00,-0.979644505772740
2022-12-13 12:00:00+00:00,-0.998043099709321
2022-12-13 16:00:00+00:00,-0.998043099709321
2022-12-13 20:00:00+00:00,0.001216106677020
2022-12-14 12:00:00+00:00,0.000198005873244
2022-12-14 16:00:00+00:00,0.000198005873244
2022-12-14 20:00:00+00:00,0.092127699870616
2022-12-15 12:00:00+00:00,-0.000020105715521
2022-12-15 16:00:00+00:00,-0.000020105715521
2022-12-15 20:00:00+00:00,0.000198005873244
2022-12-16 12:00:00+00:00,-0.995719034457579
2022-12-16 16:00:00+00:00,-0.995719034457579
2022-12-16 20:00:00+00:00,-0.000027524038160
2022-12-19 12:00:00+00:00,0.000198005873244
2022-12-19 16:00:00+00:00,0.000198005873244
2022-12-19 20:00:00+00:00,-0.997950312797911
2022-12-20 12:00:00+00:00,0.997916634194553
2022-12-20 16:00:00+00:00,0.997916634194553
2022-12-20 20:00:00+00:00,-0.996925518556964
2022-12-21 12:00:00+00:00,-0.996619216341060
2022-12-21 16:00:00+00:00,-0.996619216341060
2022-12-21 20:00:00+00:00,0.000310214767524
2022-12-22 12:00:00+00:00,-0.130038704723120
2022-12-22 16:00:00+00:00,-0.130038704723120
2022-12-22 20:00:00+00:00,-0.090824319049716
2022-12-23 12:00:00+00:00,-0.000027762045647
2022-12-23 16:00:00+00:00,-0.000027762045647
2022-12-23 20:00:00+00:00,0.000310214767524
2022-12-27 12:00:00+00:00,-0.998010675539263
2022-12-27 16:00:00+00:00,-0.998010675539263
2022-12-27 20:00:00+00:00,-0.000030578616133
2022-12-28 12:00:00+00:00,-0.996041541104205
2022-12-28 16:00:00+00:00,-0.996041541104205
2022-12-28 20:00:00+00:00,-0.997945691633504
2022-12-29 12:00:00+00:00,0.000310214767524
2022-12-29 16:00:00+00:00,0.000310214767524
2022-12-29 20:00:00+00:00,0.999349564066506
2022-12-30 12:00:00+00:00,-0.000025577530323
2022-12-30 16:00:00+00:00,-0.000025577530323
2022-12-30 20:00:00+00:00,0.999440614934429
2023-01-03 12:00:00+00:00,-0.997396983497310
2023-01-03 16:00:00+00:00,-0.997396983497310
2023-01-03 20:00:00+00:00,-0.995665394817479
2023-01-04 12:00:00+00:00,-0.000028263901186
2023-01-04 16:00:00+00:00,-0.000028263901186
2023-01-04 20:00:00+00:00,0.999176924931817
2023-01-05 12:00:00+00:00,0.760306773823686
2023-01-05 16:00:00+00:00,0.760306773823686
2023-01-05 20:00:00+00:00,-0.996944034704939
2023-01-06 12:00:00+00:00,-0.996215516468510
2023-01-06 16:00:00+00:00,-0.994962440570816
2023-01-06 20:00:00+00:00,-0.994962440570816
2023-01-09 12:00:00+00:00,-0.998199834779371
2023-01-09 16:00:00+00:00,-0.998199834779371
2023-01-09 20:00:00+00:00,0.999153462500544
2023-01-10 12:00:00+00:00,0.177520763973007
2023-01-10 16:00:00+00:00,0.177520763973007
2023-01-10 20:00:00+00:00,0.000310214767524
2023-01-11 12:00:00+00:00,-0.983955543953925
2023-01-11 16:00:00+00:00,-0.998019501101226
2023-01-11 20:00:00+00:00,-0.998019501101226
2023-01-12 12:00:00+00:00,-0.993955265381373
2023-01-12 16:00:00+00:00,-0.993955265381373
2023-01-12 20:00:00+00:00,-0.996390555286780
2023-01-13 12:00:00+00:00,-0.997921562782722
2023-01-13 16:00:00+00:00,-0.997921562782722
2023-01-13 20:00:00+00:00,-0.995001550589222
2023-01-17 12:00:00+00:00,0.999372778111137
2023-01-17 16:00:00+00:00,0.999372778111137
2023-01-17 20:00:00+00:00,0.999218035562080
2023-01-18 12:00:00+00:00,-0.000017860835214
2023-01-18 16:00:00+00:00,0.999253004411003
2023-01-18 20:00:00+00:00,0.999253004411003
2023-01-19 12:00:00+00:00,0.998944238817785
2023-01-19 16:00:00+00:00,0.998944238817785
2023-01-19 20:00:00+00:00,-0.000029991999327
2023-01-20 12:00:00+00:00,0.939624831604306
2023-01-20 16:00:00+00:00,0.939624831604306
2023-01-20 20:00:00+00:00,0.000198005873244
2023-01-23 12:00:00+00:00,-0.000025736597308
2023-01-23 16:00:00+00:00,-0.000025736597308
2023-01-23 20:00:00+00:00,-0.000024887391191
2023-01-24 12:00:00+00:00,0.000136935239425
2023-01-24 16:00:00+00:00,0.000136935239425
2023-01-24 20:00:00+00:00,0.000162035867106
2023-01-25 12:00:00+00:00,0.005379105568863
2023-01-25 16:00:00+00:00,0.005379105568863
2023-01-25 20:00:00+00:00,0.000198005873244
2023-01-26 12:00:00+00:00,-0.000021468327759
2023-01-26 16:00:00+00:00,-0.000021468327759
2023-01-26 20:00:00+00:00,0.999461602696101
2023-01-27 12:00:00+00:00,-0.909780889749527
2023-01-27 16:00:00+00:00,-0.909780889749527
2023-01-27 20:00:00+00:00,0.999478172176168
2023-01-30 12:00:00+00:00,-0.995880590373417
2023-01-30 16:00:00+00:00,-0.995880590373417
2023-01-30 20:00:00+00:00,-0.000011009062291
2023-01-31 12:00:00+00:00,-0.995462982333265
2023-01-31 16:00:00+00:00,-0.995462982333265
2023-01-31 20:00:00+00:00,0.000310214767524
2023-02-01 12:00:00+00:00,-0.953869513235986
2023-02-01 16:00:00+00:00,-0.953869513235986
2023-02-01 20:00:00+00:00,-0.986906948033720
2023-02-02 12:00:00+00:00,-0.000008543815056
2023-02-02 16:00:00+00:00,-0.000008543815056
2023-02-02 20:00:00+00:00,0.999486854183488
2023-02-03 12:00:00+00:00,-0.819959388929419
2023-02-03 16:00:00+00:00,-0.819959388929419
2023-02-03 20:00:00+00:00,0.236631148494780
2023-02-06 12:00:00+00:00,-0.994724564603530
2023-02-06 16:00:00+00:00,-0.994724564603530
2023-02-06 20:00:00+00:00,0.001295496433158
2023-02-07 12:00:00+00:00,-0.000020636864065
2023-02-07 16:00:00+00:00,-0.000020636864065
2023-02-07 20:00:00+00:00,0.905403821729124
2023-02-08 12:00:00+00:00,-0.000137685732625
2023-02-08 16:00:00+00:00,-0.000137685732625
2023-02-08 20:00:00+00:00,0.000083906656073
2023-02-09 12:00:00+00:00,-0.893621055060066
2023-02-09 16:00:00+00:00,-0.893621055060066
2023-02-09 20:00:00+00:00,-0.000077936747402
2023-02-10 12:00:00+00:00,0.000214803032577
2023-02-10 16:00:00+00:00,0.000214803032577
2023-02-10 20:00:00+00:00,-0.000010033509170
2023-02-13 12:00:00+00:00,-0.997023754869588
2023-02-13 16:00:00+00:00,-0.997023754869588
2023-02-13 20:00:00+00:00,0.000310214767524
2023-02-14 12:00:00+00:00,0.000008960385458
2023-02-14 16:00:00+00:00,0.000008960385458
2023-02-14 20:00:00+00:00,0.510057513020001
2023-02-15 12:00:00+00:00,0.989377882389817
2023-02-15 16:00:00+00:00,0.989377882389817
2023-02-15 20:00:00+00:00,0.000059935729951
2023-02-16 12:00:00+00:00,-0.983481312054209
2023-02-16 16:00:00+00:00,-0.983481312054209
2023-02-16 20:00:00+00:00,-0.977243371540681
2023-02-17 12:00:00+00:00,0.000015441597498
2023-02-17 16:00:00+00:00,0.000015441597498
2023-02-17 20:00:00+00:00,-0.871260834624991
2023-02-21 12:00:00+00:00,0.000198005873244
2023-02-21 16:00:00+00:00,0.000198005873244
2023-02-21 20:00:00+00:00,0.987690970825497
2023-02-22 12:00:00+00:00,0.225014310330153
2023-02-22 16:00:00+00:00,0.225014310330153
2023-02-22 20:00:00+00:00,-0.000028847000067
2023-02-23 12:00:00+00:00,0.000003712564649
2023-02-23 16:00:00+00:00,0.951607313007116
2023-02-23 20:00:00+00:00,0.951607313007116
2023-02-24 12:00:00+00:00,0.974366514885332
2023-02-24 16:00:00+00:00,0.974366514885332
2023-02-24 20:00:00+00:00,0.085000372899231
2023-02-27 12:00:00+00:00,0.999357444641646
2023-02-27 16:00:00+00:00,0.999357444641646
2023-02-27 20:00:00+00:00,0.999292157022865
2023-02-28 12:00:00+00:00,0.000198005873244
2023-02-28 16:00:00+00:00,0.000198005873244
2023-02-28 20:00:00+00:00,-0.994253510609269
2023-03-01 12:00:00+00:00,0.000310214767524
2023-03-01 16:00:00+00:00,0.000310214767524
2023-03-01 20:00:00+00:00,-0.000011552459910
2023-03-02 12:00:00+00:00,-0.992016891483217
2023-03-02 16:00:00+00:00,-0.992016891483217
2023-03-02 20:00:00+00:00,0.000310214767524
2023-03-03 12:00:00+00:00,0.000198005873244
2023-03-03 16:00:00+00:00,0.000198005873244
2023-03-03 20:00:00+00:00,-0.000011576579709
2023-03-06 12:00:00+00:00,0.297704275988508
2023-03-06 16:00:00+00:00,0.297704275988508
2023-03-06 20:00:00+00:00,0.000310214767524
2023-03-07 12:00:00+00:00,0.000002642875188
2023-03-07 16:00:00+00:00,0.000002642875188
2023-03-07 20:00:00+00:00,-0.993320565321483
2023-03-08 12:00:00+00:00,-0.000740933668567
2023-03-08 16:00:00+00:00,-0.000740933668567
2023-03-08 20:00:00+00:00,-0.998260455031414
2023-03-09 12:00:00+00:00,0.557242946058977
2023-03-09 16:00:00+00:00,0.557242946058977
2023-03-09 20:00:00+00:00,0.999322390300222
2023-03-10 12:00:00+00:00,-0.072041852050461
2023-03-10 16:00:00+00:00,-0.072041852050461
2023-03-10 20:00:00+00:00,-0.923527528066188
2023-03-13 12:00:00+00:00,0.999058055866044
2023-03-13 16:00:00+00:00,0.999058055866044
2023-03-14 12:00:00+00:00,0.973691777850036
2023-03-14 16:00:00+00:00,0.973691777850036
2023-03-15 12:00:00+00:00,-0.923527528066188
2023-03-15 16:00:00+00:00,-0.923527528066188
2023-03-16 12:00:00+00:00,0.002648062072694
2023-03-16 16:00:00+00:00,0.002648062072694
2023-03-17 12:00:00+00:00,-0.996587627218105
2023-03-17 16:00:00+00:00,-0.923527528066188
2023-03-20 12:00:00+00:00,0.999390144657809
2023-03-20 16:00:00+00:00,0.999390144657809
2023-03-21 12:00:00+00:00,-0.923527528066188
2023-03-21 16:00:00+00:00,-0.923527528066188
2023-03-21 20:00:00+00:00,-0.657658070325851
2023-03-22 12:00:00+00:00,0.000862045417307
2023-03-22 16:00:00+00:00,-0.923527528066188
2023-03-22 20:00:00+00:00,-0.923527528066188
2023-03-23 12:00:00+00:00,0.999317428300856
2023-03-23 16:00:00+00:00,0.999317428300856
2023-03-23 20:00:00+00:00,-0.923527528066188
2023-03-24 12:00:00+00:00,-0.007298349461053
2023-03-24 16:00:00+00:00,0.975840592640452
2023-03-27 12:00:00+00:00,-0.000783515504736
2023-03-27 16:00:00+00:00,-0.000783515504736
2023-03-28 12:00:00+00:00,-0.000010156843928
2023-03-28 16:00:00+00:00,-0.000010156843928
2023-03-28 20:00:00+00:00,0.996289056405658
2023-03-29 12:00:00+00:00,-0.000142213408253
2023-03-29 16:00:00+00:00,-0.000142213408253
2023-03-30 12:00:00+00:00,0.000061112055846
2023-03-30 16:00:00+00:00,0.000061112055846
2023-03-30 20:00:00+00:00,-0.205939233303070
2023-03-31 12:00:00+00:00,-0.923527528066188
2023-03-31 16:00:00+00:00,-0.923527528066188
2023-03-31 20:00:00+00:00,0.999378486856585
2023-04-03 12:00:00+00:00,0.999512042209972
2023-04-03 16:00:00+00:00,0.999512042209972
2023-04-03 20:00:00+00:00,0.992040164681384
2023-04-04 12:00:00+00:00,0.000391843310354
2023-04-04 16:00:00+00:00,0.000391843310354
2023-04-05 12:00:00+00:00,-0.997640001820400
2023-04-05 16:00:00+00:00,-0.997640001820400
2023-04-06 12:00:00+00:00,-0.923527528066188
2023-04-06 16:00:00+00:00,-0.923527528066188
2023-04-10 12:00:00+00:00,0.000234384628129
2023-04-10 16:00:00+00:00,0.000234384628129
2023-04-11 12:00:00+00:00,-0.000025158984499
2023-04-11 16:00:00+00:00,-0.000025158984499
2023-04-12 12:00:00+00:00,-0.000026751036785
2023-04-12 16:00:00+00:00,-0.000026751036785
2023-04-12 20:00:00+00:00,-0.000008008646546
2023-04-13 12:00:00+00:00,-0.923527528066188
2023-04-13 16:00:00+00:00,-0.923527528066188
2023-04-14 12:00:00+00:00,0.998719307885040
2023-04-14 16:00:00+00:00,0.998719307885040
2023-04-17 12:00:00+00:00,-0.000783515504736
2023-04-17 16:00:00+00:00,-0.000783515504736
2023-04-17 20:00:00+00:00,-0.000011009062291
2023-04-18 12:00:00+00:00,0.999187353736488
2023-04-18 16:00:00+00:00,0.999187353736488
2023-04-19 12:00:00+00:00,0.001537741307402
2023-04-19 16:00:00+00:00,0.001537741307402
2023-04-19 20:00:00+00:00,-0.995593878789805
2023-04-20 12:00:00+00:00,-0.994228297146037
2023-04-20 16:00:00+00:00,-0.994228297146037
2023-04-20 20:00:00+00:00,-0.997569936676882
2023-04-21 12:00:00+00:00,-0.923527528066188
2023-04-21 16:00:00+00:00,-0.923527528066188
2023-04-21 20:00:00+00:00,0.999073406477692
2023-04-24 12:00:00+00:00,-0.000783515504736
2023-04-24 16:00:00+00:00,-0.000783515504736
2023-04-24 20:00:00+00:00,-0.000472202431411
2023-04-25 12:00:00+00:00,-0.923527528066188
2023-04-25 16:00:00+00:00,-0.923527528066188
2023-04-25 20:00:00+00:00,-0.995209424756467
2023-04-26 12:00:00+00:00,0.000076512922533
2023-04-26 16:00:00+00:00,0.000076512922533
2023-04-26 20:00:00+00:00,0.000076512922533
2023-04-27 12:00:00+00:00,0.999264277634211
2023-04-27 16:00:00+00:00,0.999264277634211
2023-04-28 12:00:00+00:00,0.998880036524497
2023-04-28 16:00:00+00:00,0.998880036524497
2023-05-01 12:00:00+00:00,0.998801657464355
2023-05-01 16:00:00+00:00,0.998801657464355
2023-05-02 12:00:00+00:00,-0.991640369873494
2023-05-02 16:00:00+00:00,-0.991640369873494
2023-05-03 12:00:00+00:00,-0.923527528066188
2023-05-03 16:00:00+00:00,-0.923527528066188
2023-05-03 20:00:00+00:00,0.003042694253963
2023-05-04 12:00:00+00:00,-0.111467355862260
2023-05-04 16:00:00+00:00,-0.111467355862260
2023-05-04 20:00:00+00:00,0.001164938978036
2023-05-05 12:00:00+00:00,0.000016569421859
2023-05-05 16:00:00+00:00,0.000016569421859
2023-05-08 12:00:00+00:00,-0.923527528066188
2023-05-08 16:00:00+00:00,-0.923527528066188
2023-05-08 20:00:00+00:00,0.040538536966778
2023-05-09 12:00:00+00:00,0.003843359489110
2023-05-09 16:00:00+00:00,0.003843359489110
2023-05-10 12:00:00+00:00,0.000651980742987
2023-05-10 16:00:00+00:00,0.000651980742987
2023-05-11 12:00:00+00:00,0.388519406318665
2023-05-11 16:00:00+00:00,0.388519406318665
2023-05-12 12:00:00+00:00,-0.997018113645026
2023-05-12 16:00:00+00:00,-0.997018113645026
2023-05-15 12:00:00+00:00,-0.211342170834541
2023-05-15 16:00:00+00:00,-0.211342170834541
2023-05-15 20:00:00+00:00,0.002218021370936
2023-05-16 12:00:00+00:00,0.163611306692474
2023-05-16 16:00:00+00:00,0.163611306692474
2023-05-16 20:00:00+00:00,-0.000015241483197
2023-05-17 12:00:00+00:00,-0.923527528066188
2023-05-17 16:00:00+00:00,-0.923527528066188
2023-05-17 20:00:00+00:00,-0.000192297433387
2023-05-18 12:00:00+00:00,-0.000023201911972
2023-05-18 16:00:00+00:00,-0.000023201911972
2023-05-19 12:00:00+00:00,-0.993284184252843
2023-05-19 16:00:00+00:00,-0.993284184252843
2023-05-22 12:00:00+00:00,-0.923527528066188
2023-05-22 16:00:00+00:00,-0.923527528066188
2023-05-23 12:00:00+00:00,0.705298736691475
2023-05-23 16:00:00+00:00,0.705298736691475
2023-05-24 12:00:00+00:00,-0.000013470365957
2023-05-24 16:00:00+00:00,-0.000013470365957
2023-05-24 20:00:00+00:00,0.000006012072845
2023-05-25 12:00:00+00:00,-0.000783515504736
2023-05-25 16:00:00+00:00,-0.000783515504736
2023-05-26 12:00:00+00:00,0.999071864993311
2023-05-26 16:00:00+00:00,0.999071864993311
2023-05-30 12:00:00+00:00,0.999115401544259
2023-05-30 16:00:00+00:00,0.999115401544259
2023-05-31 12:00:00+00:00,-0.923527528066188
2023-05-31 16:00:00+00:00,-0.923527528066188
2023-05-31 20:00:00+00:00,0.000024745830160
2023-06-01 12:00:00+00:00,0.000178924601641
2023-06-01 16:00:00+00:00,0.000178924601641
2023-06-02 12:00:00+00:00,-0.987914041092154
2023-06-02 16:00:00+00:00,-0.987914041092154
2023-06-05 12:00:00+00:00,-0.000025771547371
2023-06-05 16:00:00+00:00,-0.000025771547371
2023-06-06 12:00:00+00:00,0.999541093187872
2023-06-06 16:00:00+00:00,0.999541093187872
2023-06-07 12:00:00+00:00,-0.000011050738976
2023-06-07 16:00:00+00:00,-0.000011050738976
2023-06-07 20:00:00+00:00,-0.000783515504736
2023-06-08 12:00:00+00:00,0.000045657252485
2023-06-08 16:00:00+00:00,0.000045657252485
2023-06-08 20:00:00+00:00,-0.923527528066188
2023-06-09 12:00:00+00:00,0.999329543017666
2023-06-09 16:00:00+00:00,0.999329543017666
2023-06-09 20:00:00+00:00,0.998511445213808
2023-06-12 12:00:00+00:00,0.005513815092854
2023-06-12 16:00:00+00:00,0.005513815092854
2023-06-13 12:00:00+00:00,0.910004334960831
2023-06-13 16:00:00+00:00,0.910004334960831
2023-06-14 12:00:00+00:00,0.999391709076008
2023-06-14 16:00:00+00:00,0.999391709076008
2023-06-14 20:00:00+00:00,-0.000783515504736
2023-06-15 12:00:00+00:00,-0.000038902227971
2023-06-15 16:00:00+00:00,-0.000038902227971
2023-06-16 12:00:00+00:00,-0.000783515504736
2023-06-16 16:00:00+00:00,-0.000783515504736
2023-06-20 12:00:00+00:00,-0.923527528066188
2023-06-20 16:00:00+00:00,-0.923527528066188
2023-06-20 20:00:00+00:00,0.000171817344381
2023-06-21 12:00:00+00:00,-0.995608421042562
2023-06-21 16:00:00+00:00,-0.995608421042562
2023-06-21 20:00:00+00:00,0.998073512077099
2023-06-22 12:00:00+00:00,0.981230647070333
2023-06-22 16:00:00+00:00,0.981230647070333
2023-06-22 20:00:00+00:00,0.002303405388375
2023-06-23 12:00:00+00:00,0.000369656932889
2023-06-23 16:00:00+00:00,0.000369656932889
2023-06-26 12:00:00+00:00,0.000520209745446
2023-06-26 16:00:00+00:00,0.000520209745446
2023-06-26 20:00:00+00:00,0.000336476594384
2023-06-27 12:00:00+00:00,0.098792365344707
2023-06-27 16:00:00+00:00,0.098792365344707
2023-06-27 20:00:00+00:00,0.000051078972319
2023-06-28 12:00:00+00:00,-0.000783515504736
2023-06-28 16:00:00+00:00,-0.000783515504736
2023-06-29 12:00:00+00:00,-0.923527528066188
2023-06-29 16:00:00+00:00,-0.923527528066188
2023-06-29 20:00:00+00:00,0.000248706928687
2023-06-30 12:00:00+00:00,-0.994659687974490
2023-06-30 16:00:00+00:00,-0.994659687974490
2023-07-03 12:00:00+00:00,0.036170716426568
2023-07-03 16:00:00+00:00,0.036170716426568
2023-07-05 12:00:00+00:00,-0.503025177866220
2023-07-05 16:00:00+00:00,-0.503025177866220
2023-07-05 20:00:00+00:00,0.999366843956523
2023-07-06 12:00:00+00:00,-0.994722208008170
2023-07-06 16:00:00+00:00,-0.994722208008170
2023-07-07 12:00:00+00:00,0.976801628159592
2023-07-07 16:00:00+00:00,0.976801628159592
2023-07-10 12:00:00+00:00,0.000335957884090
2023-07-10 16:00:00+00:00,0.000335957884090
2023-07-11 12:00:00+00:00,-0.923527528066188
2023-07-11 16:00:00+00:00,-0.923527528066188
2023-07-12 12:00:00+00:00,0.000100601555459
2023-07-12 16:00:00+00:00,0.000100601555459
2023-07-12 20:00:00+00:00,0.001189751026686
2023-07-13 12:00:00+00:00,-0.923527528066188
2023-07-13 16:00:00+00:00,-0.923527528066188
2023-07-14 12:00:00+00:00,0.999378241816885
2023-07-14 16:00:00+00:00,0.999378241816885
2023-07-17 12:00:00+00:00,0.004851025907556
2023-07-17 16:00:00+00:00,0.004851025907556
2023-07-18 12:00:00+00:00,-0.782227532356046
2023-07-18 16:00:00+00:00,-0.782227532356046
2023-07-18 20:00:00+00:00,0.999435986203025
2023-07-19 12:00:00+00:00,-0.997194155905163
2023-07-19 16:00:00+00:00,-0.997194155905163
2023-07-19 20:00:00+00:00,-0.000006006488547
2023-07-20 12:00:00+00:00,-0.996231291093864
2023-07-20 16:00:00+00:00,-0.996231291093864
2023-07-20 20:00:00+00:00,-0.000006956619472
2023-07-21 12:00:00+00:00,-0.000028365448088
2023-07-21 16:00:00+00:00,-0.000028365448088
2023-07-21 20:00:00+00:00,0.993783882411662
2023-07-24 12:00:00+00:00,0.963678438507486
2023-07-24 16:00:00+00:00,0.963678438507486
2023-07-25 12:00:00+00:00,-0.000783515504736
2023-07-25 16:00:00+00:00,-0.000783515504736
2023-07-26 12:00:00+00:00,0.997918831155403
2023-07-26 16:00:00+00:00,0.997918831155403
2023-07-27 12:00:00+00:00,0.000002870059689
2023-07-27 16:00:00+00:00,0.000002870059689
2023-07-28 12:00:00+00:00,-0.923527528066188
2023-07-28 16:00:00+00:00,-0.923527528066188
2023-07-31 12:00:00+00:00,0.999264750455040
2023-07-31 16:00:00+00:00,0.999264750455040
2023-08-01 12:00:00+00:00,-0.000000291889592
2023-08-01 16:00:00+00:00,-0.000000291889592
2023-08-02 12:00:00+00:00,0.953446056693792
2023-08-02 16:00:00+00:00,0.953446056693792
2023-08-03 12:00:00+00:00,0.999159569124458
2023-08-03 16:00:00+00:00,0.999159569124458
2023-08-04 12:00:00+00:00,-0.000783515504736
2023-08-04 16:00:00+00:00,-0.000783515504736
2023-08-07 12:00:00+00:00,-0.995796232717112
2023-08-07 16:00:00+00:00,-0.995796232717112
2023-08-08 12:00:00+00:00,-0.923527528066188
2023-08-08 16:00:00+00:00,-0.923527528066188
2023-08-09 12:00:00+00:00,-0.923527528066188
2023-08-09 16:00:00+00:00,-0.923527528066188
2023-08-09 20:00:00+00:00,-0.000049672929890
2023-08-10 12:00:00+00:00,-0.923527528066188
2023-08-10 16:00:00+00:00,-0.923527528066188
2023-08-11 12:00:00+00:00,-0.997783597500529
2023-08-11 16:00:00+00:00,-0.997783597500529
2023-08-14 12:00:00+00:00,-0.997409440606134
2023-08-14 16:00:00+00:00,-0.997409440606134
2023-08-15 12:00:00+00:00,-0.997475317039061
2023-08-15 16:00:00+00:00,-0.997475317039061
2023-08-16 12:00:00+00:00,-0.000001289408829
2023-08-16 16:00:00+00:00,0.656520400778390
2023-08-16 20:00:00+00:00,0.656520400778390
2023-08-17 12:00:00+00:00,-0.998062471568119
2023-08-17 16:00:00+00:00,-0.998062471568119
2023-08-18 12:00:00+00:00,-0.997964400041383
2023-08-18 16:00:00+00:00,-0.997964400041383
2023-08-21 12:00:00+00:00,-0.000783515504736
2023-08-21 16:00:00+00:00,-0.000783515504736
2023-08-22 12:00:00+00:00,-0.000783515504736
2023-08-22 16:00:00+00:00,-0.000783515504736
2023-08-23 12:00:00+00:00,0.000049554946600
2023-08-23 16:00:00+00:00,0.000049554946600
2023-08-23 20:00:00+00:00,0.000430226544267
2023-08-24 12:00:00+00:00,-0.997330343176145
2023-08-24 16:00:00+00:00,0.998600890918169
2023-08-25 12:00:00+00:00,0.997810319226119
2023-08-25 16:00:00+00:00,0.997810319226119
2023-08-28 12:00:00+00:00,0.000090009940322
2023-08-28 16:00:00+00:00,0.000090009940322
2023-08-29 12:00:00+00:00,-0.923527528066188
2023-08-29 16:00:00+00:00,-0.923527528066188
2023-08-30 12:00:00+00:00,0.999503575119888
2023-08-30 16:00:00+00:00,0.999503575119888
2023-08-31 12:00:00+00:00,0.000299908166198
2023-08-31 16:00:00+00:00,0.000299908166198
2023-09-01 12:00:00+00:00,-0.000783515504736
2023-09-01 16:00:00+00:00,-0.000783515504736
2023-09-05 12:00:00+00:00,0.998667136285803
2023-09-05 16:00:00+00:00,0.998667136285803
2023-09-06 12:00:00+00:00,-0.923527528066188
2023-09-06 16:00:00+00:00,-0.923527528066188
2023-09-07 12:00:00+00:00,-0.000076229771366
2023-09-07 16:00:00+00:00,-0.000076229771366
2023-09-08 12:00:00+00:00,-0.996004249842372
2023-09-08 16:00:00+00:00,-0.996004249842372
2023-09-11 12:00:00+00:00,-0.923527528066188
2023-09-11 16:00:00+00:00,-0.923527528066188
2023-09-11 20:00:00+00:00,0.999418785140733
2023-09-12 12:00:00+00:00,-0.923527528066188
2023-09-12 16:00:00+00:00,-0.923527528066188
2023-09-13 12:00:00+00:00,-0.923527528066188
2023-09-13 16:00:00+00:00,-0.923527528066188
2023-09-14 12:00:00+00:00,-0.923527528066188
2023-09-14 16:00:00+00:00,-0.923527528066188
2023-09-15 12:00:00+00:00,-0.923527528066188
2023-09-15 16:00:00+00:00,-0.923527528066188
2023-09-18 12:00:00+00:00,-0.000783515504736
2023-09-18 16:00:00+00:00,-0.000783515504736
2023-09-19 12:00:00+00:00,-0.000094897026429
2023-09-19 16:00:00+00:00,-0.000094897026429
2023-09-20 12:00:00+00:00,0.993497682677116
2023-09-20 16:00:00+00:00,0.993497682677116
2023-09-21 12:00:00+00:00,0.000010946354450
2023-09-21 16:00:00+00:00,0.000010946354450
2023-09-22 12:00:00+00:00,-0.923527528066188
2023-09-22 16:00:00+00:00,-0.923527528066188
2023-09-22 20:00:00+00:00,0.998929604640580
2023-09-25 12:00:00+00:00,0.999355292660766
2023-09-25 16:00:00+00:00,0.999355292660766
2023-09-26 12:00:00+00:00,-0.000783515504736
2023-09-26 16:00:00+00:00,-0.000783515504736
2023-09-27 12:00:00+00:00,0.999283455050318
2023-09-27 16:00:00+00:00,0.999283455050318
2023-09-28 12:00:00+00:00,-0.000783515504736
2023-09-28 16:00:00+00:00,-0.000783515504736
2023-09-29 12:00:00+00:00,-0.825990642420948
2023-09-29 16:00:00+00:00,-0.825990642420948
2023-10-02 12:00:00+00:00,-0.998170430830214
2023-10-02 16:00:00+00:00,-0.998170430830214
2023-10-02 20:00:00+00:00,0.999469624628546
2023-10-03 12:00:00+00:00,-0.000783515504736
2023-10-03 16:00:00+00:00,-0.000783515504736
2023-10-04 12:00:00+00:00,0.996587489178637
2023-10-04 16:00:00+00:00,0.996587489178637
2023-10-05 12:00:00+00:00,0.695822339213919
2023-10-05 16:00:00+00:00,0.695822339213919
2023-10-06 12:00:00+00:00,-0.997239743330283
2023-10-06 16:00:00+00:00,0.897302317549475
2023-10-09 12:00:00+00:00,-0.000783515504736
2023-10-09 16:00:00+00:00,-0.000783515504736
2023-10-10 12:00:00+00:00,-0.972559379762970
2023-10-10 16:00:00+00:00,-0.972559379762970
2023-10-11 12:00:00+00:00,0.001129530370235
2023-10-11 16:00:00+00:00,0.001129530370235
2023-10-12 12:00:00+00:00,-0.000526160583831
2023-10-12 16:00:00+00:00,-0.000526160583831
2023-10-13 12:00:00+00:00,0.994065190985566
2023-10-13 16:00:00+00:00,0.994065190985566
2023-10-16 12:00:00+00:00,0.999332507984946
2023-10-16 16:00:00+00:00,0.999332507984946
2023-10-17 12:00:00+00:00,0.825918436574284
2023-10-17 16:00:00+00:00,0.825918436574284
2023-10-18 12:00:00+00:00,-0.997331064078026
2023-10-18 16:00:00+00:00,-0.997331064078026
2023-10-18 20:00:00+00:00,-0.996328699227888
2023-10-19 12:00:00+00:00,-0.995880557806231
2023-10-19 16:00:00+00:00,-0.995880557806231
2023-10-19 20:00:00+00:00,-0.060250939219259
2023-10-20 12:00:00+00:00,-0.988803904852830
2023-10-20 16:00:00+00:00,-0.988803904852830
2023-10-23 12:00:00+00:00,0.999057621636894
2023-10-23 16:00:00+00:00,0.999057621636894
2023-10-24 12:00:00+00:00,0.999464075895958
2023-10-24 16:00:00+00:00,0.999464075895958
2023-10-25 12:00:00+00:00,-0.000019248625904
2023-10-25 16:00:00+00:00,-0.000019248625904
2023-10-26 12:00:00+00:00,-0.000783515504736
2023-10-26 16:00:00+00:00,-0.000783515504736
2023-10-27 12:00:00+00:00,0.999441874970216
2023-10-27 16:00:00+00:00,0.999441874970216
2023-10-30 12:00:00+00:00,0.042660771607189
2023-10-30 16:00:00+00:00,0.042660771607189
2023-10-31 12:00:00+00:00,-0.997560892254114
2023-10-31 16:00:00+00:00,-0.997560892254114
2023-11-01 12:00:00+00:00,-0.000783515504736
2023-11-01 16:00:00+00:00,-0.000783515504736
2023-11-02 12:00:00+00:00,0.999325882323319
2023-11-02 16:00:00+00:00,0.999325882323319
2023-11-02 20:00:00+00:00,-0.000783515504736
2023-11-03 12:00:00+00:00,0.001867324841442
2023-11-03 16:00:00+00:00,0.001867324841442
2023-11-03 20:00:00+00:00,-0.000783515504736
2023-11-06 12:00:00+00:00,0.999132574303076
2023-11-06 16:00:00+00:00,0.999132574303076
2023-11-06 20:00:00+00:00,-0.160071074962616
2023-11-07 12:00:00+00:00,0.999288899329258
2023-11-07 16:00:00+00:00,0.999288899329258
2023-11-07 20:00:00+00:00,-0.000783515504736
2023-11-08 12:00:00+00:00,0.001109767123125
2023-11-08 16:00:00+00:00,0.001109767123125
2023-11-08 20:00:00+00:00,-0.923527528066188
2023-11-09 12:00:00+00:00,0.999350055964896
2023-11-09 16:00:00+00:00,0.999350055964896
2023-11-09 20:00:00+00:00,-0.000038347381633
2023-11-10 12:00:00+00:00,0.998757390640094
2023-11-10 16:00:00+00:00,0.998757390640094
2023-11-10 20:00:00+00:00,0.998232332232874
2023-11-13 12:00:00+00:00,0.999227197171422
2023-11-13 16:00:00+00:00,0.999227197171422
2023-11-13 20:00:00+00:00,-0.174493176862597
2023-11-14 12:00:00+00:00,-0.000783515504736
2023-11-14 16:00:00+00:00,-0.000783515504736
2023-11-14 20:00:00+00:00,0.992154679959640
2023-11-15 12:00:00+00:00,-0.000783515504736
2023-11-15 16:00:00+00:00,-0.000783515504736
2023-11-15 20:00:00+00:00,0.562939348048531
2023-11-16 12:00:00+00:00,0.998917562246788
2023-11-16 16:00:00+00:00,0.998917562246788
2023-11-16 20:00:00+00:00,-0.998010472772876
2023-11-17 12:00:00+00:00,-0.000783515504736
2023-11-17 16:00:00+00:00,-0.000783515504736
2023-11-17 20:00:00+00:00,-0.003535532276146
2023-11-20 12:00:00+00:00,0.998145831137663
2023-11-20 16:00:00+00:00,0.998145831137663
2023-11-20 20:00:00+00:00,0.999273563444149
2023-11-21 12:00:00+00:00,-0.923527528066188
2023-11-21 16:00:00+00:00,-0.923527528066188
2023-11-21 20:00:00+00:00,0.606214217841625
2023-11-22 12:00:00+00:00,-0.963725034671370
2023-11-22 16:00:00+00:00,-0.963725034671370
2023-11-22 20:00:00+00:00,0.001403555623256
2023-11-24 12:00:00+00:00,0.000007910406566
2023-11-24 16:00:00+00:00,-0.000117969291750
2023-11-27 12:00:00+00:00,0.645503208041191
2023-11-27 16:00:00+00:00,0.645503208041191
2023-11-27 20:00:00+00:00,0.999484444706468
2023-11-28 12:00:00+00:00,0.996862635482103
2023-11-28 16:00:00+00:00,0.996862635482103
2023-11-28 20:00:00+00:00,-0.923527528066188
2023-11-29 12:00:00+00:00,0.999373574770289
2023-11-29 16:00:00+00:00,0.999373574770289
2023-11-29 20:00:00+00:00,-0.000018617181922
2023-11-30 12:00:00+00:00,-0.923527528066188
2023-11-30 16:00:00+00:00,-0.923527528066188
2023-11-30 20:00:00+00:00,0.998637559794588
2023-12-01 12:00:00+00:00,-0.991680027509574
2023-12-01 16:00:00+00:00,-0.991680027509574
2023-12-01 20:00:00+00:00,0.999288552324288
2023-12-04 12:00:00+00:00,-0.000783515504736
2023-12-04 16:00:00+00:00,-0.000783515504736
2023-12-04 20:00:00+00:00,-0.868794483540114
2023-12-05 12:00:00+00:00,0.999492663599085
2023-12-05 16:00:00+00:00,0.999492663599085
2023-12-05 20:00:00+00:00,0.999040057329694
2023-12-06 12:00:00+00:00,-0.923527528066188
2023-12-06 16:00:00+00:00,-0.923527528066188
2023-12-06 20:00:00+00:00,-0.994717397727072
2023-12-07 12:00:00+00:00,0.000068596938945
2023-12-07 16:00:00+00:00,0.000068596938945
2023-12-07 20:00:00+00:00,0.015811340679647
2023-12-08 12:00:00+00:00,0.000003522189218
2023-12-08 16:00:00+00:00,-0.923527528066188
2023-12-08 20:00:00+00:00,-0.923527528066188
2023-12-11 12:00:00+00:00,0.996995909605175
2023-12-11 16:00:00+00:00,0.996995909605175
2023-12-11 20:00:00+00:00,-0.997965518268757
2023-12-12 12:00:00+00:00,-0.988776539918035
2023-12-12 16:00:00+00:00,-0.988776539918035
2023-12-12 20:00:00+00:00,-0.000783515504736
2023-12-13 12:00:00+00:00,0.875182010349818
2023-12-13 16:00:00+00:00,0.875182010349818
2023-12-13 20:00:00+00:00,-0.000029425740649
2023-12-14 12:00:00+00:00,0.996144239354180
2023-12-14 16:00:00+00:00,0.996144239354180
2023-12-14 20:00:00+00:00,-0.000783515504736
2023-12-15 12:00:00+00:00,0.999155867379159
2023-12-15 16:00:00+00:00,0.999155867379159
2023-12-15 20:00:00+00:00,0.000101423349406
2023-12-18 12:00:00+00:00,0.998118583636824
2023-12-18 16:00:00+00:00,0.998118583636824
2023-12-18 20:00:00+00:00,0.999350720987422
2023-12-19 12:00:00+00:00,0.927358883258421
2023-12-19 16:00:00+00:00,0.927358883258421
2023-12-19 20:00:00+00:00,0.998993192071794
2023-12-20 12:00:00+00:00,-0.513694308698177
2023-12-20 16:00:00+00:00,-0.513694308698177
2023-12-20 20:00:00+00:00,0.000006723625120
2023-12-21 12:00:00+00:00,-0.980824623315129
2023-12-21 16:00:00+00:00,-0.980824623315129
2023-12-21 20:00:00+00:00,-0.980824623315129
2023-12-22 12:00:00+00:00,0.341359699377790
2023-12-22 16:00:00+00:00,0.341359699377790
2023-12-22 20:00:00+00:00,-0.923527528066188
2023-12-26 12:00:00+00:00,-0.000783515504736
2023-12-26 16:00:00+00:00,-0.000783515504736
2023-12-26 20:00:00+00:00,0.999374551523943
2023-12-27 12:00:00+00:00,0.999423846777063
2023-12-27 16:00:00+00:00,0.999423846777063
2023-12-27 20:00:00+00:00,-0.995250030013267
2023-12-28 12:00:00+00:00,-0.923527528066188
2023-12-28 16:00:00+00:00,-0.923527528066188
2023-12-28 20:00:00+00:00,0.999528948115767
2023-12-29 12:00:00+00:00,0.000003768916940
2023-12-29 16:00:00+00:00,0.000003768916940
2023-12-29 20:00:00+00:00,-0.923527528066188
2024-01-02 12:00:00+00:00,-0.997529242624296
2024-01-02 16:00:00+00:00,-0.997529242624296
2024-01-02 20:00:00+00:00,-0.997861157695297
2024-01-03 12:00:00+00:00,-0.000783515504736
2024-01-03 16:00:00+00:00,-0.000783515504736
2024-01-03 20:00:00+00:00,-0.995093575271312
2024-01-04 12:00:00+00:00,-0.923527528066188
2024-01-04 16:00:00+00:00,-0.923527528066188
2024-01-04 20:00:00+00:00,0.998776412205189
2024-01-05 12:00:00+00:00,-0.000783515504736
2024-01-05 16:00:00+00:00,-0.000783515504736
2024-01-05 20:00:00+00:00,0.642586249508895
2024-01-08 12:00:00+00:00,-0.992158387089148
2024-01-08 16:00:00+00:00,-0.992158387089148
2024-01-08 20:00:00+00:00,0.000028333968658
2024-01-09 12:00:00+00:00,-0.000783515504736
2024-01-09 16:00:00+00:00,-0.000783515504736
2024-01-09 20:00:00+00:00,0.862560434383340
2024-01-10 12:00:00+00:00,-0.923527528066188
2024-01-10 16:00:00+00:00,-0.923527528066188
2024-01-10 20:00:00+00:00,0.673348044161685
2024-01-11 12:00:00+00:00,0.000170181923750
2024-01-11 16:00:00+00:00,0.000170181923750
2024-01-11 20:00:00+00:00,0.000170181923750
2024-01-12 12:00:00+00:00,0.000035728371586
2024-01-12 16:00:00+00:00,0.000035728371586
2024-01-12 20:00:00+00:00,-0.997702766908333
2024-01-16 12:00:00+00:00,0.000003598746844
2024-01-16 16:00:00+00:00,0.208580868318677
2024-01-16 20:00:00+00:00,0.208580868318677
2024-01-17 12:00:00+00:00,-0.923527528066188
2024-01-17 16:00:00+00:00,-0.923527528066188
2024-01-17 20:00:00+00:00,-0.997337457316462
2024-01-18 12:00:00+00:00,-0.000046426754125
2024-01-18 16:00:00+00:00,-0.000046426754125
2024-01-18 20:00:00+00:00,0.998486493015662
2024-01-19 12:00:00+00:00,-0.000783515504736
2024-01-19 16:00:00+00:00,-0.000783515504736
2024-01-19 20:00:00+00:00,0.999292296008207
2024-01-22 12:00:00+00:00,-0.972619601001497
2024-01-22 16:00:00+00:00,-0.972619601001497
2024-01-22 20:00:00+00:00,0.999304922297597
2024-01-23 12:00:00+00:00,-0.000783515504736
2024-01-23 16:00:00+00:00,-0.000783515504736
2024-01-23 20:00:00+00:00,0.001842708981712
2024-01-24 12:00:00+00:00,-0.995388431154424
2024-01-24 16:00:00+00:00,-0.995388431154424
2024-01-24 20:00:00+00:00,0.999239441982354
2024-01-25 12:00:00+00:00,0.999498502453207
2024-01-25 16:00:00+00:00,0.999498502453207
2024-01-25 20:00:00+00:00,-0.389855831861496
2024-01-26 12:00:00+00:00,-0.959309520199895
2024-01-26 16:00:00+00:00,-0.959309520199895
2024-01-26 20:00:00+00:00,0.992846756591462
2024-01-29 12:00:00+00:00,-0.785632816608995
2024-01-29 16:00:00+00:00,-0.785632816608995
2024-01-29 20:00:00+00:00,0.000002694170689
2024-01-30 12:00:00+00:00,0.998511703626718
2024-01-30 16:00:00+00:00,0.998511703626718
2024-01-30 20:00:00+00:00,0.999232782749459
2024-01-31 12:00:00+00:00,-0.000783515504736
2024-01-31 16:00:00+00:00,-0.000783515504736
2024-01-31 20:00:00+00:00,0.999322793722968
2024-02-01 12:00:00+00:00,-0.923527528066188
2024-02-01 16:00:00+00:00,-0.923527528066188
2024-02-01 20:00:00+00:00,-0.995995998498984
2024-02-02 12:00:00+00:00,0.615469083189964
2024-02-02 16:00:00+00:00,0.615469083189964
2024-02-02 20:00:00+00:00,0.883082152606221
2024-02-05 12:00:00+00:00,-0.998174713575281
2024-02-05 16:00:00+00:00,-0.998174713575281
2024-02-05 20:00:00+00:00,-0.868896707892418
2024-02-06 12:00:00+00:00,0.000007562754035
2024-02-06 16:00:00+00:00,0.000007562754035
2024-02-06 20:00:00+00:00,-0.923527528066188
2024-02-07 12:00:00+00:00,-0.000783515504736
2024-02-07 16:00:00+00:00,-0.000783515504736
2024-02-07 20:00:00+00:00,0.999105196562596
2024-02-08 12:00:00+00:00,-0.508374050259590
2024-02-08 16:00:00+00:00,-0.508374050259590
2024-02-08 20:00:00+00:00,0.000051863109547
2024-02-09 12:00:00+00:00,-0.997928836208303
2024-02-09 16:00:00+00:00,-0.997928836208303
2024-02-09 20:00:00+00:00,-0.000783515504736
2024-02-12 12:00:00+00:00,-0.907566726207733
2024-02-12 16:00:00+00:00,-0.907566726207733
2024-02-12 20:00:00+00:00,-0.000783515504736
2024-02-13 12:00:00+00:00,-0.000783515504736
2024-02-13 16:00:00+00:00,-0.000783515504736
2024-02-13 20:00:00+00:00,-0.114309775177389
2024-02-14 12:00:00+00:00,0.032841069376445
2024-02-14 16:00:00+00:00,0.032841069376445
2024-02-14 20:00:00+00:00,-0.994112796906848
2024-02-15 12:00:00+00:00,0.072313357144594
2024-02-15 16:00:00+00:00,0.072313357144594
2024-02-15 20:00:00+00:00,0.998369360138895
2024-02-16 12:00:00+00:00,-0.995109133422375
2024-02-16 16:00:00+00:00,-0.995109133422375
2024-02-16 20:00:00+00:00,-0.995109133422375
2024-02-20 12:00:00+00:00,-0.955795360845514
2024-02-20 16:00:00+00:00,-0.955795360845514
2024-02-20 20:00:00+00:00,-0.997679274063557
2024-02-21 12:00:00+00:00,-0.619184430688620
2024-02-21 16:00:00+00:00,-0.619184430688620
2024-02-21 20:00:00+00:00,0.997481377038639
2024-02-22 12:00:00+00:00,0.999249658823828
2024-02-22 16:00:00+00:00,0.999249658823828
2024-02-22 20:00:00+00:00,0.824326551926788
2024-02-23 12:00:00+00:00,-0.994015886215493
2024-02-23 16:00:00+00:00,-0.994015886215493
2024-02-23 20:00:00+00:00,0.999299666174920
2024-02-26 12:00:00+00:00,-0.874713593453635
2024-02-26 16:00:00+00:00,-0.874713593453635
2024-02-26 20:00:00+00:00,-0.598974838852882
2024-02-27 12:00:00+00:00,0.999133200995857
2024-02-27 16:00:00+00:00,0.999133200995857
2024-02-27 20:00:00+00:00,-0.000783515504736
2024-02-28 12:00:00+00:00,-0.940284423530102
2024-02-28 16:00:00+00:00,-0.940284423530102
2024-02-28 20:00:00+00:00,-0.998073078168090
2024-02-29 12:00:00+00:00,0.032945469021797
2024-02-29 16:00:00+00:00,0.032945469021797
2024-02-29 20:00:00+00:00,0.064099609357072
2024-03-01 12:00:00+00:00,0.998712018335937
2024-03-01 16:00:00+00:00,0.998712018335937
2024-03-01 20:00:00+00:00,-0.923527528066188
2024-03-04 12:00:00+00:00,-0.977740077301860
2024-03-04 16:00:00+00:00,-0.977740077301860
2024-03-04 20:00:00+00:00,0.046080741944024
2024-03-05 12:00:00+00:00,-0.997674746671692
2024-03-05 16:00:00+00:00,-0.997674746671692
2024-03-05 20:00:00+00:00,-0.997531135013560
2024-03-06 12:00:00+00:00,-0.000783515504736
2024-03-06 16:00:00+00:00,-0.000783515504736
2024-03-06 20:00:00+00:00,-0.000917406308872
2024-03-07 12:00:00+00:00,0.999502106205910
2024-03-07 16:00:00+00:00,0.999502106205910
2024-03-07 20:00:00+00:00,0.999155957048060
2024-03-08 12:00:00+00:00,-0.923527528066188
2024-03-08 16:00:00+00:00,-0.923527528066188
2024-03-08 20:00:00+00:00,-0.996761548216455
2024-03-11 12:00:00+00:00,0.000228523800615
2024-03-11 16:00:00+00:00,0.000228523800615
2024-03-12 12:00:00+00:00,0.392425746540539
2024-03-12 16:00:00+00:00,0.392425746540539
2024-03-12 20:00:00+00:00,-0.959120824933052
2024-03-13 12:00:00+00:00,-0.923527528066188
2024-03-13 16:00:00+00:00,-0.923527528066188
2024-03-14 12:00:00+00:00,0.993326905532740
2024-03-14 16:00:00+00:00,0.993326905532740
2024-03-15 12:00:00+00:00,-0.923527528066188
2024-03-15 16:00:00+00:00,-0.923527528066188
2024-03-18 12:00:00+00:00,-0.923527528066188
2024-03-18 16:00:00+00:00,-0.923527528066188
2024-03-19 12:00:00+00:00,0.999221355537884
2024-03-19 16:00:00+00:00,0.999221355537884
2024-03-20 12:00:00+00:00,-0.923527528066188
2024-03-20 16:00:00+00:00,-0.923527528066188
2024-03-21 12:00:00+00:00,-0.000783515504736
2024-03-21 16:00:00+00:00,-0.000783515504736
2024-03-22 12:00:00+00:00,-0.000783515504736
2024-03-22 16:00:00+00:00,-0.000783515504736
2024-03-25 12:00:00+00:00,0.777381575782783
2024-03-25 16:00:00+00:00,0.777381575782783
2024-03-26 12:00:00+00:00,-0.997859874623828
2024-03-26 16:00:00+00:00,-0.997859874623828
2024-03-27 12:00:00+00:00,0.999104331276612
2024-03-27 16:00:00+00:00,0.999104331276612
2024-03-28 12:00:00+00:00,0.998627492313972
2024-03-28 16:00:00+00:00,0.998627492313972
2024-04-01 12:00:00+00:00,-0.995843640994281
2024-04-01 16:00:00+00:00,-0.995843640994281
2024-04-01 20:00:00+00:00,-0.000783515504736
2024-04-02 12:00:00+00:00,0.996131650637835
2024-04-02 16:00:00+00:00,0.996131650637835
2024-04-02 20:00:00+00:00,-0.998105807229877
2024-04-03 12:00:00+00:00,-0.997858897026163
2024-04-03 16:00:00+00:00,-0.997858897026163
2024-04-04 12:00:00+00:00,0.000006004273018
2024-04-04 16:00:00+00:00,0.000006004273018
2024-04-05 12:00:00+00:00,0.998356296156999
2024-04-05 16:00:00+00:00,0.998356296156999
2024-04-05 20:00:00+00:00,0.997063943112153
2024-04-08 12:00:00+00:00,-0.923527528066188
2024-04-08 16:00:00+00:00,-0.923527528066188
2024-04-09 12:00:00+00:00,-0.996588485664688
2024-04-09 16:00:00+00:00,-0.996588485664688
2024-04-10 12:00:00+00:00,0.010273946973030
2024-04-10 16:00:00+00:00,0.010273946973030
2024-04-11 12:00:00+00:00,0.999478796831681
2024-04-11 16:00:00+00:00,0.999478796831681
2024-04-12 12:00:00+00:00,0.093485653400421
2024-04-12 16:00:00+00:00,0.093485653400421
2024-04-12 20:00:00+00:00,0.884531489806250
2024-04-15 12:00:00+00:00,-0.996170724160038
2024-04-15 16:00:00+00:00,-0.996170724160038
2024-04-16 12:00:00+00:00,-0.997379301115870
2024-04-16 16:00:00+00:00,-0.997379301115870
2024-04-17 12:00:00+00:00,-0.000783515504736
2024-04-17 16:00:00+00:00,-0.000783515504736
2024-04-18 12:00:00+00:00,-0.923527528066188
2024-04-18 16:00:00+00:00,-0.923527528066188
2024-04-19 12:00:00+00:00,-0.998176725755911
2024-04-19 16:00:00+00:00,-0.998176725755911
2024-04-22 12:00:00+00:00,0.999141823820537
2024-04-22 16:00:00+00:00,0.999141823820537
2024-04-22 20:00:00+00:00,0.996776901418343
2024-04-23 12:00:00+00:00,0.000009174073057
2024-04-23 16:00:00+00:00,0.000009174073057
2024-04-23 20:00:00+00:00,0.999205482425168
2024-04-24 12:00:00+00:00,0.994874123600312
2024-04-24 16:00:00+00:00,0.994874123600312
2024-04-24 20:00:00+00:00,0.996281374536920
2024-04-25 12:00:00+00:00,0.882605895865709
2024-04-25 16:00:00+00:00,0.882605895865709
2024-04-26 12:00:00+00:00,-0.000144276607898
2024-04-26 16:00:00+00:00,-0.000144276607898
2024-04-29 12:00:00+00:00,0.999361676193075
2024-04-29 16:00:00+00:00,0.999361676193075
2024-04-29 20:00:00+00:00,0.999154531367822
2024-04-30 12:00:00+00:00,-0.923527528066188
2024-04-30 16:00:00+00:00,-0.923527528066188
2024-05-01 12:00:00+00:00,-0.001472572330385
2024-05-01 16:00:00+00:00,-0.001472572330385
2024-05-02 12:00:00+00:00,-0.923527528066188
2024-05-02 16:00:00+00:00,-0.923527528066188
2024-05-03 12:00:00+00:00,0.999358160683187
2024-05-03 16:00:00+00:00,0.999358160683187
2024-05-06 12:00:00+00:00,-0.923527528066188
2024-05-06 16:00:00+00:00,-0.923527528066188
2024-05-07 12:00:00+00:00,-0.996992524596862
2024-05-07 16:00:00+00:00,-0.996992524596862
2024-05-08 12:00:00+00:00,0.999504361723666
2024-05-08 16:00:00+00:00,0.999504361723666
2024-05-08 20:00:00+00:00,-0.923527528066188
2024-05-09 12:00:00+00:00,-0.000783515504736
2024-05-09 16:00:00+00:00,-0.000783515504736
2024-05-10 12:00:00+00:00,-0.923527528066188
2024-05-10 16:00:00+00:00,-0.923527528066188
2024-05-13 12:00:00+00:00,0.000020419505745
2024-05-13 16:00:00+00:00,0.000020419505745
2024-05-13 20:00:00+00:00,0.779787202889565
2024-05-14 12:00:00+00:00,0.982068211771548
2024-05-14 16:00:00+00:00,0.982068211771548
2024-05-15 12:00:00+00:00,-0.000783515504736
2024-05-15 16:00:00+00:00,-0.000783515504736
2024-05-16 12:00:00+00:00,-0.045834286720492
2024-05-16 16:00:00+00:00,-0.045834286720492
2024-05-17 12:00:00+00:00,-0.996116228518076
2024-05-17 16:00:00+00:00,-0.996116228518076
2024-05-20 12:00:00+00:00,0.000395886054321
2024-05-20 16:00:00+00:00,0.000395886054321
2024-05-21 12:00:00+00:00,0.999497524317121
2024-05-21 16:00:00+00:00,0.999497524317121
2024-05-22 12:00:00+00:00,-0.923527528066188
2024-05-22 16:00:00+00:00,-0.923527528066188
2024-05-23 12:00:00+00:00,-0.000783515504736
2024-05-23 16:00:00+00:00,-0.000783515504736
2024-05-24 12:00:00+00:00,-0.000783515504736
2024-05-24 16:00:00+00:00,-0.000783515504736
2024-05-28 12:00:00+00:00,0.000010030533304
2024-05-28 16:00:00+00:00,0.000010030533304
2024-05-29 12:00:00+00:00,-0.000783515504736
2024-05-29 16:00:00+00:00,-0.000783515504736
2024-05-30 12:00:00+00:00,0.000074870466051
2024-05-30 16:00:00+00:00,0.000074870466051
2024-05-31 12:00:00+00:00,0.000009080169548
2024-05-31 16:00:00+00:00,0.000009080169548
2024-05-31 20:00:00+00:00,-0.923527528066188
2024-06-03 12:00:00+00:00,0.596820369362831
2024-06-03 16:00:00+00:00,0.596820369362831
2024-06-04 12:00:00+00:00,-0.000783515504736
2024-06-04 16:00:00+00:00,-0.000783515504736
2024-06-05 12:00:00+00:00,0.997261140844785
2024-06-05 16:00:00+00:00,0.997261140844785
2024-06-06 12:00:00+00:00,-0.923527528066188
2024-06-06 16:00:00+00:00,-0.923527528066188
2024-06-07 12:00:00+00:00,-0.000783515504736
2024-06-07 16:00:00+00:00,-0.000783515504736
2024-06-10 12:00:00+00:00,-0.923527528066188
2024-06-10 16:00:00+00:00,-0.923527528066188
2024-06-11 12:00:00+00:00,0.999452667019796
2024-06-11 16:00:00+00:00,0.999452667019796
2024-06-12 12:00:00+00:00,-0.000783515504736
2024-06-12 16:00:00+00:00,-0.000783515504736
2024-06-13 12:00:00+00:00,0.000164352255524
2024-06-13 16:00:00+00:00,0.000164352255524
2024-06-13 20:00:00+00:00,-0.996777838736307
2024-06-14 12:00:00+00:00,0.994110125117004
2024-06-14 16:00:00+00:00,0.994110125117004
2024-06-17 12:00:00+00:00,-0.996780767221935
2024-06-17 16:00:00+00:00,-0.996780767221935
2024-06-18 12:00:00+00:00,0.999008076440077
2024-06-18 16:00:00+00:00,0.999008076440077
2024-06-20 12:00:00+00:00,-0.977832476841286
2024-06-20 16:00:00+00:00,-0.977832476841286
2024-06-21 12:00:00+00:00,-0.923527528066188
2024-06-21 16:00:00+00:00,-0.923527528066188
2024-06-24 12:00:00+00:00,0.995119157014415
2024-06-24 16:00:00+00:00,0.995119157014415
2024-06-25 12:00:00+00:00,-0.040306985785719
2024-06-25 16:00:00+00:00,-0.040306985785719
2024-06-26 12:00:00+00:00,0.998374680319102
2024-06-26 16:00:00+00:00,0.998374680319102
2024-06-27 12:00:00+00:00,0.993683956534369
2024-06-27 16:00:00+00:00,0.993683956534369
2024-06-28 12:00:00+00:00,0.996631217713002
2024-06-28 16:00:00+00:00,0.996631217713002
2024-07-01 12:00:00+00:00,0.995119157014415
2024-07-01 16:00:00+00:00,0.995119157014415
2024-07-01 20:00:00+00:00,-0.923527528066188
2024-07-02 12:00:00+00:00,0.998764041301911
2024-07-02 16:00:00+00:00,0.998764041301911
2024-07-02 20:00:00+00:00,0.974065783288097
2024-07-03 12:00:00+00:00,-0.000783515504736
2024-07-03 16:00:00+00:00,-0.000783515504736
2024-07-05 12:00:00+00:00,-0.000783515504736
2024-07-05 16:00:00+00:00,-0.000783515504736
2024-07-05 20:00:00+00:00,-0.412252594716847
2024-07-08 12:00:00+00:00,-0.000783515504736
2024-07-08 16:00:00+00:00,-0.000783515504736
2024-07-09 12:00:00+00:00,0.998540683765896
2024-07-09 16:00:00+00:00,0.998540683765896
2024-07-09 20:00:00+00:00,-0.997162816522177
2024-07-10 12:00:00+00:00,-0.000783515504736
2024-07-10 16:00:00+00:00,-0.000783515504736
2024-07-10 20:00:00+00:00,-0.367816150188446
2024-07-11 12:00:00+00:00,-0.923527528066188
2024-07-11 16:00:00+00:00,-0.923527528066188
2024-07-11 20:00:00+00:00,0.998797949054278
2024-07-12 12:00:00+00:00,0.999354300845880
2024-07-12 16:00:00+00:00,0.999354300845880
2024-07-12 20:00:00+00:00,0.934608265757561
2024-07-15 12:00:00+00:00,-0.923527528066188
2024-07-15 16:00:00+00:00,-0.923527528066188
2024-07-16 12:00:00+00:00,-0.000783515504736
2024-07-16 16:00:00+00:00,-0.000783515504736
2024-07-16 20:00:00+00:00,-0.000238634733250
2024-07-17 12:00:00+00:00,-0.923527528066188
2024-07-17 16:00:00+00:00,-0.923527528066188
2024-07-18 12:00:00+00:00,-0.005816366872750
2024-07-18 16:00:00+00:00,-0.005816366872750
2024-07-19 12:00:00+00:00,0.999254573136568
2024-07-19 16:00:00+00:00,0.999254573136568
2024-07-19 20:00:00+00:00,0.997110751137370
2024-07-22 12:00:00+00:00,0.995119157014415
2024-07-22 16:00:00+00:00,0.995119157014415
2024-07-23 12:00:00+00:00,0.000054731808632
2024-07-23 16:00:00+00:00,0.000054731808632
2024-07-23 20:00:00+00:00,0.999367532815086
2024-07-24 12:00:00+00:00,0.999161393207032
2024-07-24 16:00:00+00:00,0.999161393207032
2024-07-24 20:00:00+00:00,0.998767154960660
2024-07-25 12:00:00+00:00,-0.000783515504736
2024-07-25 16:00:00+00:00,-0.000783515504736
2024-07-25 20:00:00+00:00,-0.979043181752786
2024-07-26 12:00:00+00:00,0.999543190904660
2024-07-26 16:00:00+00:00,0.999543190904660
2024-07-26 20:00:00+00:00,0.999256622249959
2024-07-29 12:00:00+00:00,0.998721776239108
2024-07-29 16:00:00+00:00,0.998721776239108
2024-07-30 12:00:00+00:00,0.999199992598733
2024-07-30 16:00:00+00:00,0.999199992598733
2024-07-30 20:00:00+00:00,-0.992706393124536
2024-07-31 12:00:00+00:00,-0.923527528066188
2024-07-31 16:00:00+00:00,-0.923527528066188
2024-08-01 12:00:00+00:00,-0.923527528066188
2024-08-01 16:00:00+00:00,-0.923527528066188
2024-08-02 12:00:00+00:00,0.000010383104382
2024-08-02 16:00:00+00:00,0.000010383104382
2024-08-02 20:00:00+00:00,-0.923527528066188
2024-08-05 12:00:00+00:00,0.997061540925642
2024-08-05 16:00:00+00:00,0.997061540925642
2024-08-06 12:00:00+00:00,-0.923527528066188
2024-08-06 16:00:00+00:00,-0.923527528066188
2024-08-07 12:00:00+00:00,0.999428226496093
2024-08-07 16:00:00+00:00,-0.000783515504736
2024-08-07 20:00:00+00:00,-0.000783515504736
2024-08-08 12:00:00+00:00,-0.923527528066188
2024-08-08 16:00:00+00:00,-0.923527528066188
2024-08-09 12:00:00+00:00,0.996305355103686
2024-08-09 16:00:00+00:00,0.996305355103686
2024-08-12 12:00:00+00:00,-0.000783515504736
2024-08-12 16:00:00+00:00,-0.000783515504736
2024-08-13 12:00:00+00:00,-0.923527528066188
2024-08-13 16:00:00+00:00,-0.923527528066188
2024-08-13 20:00:00+00:00,-0.985945770516992
2024-08-14 12:00:00+00:00,-0.000783515504736
2024-08-14 16:00:00+00:00,-0.000783515504736
2024-08-15 12:00:00+00:00,-0.033209032786544
2024-08-15 16:00:00+00:00,-0.033209032786544
2024-08-16 12:00:00+00:00,-0.000001884785888
2024-08-16 16:00:00+00:00,-0.923527528066188
2024-08-19 12:00:00+00:00,0.997061540925642
2024-08-19 16:00:00+00:00,0.997061540925642
2024-08-20 12:00:00+00:00,-0.997357387968805
2024-08-20 16:00:00+00:00,-0.997357387968805
2024-08-21 12:00:00+00:00,0.999300781433703
2024-08-21 16:00:00+00:00,0.999300781433703
2024-08-22 12:00:00+00:00,-0.993908211879898
2024-08-22 16:00:00+00:00,-0.993908211879898
2024-08-23 12:00:00+00:00,0.997618837966002
2024-08-23 16:00:00+00:00,0.997618837966002
2024-08-23 20:00:00+00:00,-0.000783515504736
2024-08-26 12:00:00+00:00,-0.923527528066188
2024-08-26 16:00:00+00:00,-0.923527528066188
2024-08-27 12:00:00+00:00,0.998560416584951
2024-08-27 16:00:00+00:00,0.998560416584951
2024-08-28 12:00:00+00:00,-0.027183749945834
2024-08-28 16:00:00+00:00,-0.027183749945834
2024-08-29 12:00:00+00:00,-0.000005579102435
2024-08-29 16:00:00+00:00,-0.000005579102435
2024-08-30 12:00:00+00:00,0.999405243477668
2024-08-30 16:00:00+00:00,0.999405243477668
2024-09-03 12:00:00+00:00,-0.000012789889297
2024-09-03 16:00:00+00:00,-0.000012789889297
2024-09-04 12:00:00+00:00,0.999449549228302
2024-09-04 16:00:00+00:00,0.999449549228302
2024-09-05 12:00:00+00:00,-0.000014103843569
2024-09-05 16:00:00+00:00,-0.000014103843569
2024-09-06 12:00:00+00:00,-0.997631350532174
2024-09-06 16:00:00+00:00,-0.997631350532174
2024-09-09 12:00:00+00:00,0.997803081059828
2024-09-09 16:00:00+00:00,0.997803081059828
2024-09-10 12:00:00+00:00,0.000010947544069
2024-09-10 16:00:00+00:00,0.000010947544069
2024-09-11 12:00:00+00:00,0.989791777217761
2024-09-11 16:00:00+00:00,0.989791777217761
2024-09-11 20:00:00+00:00,0.998997056158260
2024-09-12 12:00:00+00:00,-0.000783515504736
2024-09-12 16:00:00+00:00,-0.000783515504736
2024-09-13 12:00:00+00:00,0.002296008984558
2024-09-13 16:00:00+00:00,0.002296008984558
2024-09-13 20:00:00+00:00,0.137636164319701
2024-09-16 12:00:00+00:00,-0.000783515504736
2024-09-16 16:00:00+00:00,-0.000783515504736
2024-09-17 12:00:00+00:00,-0.000783515504736
2024-09-17 16:00:00+00:00,-0.000783515504736
2024-09-18 12:00:00+00:00,0.000364776191418
2024-09-18 16:00:00+00:00,0.000364776191418
2024-09-19 12:00:00+00:00,0.000153492856043
2024-09-19 16:00:00+00:00,0.000153492856043
2024-09-20 12:00:00+00:00,-0.646056920289993
2024-09-20 16:00:00+00:00,-0.646056920289993
2024-09-23 12:00:00+00:00,-0.932246303185821
2024-09-23 16:00:00+00:00,-0.932246303185821
2024-09-24 12:00:00+00:00,-0.923527528066188
2024-09-24 16:00:00+00:00,-0.923527528066188
2024-09-24 20:00:00+00:00,0.998730287479702
2024-09-25 12:00:00+00:00,-0.923527528066188
2024-09-25 16:00:00+00:00,-0.923527528066188
2024-09-26 12:00:00+00:00,0.999309438571800
2024-09-26 16:00:00+00:00,0.999309438571800
2024-09-26 20:00:00+00:00,-0.000783515504736
2024-09-27 12:00:00+00:00,0.999246192222927
2024-09-27 16:00:00+00:00,0.999246192222927
2024-09-27 20:00:00+00:00,-0.923527528066188
2024-09-30 12:00:00+00:00,0.000032136093068
2024-09-30 16:00:00+00:00,0.000032136093068
2024-10-01 12:00:00+00:00,-0.923527528066188
2024-10-01 16:00:00+00:00,-0.923527528066188
2024-10-02 12:00:00+00:00,-0.997610817663372
2024-10-02 16:00:00+00:00,-0.997610817663372
2024-10-03 12:00:00+00:00,0.000160618175869
2024-10-03 16:00:00+00:00,0.000160618175869
2024-10-04 12:00:00+00:00,-0.996615653333720
2024-10-04 16:00:00+00:00,-0.996615653333720
2024-10-07 12:00:00+00:00,-0.923527528066188
2024-10-07 16:00:00+00:00,-0.923527528066188
2024-10-07 20:00:00+00:00,0.999252687004628
2024-10-08 12:00:00+00:00,0.998928200075170
2024-10-08 16:00:00+00:00,0.998928200075170
2024-10-09 12:00:00+00:00,-0.991413875657599
2024-10-09 16:00:00+00:00,-0.991413875657599
2024-10-10 12:00:00+00:00,0.970034314319491
2024-10-10 16:00:00+00:00,0.970034314319491
2024-10-11 12:00:00+00:00,0.999372406455223
2024-10-11 16:00:00+00:00,0.999372406455223
2024-10-14 12:00:00+00:00,0.998605958768167
2024-10-14 16:00:00+00:00,0.998605958768167
2024-10-14 20:00:00+00:00,-0.923527528066188
2024-10-15 12:00:00+00:00,0.000020152700017
2024-10-15 16:00:00+00:00,0.000020152700017
2024-10-16 12:00:00+00:00,0.000052332808991
2024-10-16 16:00:00+00:00,0.000052332808991
2024-10-17 12:00:00+00:00,-0.000783515504736
2024-10-17 16:00:00+00:00,-0.000783515504736
2024-10-18 12:00:00+00:00,0.000009360053809
2024-10-18 16:00:00+00:00,0.000009360053809
2024-10-21 12:00:00+00:00,-0.923527528066188
2024-10-21 16:00:00+00:00,-0.923527528066188
2024-10-22 12:00:00+00:00,-0.604419175477233
2024-10-22 16:00:00+00:00,-0.604419175477233
2024-10-23 12:00:00+00:00,-0.005147398798726
2024-10-23 16:00:00+00:00,-0.005147398798726
2024-10-23 20:00:00+00:00,-0.997518583608326
2024-10-24 12:00:00+00:00,-0.855169042944908
2024-10-24 16:00:00+00:00,-0.855169042944908
2024-10-24 20:00:00+00:00,0.999179630336585
2024-10-25 12:00:00+00:00,0.983481728995685
2024-10-25 16:00:00+00:00,0.983481728995685
2024-10-25 20:00:00+00:00,0.996208903714432
2024-10-28 12:00:00+00:00,0.000010683419532
2024-10-28 16:00:00+00:00,0.000010683419532
2024-10-28 20:00:00+00:00,-0.923527528066188
2024-10-29 12:00:00+00:00,0.000007126174751
2024-10-29 16:00:00+00:00,0.000007126174751
2024-10-29 20:00:00+00:00,-0.937193792313337
2024-10-30 12:00:00+00:00,0.999204332591034
2024-10-30 16:00:00+00:00,0.999204332591034
2024-10-31 12:00:00+00:00,-0.000069728012022
2024-10-31 16:00:00+00:00,-0.000069728012022
2024-11-01 12:00:00+00:00,-0.982393689162564
2024-11-01 16:00:00+00:00,0.000111926718091
2024-11-04 12:00:00+00:00,0.007577192809549
2024-11-04 16:00:00+00:00,0.007577192809549
2024-11-04 20:00:00+00:00,-0.000783515504736
2024-11-05 12:00:00+00:00,-0.994702783878893
2024-11-05 16:00:00+00:00,-0.994702783878893
2024-11-05 20:00:00+00:00,-0.994702783878893
2024-11-06 12:00:00+00:00,-0.997850280371495
2024-11-06 16:00:00+00:00,-0.997850280371495
2024-11-06 20:00:00+00:00,0.998327420529677
2024-11-07 12:00:00+00:00,0.999313674270525
2024-11-07 16:00:00+00:00,0.999313674270525
2024-11-07 20:00:00+00:00,-0.998098294716328
2024-11-08 12:00:00+00:00,0.998284362445702
2024-11-08 16:00:00+00:00,0.998284362445702
2024-11-08 20:00:00+00:00,-0.039221444167197
2024-11-11 12:00:00+00:00,0.999076871739817
2024-11-11 16:00:00+00:00,0.999076871739817
2024-11-11 20:00:00+00:00,0.997575750414398
2024-11-12 12:00:00+00:00,0.999243120197207
2024-11-12 16:00:00+00:00,0.999243120197207
2024-11-12 20:00:00+00:00,0.999427407761686
2024-11-13 12:00:00+00:00,0.000002983906597
2024-11-13 16:00:00+00:00,-0.000783515504736
2024-11-13 20:00:00+00:00,-0.000783515504736
2024-11-14 12:00:00+00:00,0.047504147252766
2024-11-14 16:00:00+00:00,0.047504147252766
2024-11-14 20:00:00+00:00,0.999483118604985
2024-11-15 12:00:00+00:00,0.999306196143152
2024-11-15 16:00:00+00:00,0.999306196143152
2024-11-15 20:00:00+00:00,0.999451949406648
2024-11-18 12:00:00+00:00,0.998896353296004
2024-11-18 16:00:00+00:00,0.998896353296004
2024-11-18 20:00:00+00:00,0.000010303221643
2024-11-19 12:00:00+00:00,-0.923527528066188
2024-11-19 16:00:00+00:00,-0.923527528066188
2024-11-19 20:00:00+00:00,0.997957888816018
2024-11-20 12:00:00+00:00,-0.000001884785888
2024-11-20 16:00:00+00:00,-0.000001884785888
2024-11-20 20:00:00+00:00,-0.923527528066188
2024-11-21 12:00:00+00:00,-0.776129978941754
2024-11-21 16:00:00+00:00,-0.776129978941754
2024-11-21 20:00:00+00:00,0.905646648083348
2024-11-22 12:00:00+00:00,-0.001506875611085
2024-11-22 16:00:00+00:00,-0.001506875611085
2024-11-22 20:00:00+00:00,0.991739333228907
2024-11-25 12:00:00+00:00,-0.000783515504736
2024-11-25 16:00:00+00:00,-0.000783515504736
2024-11-25 20:00:00+00:00,0.000093003676739
2024-11-26 12:00:00+00:00,0.467792421579361
2024-11-26 16:00:00+00:00,0.467792421579361
2024-11-26 20:00:00+00:00,-0.000783515504736
2024-11-27 12:00:00+00:00,-0.923527528066188
2024-11-27 16:00:00+00:00,-0.923527528066188
2024-11-27 20:00:00+00:00,0.000010966898117
2024-11-29 12:00:00+00:00,0.999400380402221
2024-11-29 16:00:00+00:00,0.999400380402221
2024-12-02 12:00:00+00:00,-0.000017391783331
2024-12-02 16:00:00+00:00,-0.000017391783331
2024-12-02 20:00:00+00:00,0.999366320553236
2024-12-03 12:00:00+00:00,0.999335573316785
2024-12-03 16:00:00+00:00,0.999335573316785
2024-12-03 20:00:00+00:00,0.997969709394965
2024-12-04 12:00:00+00:00,-0.923527528066188
2024-12-04 16:00:00+00:00,-0.923527528066188
2024-12-04 20:00:00+00:00,0.999442477594130
2024-12-05 12:00:00+00:00,0.999341641378123
2024-12-05 16:00:00+00:00,0.999341641378123
2024-12-05 20:00:00+00:00,-0.994859351892956
2024-12-06 12:00:00+00:00,0.999195213880739
2024-12-06 16:00:00+00:00,0.999195213880739
2024-12-06 20:00:00+00:00,0.988037351518869
2024-12-09 12:00:00+00:00,0.997876929788617
2024-12-09 16:00:00+00:00,0.997876929788617
2024-12-09 20:00:00+00:00,-0.000032124960853
2024-12-10 12:00:00+00:00,0.120260138879530
2024-12-10 16:00:00+00:00,0.120260138879530
2024-12-10 20:00:00+00:00,-0.996060625708196
2024-12-11 12:00:00+00:00,-0.000783515504736
2024-12-11 16:00:00+00:00,-0.000783515504736
2024-12-11 20:00:00+00:00,0.999002738899435
2024-12-12 12:00:00+00:00,-0.986377925612032
2024-12-12 16:00:00+00:00,-0.986377925612032
2024-12-12 20:00:00+00:00,0.000212517115870
2024-12-13 12:00:00+00:00,0.999389789474662
2024-12-13 16:00:00+00:00,0.999389789474662
2024-12-13 20:00:00+00:00,-0.000017688413209
2024-12-16 12:00:00+00:00,0.999376230945927
2024-12-16 16:00:00+00:00,0.999376230945927
2024-12-16 20:00:00+00:00,0.999302207696019
2024-12-17 12:00:00+00:00,-0.994715294917114
2024-12-17 16:00:00+00:00,-0.994715294917114
2024-12-17 20:00:00+00:00,0.000036687102693
2024-12-18 12:00:00+00:00,-0.000783515504736
2024-12-18 16:00:00+00:00,-0.000783515504736
2024-12-18 20:00:00+00:00,0.000158015231136
2024-12-19 12:00:00+00:00,-0.935897252173163
2024-12-19 16:00:00+00:00,-0.935897252173163
2024-12-19 20:00:00+00:00,0.614353576675057
2024-12-20 12:00:00+00:00,-0.995706128276652
2024-12-20 16:00:00+00:00,0.000051438953960
2024-12-20 20:00:00+00:00,0.000051438953960
2024-12-23 12:00:00+00:00,0.083103273878805
2024-12-24 12:00:00+00:00,-0.926260908599943
2024-12-24 16:00:00+00:00,-0.926260908599943
2024-12-26 12:00:00+00:00,0.984961884387303
2024-12-26 16:00:00+00:00,0.000003342174750
2024-12-26 20:00:00+00:00,0.000003342174750
2024-12-27 12:00:00+00:00,-0.923527528066188
2024-12-27 16:00:00+00:00,-0.923527528066188
2024-12-27 20:00:00+00:00,-0.991700825979933
2024-12-30 12:00:00+00:00,-0.923527528066188
2024-12-30 16:00:00+00:00,-0.923527528066188
2024-12-30 20:00:00+00:00,-0.923527528066188
2024-12-31 12:00:00+00:00,0.970054392819293
2024-12-31 16:00:00+00:00,0.970054392819293
2024-12-31 20:00:00+00:00,-0.923527528066188
2025-01-02 12:00:00+00:00,0.998456312285271
2025-01-02 16:00:00+00:00,0.998456312285271
2025-01-02 20:00:00+00:00,0.997522527759429
2025-01-03 12:00:00+00:00,0.999234219896607
2025-01-03 16:00:00+00:00,0.999234219896607
2025-01-03 20:00:00+00:00,0.999212313472526
2025-01-06 12:00:00+00:00,0.999223462800728
2025-01-06 16:00:00+00:00,0.978393067605793
2025-01-06 20:00:00+00:00,0.978393067605793
2025-01-07 12:00:00+00:00,-0.997409829520620
2025-01-07 16:00:00+00:00,-0.997409829520620
2025-01-07 20:00:00+00:00,0.993704949505627
2025-01-08 12:00:00+00:00,-0.002391087131400
2025-01-08 16:00:00+00:00,-0.002391087131400
2025-01-08 20:00:00+00:00,0.999242839956423
2025-01-10 12:00:00+00:00,0.000004579742381
2025-01-10 16:00:00+00:00,0.000004579742381
2025-01-10 20:00:00+00:00,0.999216712109046
2025-01-13 12:00:00+00:00,-0.923527528066188
2025-01-13 16:00:00+00:00,-0.923527528066188
2025-01-13 20:00:00+00:00,-0.997838057868648
2025-01-14 12:00:00+00:00,0.998088429274503
2025-01-14 16:00:00+00:00,0.998088429274503
2025-01-14 20:00:00+00:00,-0.987336164340377
2025-01-15 12:00:00+00:00,0.999388100492069
2025-01-15 16:00:00+00:00,0.999388100492069
2025-01-15 20:00:00+00:00,0.998323784064269
2025-01-16 12:00:00+00:00,0.998921509919455
2025-01-16 16:00:00+00:00,0.998921509919455
2025-01-16 20:00:00+00:00,0.996250577154569
2025-01-17 12:00:00+00:00,-0.935897252173163
2025-01-17 16:00:00+00:00,-0.935897252173163
2025-01-17 20:00:00+00:00,0.999333854473662
2025-01-21 12:00:00+00:00,0.989357365760952
2025-01-21 16:00:00+00:00,0.989357365760952
2025-01-21 20:00:00+00:00,-0.923527528066188
2025-01-22 12:00:00+00:00,0.983975898823701
2025-01-22 16:00:00+00:00,0.983975898823701
2025-01-22 20:00:00+00:00,0.999459788959939
2025-01-23 12:00:00+00:00,-0.923527528066188
2025-01-23 16:00:00+00:00,-0.923527528066188
2025-01-23 20:00:00+00:00,-0.997810805914924
2025-01-24 12:00:00+00:00,-0.923527528066188
2025-01-24 16:00:00+00:00,-0.923527528066188
2025-01-24 20:00:00+00:00,-0.002810884179780
2025-01-27 12:00:00+00:00,0.067648178082891
2025-01-27 16:00:00+00:00,0.067648178082891
2025-01-27 20:00:00+00:00,0.772152350575197
2025-01-28 12:00:00+00:00,-0.000783515504736
2025-01-28 16:00:00+00:00,-0.000783515504736
2025-01-28 20:00:00+00:00,-0.000018354850909
2025-01-29 12:00:00+00:00,-0.025190608575940
2025-01-29 16:00:00+00:00,-0.025190608575940
2025-01-29 20:00:00+00:00,0.763770206540357
2025-01-30 12:00:00+00:00,0.999062846254674
2025-01-30 16:00:00+00:00,0.999062846254674
2025-01-30 20:00:00+00:00,-0.997910784208216
2025-01-31 12:00:00+00:00,-0.993329972028732
2025-01-31 16:00:00+00:00,-0.993329972028732
2025-01-31 20:00:00+00:00,0.998980644246330
2025-02-03 12:00:00+00:00,-0.000156638030603
2025-02-03 16:00:00+00:00,-0.000156638030603
2025-02-03 20:00:00+00:00,-0.994507597642951
2025-02-04 12:00:00+00:00,-0.000783515504736
2025-02-04 16:00:00+00:00,-0.000783515504736
2025-02-04 20:00:00+00:00,-0.013452048646286
2025-02-05 12:00:00+00:00,0.996788529388141
2025-02-05 16:00:00+00:00,0.996788529388141
2025-02-05 20:00:00+00:00,-0.000051613315009
2025-02-06 12:00:00+00:00,-0.000783515504736
2025-02-06 16:00:00+00:00,-0.000783515504736
2025-02-06 20:00:00+00:00,-0.993036196101457
2025-02-07 12:00:00+00:00,-0.000783515504736
2025-02-07 16:00:00+00:00,-0.000783515504736
2025-02-07 20:00:00+00:00,-0.000682228012010
2025-02-10 12:00:00+00:00,0.999460966530023
2025-02-10 16:00:00+00:00,0.999460966530023
2025-02-10 20:00:00+00:00,-0.000005711568519
2025-02-11 12:00:00+00:00,0.996698183589615
2025-02-11 16:00:00+00:00,0.996698183589615
2025-02-11 20:00:00+00:00,-0.997699291008757
2025-02-12 12:00:00+00:00,0.000044232077926
2025-02-12 16:00:00+00:00,0.000044232077926
2025-02-12 20:00:00+00:00,0.997301615541801
2025-02-13 12:00:00+00:00,-0.000018836835807
2025-02-13 16:00:00+00:00,-0.000018836835807
2025-02-13 20:00:00+00:00,-0.000029137096135
2025-02-14 12:00:00+00:00,-0.923527528066188
2025-02-14 16:00:00+00:00,-0.923527528066188
2025-02-14 20:00:00+00:00,0.001753809134243
2025-02-18 12:00:00+00:00,0.000006142152415
2025-02-18 16:00:00+00:00,0.000006142152415
2025-02-18 20:00:00+00:00,0.987436271330807
2025-02-19 12:00:00+00:00,-0.995630493038334
2025-02-19 16:00:00+00:00,-0.995630493038334
2025-02-19 20:00:00+00:00,-0.000783515504736
2025-02-20 12:00:00+00:00,0.000076014817751
2025-02-20 16:00:00+00:00,0.000076014817751
2025-02-20 20:00:00+00:00,-0.923527528066188
2025-02-21 12:00:00+00:00,0.000041077451897
2025-02-21 16:00:00+00:00,0.000041077451897
2025-02-21 20:00:00+00:00,-0.000783515504736
2025-02-24 12:00:00+00:00,0.999033217914985
2025-02-24 16:00:00+00:00,0.999033217914985
2025-02-24 20:00:00+00:00,0.998980076590669
2025-02-25 12:00:00+00:00,-0.997819111740682
2025-02-25 16:00:00+00:00,-0.997819111740682
2025-02-25 20:00:00+00:00,0.999033354542917
2025-02-26 12:00:00+00:00,0.995130392897408
2025-02-26 16:00:00+00:00,0.995130392897408
2025-02-26 20:00:00+00:00,-0.923527528066188
2025-02-27 12:00:00+00:00,0.001767786321579
2025-02-27 16:00:00+00:00,0.001767786321579
2025-02-27 20:00:00+00:00,0.997683516470715
2025-02-28 12:00:00+00:00,-0.997554997331463
2025-02-28 16:00:00+00:00,-0.997554997331463
2025-02-28 20:00:00+00:00,0.999334422609536
2025-03-03 12:00:00+00:00,-0.923527528066188
2025-03-03 16:00:00+00:00,-0.923527528066188
2025-03-03 20:00:00+00:00,0.000013475000742
2025-03-04 12:00:00+00:00,0.860965281724930
2025-03-04 16:00:00+00:00,0.860965281724930
2025-03-04 20:00:00+00:00,-0.996009398251772
2025-03-05 12:00:00+00:00,-0.997975268575829
2025-03-05 16:00:00+00:00,-0.997975268575829
2025-03-05 20:00:00+00:00,-0.955795360845514
2025-03-06 12:00:00+00:00,0.000030021488783
2025-03-06 16:00:00+00:00,0.000030021488783
2025-03-06 20:00:00+00:00,-0.978492307942361
2025-03-07 12:00:00+00:00,0.999419851388666
2025-03-07 16:00:00+00:00,-0.000783515504736
2025-03-07 20:00:00+00:00,-0.000783515504736
2025-03-11 12:00:00+00:00,0.999216366792098
2025-03-11 16:00:00+00:00,0.999216366792098
2025-03-11 20:00:00+00:00,-0.000196769076865
2025-03-12 12:00:00+00:00,-0.000783515504736
2025-03-12 16:00:00+00:00,-0.000783515504736
2025-03-13 12:00:00+00:00,-0.923527528066188
2025-03-13 16:00:00+00:00,-0.923527528066188
2025-03-14 12:00:00+00:00,-0.000783515504736
2025-03-14 16:00:00+00:00,-0.000783515504736
2025-03-17 12:00:00+00:00,-0.954745632945560
2025-03-17 16:00:00+00:00,-0.954745632945560
2025-03-18 12:00:00+00:00,0.000013227421732
2025-03-18 16:00:00+00:00,0.000013227421732
2025-03-19 12:00:00+00:00,-0.000783515504736
2025-03-19 16:00:00+00:00,-0.000783515504736
2025-03-20 12:00:00+00:00,-0.995515665505081
2025-03-20 16:00:00+00:00,-0.995515665505081
2025-03-21 12:00:00+00:00,-0.000783515504736
2025-03-21 16:00:00+00:00,-0.000783515504736
2025-03-21 20:00:00+00:00,0.998979914205847
2025-03-24 12:00:00+00:00,-0.555953563190997
2025-03-24 16:00:00+00:00,-0.555953563190997
2025-03-25 12:00:00+00:00,-0.923527528066188
2025-03-25 16:00:00+00:00,-0.923527528066188
2025-03-25 20:00:00+00:00,0.998802033602260
2025-03-26 12:00:00+00:00,-0.012697371130344
2025-03-26 16:00:00+00:00,-0.012697371130344
2025-03-26 20:00:00+00:00,-0.997921074245824
2025-03-27 12:00:00+00:00,0.998669475346105
2025-03-27 16:00:00+00:00,0.998669475346105
2025-03-28 12:00:00+00:00,0.983265284477966
2025-03-28 16:00:00+00:00,0.983265284477966
2025-03-31 12:00:00+00:00,0.419038725551218
2025-03-31 16:00:00+00:00,0.419038725551218
2025-03-31 20:00:00+00:00,0.999228591856081
2025-04-01 12:00:00+00:00,-0.000783515504736
2025-04-01 16:00:00+00:00,-0.000783515504736
2025-04-02 12:00:00+00:00,-0.000108104068204
2025-04-02 16:00:00+00:00,-0.000108104068204
2025-04-02 20:00:00+00:00,-0.000295592850307
2025-04-03 12:00:00+00:00,0.223968803882599
2025-04-03 16:00:00+00:00,0.223968803882599
2025-04-04 12:00:00+00:00,-0.000783515504736
2025-04-04 16:00:00+00:00,-0.000783515504736
2025-04-07 12:00:00+00:00,-0.997302157396916
2025-04-07 16:00:00+00:00,-0.923527528066188
2025-04-07 20:00:00+00:00,-0.923527528066188
2025-04-08 12:00:00+00:00,-0.974710191832855
2025-04-08 16:00:00+00:00,-0.974710191832855
2025-04-09 12:00:00+00:00,-0.013090938329697
2025-04-09 16:00:00+00:00,-0.013090938329697
2025-04-09 20:00:00+00:00,0.999387240372016
2025-04-10 12:00:00+00:00,0.994201753754169
2025-04-10 16:00:00+00:00,0.994201753754169
2025-04-11 12:00:00+00:00,-0.642692723311484
2025-04-11 16:00:00+00:00,-0.923527528066188
2025-04-14 12:00:00+00:00,0.000008088260074
2025-04-14 16:00:00+00:00,-0.923527528066188
